[ChangeBot] Watching D:\FPGA\NATIVE_AI_DEVELOPMENTAL_HARDWARE_R1_PACKAGE_20260914-20260914T045403Z-1-001\CANON_BLUEPRINT
[ChangeBot] Poll interval: 5s
[ChangeBot] Generation: 8 reason=PLANNED_RESTART
[ChangeBot] Ignoring: .Xil, .cache, .git, .vivado, CANON_BLUEPRINT_R0_1_AUDITED_CANDIDATE, _ARCHIVE, _COORDINATION, __pycache__, impl_1, sim_1, synth_1, xsim.dir
[ChangeBot] Selective route + coalesce enabled. Ctrl+C to stop

[ChangeBot] Initial state captured.

[06:30:16] 3 content change(s):
  [DELIVERED] CB_AUTHORITY_OR_CONTRACT_20260916T063016_c1d04d -> AGENT_A
  [DELIVERED] CB_AUTHORITY_OR_CONTRACT_20260916T063016_c1d04d -> AGENT_B
  [DELIVERED] CB_AUTHORITY_OR_CONTRACT_20260916T063016_c1d04d -> AGENT_D
  [PATCH] CB_AUTHORITY_OR_CONTRACT_20260916T063016_c1d04d pri=CRITICAL files=1 -> AGENT_A,AGENT_B,AGENT_D
  [DELIVERED] CB_VERIFICATION_IMPL_20260916T063016_1fbc99 -> AGENT_B
  [DELIVERED] CB_VERIFICATION_IMPL_20260916T063016_1fbc99 -> AGENT_D
  [PATCH] CB_VERIFICATION_IMPL_20260916T063016_1fbc99 pri=ACTION_REQUIRED files=2 -> AGENT_B,AGENT_D

[06:30:21] 1 content change(s):
  [COALESCE/SKIP] fingerprint=c1d04d561ab6 covered by CB_AUTHORITY_OR_CONTRACT_20260916T063016_c1d04d

[06:30:26] 1 content change(s):
  [COALESCE/SKIP] fingerprint=c1d04d561ab6 covered by CB_AUTHORITY_OR_CONTRACT_20260916T063016_c1d04d

[06:30:57] 1 content change(s):
  [COALESCE/SKIP] fingerprint=c1d04d561ab6 covered by CB_AUTHORITY_OR_CONTRACT_20260916T063016_c1d04d

[06:31:02] 1 content change(s):
  [DELIVERED] CB_AUTHORITY_OR_CONTRACT_20260916T063102_4ab4b1 -> AGENT_A
  [DELIVERED] CB_AUTHORITY_OR_CONTRACT_20260916T063102_4ab4b1 -> AGENT_B
  [DELIVERED] CB_AUTHORITY_OR_CONTRACT_20260916T063102_4ab4b1 -> AGENT_D
  [PATCH] CB_AUTHORITY_OR_CONTRACT_20260916T063102_4ab4b1 pri=CRITICAL files=1 -> AGENT_A,AGENT_B,AGENT_D

[06:31:22] 1 content change(s):
  [COALESCE/SKIP] fingerprint=4ab4b1c75e14 covered by CB_AUTHORITY_OR_CONTRACT_20260916T063102_4ab4b1

[06:31:27] 1 content change(s):
  [COALESCE/SKIP] fingerprint=4ab4b1c75e14 covered by CB_AUTHORITY_OR_CONTRACT_20260916T063102_4ab4b1

  [PRESENCE] CHANGEBOT_PLANNED_RESTART_CLASSIFICATION_R1 AGENT_A OFFLINE->NOT_SEEN
  [PRESENCE] CHANGEBOT_PLANNED_RESTART_CLASSIFICATION_R1 AGENT_B OFFLINE->NOT_SEEN
  [PRESENCE] CHANGEBOT_PLANNED_RESTART_CLASSIFICATION_R1 AGENT_D OFFLINE->NOT_SEEN
  [PRESENCE] CB_IMPL_LOCAL_20260916T062454_15a56a AGENT_D OFFLINE->NOT_SEEN
  [PRESENCE] CB_VERIFICATION_IMPL_20260916T062454_3f8750 AGENT_B OFFLINE->NOT_SEEN
  [PRESENCE] CB_VERIFICATION_IMPL_20260916T062454_3f8750 AGENT_D OFFLINE->NOT_SEEN
  [PRESENCE] CB_AUTHORITY_OR_CONTRACT_20260916T062454_ef3304 AGENT_D OFFLINE->NOT_SEEN
  [PRESENCE] CB_ARCHITECTURE_20260916T062454_df174a AGENT_A OFFLINE->NOT_SEEN
  [PRESENCE] CB_ARCHITECTURE_20260916T062454_df174a AGENT_D OFFLINE->NOT_SEEN
  [PRESENCE] CB_ABI_VERIFICATION_20260916T062454_6b59c9 AGENT_A OFFLINE->NOT_SEEN
  [PRESENCE] CB_ABI_VERIFICATION_20260916T062454_6b59c9 AGENT_B OFFLINE->NOT_SEEN
  [PRESENCE] CB_ABI_VERIFICATION_20260916T062454_6b59c9 AGENT_D OFFLINE->NOT_SEEN
  [PRESENCE] CB_ARCHITECTURE_20260916T062641_5fbde1 AGENT_A OFFLINE->NOT_SEEN
  [PRESENCE] CB_ARCHITECTURE_20260916T062641_6462a3 AGENT_A OFFLINE->NOT_SEEN
  [PRESENCE] CB_ARCHITECTURE_20260916T062641_6462a3 AGENT_D OFFLINE->NOT_SEEN
  [PRESENCE] CB_IMPL_LOCAL_20260916T062857_6c30c3 AGENT_D OFFLINE->NOT_SEEN
  [PRESENCE] CB_VERIFICATION_IMPL_20260916T062942_18898e AGENT_B OFFLINE->NOT_SEEN
  [PRESENCE] CB_VERIFICATION_IMPL_20260916T062942_18898e AGENT_D OFFLINE->NOT_SEEN
  [PRESENCE] CB_AUTHORITY_OR_CONTRACT_20260916T063016_c1d04d AGENT_A OFFLINE->NOT_SEEN
  [PRESENCE] CB_AUTHORITY_OR_CONTRACT_20260916T063016_c1d04d AGENT_B OFFLINE->NOT_SEEN
  [PRESENCE] CB_AUTHORITY_OR_CONTRACT_20260916T063016_c1d04d AGENT_D OFFLINE->NOT_SEEN
  [PRESENCE] CB_VERIFICATION_IMPL_20260916T063016_1fbc99 AGENT_B OFFLINE->NOT_SEEN
  [PRESENCE] CB_VERIFICATION_IMPL_20260916T063016_1fbc99 AGENT_D OFFLINE->NOT_SEEN
  [PRESENCE] CB_AUTHORITY_OR_CONTRACT_20260916T063102_4ab4b1 AGENT_A OFFLINE->NOT_SEEN
  [PRESENCE] CB_AUTHORITY_OR_CONTRACT_20260916T063102_4ab4b1 AGENT_B OFFLINE->NOT_SEEN
  [PRESENCE] CB_AUTHORITY_OR_CONTRACT_20260916T063102_4ab4b1 AGENT_D OFFLINE->NOT_SEEN
  [DELIVERED] CHANGEBOT_PLANNED_RESTART_CLASSIFICATION_R1 -> AGENT_B
  [DELIVERED] CB_VERIFICATION_IMPL_20260916T062454_3f8750 -> AGENT_B
  [DELIVERED] CB_ABI_VERIFICATION_20260916T062454_6b59c9 -> AGENT_B
  [DELIVERED] CB_VERIFICATION_IMPL_20260916T062942_18898e -> AGENT_B
  [DELIVERED] CB_AUTHORITY_OR_CONTRACT_20260916T063016_c1d04d -> AGENT_B
  [DELIVERED] CB_VERIFICATION_IMPL_20260916T063016_1fbc99 -> AGENT_B
  [DELIVERED] CB_AUTHORITY_OR_CONTRACT_20260916T063102_4ab4b1 -> AGENT_B
  [DELIVERED] CHANGEBOT_PLANNED_RESTART_CLASSIFICATION_R1 -> AGENT_A
  [DELIVERED] CB_ARCHITECTURE_20260916T062454_df174a -> AGENT_A
  [DELIVERED] CB_ABI_VERIFICATION_20260916T062454_6b59c9 -> AGENT_A
  [DELIVERED] CB_ARCHITECTURE_20260916T062641_5fbde1 -> AGENT_A
  [DELIVERED] CB_ARCHITECTURE_20260916T062641_6462a3 -> AGENT_A
  [DELIVERED] CB_AUTHORITY_OR_CONTRACT_20260916T063016_c1d04d -> AGENT_A
  [DELIVERED] CB_AUTHORITY_OR_CONTRACT_20260916T063102_4ab4b1 -> AGENT_A
  [DELIVERED] CHANGEBOT_PLANNED_RESTART_CLASSIFICATION_R1 -> AGENT_D
  [DELIVERED] CB_VERIFICATION_IMPL_20260916T062454_3f8750 -> AGENT_D
  [DELIVERED] CB_AUTHORITY_OR_CONTRACT_20260916T062454_ef3304 -> AGENT_D
  [DELIVERED] CB_ARCHITECTURE_20260916T062454_df174a -> AGENT_D
  [DELIVERED] CB_ABI_VERIFICATION_20260916T062454_6b59c9 -> AGENT_D
  [DELIVERED] CB_ARCHITECTURE_20260916T062641_6462a3 -> AGENT_D
  [DELIVERED] CB_VERIFICATION_IMPL_20260916T062942_18898e -> AGENT_D
  [DELIVERED] CB_AUTHORITY_OR_CONTRACT_20260916T063016_c1d04d -> AGENT_D
  [DELIVERED] CB_VERIFICATION_IMPL_20260916T063016_1fbc99 -> AGENT_D
  [DELIVERED] CB_AUTHORITY_OR_CONTRACT_20260916T063102_4ab4b1 -> AGENT_D
[06:31:43] 1 content change(s):
  [DELIVERED] CB_AUTHORITY_OR_CONTRACT_20260916T063143_aa1750 -> AGENT_B
  [DELIVERED] CB_AUTHORITY_OR_CONTRACT_20260916T063143_aa1750 -> AGENT_D
  [PATCH] CB_AUTHORITY_OR_CONTRACT_20260916T063143_aa1750 pri=CRITICAL files=1 -> AGENT_B,AGENT_D

[06:31:48] 1 content change(s):
  [COALESCE/SKIP] fingerprint=aa1750a6c6c7 covered by CB_AUTHORITY_OR_CONTRACT_20260916T063143_aa1750

[06:31:53] 2 content change(s):
  [COALESCE/SKIP] fingerprint=aa1750a6c6c7 covered by CB_AUTHORITY_OR_CONTRACT_20260916T063143_aa1750
  [DELIVERED] CB_ABI_VERIFICATION_20260916T063153_82dcef -> AGENT_B
  [DELIVERED] CB_ABI_VERIFICATION_20260916T063153_82dcef -> AGENT_D
  [PATCH] CB_ABI_VERIFICATION_20260916T063153_82dcef pri=ACTION_REQUIRED files=1 -> AGENT_B,AGENT_D

[06:31:58] 1 content change(s):
  [COALESCE/SKIP] fingerprint=82dcefad251d covered by CB_ABI_VERIFICATION_20260916T063153_82dcef

[06:32:08] 1 content change(s):
  [DELIVERED] CB_VERIFICATION_IMPL_20260916T063208_a36672 -> AGENT_B
  [DELIVERED] CB_VERIFICATION_IMPL_20260916T063208_a36672 -> AGENT_D
  [PATCH] CB_VERIFICATION_IMPL_20260916T063208_a36672 pri=ACTION_REQUIRED files=1 -> AGENT_B,AGENT_D

[06:32:13] 2 content change(s):
  [DELIVERED] CB_IMPL_LOCAL_20260916T063213_489d25 -> AGENT_D
  [PATCH] CB_IMPL_LOCAL_20260916T063213_489d25 pri=INFO files=1 -> AGENT_D
  [COALESCE/SKIP] fingerprint=a3667275e754 covered by CB_VERIFICATION_IMPL_20260916T063208_a36672

[06:32:18] 3 content change(s):
  [DELIVERED] CB_IMPL_LOCAL_20260916T063218_615a4d -> AGENT_D
  [PATCH] CB_IMPL_LOCAL_20260916T063218_615a4d pri=INFO files=2 -> AGENT_D
  [COALESCE/SKIP] fingerprint=a3667275e754 covered by CB_VERIFICATION_IMPL_20260916T063208_a36672

[06:32:28] 1 content change(s):
  [COALESCE/SKIP] fingerprint=a3667275e754 covered by CB_VERIFICATION_IMPL_20260916T063208_a36672

[06:32:54] 1 content change(s):
  [COALESCE/SKIP] fingerprint=aa1750a6c6c7 covered by CB_AUTHORITY_OR_CONTRACT_20260916T063143_aa1750

[06:32:59] 56 content change(s):
  [DELIVERED] CB_VERIFICATION_IMPL_20260916T063259_8a82b8 -> AGENT_B
  [DELIVERED] CB_VERIFICATION_IMPL_20260916T063259_8a82b8 -> AGENT_D
  [PATCH] CB_VERIFICATION_IMPL_20260916T063259_8a82b8 pri=ACTION_REQUIRED files=56 -> AGENT_B,AGENT_D

[ChangeBot] Watching D:\FPGA\NATIVE_AI_DEVELOPMENTAL_HARDWARE_R1_PACKAGE_20260914-20260914T045403Z-1-001\CANON_BLUEPRINT
[ChangeBot] Poll interval: 5s
[ChangeBot] Generation: 9 reason=PLANNED_RESTART
[ChangeBot] Ignoring: .Xil, .cache, .git, .vivado, CANON_BLUEPRINT_R0_1_AUDITED_CANDIDATE, _ARCHIVE, _COORDINATION, __pycache__, impl_1, out, sim_1, synth_1, xsim.dir
[ChangeBot] Selective route + coalesce enabled. Ctrl+C to stop

[ChangeBot] Initial state captured.

[06:33:49] 1 content change(s):
  [DELIVERED] CB_FILE_CHANGE_20260916T063349_1e596c -> AGENT_B
  [PATCH] CB_FILE_CHANGE_20260916T063349_1e596c pri=INFO files=1 -> AGENT_B

[06:34:14] 1 content change(s):
  [DELIVERED] CB_IMPL_LOCAL_20260916T063414_e7e447 -> AGENT_D
  [PATCH] CB_IMPL_LOCAL_20260916T063414_e7e447 pri=INFO files=1 -> AGENT_D

[06:34:25] 4 content change(s):
  [DELIVERED] CB_IMPL_LOCAL_20260916T063425_d38c60 -> AGENT_D
  [PATCH] CB_IMPL_LOCAL_20260916T063425_d38c60 pri=INFO files=4 -> AGENT_D

[06:35:31] 2 content change(s):
  [DELIVERED] CB_IMPL_LOCAL_20260916T063531_1b0150 -> AGENT_D
  [PATCH] CB_IMPL_LOCAL_20260916T063531_1b0150 pri=INFO files=2 -> AGENT_D

[06:35:36] 1 content change(s):
  [DELIVERED] CB_IMPL_LOCAL_20260916T063536_19c9ab -> AGENT_D
  [PATCH] CB_IMPL_LOCAL_20260916T063536_19c9ab pri=INFO files=1 -> AGENT_D

[06:35:41] 1 content change(s):
  [DELIVERED] CB_FILE_CHANGE_20260916T063541_6e1c31 -> AGENT_D
  [PATCH] CB_FILE_CHANGE_20260916T063541_6e1c31 pri=INFO files=1 -> AGENT_D

[06:35:46] 3 content change(s):
  [DELIVERED] CB_FILE_CHANGE_20260916T063546_6744cf -> AGENT_D
  [PATCH] CB_FILE_CHANGE_20260916T063546_6744cf pri=INFO files=3 -> AGENT_D

[06:36:12] 1 content change(s):
  [COALESCE/SKIP] fingerprint=6e1c318beaa0 covered by CB_FILE_CHANGE_20260916T063541_6e1c31

[06:36:17] 1 content change(s):
  [DELIVERED] CB_IMPL_LOCAL_20260916T063617_520067 -> AGENT_D
  [PATCH] CB_IMPL_LOCAL_20260916T063617_520067 pri=INFO files=1 -> AGENT_D

[06:36:33] 2 content change(s):
  [DELIVERED] CB_IMPL_LOCAL_20260916T063633_77b319 -> AGENT_D
  [PATCH] CB_IMPL_LOCAL_20260916T063633_77b319 pri=INFO files=1 -> AGENT_D
  [DELIVERED] CB_VERIFICATION_IMPL_20260916T063633_666af0 -> AGENT_B
  [DELIVERED] CB_VERIFICATION_IMPL_20260916T063633_666af0 -> AGENT_D
  [PATCH] CB_VERIFICATION_IMPL_20260916T063633_666af0 pri=ACTION_REQUIRED files=1 -> AGENT_B,AGENT_D

[06:36:54] 1 content change(s):
  [DELIVERED] CB_IMPL_LOCAL_20260916T063654_8b797b -> AGENT_D
  [PATCH] CB_IMPL_LOCAL_20260916T063654_8b797b pri=INFO files=1 -> AGENT_D

[06:37:09] 1 content change(s):
  [DELIVERED] CB_IMPL_LOCAL_20260916T063709_c44723 -> AGENT_D
  [PATCH] CB_IMPL_LOCAL_20260916T063709_c44723 pri=INFO files=1 -> AGENT_D

[06:37:29] 1 content change(s):
  [COALESCE/SKIP] fingerprint=18898ed5fefb covered by CB_VERIFICATION_IMPL_20260916T062942_18898e

[06:38:10] 2 content change(s):
  [DELIVERED] CB_VERIFICATION_IMPL_20260916T063810_c87309 -> AGENT_B
  [DELIVERED] CB_VERIFICATION_IMPL_20260916T063810_c87309 -> AGENT_D
  [PATCH] CB_VERIFICATION_IMPL_20260916T063810_c87309 pri=ACTION_REQUIRED files=2 -> AGENT_B,AGENT_D

[06:38:30] 2 content change(s):
  [DELIVERED] CB_FILE_CHANGE_20260916T063830_ea0037 -> AGENT_B
  [PATCH] CB_FILE_CHANGE_20260916T063830_ea0037 pri=INFO files=2 -> AGENT_B

[ChangeBot] Watching D:\FPGA\NATIVE_AI_DEVELOPMENTAL_HARDWARE_R1_PACKAGE_20260914-20260914T045403Z-1-001\CANON_BLUEPRINT
[ChangeBot] Poll interval: 5s
[ChangeBot] Generation: 11 reason=PLANNED_RESTART
[ChangeBot] Ignoring: .Xil, .cache, .git, .vivado, CANON_BLUEPRINT_R0_1_AUDITED_CANDIDATE, NATIVE_AI_AGENT_GUARD_R1, NATIVE_AI_MULTI_AGENT_MANAGER_R1, NATIVE_AI_MULTI_AGENT_MANAGER_R2, _ARCHIVE, _COORDINATION, __pycache__, impl_1, out, sim_1, synth_1, xsim.dir
[ChangeBot] Selective route + coalesce enabled. Ctrl+C to stop

[ChangeBot] Initial state captured.

[06:41:16] 1 content change(s):
  [COALESCE/SKIP] fingerprint=18898ed5fefb covered by CB_VERIFICATION_IMPL_20260916T062942_18898e

[ChangeBot] Watching D:\FPGA\NATIVE_AI_DEVELOPMENTAL_HARDWARE_R1_PACKAGE_20260914-20260914T045403Z-1-001\CANON_BLUEPRINT
[ChangeBot] Poll interval: 5s
[ChangeBot] Generation: 13 reason=PLANNED_RESTART
[ChangeBot] Ignoring: .Xil, .cache, .git, .vivado, CANON_BLUEPRINT_R0_1_AUDITED_CANDIDATE, NATIVE_AI_AGENT_GUARD_R1, NATIVE_AI_MULTI_AGENT_MANAGER_R1, NATIVE_AI_MULTI_AGENT_MANAGER_R2, _ARCHIVE, _COORDINATION, __pycache__, impl_1, out, sim_1, synth_1, xsim.dir
[ChangeBot] Selective route + coalesce enabled. Ctrl+C to stop

[ChangeBot] Initial state captured.

[06:41:56] 1 content change(s):
  [DELIVERED] CB_VERIFICATION_IMPL_20260916T064156_18898e -> AGENT_B
  [DELIVERED] CB_VERIFICATION_IMPL_20260916T064156_18898e -> AGENT_D
  [PATCH] CB_VERIFICATION_IMPL_20260916T064156_18898e pri=ACTION_REQUIRED files=1 -> AGENT_B,AGENT_D

[06:42:01] 2 content change(s):
  [DELIVERED] CB_VERIFICATION_IMPL_20260916T064201_66a0cf -> AGENT_B
  [DELIVERED] CB_VERIFICATION_IMPL_20260916T064201_66a0cf -> AGENT_D
  [PATCH] CB_VERIFICATION_IMPL_20260916T064201_66a0cf pri=ACTION_REQUIRED files=2 -> AGENT_B,AGENT_D

[06:42:21] 2 content change(s):
  [DELIVERED] CB_VERIFICATION_IMPL_20260916T064221_770d1f -> AGENT_B
  [DELIVERED] CB_VERIFICATION_IMPL_20260916T064221_770d1f -> AGENT_D
  [PATCH] CB_VERIFICATION_IMPL_20260916T064221_770d1f pri=ACTION_REQUIRED files=2 -> AGENT_B,AGENT_D

[06:42:42] 2 content change(s):
  [DELIVERED] CB_VERIFICATION_IMPL_20260916T064242_ef0e6f -> AGENT_B
  [DELIVERED] CB_VERIFICATION_IMPL_20260916T064242_ef0e6f -> AGENT_D
  [PATCH] CB_VERIFICATION_IMPL_20260916T064242_ef0e6f pri=ACTION_REQUIRED files=2 -> AGENT_B,AGENT_D

[ChangeBot] Watching D:\FPGA\NATIVE_AI_DEVELOPMENTAL_HARDWARE_R1_PACKAGE_20260914-20260914T045403Z-1-001\CANON_BLUEPRINT
[ChangeBot] Poll interval: 5s
[ChangeBot] Generation: 14 reason=PLANNED_RESTART
[ChangeBot] Ignoring: .Xil, .cache, .git, .vivado, CANON_BLUEPRINT_R0_1_AUDITED_CANDIDATE, NATIVE_AI_AGENT_GUARD_R1, NATIVE_AI_MULTI_AGENT_MANAGER_R1, NATIVE_AI_MULTI_AGENT_MANAGER_R2, _ARCHIVE, _COORDINATION, __pycache__, impl_1, out, sim_1, synth_1, xsim.dir
[ChangeBot] Selective route + coalesce enabled. Ctrl+C to stop

[ChangeBot] Initial state captured.

[06:42:54] 3 content change(s):
  [DELIVERED] CB_VERIFICATION_IMPL_20260916T064254_42aede -> AGENT_B
  [DELIVERED] CB_VERIFICATION_IMPL_20260916T064254_42aede -> AGENT_D
  [PATCH] CB_VERIFICATION_IMPL_20260916T064254_42aede pri=ACTION_REQUIRED files=3 -> AGENT_B,AGENT_D

[06:43:09] 2 content change(s):
  [DELIVERED] CB_ARCHITECTURE_20260916T064309_96d08a -> AGENT_A
  [PATCH] CB_ARCHITECTURE_20260916T064309_96d08a pri=ACTION_REQUIRED files=1 -> AGENT_A
  [DELIVERED] CB_VERIFICATION_IMPL_20260916T064309_d38958 -> AGENT_B
  [DELIVERED] CB_VERIFICATION_IMPL_20260916T064309_d38958 -> AGENT_D
  [PATCH] CB_VERIFICATION_IMPL_20260916T064309_d38958 pri=ACTION_REQUIRED files=1 -> AGENT_B,AGENT_D

[ChangeBot] Watching D:\FPGA\NATIVE_AI_DEVELOPMENTAL_HARDWARE_R1_PACKAGE_20260914-20260914T045403Z-1-001\CANON_BLUEPRINT
[ChangeBot] Poll interval: 5s
[ChangeBot] Generation: 15 reason=PLANNED_RESTART
[ChangeBot] Ignoring: .Xil, .cache, .git, .vivado, CANON_BLUEPRINT_R0_1_AUDITED_CANDIDATE, NATIVE_AI_AGENT_GUARD_R1, NATIVE_AI_MULTI_AGENT_MANAGER_R1, NATIVE_AI_MULTI_AGENT_MANAGER_R2, _ARCHIVE, _COORDINATION, __pycache__, impl_1, out, sim_1, synth_1, xsim.dir
[ChangeBot] Selective route + coalesce enabled. Ctrl+C to stop

[ChangeBot] Initial state captured.

[ChangeBot] Watching D:\FPGA\NATIVE_AI_DEVELOPMENTAL_HARDWARE_R1_PACKAGE_20260914-20260914T045403Z-1-001\CANON_BLUEPRINT
[ChangeBot] Poll interval: 5s
[ChangeBot] Generation: 16 reason=PLANNED_RESTART
[ChangeBot] Ignoring: .Xil, .cache, .git, .vivado, CANON_BLUEPRINT_R0_1_AUDITED_CANDIDATE, NATIVE_AI_AGENT_GUARD_R1, NATIVE_AI_MULTI_AGENT_MANAGER_R1, NATIVE_AI_MULTI_AGENT_MANAGER_R2, _ARCHIVE, _COORDINATION, __pycache__, impl_1, out, sim_1, synth_1, xsim.dir
[ChangeBot] Selective route + coalesce enabled. Ctrl+C to stop

[ChangeBot] Initial state captured.

[ChangeBot] Watching D:\FPGA\NATIVE_AI_DEVELOPMENTAL_HARDWARE_R1_PACKAGE_20260914-20260914T045403Z-1-001\CANON_BLUEPRINT
[ChangeBot] Poll interval: 5s
[ChangeBot] Generation: 17 reason=PLANNED_RESTART
[ChangeBot] Ignoring: .Xil, .cache, .git, .vivado, CANON_BLUEPRINT_R0_1_AUDITED_CANDIDATE, NATIVE_AI_AGENT_GUARD_R1, NATIVE_AI_MULTI_AGENT_MANAGER_R1, NATIVE_AI_MULTI_AGENT_MANAGER_R2, _ARCHIVE, _COORDINATION, __pycache__, impl_1, out, sim_1, synth_1, xsim.dir
[ChangeBot] Selective route + coalesce enabled. Ctrl+C to stop

[ChangeBot] Initial state captured.

[ChangeBot] Watching D:\FPGA\NATIVE_AI_DEVELOPMENTAL_HARDWARE_R1_PACKAGE_20260914-20260914T045403Z-1-001\CANON_BLUEPRINT
[ChangeBot] Poll interval: 5s
[ChangeBot] Generation: 18 reason=PLANNED_RESTART
[ChangeBot] Ignoring: .Xil, .cache, .git, .vivado, CANON_BLUEPRINT_R0_1_AUDITED_CANDIDATE, NATIVE_AI_AGENT_GUARD_R1, NATIVE_AI_MULTI_AGENT_MANAGER_R1, NATIVE_AI_MULTI_AGENT_MANAGER_R2, _ARCHIVE, _COORDINATION, __pycache__, impl_1, out, sim_1, synth_1, xsim.dir
[ChangeBot] Selective route + coalesce enabled. Ctrl+C to stop

[ChangeBot] Initial state captured.

  [ACK] CHANGEBOT_PLANNED_RESTART_CLASSIFICATION_R1 AGENT_C=APPLIED
  [ACK] CHANGEBOT_PLANNED_RESTART_CLASSIFICATION_R1 AGENT_A=APPLIED
[ChangeBot] Watching D:\FPGA\NATIVE_AI_DEVELOPMENTAL_HARDWARE_R1_PACKAGE_20260914-20260914T045403Z-1-001\CANON_BLUEPRINT
[ChangeBot] Poll interval: 5s
[ChangeBot] Generation: 19 reason=PLANNED_RESTART
[ChangeBot] Ignoring: .Xil, .cache, .git, .vivado, CANON_BLUEPRINT_R0_1_AUDITED_CANDIDATE, NATIVE_AI_AGENT_GUARD_R1, NATIVE_AI_MULTI_AGENT_MANAGER_R1, NATIVE_AI_MULTI_AGENT_MANAGER_R2, _ARCHIVE, _COORDINATION, __pycache__, impl_1, out, sim_1, synth_1, xsim.dir
[ChangeBot] Selective route + coalesce enabled. Ctrl+C to stop

[ChangeBot] Initial state captured.

[06:50:06] 1 content change(s):
  [COALESCE/SKIP] fingerprint=96d08a939444 covered by CB_ARCHITECTURE_20260916T064309_96d08a

[ChangeBot] Watching D:\FPGA\NATIVE_AI_DEVELOPMENTAL_HARDWARE_R1_PACKAGE_20260914-20260914T045403Z-1-001\CANON_BLUEPRINT
[ChangeBot] Poll interval: 5s
[ChangeBot] Generation: 20 reason=PLANNED_RESTART
[ChangeBot] Ignoring: .Xil, .cache, .git, .vivado, CANON_BLUEPRINT_R0_1_AUDITED_CANDIDATE, NATIVE_AI_AGENT_GUARD_R1, NATIVE_AI_MULTI_AGENT_MANAGER_R1, NATIVE_AI_MULTI_AGENT_MANAGER_R2, _ARCHIVE, _COORDINATION, __pycache__, impl_1, out, sim_1, synth_1, xsim.dir
[ChangeBot] Selective route + coalesce enabled. Ctrl+C to stop

[ChangeBot] Initial state captured.

[06:52:00] 1 content change(s):
  [COALESCE/SKIP] fingerprint=489d250ced71 covered by CB_IMPL_LOCAL_20260916T063213_489d25

[06:52:36] 1 content change(s):
  [DELIVERED] CB_AUTHORITY_OR_CONTRACT_20260916T065236_c1d04d -> AGENT_A
  [DELIVERED] CB_AUTHORITY_OR_CONTRACT_20260916T065236_c1d04d -> AGENT_B
  [DELIVERED] CB_AUTHORITY_OR_CONTRACT_20260916T065236_c1d04d -> AGENT_D
  [PATCH] CB_AUTHORITY_OR_CONTRACT_20260916T065236_c1d04d pri=CRITICAL files=1 -> AGENT_A,AGENT_B,AGENT_D

[06:52:41] 1 content change(s):
  [COALESCE/SKIP] fingerprint=c1d04d561ab6 covered by CB_AUTHORITY_OR_CONTRACT_20260916T065236_c1d04d

[06:52:46] 1 content change(s):
  [DELIVERED] CB_VERIFICATION_IMPL_20260916T065246_d02aed -> AGENT_B
  [DELIVERED] CB_VERIFICATION_IMPL_20260916T065246_d02aed -> AGENT_D
  [PATCH] CB_VERIFICATION_IMPL_20260916T065246_d02aed pri=ACTION_REQUIRED files=1 -> AGENT_B,AGENT_D

  [COLLAPSE] CB_AUTHORITY_OR_CONTRACT_20260916T063102_4ab4b1 -> CB_AUTHORITY_OR_CONTRACT_20260916T065236_c1d04d
[06:52:52] 3 content change(s):
  [DELIVERED] CB_AUTHORITY_OR_CONTRACT_20260916T065252_4ab4b1 -> AGENT_A
  [DELIVERED] CB_AUTHORITY_OR_CONTRACT_20260916T065252_4ab4b1 -> AGENT_B
  [DELIVERED] CB_AUTHORITY_OR_CONTRACT_20260916T065252_4ab4b1 -> AGENT_D
  [PATCH] CB_AUTHORITY_OR_CONTRACT_20260916T065252_4ab4b1 pri=CRITICAL files=1 -> AGENT_A,AGENT_B,AGENT_D
  [DELIVERED] CB_VERIFICATION_IMPL_20260916T065252_847783 -> AGENT_B
  [DELIVERED] CB_VERIFICATION_IMPL_20260916T065252_847783 -> AGENT_D
  [PATCH] CB_VERIFICATION_IMPL_20260916T065252_847783 pri=ACTION_REQUIRED files=1 -> AGENT_B,AGENT_D
  [INFO/NO_MAIL] CB_IMPL_LOCAL_20260916T065252_5d0f36 files=1 (changelog only)
  [PATCH] CB_IMPL_LOCAL_20260916T065252_5d0f36 pri=INFO files=1 -> AGENT_B,AGENT_D

[06:52:57] 1 content change(s):
  [COALESCE/SKIP] fingerprint=4ab4b1c75e14 covered by CB_AUTHORITY_OR_CONTRACT_20260916T065252_4ab4b1

[06:53:02] 1 content change(s):
  [COALESCE/SKIP] fingerprint=aa1750a6c6c7 covered by CB_AUTHORITY_OR_CONTRACT_20260916T063143_aa1750

[06:53:07] 1 content change(s):
  [COALESCE/SKIP] fingerprint=aa1750a6c6c7 covered by CB_AUTHORITY_OR_CONTRACT_20260916T063143_aa1750

[06:53:18] 4 content change(s):
  [COALESCE/SKIP] fingerprint=aa1750a6c6c7 covered by CB_AUTHORITY_OR_CONTRACT_20260916T063143_aa1750
  [COALESCE/SKIP] fingerprint=82dcefad251d covered by CB_ABI_VERIFICATION_20260916T063153_82dcef
  [INFO/NO_MAIL] CB_FILE_CHANGE_20260916T065318_bd9640 files=1 (changelog only)
  [PATCH] CB_FILE_CHANGE_20260916T065318_bd9640 pri=INFO files=1 -> AGENT_D
  [COALESCE/SKIP] fingerprint=5d0f3661d48b covered by CB_IMPL_LOCAL_20260916T065252_5d0f36

[06:53:23] 2 content change(s):
  [COALESCE/SKIP] fingerprint=bd964051bba0 covered by CB_FILE_CHANGE_20260916T065318_bd9640
  [DELIVERED] CB_VERIFICATION_IMPL_20260916T065323_a36672 -> AGENT_B
  [DELIVERED] CB_VERIFICATION_IMPL_20260916T065323_a36672 -> AGENT_D
  [PATCH] CB_VERIFICATION_IMPL_20260916T065323_a36672 pri=ACTION_REQUIRED files=1 -> AGENT_B,AGENT_D

[06:53:28] 1 content change(s):
  [COALESCE/SKIP] fingerprint=a3667275e754 covered by CB_VERIFICATION_IMPL_20260916T065323_a36672

[06:53:34] 1 content change(s):
  [DELIVERED] CB_VERIFICATION_IMPL_20260916T065334_779c14 -> AGENT_B
  [DELIVERED] CB_VERIFICATION_IMPL_20260916T065334_779c14 -> AGENT_D
  [PATCH] CB_VERIFICATION_IMPL_20260916T065334_779c14 pri=ACTION_REQUIRED files=1 -> AGENT_B,AGENT_D

  [COLLAPSE] CB_AUTHORITY_OR_CONTRACT_20260916T065236_c1d04d -> CB_AUTHORITY_OR_CONTRACT_20260916T065252_4ab4b1
  [COLLAPSE] CB_VERIFICATION_IMPL_20260916T065246_d02aed -> CB_VERIFICATION_IMPL_20260916T065334_779c14
  [COLLAPSE] CB_VERIFICATION_IMPL_20260916T065252_847783 -> CB_VERIFICATION_IMPL_20260916T065334_779c14
  [COLLAPSE] CB_VERIFICATION_IMPL_20260916T065323_a36672 -> CB_VERIFICATION_IMPL_20260916T065334_779c14
[06:54:08] 1 content change(s):
  [COALESCE/SKIP] fingerprint=4ab4b1c75e14 covered by CB_AUTHORITY_OR_CONTRACT_20260916T065252_4ab4b1

[06:54:13] 1 content change(s):
  [COALESCE/SKIP] fingerprint=bd964051bba0 covered by CB_FILE_CHANGE_20260916T065318_bd9640

[06:54:18] 50 content change(s):
  [INFO/NO_MAIL] CB_IMPL_LOCAL_20260916T065418_09296e files=44 (changelog only)
  [PATCH] CB_IMPL_LOCAL_20260916T065418_09296e pri=INFO files=44 -> AGENT_C,AGENT_D

[06:54:29] 4 content change(s):
  [INFO/NO_MAIL] CB_IMPL_LOCAL_20260916T065429_0824b7 files=4 (changelog only)
  [PATCH] CB_IMPL_LOCAL_20260916T065429_0824b7 pri=INFO files=4 -> AGENT_B,AGENT_D

[06:54:39] 1 content change(s):
  [INFO/NO_MAIL] CB_IMPL_LOCAL_20260916T065439_892b51 files=1 (changelog only)
  [PATCH] CB_IMPL_LOCAL_20260916T065439_892b51 pri=INFO files=1 -> AGENT_B,AGENT_D

[06:54:45] 1 content change(s):
  [DELIVERED] CB_VERIFICATION_IMPL_20260916T065445_4ba9c4 -> AGENT_B
  [DELIVERED] CB_VERIFICATION_IMPL_20260916T065445_4ba9c4 -> AGENT_D
  [PATCH] CB_VERIFICATION_IMPL_20260916T065445_4ba9c4 pri=ACTION_REQUIRED files=1 -> AGENT_B,AGENT_D

  [COLLAPSE] CB_VERIFICATION_IMPL_20260916T065334_779c14 -> CB_VERIFICATION_IMPL_20260916T065445_4ba9c4
[06:55:01] 1 content change(s):
  [COALESCE/SKIP] fingerprint=4ba9c4791f87 covered by CB_VERIFICATION_IMPL_20260916T065445_4ba9c4

[06:55:06] 1 content change(s):
  [COALESCE/SKIP] fingerprint=4ba9c4791f87 covered by CB_VERIFICATION_IMPL_20260916T065445_4ba9c4

[06:55:16] 1 content change(s):
  [DELIVERED] CB_VERIFICATION_IMPL_20260916T065516_9e6b73 -> AGENT_B
  [DELIVERED] CB_VERIFICATION_IMPL_20260916T065516_9e6b73 -> AGENT_D
  [PATCH] CB_VERIFICATION_IMPL_20260916T065516_9e6b73 pri=ACTION_REQUIRED files=1 -> AGENT_B,AGENT_D

[06:55:37] 2 content change(s):
  [DELIVERED] CB_VERIFICATION_IMPL_20260916T065537_a7b10a -> AGENT_B
  [DELIVERED] CB_VERIFICATION_IMPL_20260916T065537_a7b10a -> AGENT_D
  [PATCH] CB_VERIFICATION_IMPL_20260916T065537_a7b10a pri=ACTION_REQUIRED files=2 -> AGENT_B,AGENT_D

[06:55:48] 2 content change(s):
  [COALESCE/SKIP] fingerprint=a7b10a23ef6a covered by CB_VERIFICATION_IMPL_20260916T065537_a7b10a

[ChangeBot] Watching D:\FPGA\NATIVE_AI_DEVELOPMENTAL_HARDWARE_R1_PACKAGE_20260914-20260914T045403Z-1-001\CANON_BLUEPRINT
[ChangeBot] Poll interval: 5s
[ChangeBot] Generation: 21 reason=PLANNED_RESTART
[ChangeBot] Ignoring: .Xil, .cache, .git, .vivado, CANON_BLUEPRINT_R0_1_AUDITED_CANDIDATE, NATIVE_AI_AGENT_GUARD_R1, NATIVE_AI_MULTI_AGENT_MANAGER_R1, NATIVE_AI_MULTI_AGENT_MANAGER_R2, _ARCHIVE, _COORDINATION, __pycache__, impl_1, out, sim_1, synth_1, xsim.dir
[ChangeBot] Selective route + coalesce enabled. Ctrl+C to stop

[ChangeBot] Initial state captured.

[06:55:55] 1 content change(s):
  [DELIVERED] CB_VERIFICATION_IMPL_20260916T065555_9e6b73 -> AGENT_B
  [DELIVERED] CB_VERIFICATION_IMPL_20260916T065555_9e6b73 -> AGENT_D
  [PATCH] CB_VERIFICATION_IMPL_20260916T065555_9e6b73 pri=ACTION_REQUIRED files=1 -> AGENT_B,AGENT_D

  [COLLAPSE] CB_VERIFICATION_IMPL_20260916T065537_a7b10a -> CB_VERIFICATION_IMPL_20260916T065555_9e6b73
[ChangeBot] Watching D:\FPGA\NATIVE_AI_DEVELOPMENTAL_HARDWARE_R1_PACKAGE_20260914-20260914T045403Z-1-001\CANON_BLUEPRINT
[ChangeBot] Poll interval: 5s
[ChangeBot] Generation: 22 reason=PLANNED_RESTART
[ChangeBot] Ignoring: .Xil, .cache, .git, .vivado, CANON_BLUEPRINT_R0_1_AUDITED_CANDIDATE, NATIVE_AI_AGENT_GUARD_R1, NATIVE_AI_MULTI_AGENT_MANAGER_R1, NATIVE_AI_MULTI_AGENT_MANAGER_R2, _ARCHIVE, _COORDINATION, __pycache__, impl_1, out, sim_1, synth_1, xsim.dir
[ChangeBot] Selective route + coalesce enabled. Ctrl+C to stop

[ChangeBot] Initial state captured.

[06:57:24] 1 content change(s):
  [COALESCE/SKIP] fingerprint=96d08a939444 covered by CB_ARCHITECTURE_20260916T064309_96d08a

[06:57:55] 2 content change(s):
  [INFO/NO_MAIL] CB_IMPL_LOCAL_20260916T065755_552cff files=1 (changelog only)
  [PATCH] CB_IMPL_LOCAL_20260916T065755_552cff pri=INFO files=1 -> AGENT_D
  [DELIVERED] CB_VERIFICATION_IMPL_20260916T065755_847783 -> AGENT_B
  [DELIVERED] CB_VERIFICATION_IMPL_20260916T065755_847783 -> AGENT_D
  [PATCH] CB_VERIFICATION_IMPL_20260916T065755_847783 pri=ACTION_REQUIRED files=1 -> AGENT_B,AGENT_D

  [COLLAPSE] CB_VERIFICATION_IMPL_20260916T065555_9e6b73 -> CB_VERIFICATION_IMPL_20260916T065755_847783
[06:58:11] 1 content change(s):
  [COALESCE/SKIP] fingerprint=552cff09c57d covered by CB_IMPL_LOCAL_20260916T065755_552cff

[06:58:59] 1 content change(s):
  [COALESCE/SKIP] fingerprint=489d250ced71 covered by CB_IMPL_LOCAL_20260916T063213_489d25

[ChangeBot] Watching D:\FPGA\NATIVE_AI_DEVELOPMENTAL_HARDWARE_R1_PACKAGE_20260914-20260914T045403Z-1-001\CANON_BLUEPRINT
[ChangeBot] Poll interval: 5s
[ChangeBot] Generation: 23 reason=PLANNED_RESTART
[ChangeBot] Ignoring: .Xil, .cache, .git, .vivado, CANON_BLUEPRINT_R0_1_AUDITED_CANDIDATE, NATIVE_AI_AGENT_GUARD_R1, NATIVE_AI_MULTI_AGENT_MANAGER_R1, NATIVE_AI_MULTI_AGENT_MANAGER_R2, _ARCHIVE, _COORDINATION, __pycache__, impl_1, out, sim_1, synth_1, xsim.dir
[ChangeBot] Selective route + coalesce enabled. Ctrl+C to stop

[ChangeBot] Initial state captured.

[ChangeBot] Watching D:\FPGA\NATIVE_AI_DEVELOPMENTAL_HARDWARE_R1_PACKAGE_20260914-20260914T045403Z-1-001\CANON_BLUEPRINT
[ChangeBot] Poll interval: 5s
[ChangeBot] Generation: 24 reason=PLANNED_RESTART
[ChangeBot] Ignoring: .Xil, .cache, .git, .vivado, CANON_BLUEPRINT_R0_1_AUDITED_CANDIDATE, NATIVE_AI_AGENT_GUARD_R1, NATIVE_AI_MULTI_AGENT_MANAGER_R1, NATIVE_AI_MULTI_AGENT_MANAGER_R2, _ARCHIVE, _COORDINATION, __pycache__, impl_1, out, sim_1, synth_1, xsim.dir
[ChangeBot] Selective route + coalesce enabled. Ctrl+C to stop

[ChangeBot] Initial state captured.

[ChangeBot] Watching D:\FPGA\NATIVE_AI_DEVELOPMENTAL_HARDWARE_R1_PACKAGE_20260914-20260914T045403Z-1-001\CANON_BLUEPRINT
[ChangeBot] Poll interval: 5s
[ChangeBot] Generation: 25 reason=PLANNED_RESTART
[ChangeBot] Ignoring: .Xil, .cache, .git, .vivado, CANON_BLUEPRINT_R0_1_AUDITED_CANDIDATE, NATIVE_AI_AGENT_GUARD_R1, NATIVE_AI_MULTI_AGENT_MANAGER_R1, NATIVE_AI_MULTI_AGENT_MANAGER_R2, _ARCHIVE, _COORDINATION, __pycache__, impl_1, out, sim_1, synth_1, xsim.dir
[ChangeBot] Selective route + coalesce enabled. Ctrl+C to stop

[ChangeBot] Initial state captured.

[07:03:06] 1 content change(s):
  [INFO/NO_MAIL] CB_IMPL_LOCAL_20260916T070306_489d25 files=1 (changelog only)
  [INFO/NO_MAIL] CB_IMPL_LOCAL_20260916T070306_489d25 files=1 (changelog only; targets=AGENT_D)

[07:03:16] 4 content change(s):
  [DELIVERED] CB_ARCHITECTURE_20260916T070316_67f200 -> AGENT_A
  [PATCH] CB_ARCHITECTURE_20260916T070316_67f200 pri=ACTION_REQUIRED files=2 -> AGENT_A
  [DELIVERED] CB_ARCHITECTURE_20260916T070316_61d77b -> AGENT_A
  [DELIVERED] CB_ARCHITECTURE_20260916T070316_61d77b -> AGENT_D
  [PATCH] CB_ARCHITECTURE_20260916T070316_61d77b pri=ACTION_REQUIRED files=1 -> AGENT_A,AGENT_D
  [COALESCE/SKIP] fingerprint=489d250ced71 covered by CB_IMPL_LOCAL_20260916T070306_489d25

[07:03:53] 1 content change(s):
  [COALESCE/SKIP] fingerprint=96d08a939444 covered by CB_ARCHITECTURE_20260916T064309_96d08a

  [COLLAPSE] CB_ARCHITECTURE_20260916T062641_6462a3 -> CB_ARCHITECTURE_20260916T070316_61d77b
  [COLLAPSE] CB_ARCHITECTURE_20260916T064309_96d08a -> CB_ARCHITECTURE_20260916T070316_67f200
  [COLLAPSE] CB_IMPL_LOCAL_20260916T065755_552cff -> CB_IMPL_LOCAL_20260916T070306_489d25
  [ACK] CB_VERIFICATION_IMPL_20260916T065755_847783 AGENT_B=RECEIVED
[ChangeBot] Watching D:\FPGA\NATIVE_AI_DEVELOPMENTAL_HARDWARE_R1_PACKAGE_20260914-20260914T045403Z-1-001\CANON_BLUEPRINT
[ChangeBot] Poll interval: 5s
[ChangeBot] Generation: 26 reason=PLANNED_RESTART
[ChangeBot] Ignoring: .Xil, .cache, .git, .vivado, CANON_BLUEPRINT_R0_1_AUDITED_CANDIDATE, NATIVE_AI_AGENT_GUARD_R1, NATIVE_AI_MULTI_AGENT_MANAGER_R1, NATIVE_AI_MULTI_AGENT_MANAGER_R2, _ARCHIVE, _COORDINATION, __pycache__, impl_1, out, sim_1, synth_1, xsim.dir
[ChangeBot] Selective route + coalesce enabled. Ctrl+C to stop

[ChangeBot] Initial state captured.

[07:05:46] 1 content change(s) (coalesce until deadline)
[07:05:51] 2 content change(s) (coalesce until deadline)
[ChangeBot] Watching D:\FPGA\NATIVE_AI_DEVELOPMENTAL_HARDWARE_R1_PACKAGE_20260914-20260914T045403Z-1-001\CANON_BLUEPRINT
[ChangeBot] Poll interval: 5s
[ChangeBot] Generation: 27 reason=PLANNED_RESTART
[ChangeBot] Ignoring: .Xil, .cache, .git, .vivado, CANON_BLUEPRINT_R0_1_AUDITED_CANDIDATE, NATIVE_AI_AGENT_GUARD_R1, NATIVE_AI_MULTI_AGENT_MANAGER_R1, NATIVE_AI_MULTI_AGENT_MANAGER_R2, _ARCHIVE, _COORDINATION, __pycache__, impl_1, out, sim_1, synth_1, xsim.dir
[ChangeBot] Selective route + coalesce enabled. Ctrl+C to stop

[ChangeBot] Initial state captured.

[07:06:14] 1 content change(s) (coalesce until deadline)
  [INFO/NO_MAIL] CB_IMPL_LOCAL_20260916T070645_1375a9 files=1 (changelog only)
  [INFO/NO_MAIL] CB_IMPL_LOCAL_20260916T070645_1375a9 files=1 (changelog only; targets=AGENT_D)
  [COLLAPSE] CB_IMPL_LOCAL_20260916T070306_489d25 -> CB_IMPL_LOCAL_20260916T070645_1375a9
[07:07:37] 2 content change(s) (coalesce until deadline)
[ChangeBot] Watching D:\FPGA\NATIVE_AI_DEVELOPMENTAL_HARDWARE_R1_PACKAGE_20260914-20260914T045403Z-1-001\CANON_BLUEPRINT
[ChangeBot] Poll interval: 5s
[ChangeBot] Generation: 28 reason=PLANNED_RESTART
[ChangeBot] Ignoring: .Xil, .cache, .git, .vivado, CANON_BLUEPRINT_R0_1_AUDITED_CANDIDATE, NATIVE_AI_AGENT_GUARD_R1, NATIVE_AI_MULTI_AGENT_MANAGER_R1, NATIVE_AI_MULTI_AGENT_MANAGER_R2, _ARCHIVE, _COORDINATION, __pycache__, impl_1, out, sim_1, synth_1, xsim.dir
[ChangeBot] Selective route + coalesce enabled. Ctrl+C to stop

[ChangeBot] Initial state captured.

[07:08:18] 1 content change(s) (coalesce until deadline)
  [COALESCE/SKIP] fingerprint=1375a9908556 covered by CB_IMPL_LOCAL_20260916T070645_1375a9

[ChangeBot] Watching D:\FPGA\NATIVE_AI_DEVELOPMENTAL_HARDWARE_R1_PACKAGE_20260914-20260914T045403Z-1-001\CANON_BLUEPRINT
[ChangeBot] Poll interval: 5s
[ChangeBot] Generation: 29 reason=PLANNED_RESTART
[ChangeBot] Ignoring: .Xil, .cache, .git, .vivado, CANON_BLUEPRINT_R0_1_AUDITED_CANDIDATE, NATIVE_AI_AGENT_GUARD_R1, NATIVE_AI_MULTI_AGENT_MANAGER_R1, NATIVE_AI_MULTI_AGENT_MANAGER_R2, _ARCHIVE, _COORDINATION, __pycache__, impl_1, out, sim_1, synth_1, xsim.dir
[ChangeBot] Selective route + coalesce enabled. Ctrl+C to stop

[ChangeBot] Initial state captured.

[07:09:31] 5 content change(s) (coalesce until deadline)
[07:09:41] 1 content change(s) (coalesce until deadline)
[07:09:46] 1 content change(s) (coalesce until deadline)
[07:09:56] 1 content change(s) (coalesce until deadline)
[07:10:02] 1 content change(s) (coalesce until deadline)
[07:10:12] 2 content change(s) (coalesce until deadline)
[07:10:17] 2 content change(s) (coalesce until deadline)
[07:10:22] 3 content change(s) (coalesce until deadline)
[07:10:32] 1 content change(s) (coalesce until deadline)
[07:10:37] 5 content change(s) (coalesce until deadline)
[07:11:18] 1 content change(s) (coalesce until deadline)
[07:11:59] 1 content change(s) (coalesce until deadline)
  [NUDGE] CHANGEBOT_PLANNED_RESTART_CLASSIFICATION_R1 APPLY reminder -> AGENT_B
  [NUDGE] CHANGEBOT_PLANNED_RESTART_CLASSIFICATION_R1 APPLY reminder -> AGENT_D
[07:12:20] 1 content change(s) (coalesce until deadline)
[ChangeBot] Restored 25 coalesced change(s) from prior daemon
[ChangeBot] Watching D:\FPGA\NATIVE_AI_DEVELOPMENTAL_HARDWARE_R1_PACKAGE_20260914-20260914T045403Z-1-001\CANON_BLUEPRINT
[ChangeBot] Poll interval: 5s
[ChangeBot] Generation: 30 reason=PLANNED_RESTART
[ChangeBot] Ignoring: .Xil, .cache, .git, .vivado, CANON_BLUEPRINT_R0_1_AUDITED_CANDIDATE, NATIVE_AI_AGENT_GUARD_R1, NATIVE_AI_MULTI_AGENT_MANAGER_R1, NATIVE_AI_MULTI_AGENT_MANAGER_R2, _ARCHIVE, _COORDINATION, __pycache__, impl_1, out, sim_1, synth_1, xsim.dir
[ChangeBot] Selective route + coalesce enabled. Ctrl+C to stop

[ChangeBot] Initial state captured.

  [DELIVERED] CB_ARCHITECTURE_20260916T071241_ecbdd9 -> AGENT_A
  [PATCH] CB_ARCHITECTURE_20260916T071241_ecbdd9 pri=ACTION_REQUIRED files=3 -> AGENT_A
  [DELIVERED] CB_ARCHITECTURE_20260916T071241_f45a2d -> AGENT_A
  [DELIVERED] CB_ARCHITECTURE_20260916T071241_f45a2d -> AGENT_D
  [PATCH] CB_ARCHITECTURE_20260916T071241_f45a2d pri=ACTION_REQUIRED files=2 -> AGENT_A,AGENT_D
  [DELIVERED] CB_VERIFICATION_IMPL_20260916T071241_21dda0 -> AGENT_B
  [DELIVERED] CB_VERIFICATION_IMPL_20260916T071241_21dda0 -> AGENT_D
  [PATCH] CB_VERIFICATION_IMPL_20260916T071241_21dda0 pri=ACTION_REQUIRED files=7 -> AGENT_B,AGENT_D
  [INFO/NO_MAIL] CB_IMPL_LOCAL_20260916T071241_16f98c files=2 (changelog only)
  [DELIVERED] CB_AUTHORITY_OR_CONTRACT_20260916T071241_aa1750 -> AGENT_B
  [DELIVERED] CB_AUTHORITY_OR_CONTRACT_20260916T071241_aa1750 -> AGENT_D
  [PATCH] CB_AUTHORITY_OR_CONTRACT_20260916T071241_aa1750 pri=CRITICAL files=1 -> AGENT_B,AGENT_D
  [COALESCE/SKIP] fingerprint=4ab4b1c75e14 covered by CB_AUTHORITY_OR_CONTRACT_20260916T065252_4ab4b1
  [COALESCE/SKIP] fingerprint=82dcefad251d covered by CB_ABI_VERIFICATION_20260916T063153_82dcef

[07:12:57] 1 content change(s) (coalesce until deadline)
  [INFO/NO_MAIL] CB_IMPL_LOCAL_20260916T071328_489d25 files=1 (changelog only)

  [COLLAPSE] CB_IMPL_LOCAL_20260916T071241_16f98c -> CB_IMPL_LOCAL_20260916T071328_489d25
[07:14:24] 1 content change(s) (coalesce until deadline)
[ChangeBot] Restored 1 coalesced change(s) from prior daemon
[ChangeBot] Watching D:\FPGA\NATIVE_AI_DEVELOPMENTAL_HARDWARE_R1_PACKAGE_20260914-20260914T045403Z-1-001\CANON_BLUEPRINT
[ChangeBot] Poll interval: 5s
[ChangeBot] Generation: 31 reason=PLANNED_RESTART
[ChangeBot] Ignoring: .Xil, .cache, .git, .vivado, CANON_BLUEPRINT_R0_1_AUDITED_CANDIDATE, NATIVE_AI_AGENT_GUARD_R1, NATIVE_AI_MULTI_AGENT_MANAGER_R1, NATIVE_AI_MULTI_AGENT_MANAGER_R2, _ARCHIVE, _COORDINATION, __pycache__, impl_1, out, sim_1, synth_1, xsim.dir
[ChangeBot] Selective route + coalesce enabled. Ctrl+C to stop

[ChangeBot] Initial state captured.

[ChangeBot] Restored 1 coalesced change(s) from prior daemon
[ChangeBot] Watching D:\FPGA\NATIVE_AI_DEVELOPMENTAL_HARDWARE_R1_PACKAGE_20260914-20260914T045403Z-1-001\CANON_BLUEPRINT
[ChangeBot] Poll interval: 5s
[ChangeBot] Generation: 32 reason=PLANNED_RESTART
[ChangeBot] Ignoring: .Xil, .cache, .git, .vivado, CANON_BLUEPRINT_R0_1_AUDITED_CANDIDATE, NATIVE_AI_AGENT_GUARD_R1, NATIVE_AI_MULTI_AGENT_MANAGER_R1, NATIVE_AI_MULTI_AGENT_MANAGER_R2, _ARCHIVE, _COORDINATION, __pycache__, impl_1, out, sim_1, synth_1, xsim.dir
[ChangeBot] Selective route + coalesce enabled. Ctrl+C to stop

[ChangeBot] Initial state captured.

  [ACK] CB_AUTHORITY_OR_CONTRACT_20260916T071241_aa1750 AGENT_B=RECEIVED
  [ACK] CB_VERIFICATION_IMPL_20260916T071241_21dda0 AGENT_B=RECEIVED
[07:14:37] 1 content change(s) (coalesce until deadline)
[07:14:42] 1 content change(s) (coalesce until deadline)
[07:15:03] 1 content change(s) (coalesce until deadline)
  [COALESCE/SKIP] fingerprint=489d250ced71 covered by CB_IMPL_LOCAL_20260916T071328_489d25

[07:15:49] 1 content change(s) (coalesce until deadline)
[07:16:19] 1 content change(s) (coalesce until deadline)
[07:16:24] 1 content change(s) (coalesce until deadline)
[07:16:29] 1 content change(s) (coalesce until deadline)
[07:16:34] 1 content change(s) (coalesce until deadline)
  [COALESCE/SKIP] fingerprint=489d250ced71 covered by CB_IMPL_LOCAL_20260916T071328_489d25
  [DELIVERED] CB_ARCHITECTURE_20260916T071705_96d08a -> AGENT_A
  [PATCH] CB_ARCHITECTURE_20260916T071705_96d08a pri=ACTION_REQUIRED files=1 -> AGENT_A

[07:19:28] 1 content change(s) (coalesce until deadline)
  [INFO/NO_MAIL] CB_IMPL_LOCAL_20260916T071959_298a85 files=1 (changelog only)

  [COLLAPSE] CB_IMPL_LOCAL_20260916T065439_892b51 -> CB_IMPL_LOCAL_20260916T071959_298a85
[07:21:16] 1 content change(s) (coalesce until deadline)
[07:21:26] 1 content change(s) (coalesce until deadline)
[07:21:51] 2 content change(s) (coalesce until deadline)
  [INFO/NO_MAIL] CB_IMPL_LOCAL_20260916T072430_babb4c files=2 (changelog only)
  [DELIVERED] CB_ARCHITECTURE_20260916T072430_f95db8 -> AGENT_A
  [PATCH] CB_ARCHITECTURE_20260916T072430_f95db8 pri=ACTION_REQUIRED files=2 -> AGENT_A

  [COLLAPSE] CB_IMPL_LOCAL_20260916T065418_09296e -> CB_IMPL_LOCAL_20260916T072430_babb4c
  [COLLAPSE/ARCH] CB_ARCHITECTURE_20260916T071705_96d08a -> CB_ARCHITECTURE_20260916T072430_f95db8
[07:25:47] 1 content change(s) (coalesce until deadline)
[07:25:58] 2 content change(s) (coalesce until deadline)
  [INFO/NO_MAIL] CB_IMPL_LOCAL_20260916T072628_c1f8bf files=3 (changelog only)

  [COLLAPSE] CB_IMPL_LOCAL_20260916T071328_489d25 -> CB_IMPL_LOCAL_20260916T072628_c1f8bf
[07:28:26] 1 content change(s) (coalesce until deadline)
  [DELIVERED] CB_ARCHITECTURE_20260916T072857_96d08a -> AGENT_A
  [PATCH] CB_ARCHITECTURE_20260916T072857_96d08a pri=ACTION_REQUIRED files=1 -> AGENT_A

[07:29:22] 1 content change(s) (coalesce until deadline)
  [COLLAPSE/ARCH] CB_ARCHITECTURE_20260916T072430_f95db8 -> CB_ARCHITECTURE_20260916T072857_96d08a
  [INFO/NO_MAIL] CB_IMPL_LOCAL_20260916T072953_77b319 files=1 (changelog only)

  [COLLAPSE] CB_IMPL_LOCAL_20260916T072628_c1f8bf -> CB_IMPL_LOCAL_20260916T072953_77b319
[07:31:30] 1 content change(s) (coalesce until deadline)
  [ACK] CB_ARCHITECTURE_20260916T072857_96d08a AGENT_A=RECEIVED
  [COALESCE/SKIP] fingerprint=77b319a85aa7 covered by CB_IMPL_LOCAL_20260916T072953_77b319

[07:32:16] 2 content change(s) (coalesce until deadline)
[07:32:36] 5 content change(s) (coalesce until deadline)
[07:32:41] 1 content change(s) (coalesce until deadline)
  [INFO/NO_MAIL] CB_IMPL_LOCAL_20260916T073312_ea367d files=7 (changelog only)
  [INFO/NO_MAIL] CB_IMPL_LOCAL_20260916T073312_89cf26 files=1 (changelog only)

  [COLLAPSE] CB_IMPL_LOCAL_20260916T071959_298a85 -> CB_IMPL_LOCAL_20260916T073312_89cf26
  [COLLAPSE] CB_IMPL_LOCAL_20260916T072953_77b319 -> CB_IMPL_LOCAL_20260916T073312_ea367d
[07:34:35] 1 content change(s) (coalesce until deadline)
[07:34:45] 1 content change(s) (coalesce until deadline)
[07:34:55] 2 content change(s) (coalesce until deadline)
[07:35:06] 3 content change(s) (coalesce until deadline)
[07:35:16] 1 content change(s) (coalesce until deadline)
[07:35:21] 1 content change(s) (coalesce until deadline)
[07:35:26] 2 content change(s) (coalesce until deadline)
[07:35:36] 3 content change(s) (coalesce until deadline)
[07:35:41] 1 content change(s) (coalesce until deadline)
[07:35:46] 1 content change(s) (coalesce until deadline)
[07:36:07] 2 content change(s) (coalesce until deadline)
[07:36:12] 1 content change(s) (coalesce until deadline)
  [INFO/NO_MAIL] CB_IMPL_LOCAL_20260916T073643_9801ea files=15 (changelog only)
  [COALESCE/SKIP] fingerprint=96d08a939444 covered by CB_ARCHITECTURE_20260916T072857_96d08a

  [COLLAPSE] CB_IMPL_LOCAL_20260916T073312_ea367d -> CB_IMPL_LOCAL_20260916T073643_9801ea
[07:40:28] 5 content change(s) (coalesce until deadline)
  [DELIVERED] CB_ARCHITECTURE_20260916T074059_ecbdd9 -> AGENT_A
  [PATCH] CB_ARCHITECTURE_20260916T074059_ecbdd9 pri=ACTION_REQUIRED files=3 -> AGENT_A
  [DELIVERED] CB_ARCHITECTURE_20260916T074059_f45a2d -> AGENT_A
  [DELIVERED] CB_ARCHITECTURE_20260916T074059_f45a2d -> AGENT_D
  [PATCH] CB_ARCHITECTURE_20260916T074059_f45a2d pri=ACTION_REQUIRED files=2 -> AGENT_A,AGENT_D

  [COLLAPSE] CB_ARCHITECTURE_20260916T072857_96d08a -> CB_ARCHITECTURE_20260916T074059_f45a2d
  [COLLAPSE/ARCH] CB_ARCHITECTURE_20260916T074059_ecbdd9 -> CB_ARCHITECTURE_20260916T074059_f45a2d
[07:42:27] 1 content change(s) (coalesce until deadline)
[07:42:32] 1 content change(s) (coalesce until deadline)
[07:42:43] 1 content change(s) (coalesce until deadline)
[07:43:13] 2 content change(s) (coalesce until deadline)
[07:43:18] 1 content change(s) (coalesce until deadline)
[07:43:23] 1 content change(s) (coalesce until deadline)
[07:43:29] 1 content change(s) (coalesce until deadline)
[07:43:34] 1 content change(s) (coalesce until deadline)
[07:43:39] 1 content change(s) (coalesce until deadline)
[07:43:44] 2 content change(s) (coalesce until deadline)
[07:44:04] 2 content change(s) (coalesce until deadline)
[07:44:15] 1 content change(s) (coalesce until deadline)
[07:44:20] 3 content change(s) (coalesce until deadline)
[07:44:30] 1 content change(s) (coalesce until deadline)
[07:44:45] 1 content change(s) (coalesce until deadline)
[07:44:56] 1 content change(s) (coalesce until deadline)
[07:45:01] 1 content change(s) (coalesce until deadline)
[07:45:11] 3 content change(s) (coalesce until deadline)
[07:45:16] 1 content change(s) (coalesce until deadline)
[07:45:21] 1 content change(s) (coalesce until deadline)
[07:45:26] 1 content change(s) (coalesce until deadline)
[07:45:32] 4 content change(s) (coalesce until deadline)
[07:45:37] 1 content change(s) (coalesce until deadline)
[07:45:42] 3 content change(s) (coalesce until deadline)
[07:45:47] 1 content change(s) (coalesce until deadline)
[07:45:52] 1 content change(s) (coalesce until deadline)
[07:45:57] 1 content change(s) (coalesce until deadline)
[07:46:02] 1 content change(s) (coalesce until deadline)
[07:46:07] 1 content change(s) (coalesce until deadline)
[07:46:13] 1 content change(s) (coalesce until deadline)
[07:46:23] 3 content change(s) (coalesce until deadline)
  [LANE/SKIP] AUTHORITY_OR_CONTRACT covered by CB_AUTHORITY_OR_CONTRACT_20260916T071241_aa1750
  [DELIVERED] CB_ARCHITECTURE_20260916T074628_96d08a -> AGENT_A
  [PATCH] CB_ARCHITECTURE_20260916T074628_96d08a pri=ACTION_REQUIRED files=1 -> AGENT_A
  [INFO/NO_MAIL] CB_IMPL_LOCAL_20260916T074628_673768 files=7 (changelog only)
  [LANE/SKIP] AUTHORITY_OR_CONTRACT covered by CB_AUTHORITY_OR_CONTRACT_20260916T071241_aa1750
  [DELIVERED] CB_ABI_VERIFICATION_20260916T074628_82dcef -> AGENT_B
  [DELIVERED] CB_ABI_VERIFICATION_20260916T074628_82dcef -> AGENT_D
  [PATCH] CB_ABI_VERIFICATION_20260916T074628_82dcef pri=ACTION_REQUIRED files=1 -> AGENT_B,AGENT_D
  [LANE/SKIP] VERIFICATION_IMPL covered by CB_VERIFICATION_IMPL_20260916T071241_21dda0

[07:46:33] 2 content change(s) (coalesce until deadline)
  [DELIVERED] CB_ARCHITECTURE_20260916T074704_67f200 -> AGENT_A
  [PATCH] CB_ARCHITECTURE_20260916T074704_67f200 pri=ACTION_REQUIRED files=2 -> AGENT_A

  [COLLAPSE] CB_IMPL_LOCAL_20260916T072430_babb4c -> CB_IMPL_LOCAL_20260916T074628_673768
  [COLLAPSE] CB_ARCHITECTURE_20260916T074628_96d08a -> CB_ARCHITECTURE_20260916T074704_67f200
  [COLLAPSE/ARCH] CB_ARCHITECTURE_20260916T074059_f45a2d -> CB_ARCHITECTURE_20260916T074704_67f200
  [COLLAPSE/VERIF] CB_VERIFICATION_IMPL_20260916T071241_21dda0 -> CB_ABI_VERIFICATION_20260916T074628_82dcef
[07:47:45] 2 content change(s) (coalesce until deadline)
[07:47:51] 1 content change(s) (coalesce until deadline)
  [DELIVERED] CB_ARCHITECTURE_20260916T074822_61d77b -> AGENT_A
  [DELIVERED] CB_ARCHITECTURE_20260916T074822_61d77b -> AGENT_D
  [PATCH] CB_ARCHITECTURE_20260916T074822_61d77b pri=ACTION_REQUIRED files=1 -> AGENT_A,AGENT_D
  [DELIVERED] CB_ARCHITECTURE_20260916T074822_a91889 -> AGENT_A
  [PATCH] CB_ARCHITECTURE_20260916T074822_a91889 pri=ACTION_REQUIRED files=1 -> AGENT_A
  [INFO/NO_MAIL] CB_IMPL_LOCAL_20260916T074822_80e428 files=1 (changelog only)

[07:48:32] 1 content change(s) (coalesce until deadline)
[07:48:37] 1 content change(s) (coalesce until deadline)
[07:49:03] 1 content change(s) (coalesce until deadline)
[07:49:14] 1 content change(s) (coalesce until deadline)
  [COLLAPSE] CB_IMPL_LOCAL_20260916T074628_673768 -> CB_IMPL_LOCAL_20260916T074822_80e428
  [COLLAPSE] CB_ARCHITECTURE_20260916T074704_67f200 -> CB_ARCHITECTURE_20260916T074822_61d77b
  [COLLAPSE/ARCH] CB_ARCHITECTURE_20260916T074822_61d77b -> CB_ARCHITECTURE_20260916T074822_a91889
[07:50:36] 1 content change(s) (coalesce until deadline)
[07:50:47] 2 content change(s) (coalesce until deadline)
[07:51:29] 1 content change(s) (coalesce until deadline)
  [INFO/NO_MAIL] CB_IMPL_LOCAL_20260916T075200_268fbc files=6 (changelog only)
  [COALESCE/SKIP] fingerprint=a91889ccc56f covered by CB_ARCHITECTURE_20260916T074822_a91889

  [COLLAPSE] CB_IMPL_LOCAL_20260916T074822_80e428 -> CB_IMPL_LOCAL_20260916T075200_268fbc
[07:54:39] 2 content change(s) (coalesce until deadline)
[07:54:45] 1 content change(s) (coalesce until deadline)
[07:55:05] 1 content change(s) (coalesce until deadline)
[07:55:16] 1 content change(s) (coalesce until deadline)
[07:55:21] 1 content change(s) (coalesce until deadline)
[07:55:46] 1 content change(s) (coalesce until deadline)
[07:56:12] 1 content change(s) (coalesce until deadline)
[07:56:28] 1 content change(s) (coalesce until deadline)
[07:56:33] 1 content change(s) (coalesce until deadline)
[ChangeBot] Restored 10 coalesced change(s) from prior daemon
[ChangeBot] Watching D:\FPGA\NATIVE_AI_DEVELOPMENTAL_HARDWARE_R1_PACKAGE_20260914-20260914T045403Z-1-001\CANON_BLUEPRINT
[ChangeBot] Poll interval: 5s
[ChangeBot] Generation: 33 reason=PLANNED_RESTART
[ChangeBot] Ignoring: .Xil, .cache, .git, .vivado, CANON_BLUEPRINT_R0_1_AUDITED_CANDIDATE, NATIVE_AI_AGENT_GUARD_R1, NATIVE_AI_MULTI_AGENT_MANAGER_R1, NATIVE_AI_MULTI_AGENT_MANAGER_R2, _ARCHIVE, _COORDINATION, __pycache__, impl_1, out, sim_1, synth_1, xsim.dir
[ChangeBot] Selective route + coalesce enabled. Ctrl+C to stop

[ChangeBot] Initial state captured.

  [INFO/NO_MAIL] CB_IMPL_LOCAL_20260916T075704_faadcb files=4 (changelog only)

  [COLLAPSE] CB_IMPL_LOCAL_20260916T073643_9801ea -> CB_IMPL_LOCAL_20260916T075704_faadcb
[07:58:14] 5 content change(s) (coalesce until deadline)
  [SOFT_PING] AGENT_A unread=3 pending_patches=1 presence=STALE
  [SOFT_PING] AGENT_B unread=16 pending_patches=2 presence=STALE
  [SOFT_PING] AGENT_C unread=8 pending_patches=0 presence=OFFLINE
  [SOFT_PING] AGENT_D unread=23 pending_patches=3 presence=STALE
  [DELIVERED] CB_ARCHITECTURE_20260916T075845_ecbdd9 -> AGENT_A
  [PATCH] CB_ARCHITECTURE_20260916T075845_ecbdd9 pri=ACTION_REQUIRED files=3 -> AGENT_A
  [DELIVERED] CB_ARCHITECTURE_20260916T075845_f45a2d -> AGENT_A
  [DELIVERED] CB_ARCHITECTURE_20260916T075845_f45a2d -> AGENT_D
  [PATCH] CB_ARCHITECTURE_20260916T075845_f45a2d pri=ACTION_REQUIRED files=2 -> AGENT_A,AGENT_D

  [COLLAPSE] CB_ARCHITECTURE_20260916T074822_a91889 -> CB_ARCHITECTURE_20260916T075845_f45a2d
  [COLLAPSE/ARCH] CB_ARCHITECTURE_20260916T075845_ecbdd9 -> CB_ARCHITECTURE_20260916T075845_f45a2d
  [SOFT_PING] AGENT_A unread=3 pending_patches=1 presence=STALE
[08:02:12] 1 content change(s) (coalesce until deadline)
[08:02:18] 1 content change(s) (coalesce until deadline)
[08:02:23] 2 content change(s) (coalesce until deadline)
  [INFO/NO_MAIL] CB_IMPL_LOCAL_20260916T080254_2048a9 files=4 (changelog only)

[08:02:59] 1 content change(s) (coalesce until deadline)
[08:03:09] 1 content change(s) (coalesce until deadline)
[08:03:15] 1 content change(s) (coalesce until deadline)
[08:03:20] 1 content change(s) (coalesce until deadline)
[08:03:46] 1 content change(s) (coalesce until deadline)
[08:03:51] 1 content change(s) (coalesce until deadline)
  [COLLAPSE] CB_IMPL_LOCAL_20260916T075200_268fbc -> CB_IMPL_LOCAL_20260916T080254_2048a9
  [SOFT_PING] AGENT_B unread=17 pending_patches=2 presence=STALE
  [SOFT_PING] AGENT_C unread=10 pending_patches=0 presence=OFFLINE
  [SOFT_PING] AGENT_D unread=25 pending_patches=3 presence=STALE
[08:03:56] 3 content change(s) (coalesce until deadline)
[08:04:01] 2 content change(s) (coalesce until deadline)
[08:04:22] 1 content change(s) (coalesce until deadline)
[08:04:27] 2 content change(s) (coalesce until deadline)
[08:04:42] 4 content change(s) (coalesce until deadline)
[08:04:52] 2 content change(s) (coalesce until deadline)
[08:05:13] 4 content change(s) (coalesce until deadline)
  [INFO/NO_MAIL] CB_IMPL_LOCAL_20260916T080544_f46525 files=4 (changelog only)
  [INFO/NO_MAIL] CB_IMPL_LOCAL_20260916T080544_2ea7dc files=8 (changelog only)
  [DELIVERED] CB_ARCHITECTURE_20260916T080544_67f200 -> AGENT_A
  [PATCH] CB_ARCHITECTURE_20260916T080544_67f200 pri=ACTION_REQUIRED files=2 -> AGENT_A
  [DELIVERED] CB_ARCHITECTURE_20260916T080544_61d77b -> AGENT_A
  [DELIVERED] CB_ARCHITECTURE_20260916T080544_61d77b -> AGENT_D
  [PATCH] CB_ARCHITECTURE_20260916T080544_61d77b pri=ACTION_REQUIRED files=1 -> AGENT_A,AGENT_D
  [DELIVERED] CB_LEARNING_20260916T080544_835da1 -> AGENT_C
  [DELIVERED] CB_LEARNING_20260916T080544_835da1 -> AGENT_D
  [PATCH] CB_LEARNING_20260916T080544_835da1 pri=ACTION_REQUIRED files=4 -> AGENT_C,AGENT_D

[08:05:54] 1 content change(s) (coalesce until deadline)
  [COLLAPSE] CB_IMPL_LOCAL_20260916T075704_faadcb -> CB_IMPL_LOCAL_20260916T080544_2ea7dc
  [COLLAPSE] CB_ARCHITECTURE_20260916T075845_f45a2d -> CB_ARCHITECTURE_20260916T080544_61d77b
  [COLLAPSE] CB_IMPL_LOCAL_20260916T080254_2048a9 -> CB_IMPL_LOCAL_20260916T080544_f46525
  [COLLAPSE/ARCH] CB_ARCHITECTURE_20260916T080544_67f200 -> CB_ARCHITECTURE_20260916T080544_61d77b
  [SOFT_PING] AGENT_C unread=11 pending_patches=1 presence=OFFLINE
  [SOFT_PING] AGENT_D unread=26 pending_patches=4 presence=STALE
[08:06:25] 1 content change(s) (coalesce until deadline)
[08:06:46] 2 content change(s) (coalesce until deadline)
[08:06:56] 4 content change(s) (coalesce until deadline)
  [SOFT_PING] AGENT_A unread=4 pending_patches=1 presence=STALE
  [SOFT_PING] AGENT_B unread=18 pending_patches=2 presence=STALE
  [SOFT_PING] AGENT_D unread=27 pending_patches=4 presence=STALE
[08:07:01] 1 content change(s) (coalesce until deadline)
  [SOFT_PING] AGENT_C unread=12 pending_patches=1 presence=OFFLINE
[08:08:03] 1 content change(s) (coalesce until deadline)
[08:08:08] 3 content change(s) (coalesce until deadline)
[08:08:34] 5 content change(s) (coalesce until deadline)
[08:09:51] 1 content change(s) (coalesce until deadline)
  [INFO/NO_MAIL] CB_IMPL_LOCAL_20260916T080956_4daf48 files=3 (changelog only)
  [INFO/NO_MAIL] CB_IMPL_LOCAL_20260916T080956_70be10 files=10 (changelog only)
  [DELIVERED] CB_ARCHITECTURE_20260916T080956_67f200 -> AGENT_A
  [PATCH] CB_ARCHITECTURE_20260916T080956_67f200 pri=ACTION_REQUIRED files=2 -> AGENT_A
  [COALESCE/SKIP] fingerprint=61d77ba51c6f covered by CB_ARCHITECTURE_20260916T080544_61d77b

  [COLLAPSE] CB_IMPL_LOCAL_20260916T080544_f46525 -> CB_IMPL_LOCAL_20260916T080956_4daf48
  [COLLAPSE] CB_IMPL_LOCAL_20260916T080544_2ea7dc -> CB_IMPL_LOCAL_20260916T080956_70be10
  [COLLAPSE/ARCH] CB_ARCHITECTURE_20260916T080544_61d77b -> CB_ARCHITECTURE_20260916T080956_67f200
  [SOFT_PING] AGENT_D unread=26 pending_patches=4 presence=STALE
[08:10:11] 1 content change(s) (coalesce until deadline)
  [INFO/NO_MAIL] CB_IMPL_LOCAL_20260916T081042_9a153c files=1 (changelog only)

  [COLLAPSE] CB_IMPL_LOCAL_20260916T080956_70be10 -> CB_IMPL_LOCAL_20260916T081042_9a153c
  [SOFT_PING] AGENT_A unread=5 pending_patches=1 presence=STALE
  [SOFT_PING] AGENT_B unread=19 pending_patches=2 presence=STALE
  [SOFT_PING] AGENT_C unread=13 pending_patches=1 presence=OFFLINE
  [SOFT_PING] AGENT_D unread=22 pending_patches=4 presence=STALE
[08:11:39] 4 content change(s) (coalesce until deadline)
  [SOFT_PING] AGENT_A unread=4 pending_patches=1 presence=STALE
  [SOFT_PING] AGENT_B unread=20 pending_patches=2 presence=STALE
  [SOFT_PING] AGENT_C unread=14 pending_patches=1 presence=OFFLINE
  [SOFT_PING] AGENT_D unread=23 pending_patches=4 presence=STALE
  [DELIVERED] CB_ARCHITECTURE_20260916T081210_ecbdd9 -> AGENT_A
  [PATCH] CB_ARCHITECTURE_20260916T081210_ecbdd9 pri=ACTION_REQUIRED files=3 -> AGENT_A
  [DELIVERED] CB_ARCHITECTURE_20260916T081210_61d77b -> AGENT_A
  [DELIVERED] CB_ARCHITECTURE_20260916T081210_61d77b -> AGENT_D
  [PATCH] CB_ARCHITECTURE_20260916T081210_61d77b pri=ACTION_REQUIRED files=1 -> AGENT_A,AGENT_D

  [SOFT_PING] AGENT_D unread=24 pending_patches=4 presence=STALE
  [ACK] CB_LEARNING_20260916T080544_835da1 AGENT_C=RECEIVED
  [DELIVERED] CB_IMPL_LOCAL_20260916T080956_4daf48 -> AGENT_C
  [PRESENCE] CB_IMPL_LOCAL_20260916T080956_4daf48 AGENT_C OFFLINE->NOT_SEEN
  [SKIP_DUP] CB_LEARNING_20260916T080544_835da1 -> AGENT_C (unread already present)
[08:14:29] 44 content change(s) (coalesce until deadline)
  [INFO/NO_MAIL] CB_IMPL_LOCAL_20260916T081500_aa8e77 files=44 (changelog only)

[08:15:11] 3 content change(s) (coalesce until deadline)
  [COLLAPSE] CB_IMPL_LOCAL_20260916T080956_4daf48 -> CB_IMPL_LOCAL_20260916T081500_aa8e77
  [SOFT_PING] AGENT_C unread=15 pending_patches=1 presence=ONLINE
[08:15:37] 1 content change(s) (coalesce until deadline)
[08:15:42] 5 content change(s) (coalesce until deadline)
[08:15:47] 2 content change(s) (coalesce until deadline)
  [ACK] CB_LEARNING_20260916T080544_835da1 AGENT_C=APPLIED
[08:16:13] 1 content change(s) (coalesce until deadline)
  [SOFT_PING] AGENT_D unread=25 pending_patches=4 presence=STALE
[08:16:24] 1 content change(s) (coalesce until deadline)
[08:16:29] 2 content change(s) (coalesce until deadline)
[08:16:45] 4 content change(s) (coalesce until deadline)
[08:17:10] 1 content change(s) (coalesce until deadline)
[08:17:26] 1 content change(s) (coalesce until deadline)
  [DELIVERED] CB_LEARNING_20260916T081757_b2561f -> AGENT_C
  [DELIVERED] CB_LEARNING_20260916T081757_b2561f -> AGENT_D
  [PATCH] CB_LEARNING_20260916T081757_b2561f pri=ACTION_REQUIRED files=2 -> AGENT_C,AGENT_D
  [INFO/NO_MAIL] CB_IMPL_LOCAL_20260916T081757_96dfd4 files=10 (changelog only)
  [DELIVERED] CB_ARCHITECTURE_20260916T081757_ecbdd9 -> AGENT_A
  [PATCH] CB_ARCHITECTURE_20260916T081757_ecbdd9 pri=ACTION_REQUIRED files=3 -> AGENT_A
  [DELIVERED] CB_ARCHITECTURE_20260916T081757_f45a2d -> AGENT_A
  [DELIVERED] CB_ARCHITECTURE_20260916T081757_f45a2d -> AGENT_D
  [PATCH] CB_ARCHITECTURE_20260916T081757_f45a2d pri=ACTION_REQUIRED files=2 -> AGENT_A,AGENT_D
  [INFO/NO_MAIL] CB_IMPL_LOCAL_20260916T081757_380fbf files=1 (changelog only)

  [COLLAPSE] CB_LEARNING_20260916T080544_835da1 -> CB_LEARNING_20260916T081757_b2561f
  [COLLAPSE] CB_IMPL_LOCAL_20260916T081042_9a153c -> CB_IMPL_LOCAL_20260916T081757_96dfd4
  [COLLAPSE] CB_ARCHITECTURE_20260916T081210_61d77b -> CB_ARCHITECTURE_20260916T081757_f45a2d
  [COLLAPSE] CB_IMPL_LOCAL_20260916T081500_aa8e77 -> CB_IMPL_LOCAL_20260916T081757_380fbf
  [COLLAPSE/ARCH] CB_ARCHITECTURE_20260916T081757_ecbdd9 -> CB_ARCHITECTURE_20260916T081757_f45a2d
  [SOFT_PING] AGENT_C unread=1 pending_patches=1 presence=ONLINE
[08:19:47] 3 content change(s) (coalesce until deadline)
  [DELIVERED] CB_ARCHITECTURE_20260916T082018_67f200 -> AGENT_A
  [PATCH] CB_ARCHITECTURE_20260916T082018_67f200 pri=ACTION_REQUIRED files=2 -> AGENT_A
  [DELIVERED] CB_ARCHITECTURE_20260916T082018_61d77b -> AGENT_A
  [DELIVERED] CB_ARCHITECTURE_20260916T082018_61d77b -> AGENT_D
  [PATCH] CB_ARCHITECTURE_20260916T082018_61d77b pri=ACTION_REQUIRED files=1 -> AGENT_A,AGENT_D

  [COLLAPSE] CB_ARCHITECTURE_20260916T081757_f45a2d -> CB_ARCHITECTURE_20260916T082018_61d77b
  [COLLAPSE/ARCH] CB_ARCHITECTURE_20260916T082018_67f200 -> CB_ARCHITECTURE_20260916T082018_61d77b
  [SOFT_PING] AGENT_A unread=3 pending_patches=1 presence=STALE
  [SOFT_PING] AGENT_C unread=3 pending_patches=1 presence=ONLINE
[08:21:42] 1 content change(s) (coalesce until deadline)
[08:22:08] 1 content change(s) (coalesce until deadline)
[08:22:13] 2 content change(s) (coalesce until deadline)
[08:22:18] 4 content change(s) (coalesce until deadline)
[08:22:29] 73 content change(s) (coalesce until deadline)
  [INFO/NO_MAIL] CB_IMPL_LOCAL_20260916T082300_311063 files=77 (changelog only)
  [LANE/SKIP] AUTHORITY_OR_CONTRACT covered by CB_AUTHORITY_OR_CONTRACT_20260916T071241_aa1750

[08:23:31] 1 content change(s) (coalesce until deadline)
  [COLLAPSE] CB_IMPL_LOCAL_20260916T081757_96dfd4 -> CB_IMPL_LOCAL_20260916T082300_311063
[08:25:21] 1 content change(s) (coalesce until deadline)
[08:25:32] 5 content change(s) (coalesce until deadline)
  [SOFT_PING] AGENT_C unread=4 pending_patches=1 presence=ONLINE
[08:26:30] 3 content change(s) (coalesce until deadline)
[08:26:40] 1 content change(s) (coalesce until deadline)
[08:26:51] 1 content change(s) (coalesce until deadline)
[08:26:56] 1 content change(s) (coalesce until deadline)
  [INFO/NO_MAIL] CB_IMPL_LOCAL_20260916T082733_b5e97b files=3 (changelog only)
  [DELIVERED] CB_ARCHITECTURE_20260916T082733_ecbdd9 -> AGENT_A
  [PATCH] CB_ARCHITECTURE_20260916T082733_ecbdd9 pri=ACTION_REQUIRED files=3 -> AGENT_A
  [DELIVERED] CB_ARCHITECTURE_20260916T082733_64f902 -> AGENT_A
  [DELIVERED] CB_ARCHITECTURE_20260916T082733_64f902 -> AGENT_D
  [PATCH] CB_ARCHITECTURE_20260916T082733_64f902 pri=ACTION_REQUIRED files=1 -> AGENT_A,AGENT_D
  [INFO/NO_MAIL] CB_IMPL_LOCAL_20260916T082733_69205d files=3 (changelog only)

  [COLLAPSE] CB_IMPL_LOCAL_20260916T081757_380fbf -> CB_IMPL_LOCAL_20260916T082733_69205d
  [COLLAPSE] CB_ARCHITECTURE_20260916T082018_61d77b -> CB_ARCHITECTURE_20260916T082733_64f902
  [COLLAPSE] CB_IMPL_LOCAL_20260916T082300_311063 -> CB_IMPL_LOCAL_20260916T082733_b5e97b
  [COLLAPSE/ARCH] CB_ARCHITECTURE_20260916T082733_ecbdd9 -> CB_ARCHITECTURE_20260916T082733_64f902
  [SOFT_PING] AGENT_A unread=4 pending_patches=1 presence=STALE
  [SOFT_PING] AGENT_B unread=21 pending_patches=2 presence=STALE
  [SOFT_PING] AGENT_C unread=5 pending_patches=1 presence=ONLINE
  [SOFT_PING] AGENT_D unread=22 pending_patches=4 presence=STALE
[08:29:07] 5 content change(s) (coalesce until deadline)
[08:29:28] 1 content change(s) (coalesce until deadline)
  [ACK] CB_LEARNING_20260916T081757_b2561f AGENT_C=RECEIVED
[08:29:49] 4 content change(s) (coalesce until deadline)
  [SOFT_PING] AGENT_C unread=6 pending_patches=1 presence=ONLINE
  [ACK] CB_LEARNING_20260916T081757_b2561f AGENT_C=APPLIED
  [DELIVERED] CB_ARCHITECTURE_20260916T083021_ecbdd9 -> AGENT_A
  [PATCH] CB_ARCHITECTURE_20260916T083021_ecbdd9 pri=ACTION_REQUIRED files=3 -> AGENT_A
  [COALESCE/SKIP] fingerprint=64f9027be85f covered by CB_ARCHITECTURE_20260916T082733_64f902
  [INFO/NO_MAIL] CB_IMPL_LOCAL_20260916T083021_83b742 files=4 (changelog only)

[08:30:39] 2 content change(s) (coalesce until deadline)
  [COLLAPSE] CB_IMPL_LOCAL_20260916T082733_69205d -> CB_IMPL_LOCAL_20260916T083021_83b742
  [COLLAPSE/ARCH] CB_ARCHITECTURE_20260916T082733_64f902 -> CB_ARCHITECTURE_20260916T083021_ecbdd9
  [INFO/NO_MAIL] CB_IMPL_LOCAL_20260916T083111_b47e01 files=2 (changelog only)

  [COLLAPSE] CB_IMPL_LOCAL_20260916T082733_b5e97b -> CB_IMPL_LOCAL_20260916T083111_b47e01
[08:35:44] 1 content change(s) (coalesce until deadline)
[08:36:05] 1 content change(s) (coalesce until deadline)
[08:36:10] 2 content change(s) (coalesce until deadline)
[08:36:42] 1 content change(s) (coalesce until deadline)
[08:37:08] 1 content change(s) (coalesce until deadline)
[08:37:14] 1 content change(s) (coalesce until deadline)
[08:37:30] 2 content change(s) (coalesce until deadline)
[08:37:51] 2 content change(s) (coalesce until deadline)
  [INFO/NO_MAIL] CB_IMPL_LOCAL_20260916T083823_1537c1 files=6 (changelog only)
  [INFO/NO_MAIL] CB_IMPL_LOCAL_20260916T083823_818bfc files=2 (changelog only)
  [LANE/SKIP] AUTHORITY_OR_CONTRACT covered by CB_AUTHORITY_OR_CONTRACT_20260916T071241_aa1750

[08:38:49] 1 content change(s) (coalesce until deadline)
[08:38:55] 5 content change(s) (coalesce until deadline)
[08:39:05] 1 content change(s) (coalesce until deadline)
[08:39:10] 2 content change(s) (coalesce until deadline)
[08:39:16] 2 content change(s) (coalesce until deadline)
  [COLLAPSE] CB_IMPL_LOCAL_20260916T083021_83b742 -> CB_IMPL_LOCAL_20260916T083823_1537c1
  [COLLAPSE] CB_IMPL_LOCAL_20260916T083111_b47e01 -> CB_IMPL_LOCAL_20260916T083823_818bfc
  [SOFT_PING] AGENT_A unread=4 pending_patches=1 presence=ONLINE
  [SOFT_PING] AGENT_C unread=1 pending_patches=0 presence=ONLINE
  [SOFT_PING] AGENT_D unread=23 pending_patches=4 presence=STALE
[08:40:19] 1 content change(s) (coalesce until deadline)
[08:41:30] 2 content change(s) (coalesce until deadline)
[08:41:35] 1 content change(s) (coalesce until deadline)
  [INFO/NO_MAIL] CB_IMPL_LOCAL_20260916T084207_3a9633 files=7 (changelog only)
  [COALESCE/SKIP] fingerprint=ecbdd97439ca covered by CB_ARCHITECTURE_20260916T083021_ecbdd9
  [DELIVERED] CB_ARCHITECTURE_20260916T084207_f45a2d -> AGENT_A
  [DELIVERED] CB_ARCHITECTURE_20260916T084207_f45a2d -> AGENT_D
  [PATCH] CB_ARCHITECTURE_20260916T084207_f45a2d pri=ACTION_REQUIRED files=2 -> AGENT_A,AGENT_D
  [COALESCE/SKIP] fingerprint=818bfc6ca4fa covered by CB_IMPL_LOCAL_20260916T083823_818bfc

[08:42:17] 1 content change(s) (coalesce until deadline)
  [COLLAPSE] CB_ARCHITECTURE_20260916T083021_ecbdd9 -> CB_ARCHITECTURE_20260916T084207_f45a2d
  [COLLAPSE] CB_IMPL_LOCAL_20260916T083823_1537c1 -> CB_IMPL_LOCAL_20260916T084207_3a9633
  [SOFT_PING] AGENT_D unread=24 pending_patches=4 presence=STALE
  [INFO/NO_MAIL] CB_IMPL_LOCAL_20260916T084249_ca7cd3 files=1 (changelog only)

[08:42:54] 1 content change(s) (coalesce until deadline)
  [COLLAPSE] CB_IMPL_LOCAL_20260916T084207_3a9633 -> CB_IMPL_LOCAL_20260916T084249_ca7cd3
[08:44:19] 1 content change(s) (coalesce until deadline)
  [SOFT_PING] AGENT_B unread=23 pending_patches=2 presence=ONLINE
  [INFO/NO_MAIL] CB_IMPL_LOCAL_20260916T084656_0c1672 files=1 (changelog only)
  [INFO/NO_MAIL] CB_IMPL_LOCAL_20260916T084656_87df76 files=1 (changelog only)

  [COLLAPSE] CB_IMPL_LOCAL_20260916T083823_818bfc -> CB_IMPL_LOCAL_20260916T084656_87df76
  [COLLAPSE] CB_IMPL_LOCAL_20260916T084249_ca7cd3 -> CB_IMPL_LOCAL_20260916T084656_0c1672
[08:48:06] 1 content change(s) (coalesce until deadline)
[08:48:22] 1 content change(s) (coalesce until deadline)
[08:48:43] 3 content change(s) (coalesce until deadline)
  [SOFT_PING] AGENT_D unread=25 pending_patches=4 presence=STALE
  [DELIVERED] CB_ARCHITECTURE_20260916T084915_96d08a -> AGENT_A
  [PATCH] CB_ARCHITECTURE_20260916T084915_96d08a pri=ACTION_REQUIRED files=1 -> AGENT_A
  [INFO/NO_MAIL] CB_IMPL_LOCAL_20260916T084915_e9a68d files=2 (changelog only)

[08:49:20] 1 content change(s) (coalesce until deadline)
[08:49:26] 2 content change(s) (coalesce until deadline)
[08:49:36] 1 content change(s) (coalesce until deadline)
  [COLLAPSE] CB_IMPL_LOCAL_20260916T084656_87df76 -> CB_IMPL_LOCAL_20260916T084915_e9a68d
  [COLLAPSE/ARCH] CB_ARCHITECTURE_20260916T084207_f45a2d -> CB_ARCHITECTURE_20260916T084915_96d08a
  [SOFT_PING] AGENT_D unread=24 pending_patches=4 presence=STALE
  [INFO/NO_MAIL] CB_IMPL_LOCAL_20260916T085009_16d0f5 files=3 (changelog only)

  [ACK] CB_ARCHITECTURE_20260916T084207_f45a2d AGENT_A=APPLIED
[08:51:04] 4 content change(s) (coalesce until deadline)
  [COLLAPSE] CB_IMPL_LOCAL_20260916T084915_e9a68d -> CB_IMPL_LOCAL_20260916T085009_16d0f5
  [DELIVERED] CB_ARCHITECTURE_20260916T085136_ecbdd9 -> AGENT_A
  [PATCH] CB_ARCHITECTURE_20260916T085136_ecbdd9 pri=ACTION_REQUIRED files=3 -> AGENT_A

  [COLLAPSE/ARCH] CB_ARCHITECTURE_20260916T084915_96d08a -> CB_ARCHITECTURE_20260916T085136_ecbdd9
  [ACK] CB_ARCHITECTURE_20260916T084915_96d08a AGENT_A=APPLIED
[08:52:43] 1 content change(s) (coalesce until deadline)
[08:52:59] 1 content change(s) (coalesce until deadline)
  [SOFT_PING] AGENT_D unread=25 pending_patches=4 presence=STALE
  [DELIVERED] CB_ARCHITECTURE_20260916T085331_96d08a -> AGENT_A
  [PATCH] CB_ARCHITECTURE_20260916T085331_96d08a pri=ACTION_REQUIRED files=1 -> AGENT_A

  [COLLAPSE/ARCH] CB_ARCHITECTURE_20260916T085136_ecbdd9 -> CB_ARCHITECTURE_20260916T085331_96d08a
  [SOFT_PING] AGENT_A unread=4 pending_patches=1 presence=ONLINE
  [SOFT_PING] AGENT_C unread=1 pending_patches=0 presence=STALE
  [ACK] CB_ARCHITECTURE_20260916T085136_ecbdd9 AGENT_A=APPLIED
  [ACK] CB_ARCHITECTURE_20260916T085331_96d08a AGENT_A=APPLIED
[08:54:56] 5 content change(s) (coalesce until deadline)
[08:55:07] 1 content change(s) (coalesce until deadline)
[08:55:12] 1 content change(s) (coalesce until deadline)
[08:55:23] 1 content change(s) (coalesce until deadline)
  [SOFT_PING] AGENT_A unread=3 pending_patches=0 presence=ONLINE
  [SOFT_PING] AGENT_C unread=2 pending_patches=0 presence=STALE
  [DELIVERED] CB_ARCHITECTURE_20260916T085555_ecbdd9 -> AGENT_A
  [PATCH] CB_ARCHITECTURE_20260916T085555_ecbdd9 pri=ACTION_REQUIRED files=3 -> AGENT_A
  [DELIVERED] CB_ARCHITECTURE_20260916T085555_f45a2d -> AGENT_A
  [DELIVERED] CB_ARCHITECTURE_20260916T085555_f45a2d -> AGENT_D
  [PATCH] CB_ARCHITECTURE_20260916T085555_f45a2d pri=ACTION_REQUIRED files=2 -> AGENT_A,AGENT_D
  [INFO/NO_MAIL] CB_IMPL_LOCAL_20260916T085555_344a43 files=1 (changelog only)

  [COLLAPSE] CB_IMPL_LOCAL_20260916T085009_16d0f5 -> CB_IMPL_LOCAL_20260916T085555_344a43
  [COLLAPSE] CB_ARCHITECTURE_20260916T085331_96d08a -> CB_ARCHITECTURE_20260916T085555_f45a2d
  [COLLAPSE/ARCH] CB_ARCHITECTURE_20260916T085555_ecbdd9 -> CB_ARCHITECTURE_20260916T085555_f45a2d
  [SOFT_PING] AGENT_A unread=4 pending_patches=1 presence=ONLINE
  [SOFT_PING] AGENT_D unread=26 pending_patches=4 presence=STALE
  [ACK] CB_ARCHITECTURE_20260916T085555_f45a2d AGENT_A=APPLIED
[08:58:19] 4 content change(s) (coalesce until deadline)
[08:58:35] 1 content change(s) (coalesce until deadline)
  [SOFT_PING] AGENT_A unread=3 pending_patches=0 presence=ONLINE
  [DELIVERED] CB_ARCHITECTURE_20260916T085907_ecbdd9 -> AGENT_A
  [PATCH] CB_ARCHITECTURE_20260916T085907_ecbdd9 pri=ACTION_REQUIRED files=3 -> AGENT_A
  [DELIVERED] CB_ARCHITECTURE_20260916T085907_61d77b -> AGENT_A
  [DELIVERED] CB_ARCHITECTURE_20260916T085907_61d77b -> AGENT_D
  [PATCH] CB_ARCHITECTURE_20260916T085907_61d77b pri=ACTION_REQUIRED files=1 -> AGENT_A,AGENT_D

  [COLLAPSE] CB_ARCHITECTURE_20260916T085555_f45a2d -> CB_ARCHITECTURE_20260916T085907_61d77b
  [COLLAPSE/ARCH] CB_ARCHITECTURE_20260916T085907_ecbdd9 -> CB_ARCHITECTURE_20260916T085907_61d77b
  [SOFT_PING] AGENT_A unread=4 pending_patches=1 presence=ONLINE
  [SOFT_PING] AGENT_B unread=23 pending_patches=2 presence=STALE
  [ACK] CB_ARCHITECTURE_20260916T085907_61d77b AGENT_A=APPLIED
[09:02:06] 2 content change(s) (coalesce until deadline)
  [DELIVERED] CB_ARCHITECTURE_20260916T090238_96d08a -> AGENT_A
  [PATCH] CB_ARCHITECTURE_20260916T090238_96d08a pri=ACTION_REQUIRED files=1 -> AGENT_A
  [DELIVERED] CB_ARCHITECTURE_20260916T090238_64f902 -> AGENT_A
  [DELIVERED] CB_ARCHITECTURE_20260916T090238_64f902 -> AGENT_D
  [PATCH] CB_ARCHITECTURE_20260916T090238_64f902 pri=ACTION_REQUIRED files=1 -> AGENT_A,AGENT_D

  [COLLAPSE] CB_ARCHITECTURE_20260916T085907_61d77b -> CB_ARCHITECTURE_20260916T090238_64f902
  [COLLAPSE/ARCH] CB_ARCHITECTURE_20260916T090238_96d08a -> CB_ARCHITECTURE_20260916T090238_64f902
  [SOFT_PING] AGENT_A unread=5 pending_patches=1 presence=ONLINE
  [SOFT_PING] AGENT_B unread=24 pending_patches=2 presence=STALE
  [SOFT_PING] AGENT_C unread=3 pending_patches=0 presence=STALE
  [SOFT_PING] AGENT_D unread=23 pending_patches=4 presence=STALE
[09:02:59] 1 content change(s) (coalesce until deadline)
  [ACK] CB_ARCHITECTURE_20260916T090238_96d08a AGENT_A=APPLIED
  [ACK] CB_ARCHITECTURE_20260916T090238_64f902 AGENT_A=APPLIED
  [INFO/NO_MAIL] CB_IMPL_LOCAL_20260916T090330_dd2885 files=1 (changelog only)

  [COLLAPSE] CB_IMPL_LOCAL_20260916T085555_344a43 -> CB_IMPL_LOCAL_20260916T090330_dd2885
  [SOFT_PING] AGENT_A unread=4 pending_patches=0 presence=ONLINE
[09:06:48] 1 content change(s) (coalesce until deadline)
[09:07:05] 1 content change(s) (coalesce until deadline)
[09:07:11] 2 content change(s) (coalesce until deadline)
  [INFO/NO_MAIL] CB_IMPL_LOCAL_20260916T090742_168f7c files=4 (changelog only)

[09:07:47] 1 content change(s) (coalesce until deadline)
[09:07:53] 2 content change(s) (coalesce until deadline)
[09:08:08] 2 content change(s) (coalesce until deadline)
  [COLLAPSE] CB_IMPL_LOCAL_20260916T090330_dd2885 -> CB_IMPL_LOCAL_20260916T090742_168f7c
[09:08:14] 1 content change(s) (coalesce until deadline)
[09:08:35] 2 content change(s) (coalesce until deadline)
  [INFO/NO_MAIL] CB_IMPL_LOCAL_20260916T090906_34fe9f files=7 (changelog only)

  [COLLAPSE] CB_IMPL_LOCAL_20260916T090742_168f7c -> CB_IMPL_LOCAL_20260916T090906_34fe9f
[09:09:17] 1 content change(s) (coalesce until deadline)
  [INFO/NO_MAIL] CB_IMPL_LOCAL_20260916T090948_744ff4 files=1 (changelog only)

  [COLLAPSE] CB_IMPL_LOCAL_20260916T090906_34fe9f -> CB_IMPL_LOCAL_20260916T090948_744ff4
[09:11:07] 5 content change(s) (coalesce until deadline)
  [SOFT_PING] AGENT_B unread=25 pending_patches=2 presence=STALE
  [SOFT_PING] AGENT_C unread=4 pending_patches=0 presence=ONLINE
  [SOFT_PING] AGENT_D unread=24 pending_patches=4 presence=STALE
  [DELIVERED] CB_ARCHITECTURE_20260916T091138_f45a2d -> AGENT_A
  [DELIVERED] CB_ARCHITECTURE_20260916T091138_f45a2d -> AGENT_D
  [PATCH] CB_ARCHITECTURE_20260916T091138_f45a2d pri=ACTION_REQUIRED files=2 -> AGENT_A,AGENT_D
  [DELIVERED] CB_ARCHITECTURE_20260916T091138_bc9011 -> AGENT_A
  [PATCH] CB_ARCHITECTURE_20260916T091138_bc9011 pri=ACTION_REQUIRED files=2 -> AGENT_A
  [INFO/NO_MAIL] CB_IMPL_LOCAL_20260916T091139_a6f198 files=1 (changelog only)

[09:12:10] 1 content change(s) (coalesce until deadline)
  [COLLAPSE] CB_ARCHITECTURE_20260916T090238_64f902 -> CB_ARCHITECTURE_20260916T091138_f45a2d
  [COLLAPSE] CB_IMPL_LOCAL_20260916T090948_744ff4 -> CB_IMPL_LOCAL_20260916T091139_a6f198
  [COLLAPSE/ARCH] CB_ARCHITECTURE_20260916T091138_f45a2d -> CB_ARCHITECTURE_20260916T091138_bc9011
  [SOFT_PING] AGENT_A unread=5 pending_patches=1 presence=ONLINE
  [SOFT_PING] AGENT_D unread=23 pending_patches=4 presence=STALE
  [DELIVERED] CB_ARCHITECTURE_20260916T091242_96d08a -> AGENT_A
  [PATCH] CB_ARCHITECTURE_20260916T091242_96d08a pri=ACTION_REQUIRED files=1 -> AGENT_A

  [COLLAPSE/ARCH] CB_ARCHITECTURE_20260916T091138_bc9011 -> CB_ARCHITECTURE_20260916T091242_96d08a
[09:14:44] 4 content change(s) (coalesce until deadline)
  [DELIVERED] CB_ARCHITECTURE_20260916T091515_f45a2d -> AGENT_A
  [DELIVERED] CB_ARCHITECTURE_20260916T091515_f45a2d -> AGENT_D
  [PATCH] CB_ARCHITECTURE_20260916T091515_f45a2d pri=ACTION_REQUIRED files=2 -> AGENT_A,AGENT_D
  [DELIVERED] CB_ARCHITECTURE_20260916T091515_bc9011 -> AGENT_A
  [PATCH] CB_ARCHITECTURE_20260916T091515_bc9011 pri=ACTION_REQUIRED files=2 -> AGENT_A

  [ACK] CB_ARCHITECTURE_20260916T091138_f45a2d AGENT_A=APPLIED
  [ACK] CB_ARCHITECTURE_20260916T091138_bc9011 AGENT_A=APPLIED
[09:15:26] 1 content change(s) (coalesce until deadline)
  [COLLAPSE] CB_ARCHITECTURE_20260916T091242_96d08a -> CB_ARCHITECTURE_20260916T091515_f45a2d
  [COLLAPSE/ARCH] CB_ARCHITECTURE_20260916T091515_f45a2d -> CB_ARCHITECTURE_20260916T091515_bc9011
  [SOFT_PING] AGENT_A unread=4 pending_patches=1 presence=ONLINE
  [SOFT_PING] AGENT_D unread=24 pending_patches=4 presence=STALE
  [DELIVERED] CB_ARCHITECTURE_20260916T091556_96d08a -> AGENT_A
  [PATCH] CB_ARCHITECTURE_20260916T091556_96d08a pri=ACTION_REQUIRED files=1 -> AGENT_A

  [ACK] CB_ARCHITECTURE_20260916T091242_96d08a AGENT_A=APPLIED
  [ACK] CB_ARCHITECTURE_20260916T091515_f45a2d AGENT_A=APPLIED
  [ACK] CB_ARCHITECTURE_20260916T091515_bc9011 AGENT_A=APPLIED
  [ACK] CB_ARCHITECTURE_20260916T091556_96d08a AGENT_A=APPLIED
  [COLLAPSE/ARCH] CB_ARCHITECTURE_20260916T091515_bc9011 -> CB_ARCHITECTURE_20260916T091556_96d08a
  [SOFT_PING] AGENT_A unread=3 pending_patches=0 presence=ONLINE
[09:18:08] 5 content change(s) (coalesce until deadline)
  [INFO/NO_MAIL] CB_IMPL_LOCAL_20260916T091839_2cb43e files=3 (changelog only)

  [COLLAPSE] CB_IMPL_LOCAL_20260916T084656_0c1672 -> CB_IMPL_LOCAL_20260916T091839_2cb43e
  [SOFT_PING] AGENT_A unread=4 pending_patches=0 presence=ONLINE
  [SOFT_PING] AGENT_D unread=25 pending_patches=4 presence=STALE
[09:21:01] 1 content change(s) (coalesce until deadline)
[09:21:06] 1 content change(s) (coalesce until deadline)
[09:21:17] 5 content change(s) (coalesce until deadline)
[09:22:45] 1 content change(s) (coalesce until deadline)
  [SOFT_PING] AGENT_A unread=3 pending_patches=0 presence=ONLINE
  [SOFT_PING] AGENT_C unread=1 pending_patches=0 presence=ONLINE
  [INFO/NO_MAIL] CB_IMPL_LOCAL_20260916T092409_271498 files=2 (changelog only)
  [DELIVERED] CB_ARCHITECTURE_20260916T092409_ecbdd9 -> AGENT_A
  [PATCH] CB_ARCHITECTURE_20260916T092409_ecbdd9 pri=ACTION_REQUIRED files=3 -> AGENT_A
  [DELIVERED] CB_ARCHITECTURE_20260916T092409_f45a2d -> AGENT_A
  [DELIVERED] CB_ARCHITECTURE_20260916T092409_f45a2d -> AGENT_D
  [PATCH] CB_ARCHITECTURE_20260916T092409_f45a2d pri=ACTION_REQUIRED files=2 -> AGENT_A,AGENT_D

[09:24:20] 1 content change(s) (coalesce until deadline)
  [INFO/NO_MAIL] CB_IMPL_LOCAL_20260916T092452_ca9a50 files=1 (changelog only)

  [COLLAPSE] CB_ARCHITECTURE_20260916T091556_96d08a -> CB_ARCHITECTURE_20260916T092409_f45a2d
  [COLLAPSE] CB_IMPL_LOCAL_20260916T091839_2cb43e -> CB_IMPL_LOCAL_20260916T092452_ca9a50
  [COLLAPSE] CB_IMPL_LOCAL_20260916T092409_271498 -> CB_IMPL_LOCAL_20260916T092452_ca9a50
  [COLLAPSE/ARCH] CB_ARCHITECTURE_20260916T092409_ecbdd9 -> CB_ARCHITECTURE_20260916T092409_f45a2d
  [SOFT_PING] AGENT_A unread=5 pending_patches=1 presence=ONLINE
  [SOFT_PING] AGENT_C unread=2 pending_patches=0 presence=ONLINE
[09:25:56] 5 content change(s) (coalesce until deadline)
[09:26:27] 2 content change(s) (coalesce until deadline)
[09:26:54] 2 content change(s) (coalesce until deadline)
  [SOFT_PING] AGENT_B unread=25 pending_patches=2 presence=STALE
[09:27:21] 1 content change(s) (coalesce until deadline)
[09:27:31] 2 content change(s) (coalesce until deadline)
  [RECEIVED] CB_ARCHITECTURE_20260916T092409_f45a2d AGENT_A (read/)
[09:27:52] 2 content change(s) (coalesce until deadline)
  [SOFT_PING] AGENT_A unread=3 pending_patches=0 presence=ONLINE
  [SOFT_PING] AGENT_D unread=26 pending_patches=4 presence=STALE
  [DELIVERED] CB_ARCHITECTURE_20260916T092824_ecbdd9 -> AGENT_A
  [PATCH] CB_ARCHITECTURE_20260916T092824_ecbdd9 pri=ACTION_REQUIRED files=3 -> AGENT_A
  [COALESCE/SKIP] fingerprint=f45a2d2893cd covered by CB_ARCHITECTURE_20260916T092409_f45a2d
  [INFO/NO_MAIL] CB_IMPL_LOCAL_20260916T092824_92b72e files=4 (changelog only)

  [COLLAPSE] CB_IMPL_LOCAL_20260916T091139_a6f198 -> CB_IMPL_LOCAL_20260916T092824_92b72e
  [COLLAPSE/ARCH] CB_ARCHITECTURE_20260916T092409_f45a2d -> CB_ARCHITECTURE_20260916T092824_ecbdd9
  [SOFT_PING] AGENT_A unread=4 pending_patches=1 presence=ONLINE
  [SOFT_PING] AGENT_D unread=25 pending_patches=4 presence=STALE
  [ACK] CB_ARCHITECTURE_20260916T092824_ecbdd9 AGENT_A=APPLIED
[09:31:30] 4 content change(s) (coalesce until deadline)
  [SOFT_PING] AGENT_A unread=3 pending_patches=0 presence=ONLINE
  [COALESCE/SKIP] fingerprint=ecbdd97439ca covered by CB_ARCHITECTURE_20260916T092824_ecbdd9
  [DELIVERED] CB_ARCHITECTURE_20260916T093201_64f902 -> AGENT_A
  [DELIVERED] CB_ARCHITECTURE_20260916T093201_64f902 -> AGENT_D
  [PATCH] CB_ARCHITECTURE_20260916T093201_64f902 pri=ACTION_REQUIRED files=1 -> AGENT_A,AGENT_D

[09:32:28] 1 content change(s) (coalesce until deadline)
  [COLLAPSE] CB_ARCHITECTURE_20260916T092824_ecbdd9 -> CB_ARCHITECTURE_20260916T093201_64f902
  [SOFT_PING] AGENT_A unread=4 pending_patches=1 presence=ONLINE
  [SOFT_PING] AGENT_D unread=26 pending_patches=4 presence=STALE
[09:32:38] 1 content change(s) (coalesce until deadline)
[09:32:49] 1 content change(s) (coalesce until deadline)
[09:33:10] 2 content change(s) (coalesce until deadline)
[09:33:15] 1 content change(s) (coalesce until deadline)
[09:33:20] 1 content change(s) (coalesce until deadline)
[09:33:26] 2 content change(s) (coalesce until deadline)
[09:33:31] 2 content change(s) (coalesce until deadline)
[09:33:53] 1 content change(s) (coalesce until deadline)
  [ACK] CB_ARCHITECTURE_20260916T093201_64f902 AGENT_A=APPLIED
[09:34:14] 5 content change(s) (coalesce until deadline)
[09:34:19] 6 content change(s) (coalesce until deadline)
[09:34:24] 1 content change(s) (coalesce until deadline)
  [SOFT_PING] AGENT_A unread=3 pending_patches=0 presence=ONLINE
  [ACK] CB_AUTHORITY_OR_CONTRACT_20260916T071241_aa1750 AGENT_D=APPLIED
  [ACK] CB_ABI_VERIFICATION_20260916T074628_82dcef AGENT_D=APPLIED
  [ACK] CB_LEARNING_20260916T081757_b2561f AGENT_D=APPLIED
  [ACK] CB_ARCHITECTURE_20260916T093201_64f902 AGENT_D=APPLIED
[09:34:51] 1 content change(s) (coalesce until deadline)
  [INFO/NO_MAIL] CB_IMPL_LOCAL_20260916T093523_05aecd files=16 (changelog only)
  [INFO/NO_MAIL] CB_FILE_CHANGE_20260916T093523_698884 files=2 (changelog only)
  [DELIVERED] CB_ARCHITECTURE_20260916T093523_ecbdd9 -> AGENT_A
  [PATCH] CB_ARCHITECTURE_20260916T093523_ecbdd9 pri=ACTION_REQUIRED files=3 -> AGENT_A
  [DELIVERED] CB_ARCHITECTURE_20260916T093523_f45a2d -> AGENT_A
  [DELIVERED] CB_ARCHITECTURE_20260916T093523_f45a2d -> AGENT_D
  [PATCH] CB_ARCHITECTURE_20260916T093523_f45a2d pri=ACTION_REQUIRED files=2 -> AGENT_A,AGENT_D
  [INFO/NO_MAIL] CB_IMPL_LOCAL_20260916T093523_581483 files=1 (changelog only)

  [COLLAPSE] CB_FILE_CHANGE_20260916T065318_bd9640 -> CB_FILE_CHANGE_20260916T093523_698884
  [COLLAPSE] CB_IMPL_LOCAL_20260916T073312_89cf26 -> CB_IMPL_LOCAL_20260916T093523_581483
  [COLLAPSE] CB_IMPL_LOCAL_20260916T092824_92b72e -> CB_IMPL_LOCAL_20260916T093523_05aecd
  [COLLAPSE] CB_ARCHITECTURE_20260916T093201_64f902 -> CB_ARCHITECTURE_20260916T093523_f45a2d
  [COLLAPSE/ARCH] CB_ARCHITECTURE_20260916T093523_ecbdd9 -> CB_ARCHITECTURE_20260916T093523_f45a2d
  [SOFT_PING] AGENT_A unread=4 pending_patches=1 presence=ONLINE
  [SOFT_PING] AGENT_D unread=23 pending_patches=1 presence=ONLINE
  [SOFT_PING] AGENT_D unread=24 pending_patches=1 presence=ONLINE
[09:38:11] 5 content change(s) (coalesce until deadline)
  [ACK] CB_ARCHITECTURE_20260916T093523_f45a2d AGENT_A=APPLIED
  [DELIVERED] CB_ARCHITECTURE_20260916T093844_ecbdd9 -> AGENT_A
  [PATCH] CB_ARCHITECTURE_20260916T093844_ecbdd9 pri=ACTION_REQUIRED files=3 -> AGENT_A
  [COALESCE/SKIP] fingerprint=f45a2d2893cd covered by CB_ARCHITECTURE_20260916T093523_f45a2d

  [COLLAPSE/ARCH] CB_ARCHITECTURE_20260916T093523_f45a2d -> CB_ARCHITECTURE_20260916T093844_ecbdd9
  [SOFT_PING] AGENT_D unread=23 pending_patches=1 presence=ONLINE
  [ACK] CB_ARCHITECTURE_20260916T093844_ecbdd9 AGENT_A=APPLIED
[09:40:32] 1 content change(s) (coalesce until deadline)
  [DELIVERED] CB_ARCHITECTURE_20260916T094105_96d08a -> AGENT_A
  [PATCH] CB_ARCHITECTURE_20260916T094105_96d08a pri=ACTION_REQUIRED files=1 -> AGENT_A

  [COLLAPSE/ARCH] CB_ARCHITECTURE_20260916T093844_ecbdd9 -> CB_ARCHITECTURE_20260916T094105_96d08a
  [ACK] CB_ARCHITECTURE_20260916T094105_96d08a AGENT_A=APPLIED
  [SOFT_PING] AGENT_A unread=3 pending_patches=0 presence=ONLINE
  [SOFT_PING] AGENT_B unread=25 pending_patches=2 presence=ONLINE
  [SOFT_PING] AGENT_A unread=4 pending_patches=0 presence=ONLINE
  [SOFT_PING] AGENT_B unread=26 pending_patches=2 presence=ONLINE
  [SOFT_PING] AGENT_C unread=1 pending_patches=0 presence=ONLINE
  [SOFT_PING] AGENT_D unread=0 pending_patches=1 presence=ONLINE
  [SOFT_PING] AGENT_D unread=0 pending_patches=1 presence=ONLINE
[09:49:32] 4 content change(s) (coalesce until deadline)
  [ACK] CB_ARCHITECTURE_20260916T094105_96d08a AGENT_D=APPLIED
  [SOFT_PING] AGENT_A unread=3 pending_patches=0 presence=ONLINE
  [SOFT_PING] AGENT_D unread=1 pending_patches=0 presence=ONLINE
  [DELIVERED] CB_ARCHITECTURE_20260916T095004_67f200 -> AGENT_A
  [PATCH] CB_ARCHITECTURE_20260916T095004_67f200 pri=ACTION_REQUIRED files=2 -> AGENT_A
  [DELIVERED] CB_ARCHITECTURE_20260916T095004_f45a2d -> AGENT_A
  [DELIVERED] CB_ARCHITECTURE_20260916T095004_f45a2d -> AGENT_D
  [PATCH] CB_ARCHITECTURE_20260916T095004_f45a2d pri=ACTION_REQUIRED files=2 -> AGENT_A,AGENT_D

[09:50:25] 1 content change(s) (coalesce until deadline)
  [COALESCE/SKIP] fingerprint=96d08a939444 covered by CB_ARCHITECTURE_20260916T094105_96d08a

  [COLLAPSE] CB_ARCHITECTURE_20260916T094105_96d08a -> CB_ARCHITECTURE_20260916T095004_f45a2d
  [COLLAPSE/ARCH] CB_ARCHITECTURE_20260916T095004_67f200 -> CB_ARCHITECTURE_20260916T095004_f45a2d
  [SOFT_PING] AGENT_A unread=5 pending_patches=1 presence=ONLINE
  [SOFT_PING] AGENT_C unread=2 pending_patches=0 presence=ONLINE
  [SOFT_PING] AGENT_D unread=2 pending_patches=1 presence=ONLINE
  [ACK] CB_ARCHITECTURE_20260916T095004_f45a2d AGENT_A=APPLIED
[09:55:52] 5 content change(s) (coalesce until deadline)
  [SOFT_PING] AGENT_A unread=3 pending_patches=0 presence=ONLINE
  [SOFT_PING] AGENT_D unread=3 pending_patches=1 presence=ONLINE
  [DELIVERED] CB_ARCHITECTURE_20260916T095624_ecbdd9 -> AGENT_A
  [PATCH] CB_ARCHITECTURE_20260916T095624_ecbdd9 pri=ACTION_REQUIRED files=3 -> AGENT_A
  [COALESCE/SKIP] fingerprint=f45a2d2893cd covered by CB_ARCHITECTURE_20260916T095004_f45a2d

  [COLLAPSE/ARCH] CB_ARCHITECTURE_20260916T095004_f45a2d -> CB_ARCHITECTURE_20260916T095624_ecbdd9
  [SOFT_PING] AGENT_A unread=4 pending_patches=1 presence=ONLINE
  [SOFT_PING] AGENT_D unread=2 pending_patches=1 presence=ONLINE
  [ACK] CB_ARCHITECTURE_20260916T095624_ecbdd9 AGENT_A=APPLIED
  [SOFT_PING] AGENT_A unread=3 pending_patches=0 presence=ONLINE
[09:58:32] 3 content change(s) (coalesce until deadline)
  [DELIVERED] CB_ARCHITECTURE_20260916T095904_67f200 -> AGENT_A
  [PATCH] CB_ARCHITECTURE_20260916T095904_67f200 pri=ACTION_REQUIRED files=2 -> AGENT_A
  [DELIVERED] CB_ARCHITECTURE_20260916T095904_61d77b -> AGENT_A
  [DELIVERED] CB_ARCHITECTURE_20260916T095904_61d77b -> AGENT_D
  [PATCH] CB_ARCHITECTURE_20260916T095904_61d77b pri=ACTION_REQUIRED files=1 -> AGENT_A,AGENT_D

  [COLLAPSE] CB_ARCHITECTURE_20260916T095624_ecbdd9 -> CB_ARCHITECTURE_20260916T095904_61d77b
  [COLLAPSE/ARCH] CB_ARCHITECTURE_20260916T095904_67f200 -> CB_ARCHITECTURE_20260916T095904_61d77b
  [SOFT_PING] AGENT_A unread=4 pending_patches=1 presence=ONLINE
  [SOFT_PING] AGENT_D unread=3 pending_patches=1 presence=ONLINE
  [ACK] CB_ARCHITECTURE_20260916T095904_67f200 AGENT_A=APPLIED
  [ACK] CB_ARCHITECTURE_20260916T095904_61d77b AGENT_A=APPLIED
  [SOFT_PING] AGENT_A unread=3 pending_patches=0 presence=ONLINE
  [SOFT_PING] AGENT_D unread=4 pending_patches=1 presence=ONLINE
[10:02:27] 3 content change(s) (coalesce until deadline)
  [DELIVERED] CB_ARCHITECTURE_20260916T100259_67f200 -> AGENT_A
  [PATCH] CB_ARCHITECTURE_20260916T100259_67f200 pri=ACTION_REQUIRED files=2 -> AGENT_A
  [COALESCE/SKIP] fingerprint=61d77ba51c6f covered by CB_ARCHITECTURE_20260916T095904_61d77b

  [COLLAPSE/ARCH] CB_ARCHITECTURE_20260916T095904_61d77b -> CB_ARCHITECTURE_20260916T100259_67f200
  [SOFT_PING] AGENT_A unread=4 pending_patches=1 presence=ONLINE
  [SOFT_PING] AGENT_B unread=26 pending_patches=2 presence=ONLINE
  [SOFT_PING] AGENT_D unread=3 pending_patches=1 presence=ONLINE
  [ACK] CB_ARCHITECTURE_20260916T100259_67f200 AGENT_A=APPLIED
[10:05:03] 3 content change(s) (coalesce until deadline)
  [DELIVERED] CB_ARCHITECTURE_20260916T100535_f95db8 -> AGENT_A
  [PATCH] CB_ARCHITECTURE_20260916T100535_f95db8 pri=ACTION_REQUIRED files=2 -> AGENT_A
  [DELIVERED] CB_ARCHITECTURE_20260916T100535_64f902 -> AGENT_A
  [DELIVERED] CB_ARCHITECTURE_20260916T100535_64f902 -> AGENT_D
  [PATCH] CB_ARCHITECTURE_20260916T100535_64f902 pri=ACTION_REQUIRED files=1 -> AGENT_A,AGENT_D

  [COLLAPSE] CB_ARCHITECTURE_20260916T100259_67f200 -> CB_ARCHITECTURE_20260916T100535_64f902
  [COLLAPSE/ARCH] CB_ARCHITECTURE_20260916T100535_f95db8 -> CB_ARCHITECTURE_20260916T100535_64f902
  [SOFT_PING] AGENT_D unread=4 pending_patches=1 presence=STALE
  [SOFT_PING] AGENT_C unread=2 pending_patches=0 presence=STALE
  [ACK] CB_ARCHITECTURE_20260916T100535_f95db8 AGENT_A=APPLIED
  [ACK] CB_ARCHITECTURE_20260916T100535_64f902 AGENT_A=APPLIED
[10:07:12] 4 content change(s) (coalesce until deadline)
  [DELIVERED] CB_ARCHITECTURE_20260916T100745_f95db8 -> AGENT_A
  [PATCH] CB_ARCHITECTURE_20260916T100745_f95db8 pri=ACTION_REQUIRED files=2 -> AGENT_A
  [COALESCE/SKIP] fingerprint=64f9027be85f covered by CB_ARCHITECTURE_20260916T100535_64f902

  [COLLAPSE/ARCH] CB_ARCHITECTURE_20260916T100535_64f902 -> CB_ARCHITECTURE_20260916T100745_f95db8
  [SOFT_PING] AGENT_D unread=3 pending_patches=1 presence=STALE
  [ACK] CB_ARCHITECTURE_20260916T100745_f95db8 AGENT_A=APPLIED
[10:09:38] 3 content change(s) (coalesce until deadline)
  [DELIVERED] CB_ARCHITECTURE_20260916T101009_67f200 -> AGENT_A
  [PATCH] CB_ARCHITECTURE_20260916T101009_67f200 pri=ACTION_REQUIRED files=2 -> AGENT_A

  [COLLAPSE/ARCH] CB_ARCHITECTURE_20260916T100745_f95db8 -> CB_ARCHITECTURE_20260916T101009_67f200
  [ACK] CB_ARCHITECTURE_20260916T101009_67f200 AGENT_A=APPLIED
[10:12:02] 3 content change(s) (coalesce until deadline)
  [SOFT_PING] AGENT_A unread=3 pending_patches=0 presence=ONLINE
  [DELIVERED] CB_ARCHITECTURE_20260916T101234_f95db8 -> AGENT_A
  [PATCH] CB_ARCHITECTURE_20260916T101234_f95db8 pri=ACTION_REQUIRED files=2 -> AGENT_A
  [DELIVERED] CB_ARCHITECTURE_20260916T101234_64f902 -> AGENT_A
  [DELIVERED] CB_ARCHITECTURE_20260916T101234_64f902 -> AGENT_D
  [PATCH] CB_ARCHITECTURE_20260916T101234_64f902 pri=ACTION_REQUIRED files=1 -> AGENT_A,AGENT_D

  [COLLAPSE] CB_ARCHITECTURE_20260916T101009_67f200 -> CB_ARCHITECTURE_20260916T101234_64f902
  [COLLAPSE/ARCH] CB_ARCHITECTURE_20260916T101234_f95db8 -> CB_ARCHITECTURE_20260916T101234_64f902
  [SOFT_PING] AGENT_A unread=4 pending_patches=1 presence=ONLINE
  [SOFT_PING] AGENT_D unread=4 pending_patches=1 presence=STALE
  [ACK] CB_ARCHITECTURE_20260916T101234_f95db8 AGENT_A=APPLIED
  [ACK] CB_ARCHITECTURE_20260916T101234_64f902 AGENT_A=APPLIED
[10:13:49] 3 content change(s) (coalesce until deadline)
  [DELIVERED] CB_ARCHITECTURE_20260916T101421_ecbdd9 -> AGENT_A
  [PATCH] CB_ARCHITECTURE_20260916T101421_ecbdd9 pri=ACTION_REQUIRED files=3 -> AGENT_A

  [COLLAPSE/ARCH] CB_ARCHITECTURE_20260916T101234_64f902 -> CB_ARCHITECTURE_20260916T101421_ecbdd9
  [SOFT_PING] AGENT_D unread=3 pending_patches=1 presence=STALE
  [ACK] CB_ARCHITECTURE_20260916T101421_ecbdd9 AGENT_A=APPLIED
[10:15:37] 2 content change(s) (coalesce until deadline)
  [SOFT_PING] AGENT_A unread=3 pending_patches=0 presence=ONLINE
  [DELIVERED] CB_ARCHITECTURE_20260916T101609_96d08a -> AGENT_A
  [PATCH] CB_ARCHITECTURE_20260916T101609_96d08a pri=ACTION_REQUIRED files=1 -> AGENT_A
  [DELIVERED] CB_ARCHITECTURE_20260916T101609_64f902 -> AGENT_A
  [DELIVERED] CB_ARCHITECTURE_20260916T101609_64f902 -> AGENT_D
  [PATCH] CB_ARCHITECTURE_20260916T101609_64f902 pri=ACTION_REQUIRED files=1 -> AGENT_A,AGENT_D

  [COLLAPSE] CB_ARCHITECTURE_20260916T101421_ecbdd9 -> CB_ARCHITECTURE_20260916T101609_64f902
  [COLLAPSE/ARCH] CB_ARCHITECTURE_20260916T101609_96d08a -> CB_ARCHITECTURE_20260916T101609_64f902
  [SOFT_PING] AGENT_A unread=4 pending_patches=1 presence=ONLINE
  [SOFT_PING] AGENT_D unread=4 pending_patches=1 presence=STALE
  [ACK] CB_ARCHITECTURE_20260916T101609_96d08a AGENT_A=APPLIED
  [ACK] CB_ARCHITECTURE_20260916T101609_64f902 AGENT_A=APPLIED
[10:17:36] 2 content change(s) (coalesce until deadline)
  [SOFT_PING] AGENT_A unread=3 pending_patches=0 presence=ONLINE
  [DELIVERED] CB_ARCHITECTURE_20260916T101809_96d08a -> AGENT_A
  [PATCH] CB_ARCHITECTURE_20260916T101809_96d08a pri=ACTION_REQUIRED files=1 -> AGENT_A
  [COALESCE/SKIP] fingerprint=64f9027be85f covered by CB_ARCHITECTURE_20260916T101609_64f902

  [ACK] CB_ARCHITECTURE_20260916T101809_96d08a AGENT_A=APPLIED
[10:18:54] 2 content change(s) (coalesce until deadline)
  [COLLAPSE/ARCH] CB_ARCHITECTURE_20260916T101609_64f902 -> CB_ARCHITECTURE_20260916T101809_96d08a
  [SOFT_PING] AGENT_B unread=26 pending_patches=2 presence=STALE
  [SOFT_PING] AGENT_D unread=3 pending_patches=1 presence=STALE
  [COALESCE/SKIP] fingerprint=96d08a939444 covered by CB_ARCHITECTURE_20260916T101809_96d08a
  [DELIVERED] CB_ARCHITECTURE_20260916T101926_64f902 -> AGENT_A
  [DELIVERED] CB_ARCHITECTURE_20260916T101926_64f902 -> AGENT_D
  [PATCH] CB_ARCHITECTURE_20260916T101926_64f902 pri=ACTION_REQUIRED files=1 -> AGENT_A,AGENT_D

  [COLLAPSE] CB_ARCHITECTURE_20260916T101809_96d08a -> CB_ARCHITECTURE_20260916T101926_64f902
  [SOFT_PING] AGENT_A unread=4 pending_patches=1 presence=ONLINE
  [SOFT_PING] AGENT_D unread=4 pending_patches=1 presence=STALE
  [ACK] CB_ARCHITECTURE_20260916T101926_64f902 AGENT_A=APPLIED
[10:20:21] 1 content change(s) (coalesce until deadline)
  [DELIVERED] CB_ARCHITECTURE_20260916T102053_96d08a -> AGENT_A
  [PATCH] CB_ARCHITECTURE_20260916T102053_96d08a pri=ACTION_REQUIRED files=1 -> AGENT_A

  [COLLAPSE/ARCH] CB_ARCHITECTURE_20260916T101926_64f902 -> CB_ARCHITECTURE_20260916T102053_96d08a
  [SOFT_PING] AGENT_D unread=3 pending_patches=1 presence=STALE
  [ACK] CB_ARCHITECTURE_20260916T102053_96d08a AGENT_A=APPLIED
  [SOFT_PING] AGENT_A unread=3 pending_patches=0 presence=ONLINE
  [SOFT_PING] AGENT_C unread=2 pending_patches=0 presence=STALE
[10:30:20] 12 content change(s) (coalesce until deadline)
  [INFO/NO_MAIL] CB_IMPL_LOCAL_20260916T103052_fc57bc files=8 (changelog only)

[10:30:58] 1 content change(s) (coalesce until deadline)
  [INFO/NO_MAIL] CB_IMPL_LOCAL_20260916T103129_0972d1 files=1 (changelog only)

  [COLLAPSE] CB_IMPL_LOCAL_20260916T092452_ca9a50 -> CB_IMPL_LOCAL_20260916T103129_0972d1
  [COLLAPSE] CB_IMPL_LOCAL_20260916T103052_fc57bc -> CB_IMPL_LOCAL_20260916T103129_0972d1
  [SOFT_PING] AGENT_A unread=4 pending_patches=0 presence=ONLINE
  [SOFT_PING] AGENT_D unread=4 pending_patches=1 presence=ONLINE
  [SOFT_PING] AGENT_B unread=26 pending_patches=2 presence=STALE
[10:35:23] 1 content change(s) (coalesce until deadline)
[10:35:29] 1 content change(s) (coalesce until deadline)
  [INFO/NO_MAIL] CB_FILE_CHANGE_20260916T103601_e1782a files=1 (changelog only)

  [COLLAPSE] CB_FILE_CHANGE_20260916T093523_698884 -> CB_FILE_CHANGE_20260916T103601_e1782a
  [SOFT_PING] AGENT_A unread=3 pending_patches=0 presence=ONLINE
  [SOFT_PING] AGENT_C unread=1 pending_patches=0 presence=ONLINE
  [SOFT_PING] AGENT_D unread=5 pending_patches=1 presence=ONLINE
[10:40:25] 5 content change(s) (coalesce until deadline)
  [DELIVERED] CB_ARCHITECTURE_20260916T104057_ecbdd9 -> AGENT_A
  [PATCH] CB_ARCHITECTURE_20260916T104057_ecbdd9 pri=ACTION_REQUIRED files=3 -> AGENT_A
  [DELIVERED] CB_ARCHITECTURE_20260916T104057_f45a2d -> AGENT_A
  [DELIVERED] CB_ARCHITECTURE_20260916T104057_f45a2d -> AGENT_D
  [PATCH] CB_ARCHITECTURE_20260916T104057_f45a2d pri=ACTION_REQUIRED files=2 -> AGENT_A,AGENT_D

  [ACK] CB_ARCHITECTURE_20260916T104057_ecbdd9 AGENT_A=APPLIED
  [ACK] CB_ARCHITECTURE_20260916T104057_f45a2d AGENT_A=APPLIED
  [COLLAPSE] CB_ARCHITECTURE_20260916T102053_96d08a -> CB_ARCHITECTURE_20260916T104057_f45a2d
  [COLLAPSE/ARCH] CB_ARCHITECTURE_20260916T104057_ecbdd9 -> CB_ARCHITECTURE_20260916T104057_f45a2d
  [SOFT_PING] AGENT_D unread=6 pending_patches=1 presence=ONLINE
  [RECEIVED] CB_ARCHITECTURE_20260916T104057_f45a2d AGENT_D (read/)
  [SOFT_PING] AGENT_A unread=5 pending_patches=0 presence=ONLINE
  [SOFT_PING] AGENT_C unread=2 pending_patches=0 presence=ONLINE
  [SOFT_PING] AGENT_D unread=0 pending_patches=1 presence=ONLINE
  [SOFT_PING] AGENT_A unread=3 pending_patches=0 presence=ONLINE
  [SOFT_PING] AGENT_D unread=1 pending_patches=1 presence=ONLINE
[10:43:37] 5 content change(s) (coalesce until deadline)
  [DELIVERED] CB_ARCHITECTURE_20260916T104409_ecbdd9 -> AGENT_A
  [PATCH] CB_ARCHITECTURE_20260916T104409_ecbdd9 pri=ACTION_REQUIRED files=3 -> AGENT_A
  [COALESCE/SKIP] fingerprint=f45a2d2893cd covered by CB_ARCHITECTURE_20260916T104057_f45a2d

  [ACK] CB_ARCHITECTURE_20260916T104409_ecbdd9 AGENT_A=APPLIED
  [COLLAPSE/ARCH] CB_ARCHITECTURE_20260916T104057_f45a2d -> CB_ARCHITECTURE_20260916T104409_ecbdd9
[10:45:24] 1 content change(s) (coalesce until deadline)
[10:45:30] 1 content change(s) (coalesce until deadline)
[10:45:40] 3 content change(s) (coalesce until deadline)
  [LANE/SKIP] AUTHORITY_OR_CONTRACT covered by CB_AUTHORITY_OR_CONTRACT_20260916T071241_aa1750
  [INFO/NO_MAIL] CB_IMPL_LOCAL_20260916T104614_e12cc0 files=3 (changelog only)

  [COLLAPSE] CB_IMPL_LOCAL_20260916T093523_05aecd -> CB_IMPL_LOCAL_20260916T104614_e12cc0
  [SOFT_PING] AGENT_B unread=26 pending_patches=2 presence=STALE
  [SOFT_PING] AGENT_A unread=4 pending_patches=0 presence=ONLINE
  [SOFT_PING] AGENT_C unread=1 pending_patches=0 presence=ONLINE
  [SOFT_PING] AGENT_D unread=0 pending_patches=1 presence=ONLINE
  [SOFT_PING] AGENT_D unread=0 pending_patches=1 presence=ONLINE
  [SOFT_PING] AGENT_A unread=3 pending_patches=0 presence=ONLINE
  [SOFT_PING] AGENT_D unread=1 pending_patches=1 presence=ONLINE
[10:58:54] 5 content change(s) (coalesce until deadline)
[10:59:05] 1 content change(s) (coalesce until deadline)
[10:59:10] 2 content change(s) (coalesce until deadline)
[10:59:15] 1 content change(s) (coalesce until deadline)
  [COALESCE/SKIP] fingerprint=ecbdd97439ca covered by CB_ARCHITECTURE_20260916T104409_ecbdd9
  [DELIVERED] CB_ARCHITECTURE_20260916T105948_f45a2d -> AGENT_A
  [DELIVERED] CB_ARCHITECTURE_20260916T105948_f45a2d -> AGENT_D
  [PATCH] CB_ARCHITECTURE_20260916T105948_f45a2d pri=ACTION_REQUIRED files=2 -> AGENT_A,AGENT_D
  [INFO/NO_MAIL] CB_IMPL_LOCAL_20260916T105948_2aa36d files=2 (changelog only)

  [COLLAPSE] CB_ARCHITECTURE_20260916T104409_ecbdd9 -> CB_ARCHITECTURE_20260916T105948_f45a2d
  [COLLAPSE] CB_IMPL_LOCAL_20260916T104614_e12cc0 -> CB_IMPL_LOCAL_20260916T105948_2aa36d
  [SOFT_PING] AGENT_A unread=4 pending_patches=1 presence=ONLINE
  [SOFT_PING] AGENT_D unread=2 pending_patches=1 presence=ONLINE
  [ACK] CB_ARCHITECTURE_20260916T105948_f45a2d AGENT_A=APPLIED
  [SOFT_PING] AGENT_A unread=3 pending_patches=0 presence=ONLINE
[11:04:07] 1 content change(s) (coalesce until deadline)
[11:04:24] 2 content change(s) (coalesce until deadline)
  [INFO/NO_MAIL] CB_IMPL_LOCAL_20260916T110456_8715fa files=2 (changelog only)
  [INFO/NO_MAIL] CB_IMPL_LOCAL_20260916T110456_1d8c9d files=1 (changelog only)

[11:05:17] 1 content change(s) (coalesce until deadline)
  [COLLAPSE] CB_IMPL_LOCAL_20260916T103129_0972d1 -> CB_IMPL_LOCAL_20260916T110456_8715fa
  [COLLAPSE] CB_IMPL_LOCAL_20260916T105948_2aa36d -> CB_IMPL_LOCAL_20260916T110456_1d8c9d
  [SOFT_PING] AGENT_B unread=26 pending_patches=2 presence=STALE
[11:05:23] 2 content change(s) (coalesce until deadline)
[11:05:29] 1 content change(s) (coalesce until deadline)
[11:06:12] 1 content change(s) (coalesce until deadline)
[11:06:23] 1 content change(s) (coalesce until deadline)
[11:06:28] 1 content change(s) (coalesce until deadline)
[11:06:34] 1 content change(s) (coalesce until deadline)
[11:06:50] 1 content change(s) (coalesce until deadline)
[11:07:27] 3 content change(s) (coalesce until deadline)
[11:07:33] 1 content change(s) (coalesce until deadline)
[11:07:38] 1 content change(s) (coalesce until deadline)
  [INFO/NO_MAIL] CB_IMPL_LOCAL_20260916T110821_e10a9b files=2 (changelog only)
  [INFO/NO_MAIL] CB_IMPL_LOCAL_20260916T110821_1afc43 files=6 (changelog only)
  [INFO/NO_MAIL] CB_FILE_CHANGE_20260916T110821_698884 files=2 (changelog only)

[11:08:26] 1 content change(s) (coalesce until deadline)
  [COLLAPSE] CB_FILE_CHANGE_20260916T103601_e1782a -> CB_FILE_CHANGE_20260916T110821_698884
  [COLLAPSE] CB_IMPL_LOCAL_20260916T110456_8715fa -> CB_IMPL_LOCAL_20260916T110821_e10a9b
  [COLLAPSE] CB_IMPL_LOCAL_20260916T110456_1d8c9d -> CB_IMPL_LOCAL_20260916T110821_1afc43
[11:08:38] 2 content change(s) (coalesce until deadline)
[11:08:48] 1 content change(s) (coalesce until deadline)
[11:09:31] 1 content change(s) (coalesce until deadline)
[11:09:53] 1 content change(s) (coalesce until deadline)
  [ACK] CB_ARCHITECTURE_20260916T105948_f45a2d AGENT_D=APPLIED
  [SOFT_PING] AGENT_A unread=4 pending_patches=0 presence=ONLINE
  [SOFT_PING] AGENT_C unread=2 pending_patches=0 presence=STALE
  [INFO/NO_MAIL] CB_IMPL_LOCAL_20260916T111227_3ad62e files=5 (changelog only)
  [INFO/NO_MAIL] CB_IMPL_LOCAL_20260916T111228_e7e420 files=1 (changelog only)

  [COLLAPSE] CB_IMPL_LOCAL_20260916T110821_e10a9b -> CB_IMPL_LOCAL_20260916T111227_3ad62e
  [COLLAPSE] CB_IMPL_LOCAL_20260916T110821_1afc43 -> CB_IMPL_LOCAL_20260916T111228_e7e420
[11:13:01] 5 content change(s) (coalesce until deadline)
  [DELIVERED] CB_ARCHITECTURE_20260916T111334_ecbdd9 -> AGENT_A
  [PATCH] CB_ARCHITECTURE_20260916T111334_ecbdd9 pri=ACTION_REQUIRED files=3 -> AGENT_A
  [COALESCE/SKIP] fingerprint=f45a2d2893cd covered by CB_ARCHITECTURE_20260916T105948_f45a2d

  [COLLAPSE/ARCH] CB_ARCHITECTURE_20260916T105948_f45a2d -> CB_ARCHITECTURE_20260916T111334_ecbdd9
  [SOFT_PING] AGENT_A unread=2 pending_patches=1 presence=ONLINE
  [SOFT_PING] AGENT_D unread=1 pending_patches=1 presence=ONLINE
[11:15:23] 5 content change(s) (coalesce until deadline)
  [COALESCE/SKIP] fingerprint=ecbdd97439ca covered by CB_ARCHITECTURE_20260916T111334_ecbdd9
  [DELIVERED] CB_ARCHITECTURE_20260916T111556_f45a2d -> AGENT_A
  [DELIVERED] CB_ARCHITECTURE_20260916T111556_f45a2d -> AGENT_D
  [PATCH] CB_ARCHITECTURE_20260916T111556_f45a2d pri=ACTION_REQUIRED files=2 -> AGENT_A,AGENT_D

  [ACK] CB_ARCHITECTURE_20260916T111334_ecbdd9 AGENT_A=APPLIED
  [ACK] CB_ARCHITECTURE_20260916T111556_f45a2d AGENT_A=APPLIED
  [COLLAPSE] CB_ARCHITECTURE_20260916T111334_ecbdd9 -> CB_ARCHITECTURE_20260916T111556_f45a2d
  [SOFT_PING] AGENT_D unread=3 pending_patches=1 presence=ONLINE
  [ACK] CB_ARCHITECTURE_20260916T111556_f45a2d AGENT_D=APPLIED
  [SOFT_PING] AGENT_A unread=1 pending_patches=0 presence=ONLINE
  [SOFT_PING] AGENT_C unread=3 pending_patches=0 presence=STALE
  [SOFT_PING] AGENT_B unread=26 pending_patches=2 presence=STALE
  [SOFT_PING] AGENT_D unread=1 pending_patches=0 presence=ONLINE
[11:21:33] 5 content change(s) (coalesce until deadline)
  [DELIVERED] CB_ARCHITECTURE_20260916T112206_ecbdd9 -> AGENT_A
  [PATCH] CB_ARCHITECTURE_20260916T112206_ecbdd9 pri=ACTION_REQUIRED files=3 -> AGENT_A
  [COALESCE/SKIP] fingerprint=f45a2d2893cd covered by CB_ARCHITECTURE_20260916T111556_f45a2d

  [ACK] CB_ARCHITECTURE_20260916T112206_ecbdd9 AGENT_A=APPLIED
  [COLLAPSE/ARCH] CB_ARCHITECTURE_20260916T111556_f45a2d -> CB_ARCHITECTURE_20260916T112206_ecbdd9
  [SOFT_PING] AGENT_A unread=1 pending_patches=0 presence=ONLINE
  [SOFT_PING] AGENT_C unread=4 pending_patches=0 presence=STALE
  [SOFT_PING] AGENT_D unread=0 pending_patches=1 presence=ONLINE
  [SOFT_PING] AGENT_D unread=0 pending_patches=1 presence=ONLINE
  [SOFT_PING] AGENT_D unread=0 pending_patches=1 presence=ONLINE
[11:33:45] 1 content change(s) (coalesce until deadline)
[11:33:50] 1 content change(s) (coalesce until deadline)
[11:33:56] 2 content change(s) (coalesce until deadline)
[11:34:01] 3 content change(s) (coalesce until deadline)
  [SOFT_PING] AGENT_D unread=0 pending_patches=1 presence=ONLINE
[11:34:22] 2 content change(s) (coalesce until deadline)
  [ACK] CB_ARCHITECTURE_20260916T112206_ecbdd9 AGENT_D=APPLIED
  [LANE/SKIP] AUTHORITY_OR_CONTRACT covered by CB_AUTHORITY_OR_CONTRACT_20260916T071241_aa1750
  [INFO/NO_MAIL] CB_IMPL_LOCAL_20260916T113454_0275a8 files=3 (changelog only)
  [INFO/NO_MAIL] CB_FILE_CHANGE_20260916T113454_bd9640 files=1 (changelog only)

  [COLLAPSE] CB_FILE_CHANGE_20260916T110821_698884 -> CB_FILE_CHANGE_20260916T113454_bd9640
  [COLLAPSE] CB_IMPL_LOCAL_20260916T111228_e7e420 -> CB_IMPL_LOCAL_20260916T113454_0275a8
[11:36:03] 1 content change(s) (coalesce until deadline)
  [SOFT_PING] AGENT_B unread=26 pending_patches=2 presence=ONLINE
  [LANE/SKIP] AUTHORITY_OR_CONTRACT covered by CB_AUTHORITY_OR_CONTRACT_20260916T071241_aa1750

  [SOFT_PING] AGENT_A unread=2 pending_patches=0 presence=ONLINE
[11:38:54] 1 content change(s) (coalesce until deadline)
[11:38:59] 1 content change(s) (coalesce until deadline)
[11:39:04] 1 content change(s) (coalesce until deadline)
[11:39:25] 1 content change(s) (coalesce until deadline)
[11:39:31] 2 content change(s) (coalesce until deadline)
  [INFO/NO_MAIL] CB_IMPL_LOCAL_20260916T114003_01ad30 files=1 (changelog only)
  [INFO/NO_MAIL] CB_FILE_CHANGE_20260916T114003_dc48d2 files=2 (changelog only)

  [COLLAPSE] CB_IMPL_LOCAL_20260916T113454_0275a8 -> CB_IMPL_LOCAL_20260916T114003_01ad30
  [COLLAPSE] CB_FILE_CHANGE_20260916T113454_bd9640 -> CB_FILE_CHANGE_20260916T114003_dc48d2
  [SOFT_PING] AGENT_A unread=3 pending_patches=0 presence=ONLINE
[11:41:07] 1 content change(s) (coalesce until deadline)
  [INFO/NO_MAIL] CB_FILE_CHANGE_20260916T114140_bd9640 files=1 (changelog only)

  [COLLAPSE] CB_FILE_CHANGE_20260916T114003_dc48d2 -> CB_FILE_CHANGE_20260916T114140_bd9640
[11:45:32] 2 content change(s) (coalesce until deadline)
[11:45:37] 2 content change(s) (coalesce until deadline)
[11:45:42] 2 content change(s) (coalesce until deadline)
[11:45:48] 2 content change(s) (coalesce until deadline)
[11:45:58] 2 content change(s) (coalesce until deadline)
[11:46:04] 1 content change(s) (coalesce until deadline)
[11:46:25] 2 content change(s) (coalesce until deadline)
[11:46:30] 1 content change(s) (coalesce until deadline)
[11:46:36] 2 content change(s) (coalesce until deadline)
[11:46:41] 1 content change(s) (coalesce until deadline)
  [SOFT_PING] AGENT_C unread=4 pending_patches=0 presence=STALE
  [ACK] CB_AUTHORITY_OR_CONTRACT_20260916T071241_aa1750 AGENT_B=APPLIED
  [ACK] CB_ABI_VERIFICATION_20260916T074628_82dcef AGENT_B=RECEIVED
  [ACK] CB_ABI_VERIFICATION_20260916T074628_82dcef AGENT_B=APPLIED
  [INFO/NO_MAIL] CB_IMPL_LOCAL_20260916T114843_dfc0ae files=2 (changelog only)
  [LANE/SKIP] AUTHORITY_OR_CONTRACT covered by CB_AUTHORITY_OR_CONTRACT_20260916T071241_aa1750
  [INFO/NO_MAIL] CB_FILE_CHANGE_20260916T114843_060124 files=3 (changelog only)
  [LANE/SKIP] AUTHORITY_OR_CONTRACT covered by CB_AUTHORITY_OR_CONTRACT_20260916T071241_aa1750
  [COALESCE/SKIP] fingerprint=82dcefad251d covered by CB_ABI_VERIFICATION_20260916T074628_82dcef

  [COLLAPSE] CB_IMPL_LOCAL_20260916T114003_01ad30 -> CB_IMPL_LOCAL_20260916T114843_dfc0ae
  [COLLAPSE] CB_FILE_CHANGE_20260916T114140_bd9640 -> CB_FILE_CHANGE_20260916T114843_060124
  [SOFT_PING] AGENT_A unread=5 pending_patches=0 presence=STALE
  [SOFT_PING] AGENT_C unread=5 pending_patches=0 presence=STALE
  [SOFT_PING] AGENT_D unread=1 pending_patches=0 presence=STALE
  [SOFT_PING] AGENT_A unread=5 pending_patches=0 presence=STALE
  [SOFT_PING] AGENT_C unread=5 pending_patches=0 presence=STALE
  [SOFT_PING] AGENT_D unread=1 pending_patches=0 presence=STALE
  [SOFT_PING] AGENT_A unread=5 pending_patches=0 presence=STALE
  [SOFT_PING] AGENT_C unread=5 pending_patches=0 presence=STALE
  [SOFT_PING] AGENT_D unread=1 pending_patches=0 presence=STALE
  [SOFT_PING] AGENT_A unread=6 pending_patches=0 presence=STALE
  [SOFT_PING] AGENT_B unread=1 pending_patches=0 presence=STALE
  [SOFT_PING] AGENT_C unread=6 pending_patches=0 presence=ONLINE
[13:10:05] 5 content change(s) (coalesce until deadline)
  [COALESCE/SKIP] fingerprint=ecbdd97439ca covered by CB_ARCHITECTURE_20260916T112206_ecbdd9
  [DELIVERED] CB_ARCHITECTURE_20260916T131039_f45a2d -> AGENT_A
  [DELIVERED] CB_ARCHITECTURE_20260916T131039_f45a2d -> AGENT_D
  [PATCH] CB_ARCHITECTURE_20260916T131039_f45a2d pri=ACTION_REQUIRED files=2 -> AGENT_A,AGENT_D

  [COLLAPSE] CB_ARCHITECTURE_20260916T112206_ecbdd9 -> CB_ARCHITECTURE_20260916T131039_f45a2d
  [SOFT_PING] AGENT_A unread=1 pending_patches=1 presence=ONLINE
  [SOFT_PING] AGENT_D unread=2 pending_patches=1 presence=ONLINE
  [ACK] CB_ARCHITECTURE_20260916T131039_f45a2d AGENT_A=APPLIED
[13:14:26] 8 content change(s) (coalesce until deadline)
[13:14:37] 1 content change(s) (coalesce until deadline)
[13:14:53] 1 content change(s) (coalesce until deadline)
  [SOFT_PING] AGENT_D unread=3 pending_patches=1 presence=ONLINE
  [INFO/NO_MAIL] CB_IMPL_LOCAL_20260916T131526_969b80 files=9 (changelog only)
  [INFO/NO_MAIL] CB_IMPL_LOCAL_20260916T131526_bc3d50 files=1 (changelog only)

  [COLLAPSE] CB_IMPL_LOCAL_20260916T111227_3ad62e -> CB_IMPL_LOCAL_20260916T131526_969b80
  [COLLAPSE] CB_IMPL_LOCAL_20260916T114843_dfc0ae -> CB_IMPL_LOCAL_20260916T131526_bc3d50
  [ACK] CB_ARCHITECTURE_20260916T131039_f45a2d AGENT_D=APPLIED
  [SOFT_PING] AGENT_A unread=1 pending_patches=0 presence=ONLINE
  [SOFT_PING] AGENT_C unread=1 pending_patches=0 presence=ONLINE
  [SOFT_PING] AGENT_D unread=1 pending_patches=0 presence=ONLINE
[13:29:02] 1 content change(s) (coalesce until deadline)
[13:29:08] 1 content change(s) (coalesce until deadline)
[13:29:13] 1 content change(s) (coalesce until deadline)
[13:29:19] 1 content change(s) (coalesce until deadline)
[13:29:25] 1 content change(s) (coalesce until deadline)
  [SOFT_PING] AGENT_A unread=1 pending_patches=0 presence=ONLINE
  [SOFT_PING] AGENT_C unread=2 pending_patches=0 presence=STALE
  [SOFT_PING] AGENT_D unread=2 pending_patches=0 presence=ONLINE
[13:31:21] 4 content change(s) (coalesce until deadline)
  [INFO/NO_MAIL] CB_IMPL_LOCAL_20260916T133207_5e80ea files=1 (changelog only)
  [COALESCE/SKIP] fingerprint=0601249afa5a covered by CB_FILE_CHANGE_20260916T114843_060124
  [DELIVERED] CB_ARCHITECTURE_20260916T133207_67f200 -> AGENT_A
  [PATCH] CB_ARCHITECTURE_20260916T133207_67f200 pri=ACTION_REQUIRED files=2 -> AGENT_A
  [COALESCE/SKIP] fingerprint=f45a2d2893cd covered by CB_ARCHITECTURE_20260916T131039_f45a2d

  [COLLAPSE] CB_IMPL_LOCAL_20260916T131526_bc3d50 -> CB_IMPL_LOCAL_20260916T133207_5e80ea
  [COLLAPSE/ARCH] CB_ARCHITECTURE_20260916T131039_f45a2d -> CB_ARCHITECTURE_20260916T133207_67f200
  [SOFT_PING] AGENT_A unread=1 pending_patches=1 presence=ONLINE
  [ACK] CB_ARCHITECTURE_20260916T133207_67f200 AGENT_A=APPLIED
[13:37:54] 1 content change(s) (coalesce until deadline)
[13:38:00] 2 content change(s) (coalesce until deadline)
[13:38:06] 1 content change(s) (coalesce until deadline)
  [SOFT_PING] AGENT_A unread=1 pending_patches=0 presence=ONLINE
  [SOFT_PING] AGENT_C unread=1 pending_patches=0 presence=ONLINE
  [COALESCE/SKIP] fingerprint=0601249afa5a covered by CB_FILE_CHANGE_20260916T114843_060124

[13:39:44] 4 content change(s) (coalesce until deadline)
  [COALESCE/SKIP] fingerprint=67f20080007d covered by CB_ARCHITECTURE_20260916T133207_67f200
  [DELIVERED] CB_ARCHITECTURE_20260916T134016_f45a2d -> AGENT_A
  [DELIVERED] CB_ARCHITECTURE_20260916T134016_f45a2d -> AGENT_D
  [PATCH] CB_ARCHITECTURE_20260916T134016_f45a2d pri=ACTION_REQUIRED files=2 -> AGENT_A,AGENT_D

  [ACK] CB_ARCHITECTURE_20260916T134016_f45a2d AGENT_A=APPLIED
  [COLLAPSE] CB_ARCHITECTURE_20260916T133207_67f200 -> CB_ARCHITECTURE_20260916T134016_f45a2d
  [SOFT_PING] AGENT_D unread=3 pending_patches=1 presence=STALE
[13:42:01] 1 content change(s) (coalesce until deadline)
[13:42:07] 4 content change(s) (coalesce until deadline)
[13:42:33] 1 content change(s) (coalesce until deadline)
[13:42:39] 1 content change(s) (coalesce until deadline)
[13:42:44] 1 content change(s) (coalesce until deadline)
  [RECEIVED] CB_ARCHITECTURE_20260916T134016_f45a2d AGENT_D (read/)
  [SOFT_PING] AGENT_D unread=0 pending_patches=1 presence=ONLINE
  [INFO/NO_MAIL] CB_IMPL_LOCAL_20260916T134316_fef57b files=5 (changelog only)
  [INFO/NO_MAIL] CB_FILE_CHANGE_20260916T134317_bd9640 files=1 (changelog only)

  [ACK] CB_ARCHITECTURE_20260916T134016_f45a2d AGENT_D=APPLIED
[13:43:33] 1 content change(s) (coalesce until deadline)
  [COLLAPSE] CB_FILE_CHANGE_20260916T114843_060124 -> CB_FILE_CHANGE_20260916T134317_bd9640
  [COLLAPSE] CB_IMPL_LOCAL_20260916T133207_5e80ea -> CB_IMPL_LOCAL_20260916T134316_fef57b
  [INFO/NO_MAIL] CB_IMPL_LOCAL_20260916T134405_24d2fb files=1 (changelog only)

  [COLLAPSE] CB_IMPL_LOCAL_20260916T134316_fef57b -> CB_IMPL_LOCAL_20260916T134405_24d2fb
