Copyright 1986-2022 Xilinx, Inc. All Rights Reserved. Copyright 2022-2026 Advanced Micro Devices, Inc. All Rights Reserved.
---------------------------------------------------------------------------------------------------------------------------------------------
| Tool Version : Vivado v.2026.1 (win64) Build 6511674 Tue Jun 16 11:02:23 MDT 2026
| Date         : Wed Sep 16 22:50:39 2026
| Host         : laptop-Quan running 64-bit major release  (build 9200)
| Command      : report_timing_summary -delay_type min_max -max_paths 10 -file D:/FPGA/arty_d/fe256_r1_shadow/reports/timing.rpt
| Design       : arty_a7_r2_top_fe256_r1_candidate
| Device       : 7a100t-csg324
| Speed File   : -1  PRODUCTION 1.23 2018-06-13
| Design State : Synthesized
---------------------------------------------------------------------------------------------------------------------------------------------

Timing Summary Report

------------------------------------------------------------------------------------------------
| Timer Settings
| --------------
------------------------------------------------------------------------------------------------

  Enable Multi Corner Analysis               :  Yes
  Enable Pessimism Removal                   :  Yes
  Pessimism Removal Resolution               :  Nearest Common Node
  Enable Input Delay Default Clock           :  No
  Enable Preset / Clear Arcs                 :  No
  Disable Flight Delays                      :  No
  Ignore I/O Paths                           :  No
  Timing Early Launch at Borrowing Latches   :  No
  Borrow Time for Max Delay Exceptions       :  Yes
  Merge Timing Exceptions                    :  Yes
  Inter-SLR Compensation                     :  Conservative

  Corner  Analyze    Analyze    
  Name    Max Paths  Min Paths  
  ------  ---------  ---------  
  Slow    Yes        Yes        
  Fast    Yes        Yes        


------------------------------------------------------------------------------------------------
| Report Methodology
| ------------------
------------------------------------------------------------------------------------------------

No report available as report_methodology has not been run prior. Run report_methodology on the current design for the summary of methodology violations.



check_timing report

Table of Contents
-----------------
1. checking no_clock (0)
2. checking constant_clock (0)
3. checking pulse_width_clock (0)
4. checking unconstrained_internal_endpoints (0)
5. checking no_input_delay (2)
6. checking no_output_delay (5)
7. checking multiple_clock (0)
8. checking generated_clocks (0)
9. checking loops (0)
10. checking partial_input_delay (0)
11. checking partial_output_delay (0)
12. checking latch_loops (0)

1. checking no_clock (0)
------------------------
 There are 0 register/latch pins with no clock.


2. checking constant_clock (0)
------------------------------
 There are 0 register/latch pins with constant_clock.


3. checking pulse_width_clock (0)
---------------------------------
 There are 0 register/latch pins which need pulse_width check


4. checking unconstrained_internal_endpoints (0)
------------------------------------------------
 There are 0 pins that are not constrained for maximum delay.

 There are 0 pins that are not constrained for maximum delay due to constant clock.


5. checking no_input_delay (2)
------------------------------
 There are 2 input ports with no input delay specified. (HIGH)

 There are 0 input ports with no input delay but user has a false path constraint.


6. checking no_output_delay (5)
-------------------------------
 There are 5 ports with no output delay specified. (HIGH)

 There are 0 ports with no output delay but user has a false path constraint

 There are 0 ports with no output delay but with a timing clock defined on it or propagating through it


7. checking multiple_clock (0)
------------------------------
 There are 0 register/latch pins with multiple clocks.


8. checking generated_clocks (0)
--------------------------------
 There are 0 generated clocks that are not connected to a clock source.


9. checking loops (0)
---------------------
 There are 0 combinational loops in the design.


10. checking partial_input_delay (0)
------------------------------------
 There are 0 input ports with partial input delay specified.


11. checking partial_output_delay (0)
-------------------------------------
 There are 0 ports with partial output delay specified.


12. checking latch_loops (0)
----------------------------
 There are 0 combinational latch loops in the design through latch input



------------------------------------------------------------------------------------------------
| Design Timing Summary
| ---------------------
------------------------------------------------------------------------------------------------

    WNS(ns)      TNS(ns)  TNS Failing Endpoints  TNS Total Endpoints      WHS(ns)      THS(ns)  THS Failing Endpoints  THS Total Endpoints     WPWS(ns)     TPWS(ns)  TPWS Failing Endpoints  TPWS Total Endpoints  
    -------      -------  ---------------------  -------------------      -------      -------  ---------------------  -------------------     --------     --------  ----------------------  --------------------  
      0.467        0.000                      0                21512        0.053        0.000                      0                21512        3.750        0.000                       0                 10187  


All user specified timing constraints are met.


------------------------------------------------------------------------------------------------
| Clock Summary
| -------------
------------------------------------------------------------------------------------------------

Clock        Waveform(ns)       Period(ns)      Frequency(MHz)
-----        ------------       ----------      --------------
sys_clk_pin  {0.000 5.000}      10.000          100.000         


------------------------------------------------------------------------------------------------
| Intra Clock Table
| -----------------
------------------------------------------------------------------------------------------------

Clock             WNS(ns)      TNS(ns)  TNS Failing Endpoints  TNS Total Endpoints      WHS(ns)      THS(ns)  THS Failing Endpoints  THS Total Endpoints     WPWS(ns)     TPWS(ns)  TPWS Failing Endpoints  TPWS Total Endpoints  
-----             -------      -------  ---------------------  -------------------      -------      -------  ---------------------  -------------------     --------     --------  ----------------------  --------------------  
sys_clk_pin         0.467        0.000                      0                21512        0.053        0.000                      0                21512        3.750        0.000                       0                 10187  


------------------------------------------------------------------------------------------------
| Inter Clock Table
| -----------------
------------------------------------------------------------------------------------------------

From Clock    To Clock          WNS(ns)      TNS(ns)  TNS Failing Endpoints  TNS Total Endpoints      WHS(ns)      THS(ns)  THS Failing Endpoints  THS Total Endpoints  
----------    --------          -------      -------  ---------------------  -------------------      -------      -------  ---------------------  -------------------  


------------------------------------------------------------------------------------------------
| Other Path Groups Table
| -----------------------
------------------------------------------------------------------------------------------------

Path Group    From Clock    To Clock          WNS(ns)      TNS(ns)  TNS Failing Endpoints  TNS Total Endpoints      WHS(ns)      THS(ns)  THS Failing Endpoints  THS Total Endpoints  
----------    ----------    --------          -------      -------  ---------------------  -------------------      -------      -------  ---------------------  -------------------  


------------------------------------------------------------------------------------------------
| Timing Details
| --------------
------------------------------------------------------------------------------------------------


---------------------------------------------------------------------------------------------------
From Clock:  sys_clk_pin
  To Clock:  sys_clk_pin

Setup :            0  Failing Endpoints,  Worst Slack        0.467ns,  Total Violation        0.000ns
Hold  :            0  Failing Endpoints,  Worst Slack        0.053ns,  Total Violation        0.000ns
PW    :            0  Failing Endpoints,  Worst Slack        3.750ns,  Total Violation        0.000ns
---------------------------------------------------------------------------------------------------


Max Delay Paths
--------------------------------------------------------------------------------------
Slack (MET) :             0.467ns  (required time - arrival time)
  Source:                 u_fe256/qb_reg[1][1]/C
                            (rising edge-triggered cell FDRE clocked by sys_clk_pin  {rise@0.000ns fall@5.000ns period=10.000ns})
  Destination:            u_fe256/fq_node_reg[0][10]/S
                            (rising edge-triggered cell FDSE clocked by sys_clk_pin  {rise@0.000ns fall@5.000ns period=10.000ns})
  Path Group:             sys_clk_pin
  Path Type:              Setup (Max at Slow Process Corner)
  Requirement:            10.000ns  (sys_clk_pin rise@10.000ns - sys_clk_pin rise@0.000ns)
  Data Path Delay:        8.796ns  (logic 2.555ns (29.047%)  route 6.241ns (70.953%))
  Logic Levels:           11  (CARRY4=1 LUT3=1 LUT4=1 LUT6=8)
  Clock Path Skew:        -0.145ns (DCD - SCD + CPR)
    Destination Clock Delay (DCD):    2.704ns = ( 12.704 - 10.000 ) 
    Source Clock Delay      (SCD):    2.965ns
    Clock Pessimism Removal (CPR):    0.116ns
  Clock Uncertainty:      0.035ns  ((TSJ^2 + TIJ^2)^1/2 + DJ) / 2 + PE
    Total System Jitter     (TSJ):    0.071ns
    Total Input Jitter      (TIJ):    0.000ns
    Discrete Jitter          (DJ):    0.000ns
    Phase Error              (PE):    0.000ns

    Location             Delay type                Incr(ns)  Path(ns)    Netlist Resource(s)
  -------------------------------------------------------------------    -------------------
                         (clock sys_clk_pin rise edge)
                                                      0.000     0.000 r  <hidden>
    E3                                                0.000     0.000 r  CLK100MHZ
                         net (fo=0)                   0.000     0.000    CLK100MHZ
    E3                   IBUF (Prop_ibuf_I_O)         1.482     1.482 r  CLK100MHZ_IBUF_inst/O
                         net (fo=1, unplaced)         0.803     2.285    CLK100MHZ_IBUF
                         BUFG (Prop_bufg_I_O)         0.096     2.381 r  CLK100MHZ_IBUF_BUFG_inst/O
                         net (fo=10192, unplaced)     0.584     2.965    u_fe256/clk
                         FDRE                                         r  u_fe256/qb_reg[1][1]/C
  -------------------------------------------------------------------    -------------------
                         FDRE (Prop_fdre_C_Q)         0.478     3.443 r  u_fe256/qb_reg[1][1]/Q
                         net (fo=11, unplaced)        1.011     4.454    u_fe256/p_0_in204_in[9]
                         LUT6 (Prop_lut6_I0_O)        0.295     4.749 r  u_fe256/reason[2]_i_406/O
                         net (fo=1, unplaced)         0.964     5.713    u_fe256/reason[2]_i_406_n_0
                         LUT6 (Prop_lut6_I0_O)        0.124     5.837 r  u_fe256/reason[2]_i_335/O
                         net (fo=1, unplaced)         0.449     6.286    u_fe256/reason[2]_i_335_n_0
                         LUT6 (Prop_lut6_I5_O)        0.124     6.410 r  u_fe256/reason[2]_i_177/O
                         net (fo=1, unplaced)         0.449     6.859    u_fe256/reason[2]_i_177_n_0
                         LUT6 (Prop_lut6_I5_O)        0.124     6.983 r  u_fe256/reason[2]_i_86/O
                         net (fo=1, unplaced)         0.449     7.432    u_fe256/reason[2]_i_86_n_0
                         LUT6 (Prop_lut6_I5_O)        0.124     7.556 r  u_fe256/reason[2]_i_30/O
                         net (fo=1, unplaced)         0.449     8.005    u_fe256/reason[2]_i_30_n_0
                         LUT6 (Prop_lut6_I4_O)        0.124     8.129 r  u_fe256/reason[2]_i_13/O
                         net (fo=1, unplaced)         0.000     8.129    u_fe256/reason[2]_i_13_n_0
                         CARRY4 (Prop_carry4_S[0]_CO[1])
                                                      0.458     8.587 f  u_fe256/reason_reg[2]_i_6/CO[1]
                         net (fo=1, unplaced)         0.312     8.899    u_fe256/state31_out
                         LUT4 (Prop_lut4_I2_O)        0.332     9.231 f  u_fe256/reason[2]_i_2/O
                         net (fo=8, unplaced)         0.487     9.718    u_fe256/state16_out
                         LUT6 (Prop_lut6_I5_O)        0.124     9.842 r  u_fe256/n_ans[7]_i_4/O
                         net (fo=5, unplaced)         0.477    10.319    u_fe256/n_ans[7]_i_4_n_0
                         LUT6 (Prop_lut6_I1_O)        0.124    10.443 r  u_fe256/fq_hops[0][3]_i_2/O
                         net (fo=42, unplaced)        0.527    10.970    u_fe256/fq_hops[0][3]_i_2_n_0
                         LUT3 (Prop_lut3_I0_O)        0.124    11.094 r  u_fe256/fq_node[0][31]_i_1/O
                         net (fo=19, unplaced)        0.667    11.761    u_fe256/fq_node[0][31]_i_1_n_0
                         FDSE                                         r  u_fe256/fq_node_reg[0][10]/S
  -------------------------------------------------------------------    -------------------

                         (clock sys_clk_pin rise edge)
                                                     10.000    10.000 r  <hidden>
    E3                                                0.000    10.000 r  CLK100MHZ
                         net (fo=0)                   0.000    10.000    CLK100MHZ
    E3                   IBUF (Prop_ibuf_I_O)         1.411    11.411 r  CLK100MHZ_IBUF_inst/O
                         net (fo=1, unplaced)         0.763    12.174    CLK100MHZ_IBUF
                         BUFG (Prop_bufg_I_O)         0.091    12.265 r  CLK100MHZ_IBUF_BUFG_inst/O
                         net (fo=10192, unplaced)     0.439    12.704    u_fe256/clk
                         FDSE                                         r  u_fe256/fq_node_reg[0][10]/C
                         clock pessimism              0.116    12.820    <hidden>
                         clock uncertainty           -0.035    12.784    <hidden>
                         FDSE (Setup_fdse_C_S)       -0.557    12.227    u_fe256/fq_node_reg[0][10]
  -------------------------------------------------------------------
                         required time                         12.227    <hidden>
                         arrival time                         -11.761    <hidden>
  -------------------------------------------------------------------
                         slack                                  0.467    <hidden>

Slack (MET) :             0.467ns  (required time - arrival time)
  Source:                 u_fe256/qb_reg[1][1]/C
                            (rising edge-triggered cell FDRE clocked by sys_clk_pin  {rise@0.000ns fall@5.000ns period=10.000ns})
  Destination:            u_fe256/fq_node_reg[0][11]/S
                            (rising edge-triggered cell FDSE clocked by sys_clk_pin  {rise@0.000ns fall@5.000ns period=10.000ns})
  Path Group:             sys_clk_pin
  Path Type:              Setup (Max at Slow Process Corner)
  Requirement:            10.000ns  (sys_clk_pin rise@10.000ns - sys_clk_pin rise@0.000ns)
  Data Path Delay:        8.796ns  (logic 2.555ns (29.047%)  route 6.241ns (70.953%))
  Logic Levels:           11  (CARRY4=1 LUT3=1 LUT4=1 LUT6=8)
  Clock Path Skew:        -0.145ns (DCD - SCD + CPR)
    Destination Clock Delay (DCD):    2.704ns = ( 12.704 - 10.000 ) 
    Source Clock Delay      (SCD):    2.965ns
    Clock Pessimism Removal (CPR):    0.116ns
  Clock Uncertainty:      0.035ns  ((TSJ^2 + TIJ^2)^1/2 + DJ) / 2 + PE
    Total System Jitter     (TSJ):    0.071ns
    Total Input Jitter      (TIJ):    0.000ns
    Discrete Jitter          (DJ):    0.000ns
    Phase Error              (PE):    0.000ns

    Location             Delay type                Incr(ns)  Path(ns)    Netlist Resource(s)
  -------------------------------------------------------------------    -------------------
                         (clock sys_clk_pin rise edge)
                                                      0.000     0.000 r  <hidden>
    E3                                                0.000     0.000 r  CLK100MHZ
                         net (fo=0)                   0.000     0.000    CLK100MHZ
    E3                   IBUF (Prop_ibuf_I_O)         1.482     1.482 r  CLK100MHZ_IBUF_inst/O
                         net (fo=1, unplaced)         0.803     2.285    CLK100MHZ_IBUF
                         BUFG (Prop_bufg_I_O)         0.096     2.381 r  CLK100MHZ_IBUF_BUFG_inst/O
                         net (fo=10192, unplaced)     0.584     2.965    u_fe256/clk
                         FDRE                                         r  u_fe256/qb_reg[1][1]/C
  -------------------------------------------------------------------    -------------------
                         FDRE (Prop_fdre_C_Q)         0.478     3.443 r  u_fe256/qb_reg[1][1]/Q
                         net (fo=11, unplaced)        1.011     4.454    u_fe256/p_0_in204_in[9]
                         LUT6 (Prop_lut6_I0_O)        0.295     4.749 r  u_fe256/reason[2]_i_406/O
                         net (fo=1, unplaced)         0.964     5.713    u_fe256/reason[2]_i_406_n_0
                         LUT6 (Prop_lut6_I0_O)        0.124     5.837 r  u_fe256/reason[2]_i_335/O
                         net (fo=1, unplaced)         0.449     6.286    u_fe256/reason[2]_i_335_n_0
                         LUT6 (Prop_lut6_I5_O)        0.124     6.410 r  u_fe256/reason[2]_i_177/O
                         net (fo=1, unplaced)         0.449     6.859    u_fe256/reason[2]_i_177_n_0
                         LUT6 (Prop_lut6_I5_O)        0.124     6.983 r  u_fe256/reason[2]_i_86/O
                         net (fo=1, unplaced)         0.449     7.432    u_fe256/reason[2]_i_86_n_0
                         LUT6 (Prop_lut6_I5_O)        0.124     7.556 r  u_fe256/reason[2]_i_30/O
                         net (fo=1, unplaced)         0.449     8.005    u_fe256/reason[2]_i_30_n_0
                         LUT6 (Prop_lut6_I4_O)        0.124     8.129 r  u_fe256/reason[2]_i_13/O
                         net (fo=1, unplaced)         0.000     8.129    u_fe256/reason[2]_i_13_n_0
                         CARRY4 (Prop_carry4_S[0]_CO[1])
                                                      0.458     8.587 f  u_fe256/reason_reg[2]_i_6/CO[1]
                         net (fo=1, unplaced)         0.312     8.899    u_fe256/state31_out
                         LUT4 (Prop_lut4_I2_O)        0.332     9.231 f  u_fe256/reason[2]_i_2/O
                         net (fo=8, unplaced)         0.487     9.718    u_fe256/state16_out
                         LUT6 (Prop_lut6_I5_O)        0.124     9.842 r  u_fe256/n_ans[7]_i_4/O
                         net (fo=5, unplaced)         0.477    10.319    u_fe256/n_ans[7]_i_4_n_0
                         LUT6 (Prop_lut6_I1_O)        0.124    10.443 r  u_fe256/fq_hops[0][3]_i_2/O
                         net (fo=42, unplaced)        0.527    10.970    u_fe256/fq_hops[0][3]_i_2_n_0
                         LUT3 (Prop_lut3_I0_O)        0.124    11.094 r  u_fe256/fq_node[0][31]_i_1/O
                         net (fo=19, unplaced)        0.667    11.761    u_fe256/fq_node[0][31]_i_1_n_0
                         FDSE                                         r  u_fe256/fq_node_reg[0][11]/S
  -------------------------------------------------------------------    -------------------

                         (clock sys_clk_pin rise edge)
                                                     10.000    10.000 r  <hidden>
    E3                                                0.000    10.000 r  CLK100MHZ
                         net (fo=0)                   0.000    10.000    CLK100MHZ
    E3                   IBUF (Prop_ibuf_I_O)         1.411    11.411 r  CLK100MHZ_IBUF_inst/O
                         net (fo=1, unplaced)         0.763    12.174    CLK100MHZ_IBUF
                         BUFG (Prop_bufg_I_O)         0.091    12.265 r  CLK100MHZ_IBUF_BUFG_inst/O
                         net (fo=10192, unplaced)     0.439    12.704    u_fe256/clk
                         FDSE                                         r  u_fe256/fq_node_reg[0][11]/C
                         clock pessimism              0.116    12.820    <hidden>
                         clock uncertainty           -0.035    12.784    <hidden>
                         FDSE (Setup_fdse_C_S)       -0.557    12.227    u_fe256/fq_node_reg[0][11]
  -------------------------------------------------------------------
                         required time                         12.227    <hidden>
                         arrival time                         -11.761    <hidden>
  -------------------------------------------------------------------
                         slack                                  0.467    <hidden>

Slack (MET) :             0.467ns  (required time - arrival time)
  Source:                 u_fe256/qb_reg[1][1]/C
                            (rising edge-triggered cell FDRE clocked by sys_clk_pin  {rise@0.000ns fall@5.000ns period=10.000ns})
  Destination:            u_fe256/fq_node_reg[0][13]/S
                            (rising edge-triggered cell FDSE clocked by sys_clk_pin  {rise@0.000ns fall@5.000ns period=10.000ns})
  Path Group:             sys_clk_pin
  Path Type:              Setup (Max at Slow Process Corner)
  Requirement:            10.000ns  (sys_clk_pin rise@10.000ns - sys_clk_pin rise@0.000ns)
  Data Path Delay:        8.796ns  (logic 2.555ns (29.047%)  route 6.241ns (70.953%))
  Logic Levels:           11  (CARRY4=1 LUT3=1 LUT4=1 LUT6=8)
  Clock Path Skew:        -0.145ns (DCD - SCD + CPR)
    Destination Clock Delay (DCD):    2.704ns = ( 12.704 - 10.000 ) 
    Source Clock Delay      (SCD):    2.965ns
    Clock Pessimism Removal (CPR):    0.116ns
  Clock Uncertainty:      0.035ns  ((TSJ^2 + TIJ^2)^1/2 + DJ) / 2 + PE
    Total System Jitter     (TSJ):    0.071ns
    Total Input Jitter      (TIJ):    0.000ns
    Discrete Jitter          (DJ):    0.000ns
    Phase Error              (PE):    0.000ns

    Location             Delay type                Incr(ns)  Path(ns)    Netlist Resource(s)
  -------------------------------------------------------------------    -------------------
                         (clock sys_clk_pin rise edge)
                                                      0.000     0.000 r  <hidden>
    E3                                                0.000     0.000 r  CLK100MHZ
                         net (fo=0)                   0.000     0.000    CLK100MHZ
    E3                   IBUF (Prop_ibuf_I_O)         1.482     1.482 r  CLK100MHZ_IBUF_inst/O
                         net (fo=1, unplaced)         0.803     2.285    CLK100MHZ_IBUF
                         BUFG (Prop_bufg_I_O)         0.096     2.381 r  CLK100MHZ_IBUF_BUFG_inst/O
                         net (fo=10192, unplaced)     0.584     2.965    u_fe256/clk
                         FDRE                                         r  u_fe256/qb_reg[1][1]/C
  -------------------------------------------------------------------    -------------------
                         FDRE (Prop_fdre_C_Q)         0.478     3.443 r  u_fe256/qb_reg[1][1]/Q
                         net (fo=11, unplaced)        1.011     4.454    u_fe256/p_0_in204_in[9]
                         LUT6 (Prop_lut6_I0_O)        0.295     4.749 r  u_fe256/reason[2]_i_406/O
                         net (fo=1, unplaced)         0.964     5.713    u_fe256/reason[2]_i_406_n_0
                         LUT6 (Prop_lut6_I0_O)        0.124     5.837 r  u_fe256/reason[2]_i_335/O
                         net (fo=1, unplaced)         0.449     6.286    u_fe256/reason[2]_i_335_n_0
                         LUT6 (Prop_lut6_I5_O)        0.124     6.410 r  u_fe256/reason[2]_i_177/O
                         net (fo=1, unplaced)         0.449     6.859    u_fe256/reason[2]_i_177_n_0
                         LUT6 (Prop_lut6_I5_O)        0.124     6.983 r  u_fe256/reason[2]_i_86/O
                         net (fo=1, unplaced)         0.449     7.432    u_fe256/reason[2]_i_86_n_0
                         LUT6 (Prop_lut6_I5_O)        0.124     7.556 r  u_fe256/reason[2]_i_30/O
                         net (fo=1, unplaced)         0.449     8.005    u_fe256/reason[2]_i_30_n_0
                         LUT6 (Prop_lut6_I4_O)        0.124     8.129 r  u_fe256/reason[2]_i_13/O
                         net (fo=1, unplaced)         0.000     8.129    u_fe256/reason[2]_i_13_n_0
                         CARRY4 (Prop_carry4_S[0]_CO[1])
                                                      0.458     8.587 f  u_fe256/reason_reg[2]_i_6/CO[1]
                         net (fo=1, unplaced)         0.312     8.899    u_fe256/state31_out
                         LUT4 (Prop_lut4_I2_O)        0.332     9.231 f  u_fe256/reason[2]_i_2/O
                         net (fo=8, unplaced)         0.487     9.718    u_fe256/state16_out
                         LUT6 (Prop_lut6_I5_O)        0.124     9.842 r  u_fe256/n_ans[7]_i_4/O
                         net (fo=5, unplaced)         0.477    10.319    u_fe256/n_ans[7]_i_4_n_0
                         LUT6 (Prop_lut6_I1_O)        0.124    10.443 r  u_fe256/fq_hops[0][3]_i_2/O
                         net (fo=42, unplaced)        0.527    10.970    u_fe256/fq_hops[0][3]_i_2_n_0
                         LUT3 (Prop_lut3_I0_O)        0.124    11.094 r  u_fe256/fq_node[0][31]_i_1/O
                         net (fo=19, unplaced)        0.667    11.761    u_fe256/fq_node[0][31]_i_1_n_0
                         FDSE                                         r  u_fe256/fq_node_reg[0][13]/S
  -------------------------------------------------------------------    -------------------

                         (clock sys_clk_pin rise edge)
                                                     10.000    10.000 r  <hidden>
    E3                                                0.000    10.000 r  CLK100MHZ
                         net (fo=0)                   0.000    10.000    CLK100MHZ
    E3                   IBUF (Prop_ibuf_I_O)         1.411    11.411 r  CLK100MHZ_IBUF_inst/O
                         net (fo=1, unplaced)         0.763    12.174    CLK100MHZ_IBUF
                         BUFG (Prop_bufg_I_O)         0.091    12.265 r  CLK100MHZ_IBUF_BUFG_inst/O
                         net (fo=10192, unplaced)     0.439    12.704    u_fe256/clk
                         FDSE                                         r  u_fe256/fq_node_reg[0][13]/C
                         clock pessimism              0.116    12.820    <hidden>
                         clock uncertainty           -0.035    12.784    <hidden>
                         FDSE (Setup_fdse_C_S)       -0.557    12.227    u_fe256/fq_node_reg[0][13]
  -------------------------------------------------------------------
                         required time                         12.227    <hidden>
                         arrival time                         -11.761    <hidden>
  -------------------------------------------------------------------
                         slack                                  0.467    <hidden>

Slack (MET) :             0.467ns  (required time - arrival time)
  Source:                 u_fe256/qb_reg[1][1]/C
                            (rising edge-triggered cell FDRE clocked by sys_clk_pin  {rise@0.000ns fall@5.000ns period=10.000ns})
  Destination:            u_fe256/fq_node_reg[0][14]/S
                            (rising edge-triggered cell FDSE clocked by sys_clk_pin  {rise@0.000ns fall@5.000ns period=10.000ns})
  Path Group:             sys_clk_pin
  Path Type:              Setup (Max at Slow Process Corner)
  Requirement:            10.000ns  (sys_clk_pin rise@10.000ns - sys_clk_pin rise@0.000ns)
  Data Path Delay:        8.796ns  (logic 2.555ns (29.047%)  route 6.241ns (70.953%))
  Logic Levels:           11  (CARRY4=1 LUT3=1 LUT4=1 LUT6=8)
  Clock Path Skew:        -0.145ns (DCD - SCD + CPR)
    Destination Clock Delay (DCD):    2.704ns = ( 12.704 - 10.000 ) 
    Source Clock Delay      (SCD):    2.965ns
    Clock Pessimism Removal (CPR):    0.116ns
  Clock Uncertainty:      0.035ns  ((TSJ^2 + TIJ^2)^1/2 + DJ) / 2 + PE
    Total System Jitter     (TSJ):    0.071ns
    Total Input Jitter      (TIJ):    0.000ns
    Discrete Jitter          (DJ):    0.000ns
    Phase Error              (PE):    0.000ns

    Location             Delay type                Incr(ns)  Path(ns)    Netlist Resource(s)
  -------------------------------------------------------------------    -------------------
                         (clock sys_clk_pin rise edge)
                                                      0.000     0.000 r  <hidden>
    E3                                                0.000     0.000 r  CLK100MHZ
                         net (fo=0)                   0.000     0.000    CLK100MHZ
    E3                   IBUF (Prop_ibuf_I_O)         1.482     1.482 r  CLK100MHZ_IBUF_inst/O
                         net (fo=1, unplaced)         0.803     2.285    CLK100MHZ_IBUF
                         BUFG (Prop_bufg_I_O)         0.096     2.381 r  CLK100MHZ_IBUF_BUFG_inst/O
                         net (fo=10192, unplaced)     0.584     2.965    u_fe256/clk
                         FDRE                                         r  u_fe256/qb_reg[1][1]/C
  -------------------------------------------------------------------    -------------------
                         FDRE (Prop_fdre_C_Q)         0.478     3.443 r  u_fe256/qb_reg[1][1]/Q
                         net (fo=11, unplaced)        1.011     4.454    u_fe256/p_0_in204_in[9]
                         LUT6 (Prop_lut6_I0_O)        0.295     4.749 r  u_fe256/reason[2]_i_406/O
                         net (fo=1, unplaced)         0.964     5.713    u_fe256/reason[2]_i_406_n_0
                         LUT6 (Prop_lut6_I0_O)        0.124     5.837 r  u_fe256/reason[2]_i_335/O
                         net (fo=1, unplaced)         0.449     6.286    u_fe256/reason[2]_i_335_n_0
                         LUT6 (Prop_lut6_I5_O)        0.124     6.410 r  u_fe256/reason[2]_i_177/O
                         net (fo=1, unplaced)         0.449     6.859    u_fe256/reason[2]_i_177_n_0
                         LUT6 (Prop_lut6_I5_O)        0.124     6.983 r  u_fe256/reason[2]_i_86/O
                         net (fo=1, unplaced)         0.449     7.432    u_fe256/reason[2]_i_86_n_0
                         LUT6 (Prop_lut6_I5_O)        0.124     7.556 r  u_fe256/reason[2]_i_30/O
                         net (fo=1, unplaced)         0.449     8.005    u_fe256/reason[2]_i_30_n_0
                         LUT6 (Prop_lut6_I4_O)        0.124     8.129 r  u_fe256/reason[2]_i_13/O
                         net (fo=1, unplaced)         0.000     8.129    u_fe256/reason[2]_i_13_n_0
                         CARRY4 (Prop_carry4_S[0]_CO[1])
                                                      0.458     8.587 f  u_fe256/reason_reg[2]_i_6/CO[1]
                         net (fo=1, unplaced)         0.312     8.899    u_fe256/state31_out
                         LUT4 (Prop_lut4_I2_O)        0.332     9.231 f  u_fe256/reason[2]_i_2/O
                         net (fo=8, unplaced)         0.487     9.718    u_fe256/state16_out
                         LUT6 (Prop_lut6_I5_O)        0.124     9.842 r  u_fe256/n_ans[7]_i_4/O
                         net (fo=5, unplaced)         0.477    10.319    u_fe256/n_ans[7]_i_4_n_0
                         LUT6 (Prop_lut6_I1_O)        0.124    10.443 r  u_fe256/fq_hops[0][3]_i_2/O
                         net (fo=42, unplaced)        0.527    10.970    u_fe256/fq_hops[0][3]_i_2_n_0
                         LUT3 (Prop_lut3_I0_O)        0.124    11.094 r  u_fe256/fq_node[0][31]_i_1/O
                         net (fo=19, unplaced)        0.667    11.761    u_fe256/fq_node[0][31]_i_1_n_0
                         FDSE                                         r  u_fe256/fq_node_reg[0][14]/S
  -------------------------------------------------------------------    -------------------

                         (clock sys_clk_pin rise edge)
                                                     10.000    10.000 r  <hidden>
    E3                                                0.000    10.000 r  CLK100MHZ
                         net (fo=0)                   0.000    10.000    CLK100MHZ
    E3                   IBUF (Prop_ibuf_I_O)         1.411    11.411 r  CLK100MHZ_IBUF_inst/O
                         net (fo=1, unplaced)         0.763    12.174    CLK100MHZ_IBUF
                         BUFG (Prop_bufg_I_O)         0.091    12.265 r  CLK100MHZ_IBUF_BUFG_inst/O
                         net (fo=10192, unplaced)     0.439    12.704    u_fe256/clk
                         FDSE                                         r  u_fe256/fq_node_reg[0][14]/C
                         clock pessimism              0.116    12.820    <hidden>
                         clock uncertainty           -0.035    12.784    <hidden>
                         FDSE (Setup_fdse_C_S)       -0.557    12.227    u_fe256/fq_node_reg[0][14]
  -------------------------------------------------------------------
                         required time                         12.227    <hidden>
                         arrival time                         -11.761    <hidden>
  -------------------------------------------------------------------
                         slack                                  0.467    <hidden>

Slack (MET) :             0.467ns  (required time - arrival time)
  Source:                 u_fe256/qb_reg[1][1]/C
                            (rising edge-triggered cell FDRE clocked by sys_clk_pin  {rise@0.000ns fall@5.000ns period=10.000ns})
  Destination:            u_fe256/fq_node_reg[0][15]/S
                            (rising edge-triggered cell FDSE clocked by sys_clk_pin  {rise@0.000ns fall@5.000ns period=10.000ns})
  Path Group:             sys_clk_pin
  Path Type:              Setup (Max at Slow Process Corner)
  Requirement:            10.000ns  (sys_clk_pin rise@10.000ns - sys_clk_pin rise@0.000ns)
  Data Path Delay:        8.796ns  (logic 2.555ns (29.047%)  route 6.241ns (70.953%))
  Logic Levels:           11  (CARRY4=1 LUT3=1 LUT4=1 LUT6=8)
  Clock Path Skew:        -0.145ns (DCD - SCD + CPR)
    Destination Clock Delay (DCD):    2.704ns = ( 12.704 - 10.000 ) 
    Source Clock Delay      (SCD):    2.965ns
    Clock Pessimism Removal (CPR):    0.116ns
  Clock Uncertainty:      0.035ns  ((TSJ^2 + TIJ^2)^1/2 + DJ) / 2 + PE
    Total System Jitter     (TSJ):    0.071ns
    Total Input Jitter      (TIJ):    0.000ns
    Discrete Jitter          (DJ):    0.000ns
    Phase Error              (PE):    0.000ns

    Location             Delay type                Incr(ns)  Path(ns)    Netlist Resource(s)
  -------------------------------------------------------------------    -------------------
                         (clock sys_clk_pin rise edge)
                                                      0.000     0.000 r  <hidden>
    E3                                                0.000     0.000 r  CLK100MHZ
                         net (fo=0)                   0.000     0.000    CLK100MHZ
    E3                   IBUF (Prop_ibuf_I_O)         1.482     1.482 r  CLK100MHZ_IBUF_inst/O
                         net (fo=1, unplaced)         0.803     2.285    CLK100MHZ_IBUF
                         BUFG (Prop_bufg_I_O)         0.096     2.381 r  CLK100MHZ_IBUF_BUFG_inst/O
                         net (fo=10192, unplaced)     0.584     2.965    u_fe256/clk
                         FDRE                                         r  u_fe256/qb_reg[1][1]/C
  -------------------------------------------------------------------    -------------------
                         FDRE (Prop_fdre_C_Q)         0.478     3.443 r  u_fe256/qb_reg[1][1]/Q
                         net (fo=11, unplaced)        1.011     4.454    u_fe256/p_0_in204_in[9]
                         LUT6 (Prop_lut6_I0_O)        0.295     4.749 r  u_fe256/reason[2]_i_406/O
                         net (fo=1, unplaced)         0.964     5.713    u_fe256/reason[2]_i_406_n_0
                         LUT6 (Prop_lut6_I0_O)        0.124     5.837 r  u_fe256/reason[2]_i_335/O
                         net (fo=1, unplaced)         0.449     6.286    u_fe256/reason[2]_i_335_n_0
                         LUT6 (Prop_lut6_I5_O)        0.124     6.410 r  u_fe256/reason[2]_i_177/O
                         net (fo=1, unplaced)         0.449     6.859    u_fe256/reason[2]_i_177_n_0
                         LUT6 (Prop_lut6_I5_O)        0.124     6.983 r  u_fe256/reason[2]_i_86/O
                         net (fo=1, unplaced)         0.449     7.432    u_fe256/reason[2]_i_86_n_0
                         LUT6 (Prop_lut6_I5_O)        0.124     7.556 r  u_fe256/reason[2]_i_30/O
                         net (fo=1, unplaced)         0.449     8.005    u_fe256/reason[2]_i_30_n_0
                         LUT6 (Prop_lut6_I4_O)        0.124     8.129 r  u_fe256/reason[2]_i_13/O
                         net (fo=1, unplaced)         0.000     8.129    u_fe256/reason[2]_i_13_n_0
                         CARRY4 (Prop_carry4_S[0]_CO[1])
                                                      0.458     8.587 f  u_fe256/reason_reg[2]_i_6/CO[1]
                         net (fo=1, unplaced)         0.312     8.899    u_fe256/state31_out
                         LUT4 (Prop_lut4_I2_O)        0.332     9.231 f  u_fe256/reason[2]_i_2/O
                         net (fo=8, unplaced)         0.487     9.718    u_fe256/state16_out
                         LUT6 (Prop_lut6_I5_O)        0.124     9.842 r  u_fe256/n_ans[7]_i_4/O
                         net (fo=5, unplaced)         0.477    10.319    u_fe256/n_ans[7]_i_4_n_0
                         LUT6 (Prop_lut6_I1_O)        0.124    10.443 r  u_fe256/fq_hops[0][3]_i_2/O
                         net (fo=42, unplaced)        0.527    10.970    u_fe256/fq_hops[0][3]_i_2_n_0
                         LUT3 (Prop_lut3_I0_O)        0.124    11.094 r  u_fe256/fq_node[0][31]_i_1/O
                         net (fo=19, unplaced)        0.667    11.761    u_fe256/fq_node[0][31]_i_1_n_0
                         FDSE                                         r  u_fe256/fq_node_reg[0][15]/S
  -------------------------------------------------------------------    -------------------

                         (clock sys_clk_pin rise edge)
                                                     10.000    10.000 r  <hidden>
    E3                                                0.000    10.000 r  CLK100MHZ
                         net (fo=0)                   0.000    10.000    CLK100MHZ
    E3                   IBUF (Prop_ibuf_I_O)         1.411    11.411 r  CLK100MHZ_IBUF_inst/O
                         net (fo=1, unplaced)         0.763    12.174    CLK100MHZ_IBUF
                         BUFG (Prop_bufg_I_O)         0.091    12.265 r  CLK100MHZ_IBUF_BUFG_inst/O
                         net (fo=10192, unplaced)     0.439    12.704    u_fe256/clk
                         FDSE                                         r  u_fe256/fq_node_reg[0][15]/C
                         clock pessimism              0.116    12.820    <hidden>
                         clock uncertainty           -0.035    12.784    <hidden>
                         FDSE (Setup_fdse_C_S)       -0.557    12.227    u_fe256/fq_node_reg[0][15]
  -------------------------------------------------------------------
                         required time                         12.227    <hidden>
                         arrival time                         -11.761    <hidden>
  -------------------------------------------------------------------
                         slack                                  0.467    <hidden>

Slack (MET) :             0.467ns  (required time - arrival time)
  Source:                 u_fe256/qb_reg[1][1]/C
                            (rising edge-triggered cell FDRE clocked by sys_clk_pin  {rise@0.000ns fall@5.000ns period=10.000ns})
  Destination:            u_fe256/fq_node_reg[0][20]/S
                            (rising edge-triggered cell FDSE clocked by sys_clk_pin  {rise@0.000ns fall@5.000ns period=10.000ns})
  Path Group:             sys_clk_pin
  Path Type:              Setup (Max at Slow Process Corner)
  Requirement:            10.000ns  (sys_clk_pin rise@10.000ns - sys_clk_pin rise@0.000ns)
  Data Path Delay:        8.796ns  (logic 2.555ns (29.047%)  route 6.241ns (70.953%))
  Logic Levels:           11  (CARRY4=1 LUT3=1 LUT4=1 LUT6=8)
  Clock Path Skew:        -0.145ns (DCD - SCD + CPR)
    Destination Clock Delay (DCD):    2.704ns = ( 12.704 - 10.000 ) 
    Source Clock Delay      (SCD):    2.965ns
    Clock Pessimism Removal (CPR):    0.116ns
  Clock Uncertainty:      0.035ns  ((TSJ^2 + TIJ^2)^1/2 + DJ) / 2 + PE
    Total System Jitter     (TSJ):    0.071ns
    Total Input Jitter      (TIJ):    0.000ns
    Discrete Jitter          (DJ):    0.000ns
    Phase Error              (PE):    0.000ns

    Location             Delay type                Incr(ns)  Path(ns)    Netlist Resource(s)
  -------------------------------------------------------------------    -------------------
                         (clock sys_clk_pin rise edge)
                                                      0.000     0.000 r  <hidden>
    E3                                                0.000     0.000 r  CLK100MHZ
                         net (fo=0)                   0.000     0.000    CLK100MHZ
    E3                   IBUF (Prop_ibuf_I_O)         1.482     1.482 r  CLK100MHZ_IBUF_inst/O
                         net (fo=1, unplaced)         0.803     2.285    CLK100MHZ_IBUF
                         BUFG (Prop_bufg_I_O)         0.096     2.381 r  CLK100MHZ_IBUF_BUFG_inst/O
                         net (fo=10192, unplaced)     0.584     2.965    u_fe256/clk
                         FDRE                                         r  u_fe256/qb_reg[1][1]/C
  -------------------------------------------------------------------    -------------------
                         FDRE (Prop_fdre_C_Q)         0.478     3.443 r  u_fe256/qb_reg[1][1]/Q
                         net (fo=11, unplaced)        1.011     4.454    u_fe256/p_0_in204_in[9]
                         LUT6 (Prop_lut6_I0_O)        0.295     4.749 r  u_fe256/reason[2]_i_406/O
                         net (fo=1, unplaced)         0.964     5.713    u_fe256/reason[2]_i_406_n_0
                         LUT6 (Prop_lut6_I0_O)        0.124     5.837 r  u_fe256/reason[2]_i_335/O
                         net (fo=1, unplaced)         0.449     6.286    u_fe256/reason[2]_i_335_n_0
                         LUT6 (Prop_lut6_I5_O)        0.124     6.410 r  u_fe256/reason[2]_i_177/O
                         net (fo=1, unplaced)         0.449     6.859    u_fe256/reason[2]_i_177_n_0
                         LUT6 (Prop_lut6_I5_O)        0.124     6.983 r  u_fe256/reason[2]_i_86/O
                         net (fo=1, unplaced)         0.449     7.432    u_fe256/reason[2]_i_86_n_0
                         LUT6 (Prop_lut6_I5_O)        0.124     7.556 r  u_fe256/reason[2]_i_30/O
                         net (fo=1, unplaced)         0.449     8.005    u_fe256/reason[2]_i_30_n_0
                         LUT6 (Prop_lut6_I4_O)        0.124     8.129 r  u_fe256/reason[2]_i_13/O
                         net (fo=1, unplaced)         0.000     8.129    u_fe256/reason[2]_i_13_n_0
                         CARRY4 (Prop_carry4_S[0]_CO[1])
                                                      0.458     8.587 f  u_fe256/reason_reg[2]_i_6/CO[1]
                         net (fo=1, unplaced)         0.312     8.899    u_fe256/state31_out
                         LUT4 (Prop_lut4_I2_O)        0.332     9.231 f  u_fe256/reason[2]_i_2/O
                         net (fo=8, unplaced)         0.487     9.718    u_fe256/state16_out
                         LUT6 (Prop_lut6_I5_O)        0.124     9.842 r  u_fe256/n_ans[7]_i_4/O
                         net (fo=5, unplaced)         0.477    10.319    u_fe256/n_ans[7]_i_4_n_0
                         LUT6 (Prop_lut6_I1_O)        0.124    10.443 r  u_fe256/fq_hops[0][3]_i_2/O
                         net (fo=42, unplaced)        0.527    10.970    u_fe256/fq_hops[0][3]_i_2_n_0
                         LUT3 (Prop_lut3_I0_O)        0.124    11.094 r  u_fe256/fq_node[0][31]_i_1/O
                         net (fo=19, unplaced)        0.667    11.761    u_fe256/fq_node[0][31]_i_1_n_0
                         FDSE                                         r  u_fe256/fq_node_reg[0][20]/S
  -------------------------------------------------------------------    -------------------

                         (clock sys_clk_pin rise edge)
                                                     10.000    10.000 r  <hidden>
    E3                                                0.000    10.000 r  CLK100MHZ
                         net (fo=0)                   0.000    10.000    CLK100MHZ
    E3                   IBUF (Prop_ibuf_I_O)         1.411    11.411 r  CLK100MHZ_IBUF_inst/O
                         net (fo=1, unplaced)         0.763    12.174    CLK100MHZ_IBUF
                         BUFG (Prop_bufg_I_O)         0.091    12.265 r  CLK100MHZ_IBUF_BUFG_inst/O
                         net (fo=10192, unplaced)     0.439    12.704    u_fe256/clk
                         FDSE                                         r  u_fe256/fq_node_reg[0][20]/C
                         clock pessimism              0.116    12.820    <hidden>
                         clock uncertainty           -0.035    12.784    <hidden>
                         FDSE (Setup_fdse_C_S)       -0.557    12.227    u_fe256/fq_node_reg[0][20]
  -------------------------------------------------------------------
                         required time                         12.227    <hidden>
                         arrival time                         -11.761    <hidden>
  -------------------------------------------------------------------
                         slack                                  0.467    <hidden>

Slack (MET) :             0.467ns  (required time - arrival time)
  Source:                 u_fe256/qb_reg[1][1]/C
                            (rising edge-triggered cell FDRE clocked by sys_clk_pin  {rise@0.000ns fall@5.000ns period=10.000ns})
  Destination:            u_fe256/fq_node_reg[0][21]/S
                            (rising edge-triggered cell FDSE clocked by sys_clk_pin  {rise@0.000ns fall@5.000ns period=10.000ns})
  Path Group:             sys_clk_pin
  Path Type:              Setup (Max at Slow Process Corner)
  Requirement:            10.000ns  (sys_clk_pin rise@10.000ns - sys_clk_pin rise@0.000ns)
  Data Path Delay:        8.796ns  (logic 2.555ns (29.047%)  route 6.241ns (70.953%))
  Logic Levels:           11  (CARRY4=1 LUT3=1 LUT4=1 LUT6=8)
  Clock Path Skew:        -0.145ns (DCD - SCD + CPR)
    Destination Clock Delay (DCD):    2.704ns = ( 12.704 - 10.000 ) 
    Source Clock Delay      (SCD):    2.965ns
    Clock Pessimism Removal (CPR):    0.116ns
  Clock Uncertainty:      0.035ns  ((TSJ^2 + TIJ^2)^1/2 + DJ) / 2 + PE
    Total System Jitter     (TSJ):    0.071ns
    Total Input Jitter      (TIJ):    0.000ns
    Discrete Jitter          (DJ):    0.000ns
    Phase Error              (PE):    0.000ns

    Location             Delay type                Incr(ns)  Path(ns)    Netlist Resource(s)
  -------------------------------------------------------------------    -------------------
                         (clock sys_clk_pin rise edge)
                                                      0.000     0.000 r  <hidden>
    E3                                                0.000     0.000 r  CLK100MHZ
                         net (fo=0)                   0.000     0.000    CLK100MHZ
    E3                   IBUF (Prop_ibuf_I_O)         1.482     1.482 r  CLK100MHZ_IBUF_inst/O
                         net (fo=1, unplaced)         0.803     2.285    CLK100MHZ_IBUF
                         BUFG (Prop_bufg_I_O)         0.096     2.381 r  CLK100MHZ_IBUF_BUFG_inst/O
                         net (fo=10192, unplaced)     0.584     2.965    u_fe256/clk
                         FDRE                                         r  u_fe256/qb_reg[1][1]/C
  -------------------------------------------------------------------    -------------------
                         FDRE (Prop_fdre_C_Q)         0.478     3.443 r  u_fe256/qb_reg[1][1]/Q
                         net (fo=11, unplaced)        1.011     4.454    u_fe256/p_0_in204_in[9]
                         LUT6 (Prop_lut6_I0_O)        0.295     4.749 r  u_fe256/reason[2]_i_406/O
                         net (fo=1, unplaced)         0.964     5.713    u_fe256/reason[2]_i_406_n_0
                         LUT6 (Prop_lut6_I0_O)        0.124     5.837 r  u_fe256/reason[2]_i_335/O
                         net (fo=1, unplaced)         0.449     6.286    u_fe256/reason[2]_i_335_n_0
                         LUT6 (Prop_lut6_I5_O)        0.124     6.410 r  u_fe256/reason[2]_i_177/O
                         net (fo=1, unplaced)         0.449     6.859    u_fe256/reason[2]_i_177_n_0
                         LUT6 (Prop_lut6_I5_O)        0.124     6.983 r  u_fe256/reason[2]_i_86/O
                         net (fo=1, unplaced)         0.449     7.432    u_fe256/reason[2]_i_86_n_0
                         LUT6 (Prop_lut6_I5_O)        0.124     7.556 r  u_fe256/reason[2]_i_30/O
                         net (fo=1, unplaced)         0.449     8.005    u_fe256/reason[2]_i_30_n_0
                         LUT6 (Prop_lut6_I4_O)        0.124     8.129 r  u_fe256/reason[2]_i_13/O
                         net (fo=1, unplaced)         0.000     8.129    u_fe256/reason[2]_i_13_n_0
                         CARRY4 (Prop_carry4_S[0]_CO[1])
                                                      0.458     8.587 f  u_fe256/reason_reg[2]_i_6/CO[1]
                         net (fo=1, unplaced)         0.312     8.899    u_fe256/state31_out
                         LUT4 (Prop_lut4_I2_O)        0.332     9.231 f  u_fe256/reason[2]_i_2/O
                         net (fo=8, unplaced)         0.487     9.718    u_fe256/state16_out
                         LUT6 (Prop_lut6_I5_O)        0.124     9.842 r  u_fe256/n_ans[7]_i_4/O
                         net (fo=5, unplaced)         0.477    10.319    u_fe256/n_ans[7]_i_4_n_0
                         LUT6 (Prop_lut6_I1_O)        0.124    10.443 r  u_fe256/fq_hops[0][3]_i_2/O
                         net (fo=42, unplaced)        0.527    10.970    u_fe256/fq_hops[0][3]_i_2_n_0
                         LUT3 (Prop_lut3_I0_O)        0.124    11.094 r  u_fe256/fq_node[0][31]_i_1/O
                         net (fo=19, unplaced)        0.667    11.761    u_fe256/fq_node[0][31]_i_1_n_0
                         FDSE                                         r  u_fe256/fq_node_reg[0][21]/S
  -------------------------------------------------------------------    -------------------

                         (clock sys_clk_pin rise edge)
                                                     10.000    10.000 r  <hidden>
    E3                                                0.000    10.000 r  CLK100MHZ
                         net (fo=0)                   0.000    10.000    CLK100MHZ
    E3                   IBUF (Prop_ibuf_I_O)         1.411    11.411 r  CLK100MHZ_IBUF_inst/O
                         net (fo=1, unplaced)         0.763    12.174    CLK100MHZ_IBUF
                         BUFG (Prop_bufg_I_O)         0.091    12.265 r  CLK100MHZ_IBUF_BUFG_inst/O
                         net (fo=10192, unplaced)     0.439    12.704    u_fe256/clk
                         FDSE                                         r  u_fe256/fq_node_reg[0][21]/C
                         clock pessimism              0.116    12.820    <hidden>
                         clock uncertainty           -0.035    12.784    <hidden>
                         FDSE (Setup_fdse_C_S)       -0.557    12.227    u_fe256/fq_node_reg[0][21]
  -------------------------------------------------------------------
                         required time                         12.227    <hidden>
                         arrival time                         -11.761    <hidden>
  -------------------------------------------------------------------
                         slack                                  0.467    <hidden>

Slack (MET) :             0.467ns  (required time - arrival time)
  Source:                 u_fe256/qb_reg[1][1]/C
                            (rising edge-triggered cell FDRE clocked by sys_clk_pin  {rise@0.000ns fall@5.000ns period=10.000ns})
  Destination:            u_fe256/fq_node_reg[0][22]/S
                            (rising edge-triggered cell FDSE clocked by sys_clk_pin  {rise@0.000ns fall@5.000ns period=10.000ns})
  Path Group:             sys_clk_pin
  Path Type:              Setup (Max at Slow Process Corner)
  Requirement:            10.000ns  (sys_clk_pin rise@10.000ns - sys_clk_pin rise@0.000ns)
  Data Path Delay:        8.796ns  (logic 2.555ns (29.047%)  route 6.241ns (70.953%))
  Logic Levels:           11  (CARRY4=1 LUT3=1 LUT4=1 LUT6=8)
  Clock Path Skew:        -0.145ns (DCD - SCD + CPR)
    Destination Clock Delay (DCD):    2.704ns = ( 12.704 - 10.000 ) 
    Source Clock Delay      (SCD):    2.965ns
    Clock Pessimism Removal (CPR):    0.116ns
  Clock Uncertainty:      0.035ns  ((TSJ^2 + TIJ^2)^1/2 + DJ) / 2 + PE
    Total System Jitter     (TSJ):    0.071ns
    Total Input Jitter      (TIJ):    0.000ns
    Discrete Jitter          (DJ):    0.000ns
    Phase Error              (PE):    0.000ns

    Location             Delay type                Incr(ns)  Path(ns)    Netlist Resource(s)
  -------------------------------------------------------------------    -------------------
                         (clock sys_clk_pin rise edge)
                                                      0.000     0.000 r  <hidden>
    E3                                                0.000     0.000 r  CLK100MHZ
                         net (fo=0)                   0.000     0.000    CLK100MHZ
    E3                   IBUF (Prop_ibuf_I_O)         1.482     1.482 r  CLK100MHZ_IBUF_inst/O
                         net (fo=1, unplaced)         0.803     2.285    CLK100MHZ_IBUF
                         BUFG (Prop_bufg_I_O)         0.096     2.381 r  CLK100MHZ_IBUF_BUFG_inst/O
                         net (fo=10192, unplaced)     0.584     2.965    u_fe256/clk
                         FDRE                                         r  u_fe256/qb_reg[1][1]/C
  -------------------------------------------------------------------    -------------------
                         FDRE (Prop_fdre_C_Q)         0.478     3.443 r  u_fe256/qb_reg[1][1]/Q
                         net (fo=11, unplaced)        1.011     4.454    u_fe256/p_0_in204_in[9]
                         LUT6 (Prop_lut6_I0_O)        0.295     4.749 r  u_fe256/reason[2]_i_406/O
                         net (fo=1, unplaced)         0.964     5.713    u_fe256/reason[2]_i_406_n_0
                         LUT6 (Prop_lut6_I0_O)        0.124     5.837 r  u_fe256/reason[2]_i_335/O
                         net (fo=1, unplaced)         0.449     6.286    u_fe256/reason[2]_i_335_n_0
                         LUT6 (Prop_lut6_I5_O)        0.124     6.410 r  u_fe256/reason[2]_i_177/O
                         net (fo=1, unplaced)         0.449     6.859    u_fe256/reason[2]_i_177_n_0
                         LUT6 (Prop_lut6_I5_O)        0.124     6.983 r  u_fe256/reason[2]_i_86/O
                         net (fo=1, unplaced)         0.449     7.432    u_fe256/reason[2]_i_86_n_0
                         LUT6 (Prop_lut6_I5_O)        0.124     7.556 r  u_fe256/reason[2]_i_30/O
                         net (fo=1, unplaced)         0.449     8.005    u_fe256/reason[2]_i_30_n_0
                         LUT6 (Prop_lut6_I4_O)        0.124     8.129 r  u_fe256/reason[2]_i_13/O
                         net (fo=1, unplaced)         0.000     8.129    u_fe256/reason[2]_i_13_n_0
                         CARRY4 (Prop_carry4_S[0]_CO[1])
                                                      0.458     8.587 f  u_fe256/reason_reg[2]_i_6/CO[1]
                         net (fo=1, unplaced)         0.312     8.899    u_fe256/state31_out
                         LUT4 (Prop_lut4_I2_O)        0.332     9.231 f  u_fe256/reason[2]_i_2/O
                         net (fo=8, unplaced)         0.487     9.718    u_fe256/state16_out
                         LUT6 (Prop_lut6_I5_O)        0.124     9.842 r  u_fe256/n_ans[7]_i_4/O
                         net (fo=5, unplaced)         0.477    10.319    u_fe256/n_ans[7]_i_4_n_0
                         LUT6 (Prop_lut6_I1_O)        0.124    10.443 r  u_fe256/fq_hops[0][3]_i_2/O
                         net (fo=42, unplaced)        0.527    10.970    u_fe256/fq_hops[0][3]_i_2_n_0
                         LUT3 (Prop_lut3_I0_O)        0.124    11.094 r  u_fe256/fq_node[0][31]_i_1/O
                         net (fo=19, unplaced)        0.667    11.761    u_fe256/fq_node[0][31]_i_1_n_0
                         FDSE                                         r  u_fe256/fq_node_reg[0][22]/S
  -------------------------------------------------------------------    -------------------

                         (clock sys_clk_pin rise edge)
                                                     10.000    10.000 r  <hidden>
    E3                                                0.000    10.000 r  CLK100MHZ
                         net (fo=0)                   0.000    10.000    CLK100MHZ
    E3                   IBUF (Prop_ibuf_I_O)         1.411    11.411 r  CLK100MHZ_IBUF_inst/O
                         net (fo=1, unplaced)         0.763    12.174    CLK100MHZ_IBUF
                         BUFG (Prop_bufg_I_O)         0.091    12.265 r  CLK100MHZ_IBUF_BUFG_inst/O
                         net (fo=10192, unplaced)     0.439    12.704    u_fe256/clk
                         FDSE                                         r  u_fe256/fq_node_reg[0][22]/C
                         clock pessimism              0.116    12.820    <hidden>
                         clock uncertainty           -0.035    12.784    <hidden>
                         FDSE (Setup_fdse_C_S)       -0.557    12.227    u_fe256/fq_node_reg[0][22]
  -------------------------------------------------------------------
                         required time                         12.227    <hidden>
                         arrival time                         -11.761    <hidden>
  -------------------------------------------------------------------
                         slack                                  0.467    <hidden>

Slack (MET) :             0.467ns  (required time - arrival time)
  Source:                 u_fe256/qb_reg[1][1]/C
                            (rising edge-triggered cell FDRE clocked by sys_clk_pin  {rise@0.000ns fall@5.000ns period=10.000ns})
  Destination:            u_fe256/fq_node_reg[0][23]/S
                            (rising edge-triggered cell FDSE clocked by sys_clk_pin  {rise@0.000ns fall@5.000ns period=10.000ns})
  Path Group:             sys_clk_pin
  Path Type:              Setup (Max at Slow Process Corner)
  Requirement:            10.000ns  (sys_clk_pin rise@10.000ns - sys_clk_pin rise@0.000ns)
  Data Path Delay:        8.796ns  (logic 2.555ns (29.047%)  route 6.241ns (70.953%))
  Logic Levels:           11  (CARRY4=1 LUT3=1 LUT4=1 LUT6=8)
  Clock Path Skew:        -0.145ns (DCD - SCD + CPR)
    Destination Clock Delay (DCD):    2.704ns = ( 12.704 - 10.000 ) 
    Source Clock Delay      (SCD):    2.965ns
    Clock Pessimism Removal (CPR):    0.116ns
  Clock Uncertainty:      0.035ns  ((TSJ^2 + TIJ^2)^1/2 + DJ) / 2 + PE
    Total System Jitter     (TSJ):    0.071ns
    Total Input Jitter      (TIJ):    0.000ns
    Discrete Jitter          (DJ):    0.000ns
    Phase Error              (PE):    0.000ns

    Location             Delay type                Incr(ns)  Path(ns)    Netlist Resource(s)
  -------------------------------------------------------------------    -------------------
                         (clock sys_clk_pin rise edge)
                                                      0.000     0.000 r  <hidden>
    E3                                                0.000     0.000 r  CLK100MHZ
                         net (fo=0)                   0.000     0.000    CLK100MHZ
    E3                   IBUF (Prop_ibuf_I_O)         1.482     1.482 r  CLK100MHZ_IBUF_inst/O
                         net (fo=1, unplaced)         0.803     2.285    CLK100MHZ_IBUF
                         BUFG (Prop_bufg_I_O)         0.096     2.381 r  CLK100MHZ_IBUF_BUFG_inst/O
                         net (fo=10192, unplaced)     0.584     2.965    u_fe256/clk
                         FDRE                                         r  u_fe256/qb_reg[1][1]/C
  -------------------------------------------------------------------    -------------------
                         FDRE (Prop_fdre_C_Q)         0.478     3.443 r  u_fe256/qb_reg[1][1]/Q
                         net (fo=11, unplaced)        1.011     4.454    u_fe256/p_0_in204_in[9]
                         LUT6 (Prop_lut6_I0_O)        0.295     4.749 r  u_fe256/reason[2]_i_406/O
                         net (fo=1, unplaced)         0.964     5.713    u_fe256/reason[2]_i_406_n_0
                         LUT6 (Prop_lut6_I0_O)        0.124     5.837 r  u_fe256/reason[2]_i_335/O
                         net (fo=1, unplaced)         0.449     6.286    u_fe256/reason[2]_i_335_n_0
                         LUT6 (Prop_lut6_I5_O)        0.124     6.410 r  u_fe256/reason[2]_i_177/O
                         net (fo=1, unplaced)         0.449     6.859    u_fe256/reason[2]_i_177_n_0
                         LUT6 (Prop_lut6_I5_O)        0.124     6.983 r  u_fe256/reason[2]_i_86/O
                         net (fo=1, unplaced)         0.449     7.432    u_fe256/reason[2]_i_86_n_0
                         LUT6 (Prop_lut6_I5_O)        0.124     7.556 r  u_fe256/reason[2]_i_30/O
                         net (fo=1, unplaced)         0.449     8.005    u_fe256/reason[2]_i_30_n_0
                         LUT6 (Prop_lut6_I4_O)        0.124     8.129 r  u_fe256/reason[2]_i_13/O
                         net (fo=1, unplaced)         0.000     8.129    u_fe256/reason[2]_i_13_n_0
                         CARRY4 (Prop_carry4_S[0]_CO[1])
                                                      0.458     8.587 f  u_fe256/reason_reg[2]_i_6/CO[1]
                         net (fo=1, unplaced)         0.312     8.899    u_fe256/state31_out
                         LUT4 (Prop_lut4_I2_O)        0.332     9.231 f  u_fe256/reason[2]_i_2/O
                         net (fo=8, unplaced)         0.487     9.718    u_fe256/state16_out
                         LUT6 (Prop_lut6_I5_O)        0.124     9.842 r  u_fe256/n_ans[7]_i_4/O
                         net (fo=5, unplaced)         0.477    10.319    u_fe256/n_ans[7]_i_4_n_0
                         LUT6 (Prop_lut6_I1_O)        0.124    10.443 r  u_fe256/fq_hops[0][3]_i_2/O
                         net (fo=42, unplaced)        0.527    10.970    u_fe256/fq_hops[0][3]_i_2_n_0
                         LUT3 (Prop_lut3_I0_O)        0.124    11.094 r  u_fe256/fq_node[0][31]_i_1/O
                         net (fo=19, unplaced)        0.667    11.761    u_fe256/fq_node[0][31]_i_1_n_0
                         FDSE                                         r  u_fe256/fq_node_reg[0][23]/S
  -------------------------------------------------------------------    -------------------

                         (clock sys_clk_pin rise edge)
                                                     10.000    10.000 r  <hidden>
    E3                                                0.000    10.000 r  CLK100MHZ
                         net (fo=0)                   0.000    10.000    CLK100MHZ
    E3                   IBUF (Prop_ibuf_I_O)         1.411    11.411 r  CLK100MHZ_IBUF_inst/O
                         net (fo=1, unplaced)         0.763    12.174    CLK100MHZ_IBUF
                         BUFG (Prop_bufg_I_O)         0.091    12.265 r  CLK100MHZ_IBUF_BUFG_inst/O
                         net (fo=10192, unplaced)     0.439    12.704    u_fe256/clk
                         FDSE                                         r  u_fe256/fq_node_reg[0][23]/C
                         clock pessimism              0.116    12.820    <hidden>
                         clock uncertainty           -0.035    12.784    <hidden>
                         FDSE (Setup_fdse_C_S)       -0.557    12.227    u_fe256/fq_node_reg[0][23]
  -------------------------------------------------------------------
                         required time                         12.227    <hidden>
                         arrival time                         -11.761    <hidden>
  -------------------------------------------------------------------
                         slack                                  0.467    <hidden>

Slack (MET) :             0.467ns  (required time - arrival time)
  Source:                 u_fe256/qb_reg[1][1]/C
                            (rising edge-triggered cell FDRE clocked by sys_clk_pin  {rise@0.000ns fall@5.000ns period=10.000ns})
  Destination:            u_fe256/fq_node_reg[0][24]/S
                            (rising edge-triggered cell FDSE clocked by sys_clk_pin  {rise@0.000ns fall@5.000ns period=10.000ns})
  Path Group:             sys_clk_pin
  Path Type:              Setup (Max at Slow Process Corner)
  Requirement:            10.000ns  (sys_clk_pin rise@10.000ns - sys_clk_pin rise@0.000ns)
  Data Path Delay:        8.796ns  (logic 2.555ns (29.047%)  route 6.241ns (70.953%))
  Logic Levels:           11  (CARRY4=1 LUT3=1 LUT4=1 LUT6=8)
  Clock Path Skew:        -0.145ns (DCD - SCD + CPR)
    Destination Clock Delay (DCD):    2.704ns = ( 12.704 - 10.000 ) 
    Source Clock Delay      (SCD):    2.965ns
    Clock Pessimism Removal (CPR):    0.116ns
  Clock Uncertainty:      0.035ns  ((TSJ^2 + TIJ^2)^1/2 + DJ) / 2 + PE
    Total System Jitter     (TSJ):    0.071ns
    Total Input Jitter      (TIJ):    0.000ns
    Discrete Jitter          (DJ):    0.000ns
    Phase Error              (PE):    0.000ns

    Location             Delay type                Incr(ns)  Path(ns)    Netlist Resource(s)
  -------------------------------------------------------------------    -------------------
                         (clock sys_clk_pin rise edge)
                                                      0.000     0.000 r  <hidden>
    E3                                                0.000     0.000 r  CLK100MHZ
                         net (fo=0)                   0.000     0.000    CLK100MHZ
    E3                   IBUF (Prop_ibuf_I_O)         1.482     1.482 r  CLK100MHZ_IBUF_inst/O
                         net (fo=1, unplaced)         0.803     2.285    CLK100MHZ_IBUF
                         BUFG (Prop_bufg_I_O)         0.096     2.381 r  CLK100MHZ_IBUF_BUFG_inst/O
                         net (fo=10192, unplaced)     0.584     2.965    u_fe256/clk
                         FDRE                                         r  u_fe256/qb_reg[1][1]/C
  -------------------------------------------------------------------    -------------------
                         FDRE (Prop_fdre_C_Q)         0.478     3.443 r  u_fe256/qb_reg[1][1]/Q
                         net (fo=11, unplaced)        1.011     4.454    u_fe256/p_0_in204_in[9]
                         LUT6 (Prop_lut6_I0_O)        0.295     4.749 r  u_fe256/reason[2]_i_406/O
                         net (fo=1, unplaced)         0.964     5.713    u_fe256/reason[2]_i_406_n_0
                         LUT6 (Prop_lut6_I0_O)        0.124     5.837 r  u_fe256/reason[2]_i_335/O
                         net (fo=1, unplaced)         0.449     6.286    u_fe256/reason[2]_i_335_n_0
                         LUT6 (Prop_lut6_I5_O)        0.124     6.410 r  u_fe256/reason[2]_i_177/O
                         net (fo=1, unplaced)         0.449     6.859    u_fe256/reason[2]_i_177_n_0
                         LUT6 (Prop_lut6_I5_O)        0.124     6.983 r  u_fe256/reason[2]_i_86/O
                         net (fo=1, unplaced)         0.449     7.432    u_fe256/reason[2]_i_86_n_0
                         LUT6 (Prop_lut6_I5_O)        0.124     7.556 r  u_fe256/reason[2]_i_30/O
                         net (fo=1, unplaced)         0.449     8.005    u_fe256/reason[2]_i_30_n_0
                         LUT6 (Prop_lut6_I4_O)        0.124     8.129 r  u_fe256/reason[2]_i_13/O
                         net (fo=1, unplaced)         0.000     8.129    u_fe256/reason[2]_i_13_n_0
                         CARRY4 (Prop_carry4_S[0]_CO[1])
                                                      0.458     8.587 f  u_fe256/reason_reg[2]_i_6/CO[1]
                         net (fo=1, unplaced)         0.312     8.899    u_fe256/state31_out
                         LUT4 (Prop_lut4_I2_O)        0.332     9.231 f  u_fe256/reason[2]_i_2/O
                         net (fo=8, unplaced)         0.487     9.718    u_fe256/state16_out
                         LUT6 (Prop_lut6_I5_O)        0.124     9.842 r  u_fe256/n_ans[7]_i_4/O
                         net (fo=5, unplaced)         0.477    10.319    u_fe256/n_ans[7]_i_4_n_0
                         LUT6 (Prop_lut6_I1_O)        0.124    10.443 r  u_fe256/fq_hops[0][3]_i_2/O
                         net (fo=42, unplaced)        0.527    10.970    u_fe256/fq_hops[0][3]_i_2_n_0
                         LUT3 (Prop_lut3_I0_O)        0.124    11.094 r  u_fe256/fq_node[0][31]_i_1/O
                         net (fo=19, unplaced)        0.667    11.761    u_fe256/fq_node[0][31]_i_1_n_0
                         FDSE                                         r  u_fe256/fq_node_reg[0][24]/S
  -------------------------------------------------------------------    -------------------

                         (clock sys_clk_pin rise edge)
                                                     10.000    10.000 r  <hidden>
    E3                                                0.000    10.000 r  CLK100MHZ
                         net (fo=0)                   0.000    10.000    CLK100MHZ
    E3                   IBUF (Prop_ibuf_I_O)         1.411    11.411 r  CLK100MHZ_IBUF_inst/O
                         net (fo=1, unplaced)         0.763    12.174    CLK100MHZ_IBUF
                         BUFG (Prop_bufg_I_O)         0.091    12.265 r  CLK100MHZ_IBUF_BUFG_inst/O
                         net (fo=10192, unplaced)     0.439    12.704    u_fe256/clk
                         FDSE                                         r  u_fe256/fq_node_reg[0][24]/C
                         clock pessimism              0.116    12.820    <hidden>
                         clock uncertainty           -0.035    12.784    <hidden>
                         FDSE (Setup_fdse_C_S)       -0.557    12.227    u_fe256/fq_node_reg[0][24]
  -------------------------------------------------------------------
                         required time                         12.227    <hidden>
                         arrival time                         -11.761    <hidden>
  -------------------------------------------------------------------
                         slack                                  0.467    <hidden>





Min Delay Paths
--------------------------------------------------------------------------------------
Slack (MET) :             0.053ns  (arrival time - required time)
  Source:                 u_fe256/e_prov_reg[0]/C
                            (rising edge-triggered cell FDRE clocked by sys_clk_pin  {rise@0.000ns fall@5.000ns period=10.000ns})
  Destination:            u_fe256/ans_proof_reg_0_15_0_5/RAMA/I
                            (rising edge-triggered cell RAMD32 clocked by sys_clk_pin  {rise@0.000ns fall@5.000ns period=10.000ns})
  Path Group:             sys_clk_pin
  Path Type:              Hold (Min at Fast Process Corner)
  Requirement:            0.000ns  (sys_clk_pin rise@0.000ns - sys_clk_pin rise@0.000ns)
  Data Path Delay:        0.292ns  (logic 0.147ns (50.269%)  route 0.145ns (49.731%))
  Logic Levels:           0  
  Clock Path Skew:        0.145ns (DCD - SCD - CPR)
    Destination Clock Delay (DCD):    1.082ns
    Source Clock Delay      (SCD):    0.728ns
    Clock Pessimism Removal (CPR):    0.209ns

    Location             Delay type                Incr(ns)  Path(ns)    Netlist Resource(s)
  -------------------------------------------------------------------    -------------------
                         (clock sys_clk_pin rise edge)
                                                      0.000     0.000 r  <hidden>
    E3                                                0.000     0.000 r  CLK100MHZ
                         net (fo=0)                   0.000     0.000    CLK100MHZ
    E3                   IBUF (Prop_ibuf_I_O)         0.250     0.250 r  CLK100MHZ_IBUF_inst/O
                         net (fo=1, unplaced)         0.338     0.588    CLK100MHZ_IBUF
                         BUFG (Prop_bufg_I_O)         0.026     0.614 r  CLK100MHZ_IBUF_BUFG_inst/O
                         net (fo=10192, unplaced)     0.114     0.728    u_fe256/clk
                         FDRE                                         r  u_fe256/e_prov_reg[0]/C
  -------------------------------------------------------------------    -------------------
                         FDRE (Prop_fdre_C_Q)         0.147     0.875 r  u_fe256/e_prov_reg[0]/Q
                         net (fo=2, unplaced)         0.145     1.020    u_fe256/ans_proof_reg_0_15_0_5/DIA0
                         RAMD32                                       r  u_fe256/ans_proof_reg_0_15_0_5/RAMA/I
  -------------------------------------------------------------------    -------------------

                         (clock sys_clk_pin rise edge)
                                                      0.000     0.000 r  <hidden>
    E3                                                0.000     0.000 r  CLK100MHZ
                         net (fo=0)                   0.000     0.000    CLK100MHZ
    E3                   IBUF (Prop_ibuf_I_O)         0.438     0.438 r  CLK100MHZ_IBUF_inst/O
                         net (fo=1, unplaced)         0.356     0.794    CLK100MHZ_IBUF
                         BUFG (Prop_bufg_I_O)         0.029     0.823 r  CLK100MHZ_IBUF_BUFG_inst/O
                         net (fo=10192, unplaced)     0.259     1.082    u_fe256/ans_proof_reg_0_15_0_5/WCLK
                         RAMD32                                       r  u_fe256/ans_proof_reg_0_15_0_5/RAMA/CLK
                         clock pessimism             -0.209     0.873    <hidden>
                         RAMD32 (Hold_ramd32_CLK_I)
                                                      0.094     0.967    u_fe256/ans_proof_reg_0_15_0_5/RAMA
  -------------------------------------------------------------------
                         required time                         -0.967    <hidden>
                         arrival time                           1.020    <hidden>
  -------------------------------------------------------------------
                         slack                                  0.053    <hidden>

Slack (MET) :             0.053ns  (arrival time - required time)
  Source:                 u_fe256/e_prov_reg[6]/C
                            (rising edge-triggered cell FDRE clocked by sys_clk_pin  {rise@0.000ns fall@5.000ns period=10.000ns})
  Destination:            u_fe256/ans_proof_reg_0_15_6_11/RAMA/I
                            (rising edge-triggered cell RAMD32 clocked by sys_clk_pin  {rise@0.000ns fall@5.000ns period=10.000ns})
  Path Group:             sys_clk_pin
  Path Type:              Hold (Min at Fast Process Corner)
  Requirement:            0.000ns  (sys_clk_pin rise@0.000ns - sys_clk_pin rise@0.000ns)
  Data Path Delay:        0.292ns  (logic 0.147ns (50.269%)  route 0.145ns (49.731%))
  Logic Levels:           0  
  Clock Path Skew:        0.145ns (DCD - SCD - CPR)
    Destination Clock Delay (DCD):    1.082ns
    Source Clock Delay      (SCD):    0.728ns
    Clock Pessimism Removal (CPR):    0.209ns

    Location             Delay type                Incr(ns)  Path(ns)    Netlist Resource(s)
  -------------------------------------------------------------------    -------------------
                         (clock sys_clk_pin rise edge)
                                                      0.000     0.000 r  <hidden>
    E3                                                0.000     0.000 r  CLK100MHZ
                         net (fo=0)                   0.000     0.000    CLK100MHZ
    E3                   IBUF (Prop_ibuf_I_O)         0.250     0.250 r  CLK100MHZ_IBUF_inst/O
                         net (fo=1, unplaced)         0.338     0.588    CLK100MHZ_IBUF
                         BUFG (Prop_bufg_I_O)         0.026     0.614 r  CLK100MHZ_IBUF_BUFG_inst/O
                         net (fo=10192, unplaced)     0.114     0.728    u_fe256/clk
                         FDRE                                         r  u_fe256/e_prov_reg[6]/C
  -------------------------------------------------------------------    -------------------
                         FDRE (Prop_fdre_C_Q)         0.147     0.875 r  u_fe256/e_prov_reg[6]/Q
                         net (fo=2, unplaced)         0.145     1.020    u_fe256/ans_proof_reg_0_15_6_11/DIA0
                         RAMD32                                       r  u_fe256/ans_proof_reg_0_15_6_11/RAMA/I
  -------------------------------------------------------------------    -------------------

                         (clock sys_clk_pin rise edge)
                                                      0.000     0.000 r  <hidden>
    E3                                                0.000     0.000 r  CLK100MHZ
                         net (fo=0)                   0.000     0.000    CLK100MHZ
    E3                   IBUF (Prop_ibuf_I_O)         0.438     0.438 r  CLK100MHZ_IBUF_inst/O
                         net (fo=1, unplaced)         0.356     0.794    CLK100MHZ_IBUF
                         BUFG (Prop_bufg_I_O)         0.029     0.823 r  CLK100MHZ_IBUF_BUFG_inst/O
                         net (fo=10192, unplaced)     0.259     1.082    u_fe256/ans_proof_reg_0_15_6_11/WCLK
                         RAMD32                                       r  u_fe256/ans_proof_reg_0_15_6_11/RAMA/CLK
                         clock pessimism             -0.209     0.873    <hidden>
                         RAMD32 (Hold_ramd32_CLK_I)
                                                      0.094     0.967    u_fe256/ans_proof_reg_0_15_6_11/RAMA
  -------------------------------------------------------------------
                         required time                         -0.967    <hidden>
                         arrival time                           1.020    <hidden>
  -------------------------------------------------------------------
                         slack                                  0.053    <hidden>

Slack (MET) :             0.054ns  (arrival time - required time)
  Source:                 u_fe256/e_prov_reg[2]/C
                            (rising edge-triggered cell FDRE clocked by sys_clk_pin  {rise@0.000ns fall@5.000ns period=10.000ns})
  Destination:            u_fe256/ans_proof_reg_0_15_0_5/RAMB/I
                            (rising edge-triggered cell RAMD32 clocked by sys_clk_pin  {rise@0.000ns fall@5.000ns period=10.000ns})
  Path Group:             sys_clk_pin
  Path Type:              Hold (Min at Fast Process Corner)
  Requirement:            0.000ns  (sys_clk_pin rise@0.000ns - sys_clk_pin rise@0.000ns)
  Data Path Delay:        0.292ns  (logic 0.147ns (50.269%)  route 0.145ns (49.731%))
  Logic Levels:           0  
  Clock Path Skew:        0.145ns (DCD - SCD - CPR)
    Destination Clock Delay (DCD):    1.082ns
    Source Clock Delay      (SCD):    0.728ns
    Clock Pessimism Removal (CPR):    0.209ns

    Location             Delay type                Incr(ns)  Path(ns)    Netlist Resource(s)
  -------------------------------------------------------------------    -------------------
                         (clock sys_clk_pin rise edge)
                                                      0.000     0.000 r  <hidden>
    E3                                                0.000     0.000 r  CLK100MHZ
                         net (fo=0)                   0.000     0.000    CLK100MHZ
    E3                   IBUF (Prop_ibuf_I_O)         0.250     0.250 r  CLK100MHZ_IBUF_inst/O
                         net (fo=1, unplaced)         0.338     0.588    CLK100MHZ_IBUF
                         BUFG (Prop_bufg_I_O)         0.026     0.614 r  CLK100MHZ_IBUF_BUFG_inst/O
                         net (fo=10192, unplaced)     0.114     0.728    u_fe256/clk
                         FDRE                                         r  u_fe256/e_prov_reg[2]/C
  -------------------------------------------------------------------    -------------------
                         FDRE (Prop_fdre_C_Q)         0.147     0.875 r  u_fe256/e_prov_reg[2]/Q
                         net (fo=2, unplaced)         0.145     1.020    u_fe256/ans_proof_reg_0_15_0_5/DIB0
                         RAMD32                                       r  u_fe256/ans_proof_reg_0_15_0_5/RAMB/I
  -------------------------------------------------------------------    -------------------

                         (clock sys_clk_pin rise edge)
                                                      0.000     0.000 r  <hidden>
    E3                                                0.000     0.000 r  CLK100MHZ
                         net (fo=0)                   0.000     0.000    CLK100MHZ
    E3                   IBUF (Prop_ibuf_I_O)         0.438     0.438 r  CLK100MHZ_IBUF_inst/O
                         net (fo=1, unplaced)         0.356     0.794    CLK100MHZ_IBUF
                         BUFG (Prop_bufg_I_O)         0.029     0.823 r  CLK100MHZ_IBUF_BUFG_inst/O
                         net (fo=10192, unplaced)     0.259     1.082    u_fe256/ans_proof_reg_0_15_0_5/WCLK
                         RAMD32                                       r  u_fe256/ans_proof_reg_0_15_0_5/RAMB/CLK
                         clock pessimism             -0.209     0.873    <hidden>
                         RAMD32 (Hold_ramd32_CLK_I)
                                                      0.093     0.966    u_fe256/ans_proof_reg_0_15_0_5/RAMB
  -------------------------------------------------------------------
                         required time                         -0.966    <hidden>
                         arrival time                           1.020    <hidden>
  -------------------------------------------------------------------
                         slack                                  0.054    <hidden>

Slack (MET) :             0.054ns  (arrival time - required time)
  Source:                 u_fe256/e_prov_reg[8]/C
                            (rising edge-triggered cell FDRE clocked by sys_clk_pin  {rise@0.000ns fall@5.000ns period=10.000ns})
  Destination:            u_fe256/ans_proof_reg_0_15_6_11/RAMB/I
                            (rising edge-triggered cell RAMD32 clocked by sys_clk_pin  {rise@0.000ns fall@5.000ns period=10.000ns})
  Path Group:             sys_clk_pin
  Path Type:              Hold (Min at Fast Process Corner)
  Requirement:            0.000ns  (sys_clk_pin rise@0.000ns - sys_clk_pin rise@0.000ns)
  Data Path Delay:        0.292ns  (logic 0.147ns (50.269%)  route 0.145ns (49.731%))
  Logic Levels:           0  
  Clock Path Skew:        0.145ns (DCD - SCD - CPR)
    Destination Clock Delay (DCD):    1.082ns
    Source Clock Delay      (SCD):    0.728ns
    Clock Pessimism Removal (CPR):    0.209ns

    Location             Delay type                Incr(ns)  Path(ns)    Netlist Resource(s)
  -------------------------------------------------------------------    -------------------
                         (clock sys_clk_pin rise edge)
                                                      0.000     0.000 r  <hidden>
    E3                                                0.000     0.000 r  CLK100MHZ
                         net (fo=0)                   0.000     0.000    CLK100MHZ
    E3                   IBUF (Prop_ibuf_I_O)         0.250     0.250 r  CLK100MHZ_IBUF_inst/O
                         net (fo=1, unplaced)         0.338     0.588    CLK100MHZ_IBUF
                         BUFG (Prop_bufg_I_O)         0.026     0.614 r  CLK100MHZ_IBUF_BUFG_inst/O
                         net (fo=10192, unplaced)     0.114     0.728    u_fe256/clk
                         FDRE                                         r  u_fe256/e_prov_reg[8]/C
  -------------------------------------------------------------------    -------------------
                         FDRE (Prop_fdre_C_Q)         0.147     0.875 r  u_fe256/e_prov_reg[8]/Q
                         net (fo=2, unplaced)         0.145     1.020    u_fe256/ans_proof_reg_0_15_6_11/DIB0
                         RAMD32                                       r  u_fe256/ans_proof_reg_0_15_6_11/RAMB/I
  -------------------------------------------------------------------    -------------------

                         (clock sys_clk_pin rise edge)
                                                      0.000     0.000 r  <hidden>
    E3                                                0.000     0.000 r  CLK100MHZ
                         net (fo=0)                   0.000     0.000    CLK100MHZ
    E3                   IBUF (Prop_ibuf_I_O)         0.438     0.438 r  CLK100MHZ_IBUF_inst/O
                         net (fo=1, unplaced)         0.356     0.794    CLK100MHZ_IBUF
                         BUFG (Prop_bufg_I_O)         0.029     0.823 r  CLK100MHZ_IBUF_BUFG_inst/O
                         net (fo=10192, unplaced)     0.259     1.082    u_fe256/ans_proof_reg_0_15_6_11/WCLK
                         RAMD32                                       r  u_fe256/ans_proof_reg_0_15_6_11/RAMB/CLK
                         clock pessimism             -0.209     0.873    <hidden>
                         RAMD32 (Hold_ramd32_CLK_I)
                                                      0.093     0.966    u_fe256/ans_proof_reg_0_15_6_11/RAMB
  -------------------------------------------------------------------
                         required time                         -0.966    <hidden>
                         arrival time                           1.020    <hidden>
  -------------------------------------------------------------------
                         slack                                  0.054    <hidden>

Slack (MET) :             0.056ns  (arrival time - required time)
  Source:                 u_fe256/e_prov_reg[16]/C
                            (rising edge-triggered cell FDRE clocked by sys_clk_pin  {rise@0.000ns fall@5.000ns period=10.000ns})
  Destination:            u_fe256/ans_proof_reg_0_15_18_23/RAMA/I
                            (rising edge-triggered cell RAMD32 clocked by sys_clk_pin  {rise@0.000ns fall@5.000ns period=10.000ns})
  Path Group:             sys_clk_pin
  Path Type:              Hold (Min at Fast Process Corner)
  Requirement:            0.000ns  (sys_clk_pin rise@0.000ns - sys_clk_pin rise@0.000ns)
  Data Path Delay:        0.295ns  (logic 0.147ns (49.767%)  route 0.148ns (50.233%))
  Logic Levels:           0  
  Clock Path Skew:        0.145ns (DCD - SCD - CPR)
    Destination Clock Delay (DCD):    1.082ns
    Source Clock Delay      (SCD):    0.728ns
    Clock Pessimism Removal (CPR):    0.209ns

    Location             Delay type                Incr(ns)  Path(ns)    Netlist Resource(s)
  -------------------------------------------------------------------    -------------------
                         (clock sys_clk_pin rise edge)
                                                      0.000     0.000 r  <hidden>
    E3                                                0.000     0.000 r  CLK100MHZ
                         net (fo=0)                   0.000     0.000    CLK100MHZ
    E3                   IBUF (Prop_ibuf_I_O)         0.250     0.250 r  CLK100MHZ_IBUF_inst/O
                         net (fo=1, unplaced)         0.338     0.588    CLK100MHZ_IBUF
                         BUFG (Prop_bufg_I_O)         0.026     0.614 r  CLK100MHZ_IBUF_BUFG_inst/O
                         net (fo=10192, unplaced)     0.114     0.728    u_fe256/clk
                         FDRE                                         r  u_fe256/e_prov_reg[16]/C
  -------------------------------------------------------------------    -------------------
                         FDRE (Prop_fdre_C_Q)         0.147     0.875 r  u_fe256/e_prov_reg[16]/Q
                         net (fo=3, unplaced)         0.148     1.023    u_fe256/ans_proof_reg_0_15_18_23/DIA0
                         RAMD32                                       r  u_fe256/ans_proof_reg_0_15_18_23/RAMA/I
  -------------------------------------------------------------------    -------------------

                         (clock sys_clk_pin rise edge)
                                                      0.000     0.000 r  <hidden>
    E3                                                0.000     0.000 r  CLK100MHZ
                         net (fo=0)                   0.000     0.000    CLK100MHZ
    E3                   IBUF (Prop_ibuf_I_O)         0.438     0.438 r  CLK100MHZ_IBUF_inst/O
                         net (fo=1, unplaced)         0.356     0.794    CLK100MHZ_IBUF
                         BUFG (Prop_bufg_I_O)         0.029     0.823 r  CLK100MHZ_IBUF_BUFG_inst/O
                         net (fo=10192, unplaced)     0.259     1.082    u_fe256/ans_proof_reg_0_15_18_23/WCLK
                         RAMD32                                       r  u_fe256/ans_proof_reg_0_15_18_23/RAMA/CLK
                         clock pessimism             -0.209     0.873    <hidden>
                         RAMD32 (Hold_ramd32_CLK_I)
                                                      0.094     0.967    u_fe256/ans_proof_reg_0_15_18_23/RAMA
  -------------------------------------------------------------------
                         required time                         -0.967    <hidden>
                         arrival time                           1.023    <hidden>
  -------------------------------------------------------------------
                         slack                                  0.056    <hidden>

Slack (MET) :             0.056ns  (arrival time - required time)
  Source:                 u_fe256/e_prov_reg[4]/C
                            (rising edge-triggered cell FDRE clocked by sys_clk_pin  {rise@0.000ns fall@5.000ns period=10.000ns})
  Destination:            u_fe256/ans_proof_reg_0_15_0_5/RAMC/I
                            (rising edge-triggered cell RAMD32 clocked by sys_clk_pin  {rise@0.000ns fall@5.000ns period=10.000ns})
  Path Group:             sys_clk_pin
  Path Type:              Hold (Min at Fast Process Corner)
  Requirement:            0.000ns  (sys_clk_pin rise@0.000ns - sys_clk_pin rise@0.000ns)
  Data Path Delay:        0.292ns  (logic 0.147ns (50.269%)  route 0.145ns (49.731%))
  Logic Levels:           0  
  Clock Path Skew:        0.145ns (DCD - SCD - CPR)
    Destination Clock Delay (DCD):    1.082ns
    Source Clock Delay      (SCD):    0.728ns
    Clock Pessimism Removal (CPR):    0.209ns

    Location             Delay type                Incr(ns)  Path(ns)    Netlist Resource(s)
  -------------------------------------------------------------------    -------------------
                         (clock sys_clk_pin rise edge)
                                                      0.000     0.000 r  <hidden>
    E3                                                0.000     0.000 r  CLK100MHZ
                         net (fo=0)                   0.000     0.000    CLK100MHZ
    E3                   IBUF (Prop_ibuf_I_O)         0.250     0.250 r  CLK100MHZ_IBUF_inst/O
                         net (fo=1, unplaced)         0.338     0.588    CLK100MHZ_IBUF
                         BUFG (Prop_bufg_I_O)         0.026     0.614 r  CLK100MHZ_IBUF_BUFG_inst/O
                         net (fo=10192, unplaced)     0.114     0.728    u_fe256/clk
                         FDRE                                         r  u_fe256/e_prov_reg[4]/C
  -------------------------------------------------------------------    -------------------
                         FDRE (Prop_fdre_C_Q)         0.147     0.875 r  u_fe256/e_prov_reg[4]/Q
                         net (fo=2, unplaced)         0.145     1.020    u_fe256/ans_proof_reg_0_15_0_5/DIC0
                         RAMD32                                       r  u_fe256/ans_proof_reg_0_15_0_5/RAMC/I
  -------------------------------------------------------------------    -------------------

                         (clock sys_clk_pin rise edge)
                                                      0.000     0.000 r  <hidden>
    E3                                                0.000     0.000 r  CLK100MHZ
                         net (fo=0)                   0.000     0.000    CLK100MHZ
    E3                   IBUF (Prop_ibuf_I_O)         0.438     0.438 r  CLK100MHZ_IBUF_inst/O
                         net (fo=1, unplaced)         0.356     0.794    CLK100MHZ_IBUF
                         BUFG (Prop_bufg_I_O)         0.029     0.823 r  CLK100MHZ_IBUF_BUFG_inst/O
                         net (fo=10192, unplaced)     0.259     1.082    u_fe256/ans_proof_reg_0_15_0_5/WCLK
                         RAMD32                                       r  u_fe256/ans_proof_reg_0_15_0_5/RAMC/CLK
                         clock pessimism             -0.209     0.873    <hidden>
                         RAMD32 (Hold_ramd32_CLK_I)
                                                      0.091     0.964    u_fe256/ans_proof_reg_0_15_0_5/RAMC
  -------------------------------------------------------------------
                         required time                         -0.964    <hidden>
                         arrival time                           1.020    <hidden>
  -------------------------------------------------------------------
                         slack                                  0.056    <hidden>

Slack (MET) :             0.056ns  (arrival time - required time)
  Source:                 u_fe256/e_prov_reg[10]/C
                            (rising edge-triggered cell FDRE clocked by sys_clk_pin  {rise@0.000ns fall@5.000ns period=10.000ns})
  Destination:            u_fe256/ans_proof_reg_0_15_6_11/RAMC/I
                            (rising edge-triggered cell RAMD32 clocked by sys_clk_pin  {rise@0.000ns fall@5.000ns period=10.000ns})
  Path Group:             sys_clk_pin
  Path Type:              Hold (Min at Fast Process Corner)
  Requirement:            0.000ns  (sys_clk_pin rise@0.000ns - sys_clk_pin rise@0.000ns)
  Data Path Delay:        0.292ns  (logic 0.147ns (50.269%)  route 0.145ns (49.731%))
  Logic Levels:           0  
  Clock Path Skew:        0.145ns (DCD - SCD - CPR)
    Destination Clock Delay (DCD):    1.082ns
    Source Clock Delay      (SCD):    0.728ns
    Clock Pessimism Removal (CPR):    0.209ns

    Location             Delay type                Incr(ns)  Path(ns)    Netlist Resource(s)
  -------------------------------------------------------------------    -------------------
                         (clock sys_clk_pin rise edge)
                                                      0.000     0.000 r  <hidden>
    E3                                                0.000     0.000 r  CLK100MHZ
                         net (fo=0)                   0.000     0.000    CLK100MHZ
    E3                   IBUF (Prop_ibuf_I_O)         0.250     0.250 r  CLK100MHZ_IBUF_inst/O
                         net (fo=1, unplaced)         0.338     0.588    CLK100MHZ_IBUF
                         BUFG (Prop_bufg_I_O)         0.026     0.614 r  CLK100MHZ_IBUF_BUFG_inst/O
                         net (fo=10192, unplaced)     0.114     0.728    u_fe256/clk
                         FDRE                                         r  u_fe256/e_prov_reg[10]/C
  -------------------------------------------------------------------    -------------------
                         FDRE (Prop_fdre_C_Q)         0.147     0.875 r  u_fe256/e_prov_reg[10]/Q
                         net (fo=2, unplaced)         0.145     1.020    u_fe256/ans_proof_reg_0_15_6_11/DIC0
                         RAMD32                                       r  u_fe256/ans_proof_reg_0_15_6_11/RAMC/I
  -------------------------------------------------------------------    -------------------

                         (clock sys_clk_pin rise edge)
                                                      0.000     0.000 r  <hidden>
    E3                                                0.000     0.000 r  CLK100MHZ
                         net (fo=0)                   0.000     0.000    CLK100MHZ
    E3                   IBUF (Prop_ibuf_I_O)         0.438     0.438 r  CLK100MHZ_IBUF_inst/O
                         net (fo=1, unplaced)         0.356     0.794    CLK100MHZ_IBUF
                         BUFG (Prop_bufg_I_O)         0.029     0.823 r  CLK100MHZ_IBUF_BUFG_inst/O
                         net (fo=10192, unplaced)     0.259     1.082    u_fe256/ans_proof_reg_0_15_6_11/WCLK
                         RAMD32                                       r  u_fe256/ans_proof_reg_0_15_6_11/RAMC/CLK
                         clock pessimism             -0.209     0.873    <hidden>
                         RAMD32 (Hold_ramd32_CLK_I)
                                                      0.091     0.964    u_fe256/ans_proof_reg_0_15_6_11/RAMC
  -------------------------------------------------------------------
                         required time                         -0.964    <hidden>
                         arrival time                           1.020    <hidden>
  -------------------------------------------------------------------
                         slack                                  0.056    <hidden>

Slack (MET) :             0.061ns  (arrival time - required time)
  Source:                 u_fe256/rr_reg[0]/C
                            (rising edge-triggered cell FDRE clocked by sys_clk_pin  {rise@0.000ns fall@5.000ns period=10.000ns})
  Destination:            u_fe256/refs_reg_0_15_0_5/RAMA/I
                            (rising edge-triggered cell RAMD32 clocked by sys_clk_pin  {rise@0.000ns fall@5.000ns period=10.000ns})
  Path Group:             sys_clk_pin
  Path Type:              Hold (Min at Fast Process Corner)
  Requirement:            0.000ns  (sys_clk_pin rise@0.000ns - sys_clk_pin rise@0.000ns)
  Data Path Delay:        0.300ns  (logic 0.147ns (49.067%)  route 0.153ns (50.933%))
  Logic Levels:           0  
  Clock Path Skew:        0.145ns (DCD - SCD - CPR)
    Destination Clock Delay (DCD):    1.082ns
    Source Clock Delay      (SCD):    0.728ns
    Clock Pessimism Removal (CPR):    0.209ns

    Location             Delay type                Incr(ns)  Path(ns)    Netlist Resource(s)
  -------------------------------------------------------------------    -------------------
                         (clock sys_clk_pin rise edge)
                                                      0.000     0.000 r  <hidden>
    E3                                                0.000     0.000 r  CLK100MHZ
                         net (fo=0)                   0.000     0.000    CLK100MHZ
    E3                   IBUF (Prop_ibuf_I_O)         0.250     0.250 r  CLK100MHZ_IBUF_inst/O
                         net (fo=1, unplaced)         0.338     0.588    CLK100MHZ_IBUF
                         BUFG (Prop_bufg_I_O)         0.026     0.614 r  CLK100MHZ_IBUF_BUFG_inst/O
                         net (fo=10192, unplaced)     0.114     0.728    u_fe256/clk
                         FDRE                                         r  u_fe256/rr_reg[0]/C
  -------------------------------------------------------------------    -------------------
                         FDRE (Prop_fdre_C_Q)         0.147     0.875 r  u_fe256/rr_reg[0]/Q
                         net (fo=5, unplaced)         0.153     1.028    u_fe256/refs_reg_0_15_0_5/DIA0
                         RAMD32                                       r  u_fe256/refs_reg_0_15_0_5/RAMA/I
  -------------------------------------------------------------------    -------------------

                         (clock sys_clk_pin rise edge)
                                                      0.000     0.000 r  <hidden>
    E3                                                0.000     0.000 r  CLK100MHZ
                         net (fo=0)                   0.000     0.000    CLK100MHZ
    E3                   IBUF (Prop_ibuf_I_O)         0.438     0.438 r  CLK100MHZ_IBUF_inst/O
                         net (fo=1, unplaced)         0.356     0.794    CLK100MHZ_IBUF
                         BUFG (Prop_bufg_I_O)         0.029     0.823 r  CLK100MHZ_IBUF_BUFG_inst/O
                         net (fo=10192, unplaced)     0.259     1.082    u_fe256/refs_reg_0_15_0_5/WCLK
                         RAMD32                                       r  u_fe256/refs_reg_0_15_0_5/RAMA/CLK
                         clock pessimism             -0.209     0.873    <hidden>
                         RAMD32 (Hold_ramd32_CLK_I)
                                                      0.094     0.967    u_fe256/refs_reg_0_15_0_5/RAMA
  -------------------------------------------------------------------
                         required time                         -0.967    <hidden>
                         arrival time                           1.028    <hidden>
  -------------------------------------------------------------------
                         slack                                  0.061    <hidden>

Slack (MET) :             0.061ns  (arrival time - required time)
  Source:                 u_fe256/rr_reg[12]/C
                            (rising edge-triggered cell FDRE clocked by sys_clk_pin  {rise@0.000ns fall@5.000ns period=10.000ns})
  Destination:            u_fe256/refs_reg_0_15_12_17/RAMA/I
                            (rising edge-triggered cell RAMD32 clocked by sys_clk_pin  {rise@0.000ns fall@5.000ns period=10.000ns})
  Path Group:             sys_clk_pin
  Path Type:              Hold (Min at Fast Process Corner)
  Requirement:            0.000ns  (sys_clk_pin rise@0.000ns - sys_clk_pin rise@0.000ns)
  Data Path Delay:        0.300ns  (logic 0.147ns (49.067%)  route 0.153ns (50.933%))
  Logic Levels:           0  
  Clock Path Skew:        0.145ns (DCD - SCD - CPR)
    Destination Clock Delay (DCD):    1.082ns
    Source Clock Delay      (SCD):    0.728ns
    Clock Pessimism Removal (CPR):    0.209ns

    Location             Delay type                Incr(ns)  Path(ns)    Netlist Resource(s)
  -------------------------------------------------------------------    -------------------
                         (clock sys_clk_pin rise edge)
                                                      0.000     0.000 r  <hidden>
    E3                                                0.000     0.000 r  CLK100MHZ
                         net (fo=0)                   0.000     0.000    CLK100MHZ
    E3                   IBUF (Prop_ibuf_I_O)         0.250     0.250 r  CLK100MHZ_IBUF_inst/O
                         net (fo=1, unplaced)         0.338     0.588    CLK100MHZ_IBUF
                         BUFG (Prop_bufg_I_O)         0.026     0.614 r  CLK100MHZ_IBUF_BUFG_inst/O
                         net (fo=10192, unplaced)     0.114     0.728    u_fe256/clk
                         FDRE                                         r  u_fe256/rr_reg[12]/C
  -------------------------------------------------------------------    -------------------
                         FDRE (Prop_fdre_C_Q)         0.147     0.875 r  u_fe256/rr_reg[12]/Q
                         net (fo=5, unplaced)         0.153     1.028    u_fe256/refs_reg_0_15_12_17/DIA0
                         RAMD32                                       r  u_fe256/refs_reg_0_15_12_17/RAMA/I
  -------------------------------------------------------------------    -------------------

                         (clock sys_clk_pin rise edge)
                                                      0.000     0.000 r  <hidden>
    E3                                                0.000     0.000 r  CLK100MHZ
                         net (fo=0)                   0.000     0.000    CLK100MHZ
    E3                   IBUF (Prop_ibuf_I_O)         0.438     0.438 r  CLK100MHZ_IBUF_inst/O
                         net (fo=1, unplaced)         0.356     0.794    CLK100MHZ_IBUF
                         BUFG (Prop_bufg_I_O)         0.029     0.823 r  CLK100MHZ_IBUF_BUFG_inst/O
                         net (fo=10192, unplaced)     0.259     1.082    u_fe256/refs_reg_0_15_12_17/WCLK
                         RAMD32                                       r  u_fe256/refs_reg_0_15_12_17/RAMA/CLK
                         clock pessimism             -0.209     0.873    <hidden>
                         RAMD32 (Hold_ramd32_CLK_I)
                                                      0.094     0.967    u_fe256/refs_reg_0_15_12_17/RAMA
  -------------------------------------------------------------------
                         required time                         -0.967    <hidden>
                         arrival time                           1.028    <hidden>
  -------------------------------------------------------------------
                         slack                                  0.061    <hidden>

Slack (MET) :             0.061ns  (arrival time - required time)
  Source:                 u_fe256/rr_reg[18]/C
                            (rising edge-triggered cell FDRE clocked by sys_clk_pin  {rise@0.000ns fall@5.000ns period=10.000ns})
  Destination:            u_fe256/refs_reg_0_15_18_23/RAMA/I
                            (rising edge-triggered cell RAMD32 clocked by sys_clk_pin  {rise@0.000ns fall@5.000ns period=10.000ns})
  Path Group:             sys_clk_pin
  Path Type:              Hold (Min at Fast Process Corner)
  Requirement:            0.000ns  (sys_clk_pin rise@0.000ns - sys_clk_pin rise@0.000ns)
  Data Path Delay:        0.300ns  (logic 0.147ns (49.067%)  route 0.153ns (50.933%))
  Logic Levels:           0  
  Clock Path Skew:        0.145ns (DCD - SCD - CPR)
    Destination Clock Delay (DCD):    1.082ns
    Source Clock Delay      (SCD):    0.728ns
    Clock Pessimism Removal (CPR):    0.209ns

    Location             Delay type                Incr(ns)  Path(ns)    Netlist Resource(s)
  -------------------------------------------------------------------    -------------------
                         (clock sys_clk_pin rise edge)
                                                      0.000     0.000 r  <hidden>
    E3                                                0.000     0.000 r  CLK100MHZ
                         net (fo=0)                   0.000     0.000    CLK100MHZ
    E3                   IBUF (Prop_ibuf_I_O)         0.250     0.250 r  CLK100MHZ_IBUF_inst/O
                         net (fo=1, unplaced)         0.338     0.588    CLK100MHZ_IBUF
                         BUFG (Prop_bufg_I_O)         0.026     0.614 r  CLK100MHZ_IBUF_BUFG_inst/O
                         net (fo=10192, unplaced)     0.114     0.728    u_fe256/clk
                         FDRE                                         r  u_fe256/rr_reg[18]/C
  -------------------------------------------------------------------    -------------------
                         FDRE (Prop_fdre_C_Q)         0.147     0.875 r  u_fe256/rr_reg[18]/Q
                         net (fo=5, unplaced)         0.153     1.028    u_fe256/refs_reg_0_15_18_23/DIA0
                         RAMD32                                       r  u_fe256/refs_reg_0_15_18_23/RAMA/I
  -------------------------------------------------------------------    -------------------

                         (clock sys_clk_pin rise edge)
                                                      0.000     0.000 r  <hidden>
    E3                                                0.000     0.000 r  CLK100MHZ
                         net (fo=0)                   0.000     0.000    CLK100MHZ
    E3                   IBUF (Prop_ibuf_I_O)         0.438     0.438 r  CLK100MHZ_IBUF_inst/O
                         net (fo=1, unplaced)         0.356     0.794    CLK100MHZ_IBUF
                         BUFG (Prop_bufg_I_O)         0.029     0.823 r  CLK100MHZ_IBUF_BUFG_inst/O
                         net (fo=10192, unplaced)     0.259     1.082    u_fe256/refs_reg_0_15_18_23/WCLK
                         RAMD32                                       r  u_fe256/refs_reg_0_15_18_23/RAMA/CLK
                         clock pessimism             -0.209     0.873    <hidden>
                         RAMD32 (Hold_ramd32_CLK_I)
                                                      0.094     0.967    u_fe256/refs_reg_0_15_18_23/RAMA
  -------------------------------------------------------------------
                         required time                         -0.967    <hidden>
                         arrival time                           1.028    <hidden>
  -------------------------------------------------------------------
                         slack                                  0.061    <hidden>





Pulse Width Checks
--------------------------------------------------------------------------------------
Clock Name:         sys_clk_pin
Waveform(ns):       { 0.000 5.000 }
Period(ns):         10.000
Sources:            { CLK100MHZ }

Check Type        Corner  Lib Pin             Reference Pin  Required(ns)  Actual(ns)  Slack(ns)  Location  Pin
Min Period        n/a     DSP48E1/CLK         n/a            3.884         10.000      6.116                u_q/da_r_reg/CLK
Min Period        n/a     RAMB36E1/CLKARDCLK  n/a            2.944         10.000      7.056                u_dest/dest_reg_0/CLKARDCLK
Min Period        n/a     RAMB36E1/CLKARDCLK  n/a            2.944         10.000      7.056                u_dest/dest_reg_1/CLKARDCLK
Min Period        n/a     RAMB36E1/CLKARDCLK  n/a            2.944         10.000      7.056                u_dest/dest_reg_10/CLKARDCLK
Min Period        n/a     RAMB36E1/CLKARDCLK  n/a            2.944         10.000      7.056                u_dest/dest_reg_11/CLKARDCLK
Min Period        n/a     RAMB36E1/CLKARDCLK  n/a            2.944         10.000      7.056                u_dest/dest_reg_12/CLKARDCLK
Min Period        n/a     RAMB36E1/CLKARDCLK  n/a            2.944         10.000      7.056                u_dest/dest_reg_13/CLKARDCLK
Min Period        n/a     RAMB36E1/CLKARDCLK  n/a            2.944         10.000      7.056                u_dest/dest_reg_14/CLKARDCLK
Min Period        n/a     RAMB36E1/CLKARDCLK  n/a            2.944         10.000      7.056                u_dest/dest_reg_15/CLKARDCLK
Min Period        n/a     RAMB36E1/CLKARDCLK  n/a            2.944         10.000      7.056                u_dest/dest_reg_2/CLKARDCLK
Low Pulse Width   Slow    RAMD32/CLK          n/a            1.250         5.000       3.750                u_fe256/ans_proof_reg_0_15_0_5/RAMA/CLK
Low Pulse Width   Fast    RAMD32/CLK          n/a            1.250         5.000       3.750                u_fe256/ans_proof_reg_0_15_0_5/RAMA/CLK
Low Pulse Width   Slow    RAMD32/CLK          n/a            1.250         5.000       3.750                u_fe256/ans_proof_reg_0_15_0_5/RAMA_D1/CLK
Low Pulse Width   Fast    RAMD32/CLK          n/a            1.250         5.000       3.750                u_fe256/ans_proof_reg_0_15_0_5/RAMA_D1/CLK
Low Pulse Width   Slow    RAMD32/CLK          n/a            1.250         5.000       3.750                u_fe256/ans_proof_reg_0_15_0_5/RAMB/CLK
Low Pulse Width   Fast    RAMD32/CLK          n/a            1.250         5.000       3.750                u_fe256/ans_proof_reg_0_15_0_5/RAMB/CLK
Low Pulse Width   Slow    RAMD32/CLK          n/a            1.250         5.000       3.750                u_fe256/ans_proof_reg_0_15_0_5/RAMB_D1/CLK
Low Pulse Width   Fast    RAMD32/CLK          n/a            1.250         5.000       3.750                u_fe256/ans_proof_reg_0_15_0_5/RAMB_D1/CLK
Low Pulse Width   Slow    RAMD32/CLK          n/a            1.250         5.000       3.750                u_fe256/ans_proof_reg_0_15_0_5/RAMC/CLK
Low Pulse Width   Fast    RAMD32/CLK          n/a            1.250         5.000       3.750                u_fe256/ans_proof_reg_0_15_0_5/RAMC/CLK
High Pulse Width  Slow    RAMD32/CLK          n/a            1.250         5.000       3.750                u_fe256/ans_proof_reg_0_15_0_5/RAMA/CLK
High Pulse Width  Fast    RAMD32/CLK          n/a            1.250         5.000       3.750                u_fe256/ans_proof_reg_0_15_0_5/RAMA/CLK
High Pulse Width  Slow    RAMD32/CLK          n/a            1.250         5.000       3.750                u_fe256/ans_proof_reg_0_15_0_5/RAMA_D1/CLK
High Pulse Width  Fast    RAMD32/CLK          n/a            1.250         5.000       3.750                u_fe256/ans_proof_reg_0_15_0_5/RAMA_D1/CLK
High Pulse Width  Slow    RAMD32/CLK          n/a            1.250         5.000       3.750                u_fe256/ans_proof_reg_0_15_0_5/RAMB/CLK
High Pulse Width  Fast    RAMD32/CLK          n/a            1.250         5.000       3.750                u_fe256/ans_proof_reg_0_15_0_5/RAMB/CLK
High Pulse Width  Slow    RAMD32/CLK          n/a            1.250         5.000       3.750                u_fe256/ans_proof_reg_0_15_0_5/RAMB_D1/CLK
High Pulse Width  Fast    RAMD32/CLK          n/a            1.250         5.000       3.750                u_fe256/ans_proof_reg_0_15_0_5/RAMB_D1/CLK
High Pulse Width  Slow    RAMD32/CLK          n/a            1.250         5.000       3.750                u_fe256/ans_proof_reg_0_15_0_5/RAMC/CLK
High Pulse Width  Fast    RAMD32/CLK          n/a            1.250         5.000       3.750                u_fe256/ans_proof_reg_0_15_0_5/RAMC/CLK



