Copyright 1986-2022 Xilinx, Inc. All Rights Reserved. Copyright 2022-2026 Advanced Micro Devices, Inc. All Rights Reserved.
---------------------------------------------------------------------------------------------------------------------------------------------
| Tool Version : Vivado v.2026.1 (win64) Build 6511674 Tue Jun 16 11:02:23 MDT 2026
| Date         : Wed Sep 16 21:50:27 2026
| Host         : laptop-Quan running 64-bit major release  (build 9200)
| Command      : report_timing -max_paths 5 -file D:/FPGA/arty_d/fe256_ooc/reports/crit.rpt
| Design       : fe256_query_path
| Device       : 7a100t-csg324
| Speed File   : -1  PRODUCTION 1.23 2018-06-13
| Design State : Synthesized
---------------------------------------------------------------------------------------------------------------------------------------------

Timing Report

Slack (VIOLATED) :        -75.723ns  (required time - arrival time)
  Source:                 hit_prov_reg[0][2]/C
                            (rising edge-triggered cell FDRE clocked by clk  {rise@0.000ns fall@5.000ns period=10.000ns})
  Destination:            pref_reg[0]/R
                            (rising edge-triggered cell FDRE clocked by clk  {rise@0.000ns fall@5.000ns period=10.000ns})
  Path Group:             clk
  Path Type:              Setup (Max at Slow Process Corner)
  Requirement:            10.000ns  (clk rise@10.000ns - clk rise@0.000ns)
  Data Path Delay:        85.082ns  (logic 29.176ns (34.292%)  route 55.906ns (65.708%))
  Logic Levels:           144  (CARRY4=44 LUT2=5 LUT3=9 LUT4=9 LUT5=27 LUT6=50)
  Clock Path Skew:        -0.049ns (DCD - SCD + CPR)
    Destination Clock Delay (DCD):    0.924ns = ( 10.924 - 10.000 ) 
    Source Clock Delay      (SCD):    0.973ns
    Clock Pessimism Removal (CPR):    0.000ns
  Clock Uncertainty:      0.035ns  ((TSJ^2 + TIJ^2)^1/2 + DJ) / 2 + PE
    Total System Jitter     (TSJ):    0.071ns
    Total Input Jitter      (TIJ):    0.000ns
    Discrete Jitter          (DJ):    0.000ns
    Phase Error              (PE):    0.000ns

    Location             Delay type                Incr(ns)  Path(ns)    Netlist Resource(s)
  -------------------------------------------------------------------    -------------------
                         (clock clk rise edge)        0.000     0.000 r  <hidden>
                                                      0.000     0.000 r  clk
                         net (fo=11503, unset)        0.973     0.973    clk
                         FDRE                                         r  hit_prov_reg[0][2]/C
  -------------------------------------------------------------------    -------------------
                         FDRE (Prop_fdre_C_Q)         0.478     1.451 r  hit_prov_reg[0][2]/Q
                         net (fo=2, unplaced)         0.774     2.225    hit_prov_reg_n_0_[0][2]
                         LUT4 (Prop_lut4_I1_O)        0.295     2.520 r  fin.refs[4][19]_i_101/O
                         net (fo=1, unplaced)         0.732     3.252    fin.refs[4][19]_i_101_n_0
                         LUT6 (Prop_lut6_I1_O)        0.124     3.376 f  fin.refs[4][19]_i_57/O
                         net (fo=11, unplaced)        0.495     3.871    fin.refs[4][19]_i_57_n_0
                         LUT5 (Prop_lut5_I0_O)        0.124     3.995 r  fin.refs[4][19]_i_27/O
                         net (fo=222, unplaced)       0.569     4.564    fin.refs[4][19]_i_27_n_0
                         LUT4 (Prop_lut4_I0_O)        0.124     4.688 r  fin.refs[2][20]_i_862/O
                         net (fo=4, unplaced)         0.756     5.444    fin.refs[2][20]_i_862_n_0
                         LUT6 (Prop_lut6_I0_O)        0.124     5.568 r  fin.refs[2][20]_i_734/O
                         net (fo=1, unplaced)         0.000     5.568    fin.refs[2][20]_i_734_n_0
                         CARRY4 (Prop_carry4_S[1]_CO[3])
                                                      0.533     6.101 r  fin.refs_reg[2][20]_i_533/CO[3]
                         net (fo=1, unplaced)         0.000     6.101    fin.refs_reg[2][20]_i_533_n_0
                         CARRY4 (Prop_carry4_CI_CO[3])
                                                      0.117     6.218 r  fin.refs_reg[2][20]_i_314/CO[3]
                         net (fo=1, unplaced)         0.000     6.218    fin.refs_reg[2][20]_i_314_n_0
                         CARRY4 (Prop_carry4_CI_CO[2])
                                                      0.252     6.470 r  fin.refs_reg[2][20]_i_175/CO[2]
                         net (fo=46, unplaced)        0.532     7.002    fin.nrefs2
                         LUT3 (Prop_lut3_I1_O)        0.310     7.312 r  fin.refs[1][31]_i_38/O
                         net (fo=82, unplaced)        0.544     7.856    fin.refs[1][31]_i_38_n_0
                         LUT5 (Prop_lut5_I1_O)        0.124     7.980 r  fin.refs[2][20]_i_854/O
                         net (fo=1, unplaced)         0.732     8.712    fin.refs[2][20]_i_854_n_0
                         LUT6 (Prop_lut6_I0_O)        0.124     8.836 r  fin.refs[2][20]_i_722/O
                         net (fo=1, unplaced)         0.000     8.836    fin.refs[2][20]_i_722_n_0
                         CARRY4 (Prop_carry4_S[1]_CO[3])
                                                      0.533     9.369 r  fin.refs_reg[2][20]_i_528/CO[3]
                         net (fo=1, unplaced)         0.000     9.369    fin.refs_reg[2][20]_i_528_n_0
                         CARRY4 (Prop_carry4_CI_CO[3])
                                                      0.117     9.486 r  fin.refs_reg[2][20]_i_310/CO[3]
                         net (fo=1, unplaced)         0.000     9.486    fin.refs_reg[2][20]_i_310_n_0
                         CARRY4 (Prop_carry4_CI_CO[2])
                                                      0.252     9.738 r  fin.refs_reg[2][20]_i_174/CO[2]
                         net (fo=3, unplaced)         0.470    10.208    fin.seenr2247_out
                         LUT6 (Prop_lut6_I0_O)        0.310    10.518 r  fin.refs[2][20]_i_92/O
                         net (fo=90, unplaced)        0.546    11.064    fin.refs[2][20]_i_92_n_0
                         LUT5 (Prop_lut5_I1_O)        0.124    11.188 r  fin.refs[4][31]_i_316/O
                         net (fo=1, unplaced)         0.732    11.920    fin.refs[4][31]_i_316_n_0
                         LUT6 (Prop_lut6_I0_O)        0.124    12.044 r  fin.refs[4][31]_i_211/O
                         net (fo=1, unplaced)         0.000    12.044    fin.refs[4][31]_i_211_n_0
                         CARRY4 (Prop_carry4_S[1]_CO[3])
                                                      0.533    12.577 r  fin.refs_reg[4][31]_i_133/CO[3]
                         net (fo=1, unplaced)         0.000    12.577    fin.refs_reg[4][31]_i_133_n_0
                         CARRY4 (Prop_carry4_CI_CO[3])
                                                      0.117    12.694 r  fin.refs_reg[4][31]_i_80/CO[3]
                         net (fo=1, unplaced)         0.000    12.694    fin.refs_reg[4][31]_i_80_n_0
                         CARRY4 (Prop_carry4_CI_CO[2])
                                                      0.252    12.946 f  fin.refs_reg[4][31]_i_46/CO[2]
                         net (fo=4, unplaced)         0.476    13.422    fin.seenr2242_out
                         LUT5 (Prop_lut5_I1_O)        0.310    13.732 f  fin.refs[4][31]_i_54/O
                         net (fo=9, unplaced)         0.490    14.222    fin.refs[4][31]_i_54_n_0
                         LUT4 (Prop_lut4_I0_O)        0.124    14.346 r  fin.refs[2][20]_i_93/O
                         net (fo=63, unplaced)        0.537    14.883    fin.refs[2][20]_i_93_n_0
                         LUT5 (Prop_lut5_I1_O)        0.124    15.007 r  fin.refs[2][3]_i_14/O
                         net (fo=2, unplaced)         0.743    15.750    fin.refs[2][3]_i_14_n_0
                         LUT6 (Prop_lut6_I0_O)        0.124    15.874 r  fin.refs[4][31]_i_275/O
                         net (fo=1, unplaced)         0.000    15.874    fin.refs[4][31]_i_275_n_0
                         CARRY4 (Prop_carry4_S[1]_CO[3])
                                                      0.533    16.407 r  fin.refs_reg[4][31]_i_167/CO[3]
                         net (fo=1, unplaced)         0.000    16.407    fin.refs_reg[4][31]_i_167_n_0
                         CARRY4 (Prop_carry4_CI_CO[3])
                                                      0.117    16.524 r  fin.refs_reg[4][31]_i_100/CO[3]
                         net (fo=1, unplaced)         0.000    16.524    fin.refs_reg[4][31]_i_100_n_0
                         CARRY4 (Prop_carry4_CI_CO[2])
                                                      0.252    16.776 r  fin.refs_reg[4][31]_i_59/CO[2]
                         net (fo=2, unplaced)         0.463    17.239    fin.seenr2233_out
                         LUT6 (Prop_lut6_I0_O)        0.310    17.549 r  fin.refs[4][31]_i_53/O
                         net (fo=4, unplaced)         0.473    18.022    fin.refs[4][31]_i_53_n_0
                         LUT6 (Prop_lut6_I4_O)        0.124    18.146 r  fin.refs[4][31]_i_25/O
                         net (fo=59, unplaced)        0.535    18.681    fin.refs[4][31]_i_25_n_0
                         LUT2 (Prop_lut2_I1_O)        0.124    18.805 r  fin.refs[4][31]_i_11/O
                         net (fo=81, unplaced)        0.543    19.348    fin.refs[4][31]_i_11_n_0
                         LUT5 (Prop_lut5_I1_O)        0.124    19.472 r  fin.refs[4][31]_i_375/O
                         net (fo=1, unplaced)         0.732    20.204    fin.refs[4][31]_i_375_n_0
                         LUT6 (Prop_lut6_I0_O)        0.124    20.328 r  fin.refs[4][31]_i_305/O
                         net (fo=1, unplaced)         0.000    20.328    fin.refs[4][31]_i_305_n_0
                         CARRY4 (Prop_carry4_S[1]_CO[3])
                                                      0.533    20.861 r  fin.refs_reg[4][31]_i_204/CO[3]
                         net (fo=1, unplaced)         0.000    20.861    fin.refs_reg[4][31]_i_204_n_0
                         CARRY4 (Prop_carry4_CI_CO[3])
                                                      0.117    20.978 r  fin.refs_reg[4][31]_i_129/CO[3]
                         net (fo=1, unplaced)         0.000    20.978    fin.refs_reg[4][31]_i_129_n_0
                         CARRY4 (Prop_carry4_CI_CO[2])
                                                      0.252    21.230 f  fin.refs_reg[4][31]_i_79/CO[2]
                         net (fo=2, unplaced)         0.463    21.693    fin.seenr2226_out
                         LUT6 (Prop_lut6_I5_O)        0.310    22.003 f  fin.refs[4][31]_i_45/O
                         net (fo=3, unplaced)         0.750    22.753    fin.refs[4][31]_i_45_n_0
                         LUT6 (Prop_lut6_I0_O)        0.124    22.877 r  fin.refs[4][31]_i_27/O
                         net (fo=56, unplaced)        0.534    23.411    fin.refs[4][31]_i_27_n_0
                         LUT5 (Prop_lut5_I2_O)        0.124    23.535 r  fin.refs[4][31]_i_12/O
                         net (fo=62, unplaced)        0.537    24.072    fin.refs[4][31]_i_12_n_0
                         LUT5 (Prop_lut5_I1_O)        0.124    24.196 r  fin.refs[4][3]_i_9/O
                         net (fo=2, unplaced)         0.743    24.939    fin.refs[4][3]_i_9_n_0
                         LUT6 (Prop_lut6_I0_O)        0.124    25.063 r  fin.refs[2][20]_i_848/O
                         net (fo=1, unplaced)         0.000    25.063    fin.refs[2][20]_i_848_n_0
                         CARRY4 (Prop_carry4_S[1]_CO[3])
                                                      0.533    25.596 r  fin.refs_reg[2][20]_i_698/CO[3]
                         net (fo=1, unplaced)         0.000    25.596    fin.refs_reg[2][20]_i_698_n_0
                         CARRY4 (Prop_carry4_CI_CO[3])
                                                      0.117    25.713 r  fin.refs_reg[2][20]_i_481/CO[3]
                         net (fo=1, unplaced)         0.000    25.713    fin.refs_reg[2][20]_i_481_n_0
                         CARRY4 (Prop_carry4_CI_CO[2])
                                                      0.252    25.965 f  fin.refs_reg[2][20]_i_270/CO[2]
                         net (fo=1, unplaced)         0.452    26.417    fin.seenr2213_out
                         LUT3 (Prop_lut3_I2_O)        0.310    26.727 r  fin.refs[2][20]_i_150/O
                         net (fo=1, unplaced)         0.449    27.176    fin.refs[2][20]_i_150_n_0
                         LUT6 (Prop_lut6_I1_O)        0.124    27.300 f  fin.refs[2][20]_i_81/O
                         net (fo=3, unplaced)         0.467    27.767    fin.refs[2][20]_i_81_n_0
                         LUT5 (Prop_lut5_I3_O)        0.124    27.891 f  fin.refs[6][20]_i_27/O
                         net (fo=38, unplaced)        0.524    28.415    fin.refs[6][20]_i_27_n_0
                         LUT3 (Prop_lut3_I0_O)        0.124    28.539 r  fin.refs[1][31]_i_18/O
                         net (fo=52, unplaced)        0.532    29.071    fin.refs[1][31]_i_18_n_0
                         LUT5 (Prop_lut5_I3_O)        0.124    29.195 r  fin.refs[1][3]_i_6/O
                         net (fo=2, unplaced)         0.743    29.938    fin.refs[1][3]_i_6_n_0
                         LUT6 (Prop_lut6_I0_O)        0.124    30.062 r  fin.refs[7][31]_i_127/O
                         net (fo=1, unplaced)         0.000    30.062    fin.refs[7][31]_i_127_n_0
                         CARRY4 (Prop_carry4_S[1]_CO[3])
                                                      0.533    30.595 r  fin.refs_reg[7][31]_i_65/CO[3]
                         net (fo=1, unplaced)         0.000    30.595    fin.refs_reg[7][31]_i_65_n_0
                         CARRY4 (Prop_carry4_CI_CO[3])
                                                      0.117    30.712 r  fin.refs_reg[7][31]_i_32/CO[3]
                         net (fo=1, unplaced)         0.000    30.712    fin.refs_reg[7][31]_i_32_n_0
                         CARRY4 (Prop_carry4_CI_CO[2])
                                                      0.252    30.964 f  fin.refs_reg[7][31]_i_21/CO[2]
                         net (fo=1, unplaced)         0.452    31.416    fin.seenr2192_out
                         LUT6 (Prop_lut6_I5_O)        0.310    31.726 f  fin.refs[7][31]_i_12/O
                         net (fo=6, unplaced)         0.764    32.490    fin.refs[7][31]_i_12_n_0
                         LUT6 (Prop_lut6_I0_O)        0.124    32.614 f  fin.refs[4][31]_i_31/O
                         net (fo=45, unplaced)        0.529    33.143    fin.refs[4][31]_i_31_n_0
                         LUT2 (Prop_lut2_I1_O)        0.116    33.259 f  fin.refs[6][20]_i_25/O
                         net (fo=14, unplaced)        0.500    33.759    fin.refs[6][20]_i_25_n_0
                         LUT4 (Prop_lut4_I3_O)        0.124    33.883 r  fin.refs[4][31]_i_13/O
                         net (fo=40, unplaced)        0.526    34.409    fin.refs[4][31]_i_13_n_0
                         LUT5 (Prop_lut5_I3_O)        0.124    34.533 r  fin.refs[4][3]_i_7/O
                         net (fo=3, unplaced)         0.750    35.283    fin.refs180_in[3]
                         LUT6 (Prop_lut6_I0_O)        0.124    35.407 r  fin.refs[2][20]_i_505/O
                         net (fo=1, unplaced)         0.000    35.407    fin.refs[2][20]_i_505_n_0
                         CARRY4 (Prop_carry4_S[1]_CO[3])
                                                      0.533    35.940 r  fin.refs_reg[2][20]_i_280/CO[3]
                         net (fo=1, unplaced)         0.000    35.940    fin.refs_reg[2][20]_i_280_n_0
                         CARRY4 (Prop_carry4_CI_CO[3])
                                                      0.117    36.057 r  fin.refs_reg[2][20]_i_157/CO[3]
                         net (fo=1, unplaced)         0.000    36.057    fin.refs_reg[2][20]_i_157_n_0
                         CARRY4 (Prop_carry4_CI_CO[2])
                                                      0.252    36.309 f  fin.refs_reg[2][20]_i_84/CO[2]
                         net (fo=3, unplaced)         0.470    36.779    fin.seenr2181_out
                         LUT3 (Prop_lut3_I2_O)        0.310    37.089 r  fin.refs[2][20]_i_139/O
                         net (fo=1, unplaced)         0.449    37.538    fin.refs[2][20]_i_139_n_0
                         LUT6 (Prop_lut6_I3_O)        0.124    37.662 f  fin.refs[2][20]_i_76/O
                         net (fo=8, unplaced)         0.487    38.149    fin.refs[2][20]_i_76_n_0
                         LUT6 (Prop_lut6_I0_O)        0.124    38.273 f  fin.refs[2][20]_i_41/O
                         net (fo=33, unplaced)        0.521    38.794    fin.refs[2][20]_i_41_n_0
                         LUT6 (Prop_lut6_I0_O)        0.124    38.918 f  fin.refs[2][20]_i_17/O
                         net (fo=182, unplaced)       0.564    39.482    fin.refs[2][20]_i_17_n_0
                         LUT4 (Prop_lut4_I2_O)        0.124    39.606 r  fin.refs[7][31]_i_10/O
                         net (fo=40, unplaced)        0.526    40.132    fin.refs[7][31]_i_10_n_0
                         LUT5 (Prop_lut5_I1_O)        0.124    40.256 r  fin.refs[7][4]_i_6/O
                         net (fo=3, unplaced)         0.750    41.006    fin.refs167_in[4]
                         LUT6 (Prop_lut6_I1_O)        0.124    41.130 r  fin.refs[2][20]_i_772/O
                         net (fo=1, unplaced)         0.000    41.130    fin.refs[2][20]_i_772_n_0
                         CARRY4 (Prop_carry4_S[1]_CO[3])
                                                      0.533    41.663 r  fin.refs_reg[2][20]_i_559/CO[3]
                         net (fo=1, unplaced)         0.000    41.663    fin.refs_reg[2][20]_i_559_n_0
                         CARRY4 (Prop_carry4_CI_CO[3])
                                                      0.117    41.780 r  fin.refs_reg[2][20]_i_330/CO[3]
                         net (fo=1, unplaced)         0.000    41.780    fin.refs_reg[2][20]_i_330_n_0
                         CARRY4 (Prop_carry4_CI_CO[2])
                                                      0.252    42.032 f  fin.refs_reg[2][20]_i_180/CO[2]
                         net (fo=1, unplaced)         0.735    42.767    fin.seenr2168_out
                         LUT6 (Prop_lut6_I0_O)        0.310    43.077 f  fin.refs[2][20]_i_96/O
                         net (fo=1, unplaced)         0.449    43.526    fin.refs[2][20]_i_96_n_0
                         LUT6 (Prop_lut6_I1_O)        0.124    43.650 f  fin.refs[2][20]_i_51/O
                         net (fo=17, unplaced)        0.505    44.155    fin.refs[2][20]_i_51_n_0
                         LUT5 (Prop_lut5_I3_O)        0.116    44.271 r  fin.refs[2][20]_i_50/O
                         net (fo=3, unplaced)         0.467    44.738    fin.refs[2][20]_i_50_n_0
                         LUT3 (Prop_lut3_I0_O)        0.124    44.862 r  fin.refs[6][20]_i_12/O
                         net (fo=49, unplaced)        0.531    45.393    fin.refs[6][20]_i_12_n_0
                         LUT5 (Prop_lut5_I1_O)        0.124    45.517 r  fin.refs[6][3]_i_5/O
                         net (fo=2, unplaced)         0.743    46.260    fin.refs[6][3]_i_5_n_0
                         LUT6 (Prop_lut6_I0_O)        0.124    46.384 r  fin.refs[4][31]_i_180/O
                         net (fo=1, unplaced)         0.000    46.384    fin.refs[4][31]_i_180_n_0
                         CARRY4 (Prop_carry4_S[1]_CO[3])
                                                      0.533    46.917 r  fin.refs_reg[4][31]_i_109/CO[3]
                         net (fo=1, unplaced)         0.000    46.917    fin.refs_reg[4][31]_i_109_n_0
                         CARRY4 (Prop_carry4_CI_CO[3])
                                                      0.117    47.034 r  fin.refs_reg[4][31]_i_67/CO[3]
                         net (fo=1, unplaced)         0.000    47.034    fin.refs_reg[4][31]_i_67_n_0
                         CARRY4 (Prop_carry4_CI_CO[2])
                                                      0.252    47.286 f  fin.refs_reg[4][31]_i_37/CO[2]
                         net (fo=2, unplaced)         0.746    48.032    fin.seenr2145_out
                         LUT6 (Prop_lut6_I1_O)        0.310    48.342 f  fin.refs[10][31]_i_22/O
                         net (fo=1, unplaced)         0.732    49.074    fin.refs[10][31]_i_22_n_0
                         LUT6 (Prop_lut6_I4_O)        0.124    49.198 r  fin.refs[10][31]_i_10/O
                         net (fo=46, unplaced)        0.529    49.727    fin.refs[10][31]_i_10_n_0
                         LUT5 (Prop_lut5_I1_O)        0.124    49.851 r  fin.refs[2][20]_i_23/O
                         net (fo=5, unplaced)         0.477    50.328    fin.refs[2][20]_i_23_n_0
                         LUT4 (Prop_lut4_I2_O)        0.124    50.452 r  fin.refs[1][31]_i_11/O
                         net (fo=70, unplaced)        0.540    50.992    fin.refs[1][31]_i_11_n_0
                         LUT6 (Prop_lut6_I1_O)        0.124    51.116 r  fin.refs[1][31]_i_145/O
                         net (fo=3, unplaced)         0.750    51.866    fin.refs[1][31]_i_145_n_0
                         LUT5 (Prop_lut5_I0_O)        0.124    51.990 r  fin.refs[1][31]_i_95/O
                         net (fo=1, unplaced)         0.000    51.990    fin.refs[1][31]_i_95_n_0
                         CARRY4 (Prop_carry4_S[0]_CO[3])
                                                      0.513    52.503 r  fin.refs_reg[1][31]_i_51/CO[3]
                         net (fo=1, unplaced)         0.000    52.503    fin.refs_reg[1][31]_i_51_n_0
                         CARRY4 (Prop_carry4_CI_CO[2])
                                                      0.252    52.755 f  fin.refs_reg[1][31]_i_26/CO[2]
                         net (fo=2, unplaced)         0.463    53.218    fin.seenr2112_out
                         LUT6 (Prop_lut6_I4_O)        0.310    53.528 f  fin.refs[1][31]_i_66/O
                         net (fo=1, unplaced)         0.449    53.977    fin.refs[1][31]_i_66_n_0
                         LUT5 (Prop_lut5_I1_O)        0.124    54.101 f  fin.refs[1][31]_i_30/O
                         net (fo=1, unplaced)         0.449    54.550    fin.refs[1][31]_i_30_n_0
                         LUT6 (Prop_lut6_I3_O)        0.124    54.674 f  fin.refs[1][31]_i_14/O
                         net (fo=1, unplaced)         0.449    55.123    fin.refs[1][31]_i_14_n_0
                         LUT6 (Prop_lut6_I5_O)        0.124    55.247 r  fin.refs[1][31]_i_6/O
                         net (fo=19, unplaced)        0.508    55.755    fin.refs[1][31]_i_6_n_0
                         LUT2 (Prop_lut2_I0_O)        0.124    55.879 f  fin.refs[10][31]_i_7/O
                         net (fo=4, unplaced)         0.473    56.352    fin.refs[10][31]_i_7_n_0
                         LUT5 (Prop_lut5_I0_O)        0.124    56.476 r  fin.refs[10][31]_i_3/O
                         net (fo=85, unplaced)        0.544    57.020    fin.refs[10][31]_i_3_n_0
                         LUT5 (Prop_lut5_I3_O)        0.124    57.144 r  fin.refs[10][4]_i_3/O
                         net (fo=3, unplaced)         0.750    57.894    fin.refs[10][4]_i_3_n_0
                         LUT6 (Prop_lut6_I0_O)        0.124    58.018 r  fin.refs[4][20]_i_185/O
                         net (fo=1, unplaced)         0.000    58.018    fin.refs[4][20]_i_185_n_0
                         CARRY4 (Prop_carry4_S[1]_CO[3])
                                                      0.533    58.551 r  fin.refs_reg[4][20]_i_124/CO[3]
                         net (fo=1, unplaced)         0.000    58.551    fin.refs_reg[4][20]_i_124_n_0
                         CARRY4 (Prop_carry4_CI_CO[3])
                                                      0.117    58.668 r  fin.refs_reg[4][20]_i_75/CO[3]
                         net (fo=1, unplaced)         0.000    58.668    fin.refs_reg[4][20]_i_75_n_0
                         CARRY4 (Prop_carry4_CI_CO[2])
                                                      0.252    58.920 f  fin.refs_reg[4][20]_i_50/CO[2]
                         net (fo=2, unplaced)         0.463    59.383    fin.seenr2105_out
                         LUT6 (Prop_lut6_I1_O)        0.310    59.693 f  fin.refs[4][20]_i_52/O
                         net (fo=1, unplaced)         0.449    60.142    fin.refs[4][20]_i_52_n_0
                         LUT6 (Prop_lut6_I5_O)        0.124    60.266 f  fin.refs[4][20]_i_40/O
                         net (fo=1, unplaced)         0.449    60.715    fin.refs[4][20]_i_40_n_0
                         LUT6 (Prop_lut6_I3_O)        0.124    60.839 r  fin.refs[4][20]_i_22/O
                         net (fo=35, unplaced)        0.522    61.361    fin.refs[4][20]_i_22_n_0
                         LUT2 (Prop_lut2_I0_O)        0.116    61.477 r  fin.refs[4][20]_i_26/O
                         net (fo=4, unplaced)         0.473    61.950    fin.refs[4][20]_i_26_n_0
                         LUT6 (Prop_lut6_I1_O)        0.124    62.074 r  fin.refs[6][20]_i_17/O
                         net (fo=16, unplaced)        0.503    62.577    fin.refs[6][20]_i_17_n_0
                         LUT4 (Prop_lut4_I0_O)        0.124    62.701 r  fin.refs[6][20]_i_6/O
                         net (fo=66, unplaced)        0.538    63.239    fin.refs[6][20]_i_6_n_0
                         LUT5 (Prop_lut5_I1_O)        0.116    63.355 r  fin.refs[6][4]_i_3/O
                         net (fo=3, unplaced)         0.750    64.105    fin.refs[6][4]_i_3_n_0
                         LUT6 (Prop_lut6_I0_O)        0.124    64.229 r  fin.refs[2][20]_i_410/O
                         net (fo=1, unplaced)         0.000    64.229    fin.refs[2][20]_i_410_n_0
                         CARRY4 (Prop_carry4_S[1]_CO[3])
                                                      0.533    64.762 r  fin.refs_reg[2][20]_i_224/CO[3]
                         net (fo=1, unplaced)         0.000    64.762    fin.refs_reg[2][20]_i_224_n_0
                         CARRY4 (Prop_carry4_CI_CO[3])
                                                      0.117    64.879 r  fin.refs_reg[2][20]_i_122/CO[3]
                         net (fo=1, unplaced)         0.000    64.879    fin.refs_reg[2][20]_i_122_n_0
                         CARRY4 (Prop_carry4_CI_CO[2])
                                                      0.252    65.131 f  fin.refs_reg[2][20]_i_67/CO[2]
                         net (fo=3, unplaced)         0.470    65.601    fin.seenr270_out
                         LUT3 (Prop_lut3_I1_O)        0.310    65.911 r  fin.refs[2][20]_i_109/O
                         net (fo=1, unplaced)         0.449    66.360    fin.refs[2][20]_i_109_n_0
                         LUT5 (Prop_lut5_I0_O)        0.124    66.484 r  fin.refs[2][20]_i_62/O
                         net (fo=1, unplaced)         0.449    66.933    fin.refs[2][20]_i_62_n_0
                         LUT6 (Prop_lut6_I5_O)        0.124    67.057 f  fin.refs[2][20]_i_31/O
                         net (fo=2, unplaced)         0.460    67.517    fin.refs[2][20]_i_31_n_0
                         LUT5 (Prop_lut5_I1_O)        0.124    67.641 f  fin.refs[4][20]_i_31/O
                         net (fo=10, unplaced)        0.492    68.133    fin.refs[4][20]_i_31_n_0
                         LUT3 (Prop_lut3_I1_O)        0.124    68.257 r  fin.refs[3][19]_i_9/O
                         net (fo=46, unplaced)        0.529    68.786    fin.refs[3][19]_i_9_n_0
                         LUT4 (Prop_lut4_I0_O)        0.124    68.910 r  fin.refs[11][19]_i_5/O
                         net (fo=13, unplaced)        0.499    69.409    fin.refs[11][19]_i_5_n_0
                         LUT4 (Prop_lut4_I1_O)        0.124    69.533 r  fin.refs[11][5]_i_2/O
                         net (fo=2, unplaced)         0.743    70.276    fin.refs[11][5]_i_2_n_0
                         LUT6 (Prop_lut6_I0_O)        0.124    70.400 r  fin.refs[8][19]_i_205/O
                         net (fo=1, unplaced)         0.000    70.400    fin.refs[8][19]_i_205_n_0
                         CARRY4 (Prop_carry4_S[1]_CO[3])
                                                      0.533    70.933 r  fin.refs_reg[8][19]_i_138/CO[3]
                         net (fo=1, unplaced)         0.000    70.933    fin.refs_reg[8][19]_i_138_n_0
                         CARRY4 (Prop_carry4_CI_CO[3])
                                                      0.117    71.050 r  fin.refs_reg[8][19]_i_75/CO[3]
                         net (fo=1, unplaced)         0.000    71.050    fin.refs_reg[8][19]_i_75_n_0
                         CARRY4 (Prop_carry4_CI_CO[2])
                                                      0.252    71.302 f  fin.refs_reg[8][19]_i_42/CO[2]
                         net (fo=2, unplaced)         0.955    72.257    fin.seenr251_out
                         LUT6 (Prop_lut6_I0_O)        0.310    72.567 f  fin.refs[8][19]_i_50/O
                         net (fo=1, unplaced)         0.449    73.016    fin.refs[8][19]_i_50_n_0
                         LUT5 (Prop_lut5_I1_O)        0.124    73.140 f  fin.refs[8][19]_i_25/O
                         net (fo=1, unplaced)         0.449    73.589    fin.refs[8][19]_i_25_n_0
                         LUT6 (Prop_lut6_I5_O)        0.124    73.713 f  fin.refs[8][19]_i_11/O
                         net (fo=1, unplaced)         0.449    74.162    fin.refs[8][19]_i_11_n_0
                         LUT6 (Prop_lut6_I2_O)        0.124    74.286 r  fin.refs[8][19]_i_5/O
                         net (fo=16, unplaced)        0.503    74.789    fin.refs[8][19]_i_5_n_0
                         LUT2 (Prop_lut2_I1_O)        0.124    74.913 r  fin.refs[4][20]_i_15/O
                         net (fo=6, unplaced)         0.481    75.394    fin.refs[4][20]_i_15_n_0
                         LUT5 (Prop_lut5_I3_O)        0.124    75.518 r  fin.refs[2][19]_i_3/O
                         net (fo=43, unplaced)        0.528    76.046    fin.refs[2][19]_i_3_n_0
                         LUT5 (Prop_lut5_I1_O)        0.124    76.170 r  fin.refs[4][19]_i_221/O
                         net (fo=1, unplaced)         0.732    76.902    fin.refs[4][19]_i_221_n_0
                         LUT6 (Prop_lut6_I0_O)        0.124    77.026 r  fin.refs[4][19]_i_171/O
                         net (fo=1, unplaced)         0.000    77.026    fin.refs[4][19]_i_171_n_0
                         CARRY4 (Prop_carry4_S[1]_CO[3])
                                                      0.533    77.559 r  fin.refs_reg[4][19]_i_138/CO[3]
                         net (fo=1, unplaced)         0.000    77.559    fin.refs_reg[4][19]_i_138_n_0
                         CARRY4 (Prop_carry4_CI_CO[3])
                                                      0.117    77.676 r  fin.refs_reg[4][19]_i_114/CO[3]
                         net (fo=1, unplaced)         0.000    77.676    fin.refs_reg[4][19]_i_114_n_0
                         CARRY4 (Prop_carry4_CI_CO[2])
                                                      0.252    77.928 f  fin.refs_reg[4][19]_i_90/CO[2]
                         net (fo=2, unplaced)         0.463    78.391    fin.seenr22_out
                         LUT6 (Prop_lut6_I4_O)        0.310    78.701 f  fin.refs[4][19]_i_217/O
                         net (fo=1, unplaced)         0.449    79.150    fin.refs[4][19]_i_217_n_0
                         LUT6 (Prop_lut6_I5_O)        0.124    79.274 f  fin.refs[4][19]_i_165/O
                         net (fo=1, unplaced)         0.449    79.723    fin.refs[4][19]_i_165_n_0
                         LUT6 (Prop_lut6_I5_O)        0.124    79.847 f  fin.refs[4][19]_i_131/O
                         net (fo=1, unplaced)         0.449    80.296    fin.refs[4][19]_i_131_n_0
                         LUT6 (Prop_lut6_I5_O)        0.124    80.420 f  fin.refs[4][19]_i_94/O
                         net (fo=1, unplaced)         0.449    80.869    fin.refs[4][19]_i_94_n_0
                         LUT6 (Prop_lut6_I5_O)        0.124    80.993 f  fin.refs[4][19]_i_48/O
                         net (fo=5, unplaced)         0.477    81.470    fin.refs[4][19]_i_48_n_0
                         LUT3 (Prop_lut3_I2_O)        0.116    81.586 r  reason[5]_i_7/O
                         net (fo=2, unplaced)         0.743    82.329    reason[5]_i_7_n_0
                         LUT6 (Prop_lut6_I2_O)        0.124    82.453 r  reason[5]_i_4/O
                         net (fo=1, unplaced)         0.419    82.872    reason[5]_i_4_n_0
                         LUT6 (Prop_lut6_I0_O)        0.124    82.996 r  reason[5]_i_2/O
                         net (fo=16, unplaced)        0.503    83.499    st1989_out
                         LUT5 (Prop_lut5_I0_O)        0.116    83.615 r  st[0]_i_3/O
                         net (fo=2, unplaced)         0.460    84.075    st[0]_i_3_n_0
                         LUT5 (Prop_lut5_I4_O)        0.116    84.191 r  prv[18]_i_5/O
                         net (fo=3, unplaced)         0.467    84.658    prv[18]_i_5_n_0
                         LUT6 (Prop_lut6_I0_O)        0.124    84.782 r  pref[7]_i_2/O
                         net (fo=16, unplaced)        0.503    85.285    pref[7]_i_2_n_0
                         LUT3 (Prop_lut3_I0_O)        0.124    85.409 r  pref[7]_i_1/O
                         net (fo=8, unplaced)         0.646    86.055    pref[7]_i_1_n_0
                         FDRE                                         r  pref_reg[0]/R
  -------------------------------------------------------------------    -------------------

                         (clock clk rise edge)       10.000    10.000 r  <hidden>
                                                      0.000    10.000 r  clk
                         net (fo=11503, unset)        0.924    10.924    clk
                         FDRE                                         r  pref_reg[0]/C
                         clock pessimism              0.000    10.924    <hidden>
                         clock uncertainty           -0.035    10.889    <hidden>
                         FDRE (Setup_fdre_C_R)       -0.557    10.332    pref_reg[0]
  -------------------------------------------------------------------
                         required time                         10.332    <hidden>
                         arrival time                         -86.055    <hidden>
  -------------------------------------------------------------------
                         slack                                -75.723    <hidden>

Slack (VIOLATED) :        -75.723ns  (required time - arrival time)
  Source:                 hit_prov_reg[0][2]/C
                            (rising edge-triggered cell FDRE clocked by clk  {rise@0.000ns fall@5.000ns period=10.000ns})
  Destination:            pref_reg[1]/R
                            (rising edge-triggered cell FDRE clocked by clk  {rise@0.000ns fall@5.000ns period=10.000ns})
  Path Group:             clk
  Path Type:              Setup (Max at Slow Process Corner)
  Requirement:            10.000ns  (clk rise@10.000ns - clk rise@0.000ns)
  Data Path Delay:        85.082ns  (logic 29.176ns (34.292%)  route 55.906ns (65.708%))
  Logic Levels:           144  (CARRY4=44 LUT2=5 LUT3=9 LUT4=9 LUT5=27 LUT6=50)
  Clock Path Skew:        -0.049ns (DCD - SCD + CPR)
    Destination Clock Delay (DCD):    0.924ns = ( 10.924 - 10.000 ) 
    Source Clock Delay      (SCD):    0.973ns
    Clock Pessimism Removal (CPR):    0.000ns
  Clock Uncertainty:      0.035ns  ((TSJ^2 + TIJ^2)^1/2 + DJ) / 2 + PE
    Total System Jitter     (TSJ):    0.071ns
    Total Input Jitter      (TIJ):    0.000ns
    Discrete Jitter          (DJ):    0.000ns
    Phase Error              (PE):    0.000ns

    Location             Delay type                Incr(ns)  Path(ns)    Netlist Resource(s)
  -------------------------------------------------------------------    -------------------
                         (clock clk rise edge)        0.000     0.000 r  <hidden>
                                                      0.000     0.000 r  clk
                         net (fo=11503, unset)        0.973     0.973    clk
                         FDRE                                         r  hit_prov_reg[0][2]/C
  -------------------------------------------------------------------    -------------------
                         FDRE (Prop_fdre_C_Q)         0.478     1.451 r  hit_prov_reg[0][2]/Q
                         net (fo=2, unplaced)         0.774     2.225    hit_prov_reg_n_0_[0][2]
                         LUT4 (Prop_lut4_I1_O)        0.295     2.520 r  fin.refs[4][19]_i_101/O
                         net (fo=1, unplaced)         0.732     3.252    fin.refs[4][19]_i_101_n_0
                         LUT6 (Prop_lut6_I1_O)        0.124     3.376 f  fin.refs[4][19]_i_57/O
                         net (fo=11, unplaced)        0.495     3.871    fin.refs[4][19]_i_57_n_0
                         LUT5 (Prop_lut5_I0_O)        0.124     3.995 r  fin.refs[4][19]_i_27/O
                         net (fo=222, unplaced)       0.569     4.564    fin.refs[4][19]_i_27_n_0
                         LUT4 (Prop_lut4_I0_O)        0.124     4.688 r  fin.refs[2][20]_i_862/O
                         net (fo=4, unplaced)         0.756     5.444    fin.refs[2][20]_i_862_n_0
                         LUT6 (Prop_lut6_I0_O)        0.124     5.568 r  fin.refs[2][20]_i_734/O
                         net (fo=1, unplaced)         0.000     5.568    fin.refs[2][20]_i_734_n_0
                         CARRY4 (Prop_carry4_S[1]_CO[3])
                                                      0.533     6.101 r  fin.refs_reg[2][20]_i_533/CO[3]
                         net (fo=1, unplaced)         0.000     6.101    fin.refs_reg[2][20]_i_533_n_0
                         CARRY4 (Prop_carry4_CI_CO[3])
                                                      0.117     6.218 r  fin.refs_reg[2][20]_i_314/CO[3]
                         net (fo=1, unplaced)         0.000     6.218    fin.refs_reg[2][20]_i_314_n_0
                         CARRY4 (Prop_carry4_CI_CO[2])
                                                      0.252     6.470 r  fin.refs_reg[2][20]_i_175/CO[2]
                         net (fo=46, unplaced)        0.532     7.002    fin.nrefs2
                         LUT3 (Prop_lut3_I1_O)        0.310     7.312 r  fin.refs[1][31]_i_38/O
                         net (fo=82, unplaced)        0.544     7.856    fin.refs[1][31]_i_38_n_0
                         LUT5 (Prop_lut5_I1_O)        0.124     7.980 r  fin.refs[2][20]_i_854/O
                         net (fo=1, unplaced)         0.732     8.712    fin.refs[2][20]_i_854_n_0
                         LUT6 (Prop_lut6_I0_O)        0.124     8.836 r  fin.refs[2][20]_i_722/O
                         net (fo=1, unplaced)         0.000     8.836    fin.refs[2][20]_i_722_n_0
                         CARRY4 (Prop_carry4_S[1]_CO[3])
                                                      0.533     9.369 r  fin.refs_reg[2][20]_i_528/CO[3]
                         net (fo=1, unplaced)         0.000     9.369    fin.refs_reg[2][20]_i_528_n_0
                         CARRY4 (Prop_carry4_CI_CO[3])
                                                      0.117     9.486 r  fin.refs_reg[2][20]_i_310/CO[3]
                         net (fo=1, unplaced)         0.000     9.486    fin.refs_reg[2][20]_i_310_n_0
                         CARRY4 (Prop_carry4_CI_CO[2])
                                                      0.252     9.738 r  fin.refs_reg[2][20]_i_174/CO[2]
                         net (fo=3, unplaced)         0.470    10.208    fin.seenr2247_out
                         LUT6 (Prop_lut6_I0_O)        0.310    10.518 r  fin.refs[2][20]_i_92/O
                         net (fo=90, unplaced)        0.546    11.064    fin.refs[2][20]_i_92_n_0
                         LUT5 (Prop_lut5_I1_O)        0.124    11.188 r  fin.refs[4][31]_i_316/O
                         net (fo=1, unplaced)         0.732    11.920    fin.refs[4][31]_i_316_n_0
                         LUT6 (Prop_lut6_I0_O)        0.124    12.044 r  fin.refs[4][31]_i_211/O
                         net (fo=1, unplaced)         0.000    12.044    fin.refs[4][31]_i_211_n_0
                         CARRY4 (Prop_carry4_S[1]_CO[3])
                                                      0.533    12.577 r  fin.refs_reg[4][31]_i_133/CO[3]
                         net (fo=1, unplaced)         0.000    12.577    fin.refs_reg[4][31]_i_133_n_0
                         CARRY4 (Prop_carry4_CI_CO[3])
                                                      0.117    12.694 r  fin.refs_reg[4][31]_i_80/CO[3]
                         net (fo=1, unplaced)         0.000    12.694    fin.refs_reg[4][31]_i_80_n_0
                         CARRY4 (Prop_carry4_CI_CO[2])
                                                      0.252    12.946 f  fin.refs_reg[4][31]_i_46/CO[2]
                         net (fo=4, unplaced)         0.476    13.422    fin.seenr2242_out
                         LUT5 (Prop_lut5_I1_O)        0.310    13.732 f  fin.refs[4][31]_i_54/O
                         net (fo=9, unplaced)         0.490    14.222    fin.refs[4][31]_i_54_n_0
                         LUT4 (Prop_lut4_I0_O)        0.124    14.346 r  fin.refs[2][20]_i_93/O
                         net (fo=63, unplaced)        0.537    14.883    fin.refs[2][20]_i_93_n_0
                         LUT5 (Prop_lut5_I1_O)        0.124    15.007 r  fin.refs[2][3]_i_14/O
                         net (fo=2, unplaced)         0.743    15.750    fin.refs[2][3]_i_14_n_0
                         LUT6 (Prop_lut6_I0_O)        0.124    15.874 r  fin.refs[4][31]_i_275/O
                         net (fo=1, unplaced)         0.000    15.874    fin.refs[4][31]_i_275_n_0
                         CARRY4 (Prop_carry4_S[1]_CO[3])
                                                      0.533    16.407 r  fin.refs_reg[4][31]_i_167/CO[3]
                         net (fo=1, unplaced)         0.000    16.407    fin.refs_reg[4][31]_i_167_n_0
                         CARRY4 (Prop_carry4_CI_CO[3])
                                                      0.117    16.524 r  fin.refs_reg[4][31]_i_100/CO[3]
                         net (fo=1, unplaced)         0.000    16.524    fin.refs_reg[4][31]_i_100_n_0
                         CARRY4 (Prop_carry4_CI_CO[2])
                                                      0.252    16.776 r  fin.refs_reg[4][31]_i_59/CO[2]
                         net (fo=2, unplaced)         0.463    17.239    fin.seenr2233_out
                         LUT6 (Prop_lut6_I0_O)        0.310    17.549 r  fin.refs[4][31]_i_53/O
                         net (fo=4, unplaced)         0.473    18.022    fin.refs[4][31]_i_53_n_0
                         LUT6 (Prop_lut6_I4_O)        0.124    18.146 r  fin.refs[4][31]_i_25/O
                         net (fo=59, unplaced)        0.535    18.681    fin.refs[4][31]_i_25_n_0
                         LUT2 (Prop_lut2_I1_O)        0.124    18.805 r  fin.refs[4][31]_i_11/O
                         net (fo=81, unplaced)        0.543    19.348    fin.refs[4][31]_i_11_n_0
                         LUT5 (Prop_lut5_I1_O)        0.124    19.472 r  fin.refs[4][31]_i_375/O
                         net (fo=1, unplaced)         0.732    20.204    fin.refs[4][31]_i_375_n_0
                         LUT6 (Prop_lut6_I0_O)        0.124    20.328 r  fin.refs[4][31]_i_305/O
                         net (fo=1, unplaced)         0.000    20.328    fin.refs[4][31]_i_305_n_0
                         CARRY4 (Prop_carry4_S[1]_CO[3])
                                                      0.533    20.861 r  fin.refs_reg[4][31]_i_204/CO[3]
                         net (fo=1, unplaced)         0.000    20.861    fin.refs_reg[4][31]_i_204_n_0
                         CARRY4 (Prop_carry4_CI_CO[3])
                                                      0.117    20.978 r  fin.refs_reg[4][31]_i_129/CO[3]
                         net (fo=1, unplaced)         0.000    20.978    fin.refs_reg[4][31]_i_129_n_0
                         CARRY4 (Prop_carry4_CI_CO[2])
                                                      0.252    21.230 f  fin.refs_reg[4][31]_i_79/CO[2]
                         net (fo=2, unplaced)         0.463    21.693    fin.seenr2226_out
                         LUT6 (Prop_lut6_I5_O)        0.310    22.003 f  fin.refs[4][31]_i_45/O
                         net (fo=3, unplaced)         0.750    22.753    fin.refs[4][31]_i_45_n_0
                         LUT6 (Prop_lut6_I0_O)        0.124    22.877 r  fin.refs[4][31]_i_27/O
                         net (fo=56, unplaced)        0.534    23.411    fin.refs[4][31]_i_27_n_0
                         LUT5 (Prop_lut5_I2_O)        0.124    23.535 r  fin.refs[4][31]_i_12/O
                         net (fo=62, unplaced)        0.537    24.072    fin.refs[4][31]_i_12_n_0
                         LUT5 (Prop_lut5_I1_O)        0.124    24.196 r  fin.refs[4][3]_i_9/O
                         net (fo=2, unplaced)         0.743    24.939    fin.refs[4][3]_i_9_n_0
                         LUT6 (Prop_lut6_I0_O)        0.124    25.063 r  fin.refs[2][20]_i_848/O
                         net (fo=1, unplaced)         0.000    25.063    fin.refs[2][20]_i_848_n_0
                         CARRY4 (Prop_carry4_S[1]_CO[3])
                                                      0.533    25.596 r  fin.refs_reg[2][20]_i_698/CO[3]
                         net (fo=1, unplaced)         0.000    25.596    fin.refs_reg[2][20]_i_698_n_0
                         CARRY4 (Prop_carry4_CI_CO[3])
                                                      0.117    25.713 r  fin.refs_reg[2][20]_i_481/CO[3]
                         net (fo=1, unplaced)         0.000    25.713    fin.refs_reg[2][20]_i_481_n_0
                         CARRY4 (Prop_carry4_CI_CO[2])
                                                      0.252    25.965 f  fin.refs_reg[2][20]_i_270/CO[2]
                         net (fo=1, unplaced)         0.452    26.417    fin.seenr2213_out
                         LUT3 (Prop_lut3_I2_O)        0.310    26.727 r  fin.refs[2][20]_i_150/O
                         net (fo=1, unplaced)         0.449    27.176    fin.refs[2][20]_i_150_n_0
                         LUT6 (Prop_lut6_I1_O)        0.124    27.300 f  fin.refs[2][20]_i_81/O
                         net (fo=3, unplaced)         0.467    27.767    fin.refs[2][20]_i_81_n_0
                         LUT5 (Prop_lut5_I3_O)        0.124    27.891 f  fin.refs[6][20]_i_27/O
                         net (fo=38, unplaced)        0.524    28.415    fin.refs[6][20]_i_27_n_0
                         LUT3 (Prop_lut3_I0_O)        0.124    28.539 r  fin.refs[1][31]_i_18/O
                         net (fo=52, unplaced)        0.532    29.071    fin.refs[1][31]_i_18_n_0
                         LUT5 (Prop_lut5_I3_O)        0.124    29.195 r  fin.refs[1][3]_i_6/O
                         net (fo=2, unplaced)         0.743    29.938    fin.refs[1][3]_i_6_n_0
                         LUT6 (Prop_lut6_I0_O)        0.124    30.062 r  fin.refs[7][31]_i_127/O
                         net (fo=1, unplaced)         0.000    30.062    fin.refs[7][31]_i_127_n_0
                         CARRY4 (Prop_carry4_S[1]_CO[3])
                                                      0.533    30.595 r  fin.refs_reg[7][31]_i_65/CO[3]
                         net (fo=1, unplaced)         0.000    30.595    fin.refs_reg[7][31]_i_65_n_0
                         CARRY4 (Prop_carry4_CI_CO[3])
                                                      0.117    30.712 r  fin.refs_reg[7][31]_i_32/CO[3]
                         net (fo=1, unplaced)         0.000    30.712    fin.refs_reg[7][31]_i_32_n_0
                         CARRY4 (Prop_carry4_CI_CO[2])
                                                      0.252    30.964 f  fin.refs_reg[7][31]_i_21/CO[2]
                         net (fo=1, unplaced)         0.452    31.416    fin.seenr2192_out
                         LUT6 (Prop_lut6_I5_O)        0.310    31.726 f  fin.refs[7][31]_i_12/O
                         net (fo=6, unplaced)         0.764    32.490    fin.refs[7][31]_i_12_n_0
                         LUT6 (Prop_lut6_I0_O)        0.124    32.614 f  fin.refs[4][31]_i_31/O
                         net (fo=45, unplaced)        0.529    33.143    fin.refs[4][31]_i_31_n_0
                         LUT2 (Prop_lut2_I1_O)        0.116    33.259 f  fin.refs[6][20]_i_25/O
                         net (fo=14, unplaced)        0.500    33.759    fin.refs[6][20]_i_25_n_0
                         LUT4 (Prop_lut4_I3_O)        0.124    33.883 r  fin.refs[4][31]_i_13/O
                         net (fo=40, unplaced)        0.526    34.409    fin.refs[4][31]_i_13_n_0
                         LUT5 (Prop_lut5_I3_O)        0.124    34.533 r  fin.refs[4][3]_i_7/O
                         net (fo=3, unplaced)         0.750    35.283    fin.refs180_in[3]
                         LUT6 (Prop_lut6_I0_O)        0.124    35.407 r  fin.refs[2][20]_i_505/O
                         net (fo=1, unplaced)         0.000    35.407    fin.refs[2][20]_i_505_n_0
                         CARRY4 (Prop_carry4_S[1]_CO[3])
                                                      0.533    35.940 r  fin.refs_reg[2][20]_i_280/CO[3]
                         net (fo=1, unplaced)         0.000    35.940    fin.refs_reg[2][20]_i_280_n_0
                         CARRY4 (Prop_carry4_CI_CO[3])
                                                      0.117    36.057 r  fin.refs_reg[2][20]_i_157/CO[3]
                         net (fo=1, unplaced)         0.000    36.057    fin.refs_reg[2][20]_i_157_n_0
                         CARRY4 (Prop_carry4_CI_CO[2])
                                                      0.252    36.309 f  fin.refs_reg[2][20]_i_84/CO[2]
                         net (fo=3, unplaced)         0.470    36.779    fin.seenr2181_out
                         LUT3 (Prop_lut3_I2_O)        0.310    37.089 r  fin.refs[2][20]_i_139/O
                         net (fo=1, unplaced)         0.449    37.538    fin.refs[2][20]_i_139_n_0
                         LUT6 (Prop_lut6_I3_O)        0.124    37.662 f  fin.refs[2][20]_i_76/O
                         net (fo=8, unplaced)         0.487    38.149    fin.refs[2][20]_i_76_n_0
                         LUT6 (Prop_lut6_I0_O)        0.124    38.273 f  fin.refs[2][20]_i_41/O
                         net (fo=33, unplaced)        0.521    38.794    fin.refs[2][20]_i_41_n_0
                         LUT6 (Prop_lut6_I0_O)        0.124    38.918 f  fin.refs[2][20]_i_17/O
                         net (fo=182, unplaced)       0.564    39.482    fin.refs[2][20]_i_17_n_0
                         LUT4 (Prop_lut4_I2_O)        0.124    39.606 r  fin.refs[7][31]_i_10/O
                         net (fo=40, unplaced)        0.526    40.132    fin.refs[7][31]_i_10_n_0
                         LUT5 (Prop_lut5_I1_O)        0.124    40.256 r  fin.refs[7][4]_i_6/O
                         net (fo=3, unplaced)         0.750    41.006    fin.refs167_in[4]
                         LUT6 (Prop_lut6_I1_O)        0.124    41.130 r  fin.refs[2][20]_i_772/O
                         net (fo=1, unplaced)         0.000    41.130    fin.refs[2][20]_i_772_n_0
                         CARRY4 (Prop_carry4_S[1]_CO[3])
                                                      0.533    41.663 r  fin.refs_reg[2][20]_i_559/CO[3]
                         net (fo=1, unplaced)         0.000    41.663    fin.refs_reg[2][20]_i_559_n_0
                         CARRY4 (Prop_carry4_CI_CO[3])
                                                      0.117    41.780 r  fin.refs_reg[2][20]_i_330/CO[3]
                         net (fo=1, unplaced)         0.000    41.780    fin.refs_reg[2][20]_i_330_n_0
                         CARRY4 (Prop_carry4_CI_CO[2])
                                                      0.252    42.032 f  fin.refs_reg[2][20]_i_180/CO[2]
                         net (fo=1, unplaced)         0.735    42.767    fin.seenr2168_out
                         LUT6 (Prop_lut6_I0_O)        0.310    43.077 f  fin.refs[2][20]_i_96/O
                         net (fo=1, unplaced)         0.449    43.526    fin.refs[2][20]_i_96_n_0
                         LUT6 (Prop_lut6_I1_O)        0.124    43.650 f  fin.refs[2][20]_i_51/O
                         net (fo=17, unplaced)        0.505    44.155    fin.refs[2][20]_i_51_n_0
                         LUT5 (Prop_lut5_I3_O)        0.116    44.271 r  fin.refs[2][20]_i_50/O
                         net (fo=3, unplaced)         0.467    44.738    fin.refs[2][20]_i_50_n_0
                         LUT3 (Prop_lut3_I0_O)        0.124    44.862 r  fin.refs[6][20]_i_12/O
                         net (fo=49, unplaced)        0.531    45.393    fin.refs[6][20]_i_12_n_0
                         LUT5 (Prop_lut5_I1_O)        0.124    45.517 r  fin.refs[6][3]_i_5/O
                         net (fo=2, unplaced)         0.743    46.260    fin.refs[6][3]_i_5_n_0
                         LUT6 (Prop_lut6_I0_O)        0.124    46.384 r  fin.refs[4][31]_i_180/O
                         net (fo=1, unplaced)         0.000    46.384    fin.refs[4][31]_i_180_n_0
                         CARRY4 (Prop_carry4_S[1]_CO[3])
                                                      0.533    46.917 r  fin.refs_reg[4][31]_i_109/CO[3]
                         net (fo=1, unplaced)         0.000    46.917    fin.refs_reg[4][31]_i_109_n_0
                         CARRY4 (Prop_carry4_CI_CO[3])
                                                      0.117    47.034 r  fin.refs_reg[4][31]_i_67/CO[3]
                         net (fo=1, unplaced)         0.000    47.034    fin.refs_reg[4][31]_i_67_n_0
                         CARRY4 (Prop_carry4_CI_CO[2])
                                                      0.252    47.286 f  fin.refs_reg[4][31]_i_37/CO[2]
                         net (fo=2, unplaced)         0.746    48.032    fin.seenr2145_out
                         LUT6 (Prop_lut6_I1_O)        0.310    48.342 f  fin.refs[10][31]_i_22/O
                         net (fo=1, unplaced)         0.732    49.074    fin.refs[10][31]_i_22_n_0
                         LUT6 (Prop_lut6_I4_O)        0.124    49.198 r  fin.refs[10][31]_i_10/O
                         net (fo=46, unplaced)        0.529    49.727    fin.refs[10][31]_i_10_n_0
                         LUT5 (Prop_lut5_I1_O)        0.124    49.851 r  fin.refs[2][20]_i_23/O
                         net (fo=5, unplaced)         0.477    50.328    fin.refs[2][20]_i_23_n_0
                         LUT4 (Prop_lut4_I2_O)        0.124    50.452 r  fin.refs[1][31]_i_11/O
                         net (fo=70, unplaced)        0.540    50.992    fin.refs[1][31]_i_11_n_0
                         LUT6 (Prop_lut6_I1_O)        0.124    51.116 r  fin.refs[1][31]_i_145/O
                         net (fo=3, unplaced)         0.750    51.866    fin.refs[1][31]_i_145_n_0
                         LUT5 (Prop_lut5_I0_O)        0.124    51.990 r  fin.refs[1][31]_i_95/O
                         net (fo=1, unplaced)         0.000    51.990    fin.refs[1][31]_i_95_n_0
                         CARRY4 (Prop_carry4_S[0]_CO[3])
                                                      0.513    52.503 r  fin.refs_reg[1][31]_i_51/CO[3]
                         net (fo=1, unplaced)         0.000    52.503    fin.refs_reg[1][31]_i_51_n_0
                         CARRY4 (Prop_carry4_CI_CO[2])
                                                      0.252    52.755 f  fin.refs_reg[1][31]_i_26/CO[2]
                         net (fo=2, unplaced)         0.463    53.218    fin.seenr2112_out
                         LUT6 (Prop_lut6_I4_O)        0.310    53.528 f  fin.refs[1][31]_i_66/O
                         net (fo=1, unplaced)         0.449    53.977    fin.refs[1][31]_i_66_n_0
                         LUT5 (Prop_lut5_I1_O)        0.124    54.101 f  fin.refs[1][31]_i_30/O
                         net (fo=1, unplaced)         0.449    54.550    fin.refs[1][31]_i_30_n_0
                         LUT6 (Prop_lut6_I3_O)        0.124    54.674 f  fin.refs[1][31]_i_14/O
                         net (fo=1, unplaced)         0.449    55.123    fin.refs[1][31]_i_14_n_0
                         LUT6 (Prop_lut6_I5_O)        0.124    55.247 r  fin.refs[1][31]_i_6/O
                         net (fo=19, unplaced)        0.508    55.755    fin.refs[1][31]_i_6_n_0
                         LUT2 (Prop_lut2_I0_O)        0.124    55.879 f  fin.refs[10][31]_i_7/O
                         net (fo=4, unplaced)         0.473    56.352    fin.refs[10][31]_i_7_n_0
                         LUT5 (Prop_lut5_I0_O)        0.124    56.476 r  fin.refs[10][31]_i_3/O
                         net (fo=85, unplaced)        0.544    57.020    fin.refs[10][31]_i_3_n_0
                         LUT5 (Prop_lut5_I3_O)        0.124    57.144 r  fin.refs[10][4]_i_3/O
                         net (fo=3, unplaced)         0.750    57.894    fin.refs[10][4]_i_3_n_0
                         LUT6 (Prop_lut6_I0_O)        0.124    58.018 r  fin.refs[4][20]_i_185/O
                         net (fo=1, unplaced)         0.000    58.018    fin.refs[4][20]_i_185_n_0
                         CARRY4 (Prop_carry4_S[1]_CO[3])
                                                      0.533    58.551 r  fin.refs_reg[4][20]_i_124/CO[3]
                         net (fo=1, unplaced)         0.000    58.551    fin.refs_reg[4][20]_i_124_n_0
                         CARRY4 (Prop_carry4_CI_CO[3])
                                                      0.117    58.668 r  fin.refs_reg[4][20]_i_75/CO[3]
                         net (fo=1, unplaced)         0.000    58.668    fin.refs_reg[4][20]_i_75_n_0
                         CARRY4 (Prop_carry4_CI_CO[2])
                                                      0.252    58.920 f  fin.refs_reg[4][20]_i_50/CO[2]
                         net (fo=2, unplaced)         0.463    59.383    fin.seenr2105_out
                         LUT6 (Prop_lut6_I1_O)        0.310    59.693 f  fin.refs[4][20]_i_52/O
                         net (fo=1, unplaced)         0.449    60.142    fin.refs[4][20]_i_52_n_0
                         LUT6 (Prop_lut6_I5_O)        0.124    60.266 f  fin.refs[4][20]_i_40/O
                         net (fo=1, unplaced)         0.449    60.715    fin.refs[4][20]_i_40_n_0
                         LUT6 (Prop_lut6_I3_O)        0.124    60.839 r  fin.refs[4][20]_i_22/O
                         net (fo=35, unplaced)        0.522    61.361    fin.refs[4][20]_i_22_n_0
                         LUT2 (Prop_lut2_I0_O)        0.116    61.477 r  fin.refs[4][20]_i_26/O
                         net (fo=4, unplaced)         0.473    61.950    fin.refs[4][20]_i_26_n_0
                         LUT6 (Prop_lut6_I1_O)        0.124    62.074 r  fin.refs[6][20]_i_17/O
                         net (fo=16, unplaced)        0.503    62.577    fin.refs[6][20]_i_17_n_0
                         LUT4 (Prop_lut4_I0_O)        0.124    62.701 r  fin.refs[6][20]_i_6/O
                         net (fo=66, unplaced)        0.538    63.239    fin.refs[6][20]_i_6_n_0
                         LUT5 (Prop_lut5_I1_O)        0.116    63.355 r  fin.refs[6][4]_i_3/O
                         net (fo=3, unplaced)         0.750    64.105    fin.refs[6][4]_i_3_n_0
                         LUT6 (Prop_lut6_I0_O)        0.124    64.229 r  fin.refs[2][20]_i_410/O
                         net (fo=1, unplaced)         0.000    64.229    fin.refs[2][20]_i_410_n_0
                         CARRY4 (Prop_carry4_S[1]_CO[3])
                                                      0.533    64.762 r  fin.refs_reg[2][20]_i_224/CO[3]
                         net (fo=1, unplaced)         0.000    64.762    fin.refs_reg[2][20]_i_224_n_0
                         CARRY4 (Prop_carry4_CI_CO[3])
                                                      0.117    64.879 r  fin.refs_reg[2][20]_i_122/CO[3]
                         net (fo=1, unplaced)         0.000    64.879    fin.refs_reg[2][20]_i_122_n_0
                         CARRY4 (Prop_carry4_CI_CO[2])
                                                      0.252    65.131 f  fin.refs_reg[2][20]_i_67/CO[2]
                         net (fo=3, unplaced)         0.470    65.601    fin.seenr270_out
                         LUT3 (Prop_lut3_I1_O)        0.310    65.911 r  fin.refs[2][20]_i_109/O
                         net (fo=1, unplaced)         0.449    66.360    fin.refs[2][20]_i_109_n_0
                         LUT5 (Prop_lut5_I0_O)        0.124    66.484 r  fin.refs[2][20]_i_62/O
                         net (fo=1, unplaced)         0.449    66.933    fin.refs[2][20]_i_62_n_0
                         LUT6 (Prop_lut6_I5_O)        0.124    67.057 f  fin.refs[2][20]_i_31/O
                         net (fo=2, unplaced)         0.460    67.517    fin.refs[2][20]_i_31_n_0
                         LUT5 (Prop_lut5_I1_O)        0.124    67.641 f  fin.refs[4][20]_i_31/O
                         net (fo=10, unplaced)        0.492    68.133    fin.refs[4][20]_i_31_n_0
                         LUT3 (Prop_lut3_I1_O)        0.124    68.257 r  fin.refs[3][19]_i_9/O
                         net (fo=46, unplaced)        0.529    68.786    fin.refs[3][19]_i_9_n_0
                         LUT4 (Prop_lut4_I0_O)        0.124    68.910 r  fin.refs[11][19]_i_5/O
                         net (fo=13, unplaced)        0.499    69.409    fin.refs[11][19]_i_5_n_0
                         LUT4 (Prop_lut4_I1_O)        0.124    69.533 r  fin.refs[11][5]_i_2/O
                         net (fo=2, unplaced)         0.743    70.276    fin.refs[11][5]_i_2_n_0
                         LUT6 (Prop_lut6_I0_O)        0.124    70.400 r  fin.refs[8][19]_i_205/O
                         net (fo=1, unplaced)         0.000    70.400    fin.refs[8][19]_i_205_n_0
                         CARRY4 (Prop_carry4_S[1]_CO[3])
                                                      0.533    70.933 r  fin.refs_reg[8][19]_i_138/CO[3]
                         net (fo=1, unplaced)         0.000    70.933    fin.refs_reg[8][19]_i_138_n_0
                         CARRY4 (Prop_carry4_CI_CO[3])
                                                      0.117    71.050 r  fin.refs_reg[8][19]_i_75/CO[3]
                         net (fo=1, unplaced)         0.000    71.050    fin.refs_reg[8][19]_i_75_n_0
                         CARRY4 (Prop_carry4_CI_CO[2])
                                                      0.252    71.302 f  fin.refs_reg[8][19]_i_42/CO[2]
                         net (fo=2, unplaced)         0.955    72.257    fin.seenr251_out
                         LUT6 (Prop_lut6_I0_O)        0.310    72.567 f  fin.refs[8][19]_i_50/O
                         net (fo=1, unplaced)         0.449    73.016    fin.refs[8][19]_i_50_n_0
                         LUT5 (Prop_lut5_I1_O)        0.124    73.140 f  fin.refs[8][19]_i_25/O
                         net (fo=1, unplaced)         0.449    73.589    fin.refs[8][19]_i_25_n_0
                         LUT6 (Prop_lut6_I5_O)        0.124    73.713 f  fin.refs[8][19]_i_11/O
                         net (fo=1, unplaced)         0.449    74.162    fin.refs[8][19]_i_11_n_0
                         LUT6 (Prop_lut6_I2_O)        0.124    74.286 r  fin.refs[8][19]_i_5/O
                         net (fo=16, unplaced)        0.503    74.789    fin.refs[8][19]_i_5_n_0
                         LUT2 (Prop_lut2_I1_O)        0.124    74.913 r  fin.refs[4][20]_i_15/O
                         net (fo=6, unplaced)         0.481    75.394    fin.refs[4][20]_i_15_n_0
                         LUT5 (Prop_lut5_I3_O)        0.124    75.518 r  fin.refs[2][19]_i_3/O
                         net (fo=43, unplaced)        0.528    76.046    fin.refs[2][19]_i_3_n_0
                         LUT5 (Prop_lut5_I1_O)        0.124    76.170 r  fin.refs[4][19]_i_221/O
                         net (fo=1, unplaced)         0.732    76.902    fin.refs[4][19]_i_221_n_0
                         LUT6 (Prop_lut6_I0_O)        0.124    77.026 r  fin.refs[4][19]_i_171/O
                         net (fo=1, unplaced)         0.000    77.026    fin.refs[4][19]_i_171_n_0
                         CARRY4 (Prop_carry4_S[1]_CO[3])
                                                      0.533    77.559 r  fin.refs_reg[4][19]_i_138/CO[3]
                         net (fo=1, unplaced)         0.000    77.559    fin.refs_reg[4][19]_i_138_n_0
                         CARRY4 (Prop_carry4_CI_CO[3])
                                                      0.117    77.676 r  fin.refs_reg[4][19]_i_114/CO[3]
                         net (fo=1, unplaced)         0.000    77.676    fin.refs_reg[4][19]_i_114_n_0
                         CARRY4 (Prop_carry4_CI_CO[2])
                                                      0.252    77.928 f  fin.refs_reg[4][19]_i_90/CO[2]
                         net (fo=2, unplaced)         0.463    78.391    fin.seenr22_out
                         LUT6 (Prop_lut6_I4_O)        0.310    78.701 f  fin.refs[4][19]_i_217/O
                         net (fo=1, unplaced)         0.449    79.150    fin.refs[4][19]_i_217_n_0
                         LUT6 (Prop_lut6_I5_O)        0.124    79.274 f  fin.refs[4][19]_i_165/O
                         net (fo=1, unplaced)         0.449    79.723    fin.refs[4][19]_i_165_n_0
                         LUT6 (Prop_lut6_I5_O)        0.124    79.847 f  fin.refs[4][19]_i_131/O
                         net (fo=1, unplaced)         0.449    80.296    fin.refs[4][19]_i_131_n_0
                         LUT6 (Prop_lut6_I5_O)        0.124    80.420 f  fin.refs[4][19]_i_94/O
                         net (fo=1, unplaced)         0.449    80.869    fin.refs[4][19]_i_94_n_0
                         LUT6 (Prop_lut6_I5_O)        0.124    80.993 f  fin.refs[4][19]_i_48/O
                         net (fo=5, unplaced)         0.477    81.470    fin.refs[4][19]_i_48_n_0
                         LUT3 (Prop_lut3_I2_O)        0.116    81.586 r  reason[5]_i_7/O
                         net (fo=2, unplaced)         0.743    82.329    reason[5]_i_7_n_0
                         LUT6 (Prop_lut6_I2_O)        0.124    82.453 r  reason[5]_i_4/O
                         net (fo=1, unplaced)         0.419    82.872    reason[5]_i_4_n_0
                         LUT6 (Prop_lut6_I0_O)        0.124    82.996 r  reason[5]_i_2/O
                         net (fo=16, unplaced)        0.503    83.499    st1989_out
                         LUT5 (Prop_lut5_I0_O)        0.116    83.615 r  st[0]_i_3/O
                         net (fo=2, unplaced)         0.460    84.075    st[0]_i_3_n_0
                         LUT5 (Prop_lut5_I4_O)        0.116    84.191 r  prv[18]_i_5/O
                         net (fo=3, unplaced)         0.467    84.658    prv[18]_i_5_n_0
                         LUT6 (Prop_lut6_I0_O)        0.124    84.782 r  pref[7]_i_2/O
                         net (fo=16, unplaced)        0.503    85.285    pref[7]_i_2_n_0
                         LUT3 (Prop_lut3_I0_O)        0.124    85.409 r  pref[7]_i_1/O
                         net (fo=8, unplaced)         0.646    86.055    pref[7]_i_1_n_0
                         FDRE                                         r  pref_reg[1]/R
  -------------------------------------------------------------------    -------------------

                         (clock clk rise edge)       10.000    10.000 r  <hidden>
                                                      0.000    10.000 r  clk
                         net (fo=11503, unset)        0.924    10.924    clk
                         FDRE                                         r  pref_reg[1]/C
                         clock pessimism              0.000    10.924    <hidden>
                         clock uncertainty           -0.035    10.889    <hidden>
                         FDRE (Setup_fdre_C_R)       -0.557    10.332    pref_reg[1]
  -------------------------------------------------------------------
                         required time                         10.332    <hidden>
                         arrival time                         -86.055    <hidden>
  -------------------------------------------------------------------
                         slack                                -75.723    <hidden>

Slack (VIOLATED) :        -75.723ns  (required time - arrival time)
  Source:                 hit_prov_reg[0][2]/C
                            (rising edge-triggered cell FDRE clocked by clk  {rise@0.000ns fall@5.000ns period=10.000ns})
  Destination:            pref_reg[2]/R
                            (rising edge-triggered cell FDRE clocked by clk  {rise@0.000ns fall@5.000ns period=10.000ns})
  Path Group:             clk
  Path Type:              Setup (Max at Slow Process Corner)
  Requirement:            10.000ns  (clk rise@10.000ns - clk rise@0.000ns)
  Data Path Delay:        85.082ns  (logic 29.176ns (34.292%)  route 55.906ns (65.708%))
  Logic Levels:           144  (CARRY4=44 LUT2=5 LUT3=9 LUT4=9 LUT5=27 LUT6=50)
  Clock Path Skew:        -0.049ns (DCD - SCD + CPR)
    Destination Clock Delay (DCD):    0.924ns = ( 10.924 - 10.000 ) 
    Source Clock Delay      (SCD):    0.973ns
    Clock Pessimism Removal (CPR):    0.000ns
  Clock Uncertainty:      0.035ns  ((TSJ^2 + TIJ^2)^1/2 + DJ) / 2 + PE
    Total System Jitter     (TSJ):    0.071ns
    Total Input Jitter      (TIJ):    0.000ns
    Discrete Jitter          (DJ):    0.000ns
    Phase Error              (PE):    0.000ns

    Location             Delay type                Incr(ns)  Path(ns)    Netlist Resource(s)
  -------------------------------------------------------------------    -------------------
                         (clock clk rise edge)        0.000     0.000 r  <hidden>
                                                      0.000     0.000 r  clk
                         net (fo=11503, unset)        0.973     0.973    clk
                         FDRE                                         r  hit_prov_reg[0][2]/C
  -------------------------------------------------------------------    -------------------
                         FDRE (Prop_fdre_C_Q)         0.478     1.451 r  hit_prov_reg[0][2]/Q
                         net (fo=2, unplaced)         0.774     2.225    hit_prov_reg_n_0_[0][2]
                         LUT4 (Prop_lut4_I1_O)        0.295     2.520 r  fin.refs[4][19]_i_101/O
                         net (fo=1, unplaced)         0.732     3.252    fin.refs[4][19]_i_101_n_0
                         LUT6 (Prop_lut6_I1_O)        0.124     3.376 f  fin.refs[4][19]_i_57/O
                         net (fo=11, unplaced)        0.495     3.871    fin.refs[4][19]_i_57_n_0
                         LUT5 (Prop_lut5_I0_O)        0.124     3.995 r  fin.refs[4][19]_i_27/O
                         net (fo=222, unplaced)       0.569     4.564    fin.refs[4][19]_i_27_n_0
                         LUT4 (Prop_lut4_I0_O)        0.124     4.688 r  fin.refs[2][20]_i_862/O
                         net (fo=4, unplaced)         0.756     5.444    fin.refs[2][20]_i_862_n_0
                         LUT6 (Prop_lut6_I0_O)        0.124     5.568 r  fin.refs[2][20]_i_734/O
                         net (fo=1, unplaced)         0.000     5.568    fin.refs[2][20]_i_734_n_0
                         CARRY4 (Prop_carry4_S[1]_CO[3])
                                                      0.533     6.101 r  fin.refs_reg[2][20]_i_533/CO[3]
                         net (fo=1, unplaced)         0.000     6.101    fin.refs_reg[2][20]_i_533_n_0
                         CARRY4 (Prop_carry4_CI_CO[3])
                                                      0.117     6.218 r  fin.refs_reg[2][20]_i_314/CO[3]
                         net (fo=1, unplaced)         0.000     6.218    fin.refs_reg[2][20]_i_314_n_0
                         CARRY4 (Prop_carry4_CI_CO[2])
                                                      0.252     6.470 r  fin.refs_reg[2][20]_i_175/CO[2]
                         net (fo=46, unplaced)        0.532     7.002    fin.nrefs2
                         LUT3 (Prop_lut3_I1_O)        0.310     7.312 r  fin.refs[1][31]_i_38/O
                         net (fo=82, unplaced)        0.544     7.856    fin.refs[1][31]_i_38_n_0
                         LUT5 (Prop_lut5_I1_O)        0.124     7.980 r  fin.refs[2][20]_i_854/O
                         net (fo=1, unplaced)         0.732     8.712    fin.refs[2][20]_i_854_n_0
                         LUT6 (Prop_lut6_I0_O)        0.124     8.836 r  fin.refs[2][20]_i_722/O
                         net (fo=1, unplaced)         0.000     8.836    fin.refs[2][20]_i_722_n_0
                         CARRY4 (Prop_carry4_S[1]_CO[3])
                                                      0.533     9.369 r  fin.refs_reg[2][20]_i_528/CO[3]
                         net (fo=1, unplaced)         0.000     9.369    fin.refs_reg[2][20]_i_528_n_0
                         CARRY4 (Prop_carry4_CI_CO[3])
                                                      0.117     9.486 r  fin.refs_reg[2][20]_i_310/CO[3]
                         net (fo=1, unplaced)         0.000     9.486    fin.refs_reg[2][20]_i_310_n_0
                         CARRY4 (Prop_carry4_CI_CO[2])
                                                      0.252     9.738 r  fin.refs_reg[2][20]_i_174/CO[2]
                         net (fo=3, unplaced)         0.470    10.208    fin.seenr2247_out
                         LUT6 (Prop_lut6_I0_O)        0.310    10.518 r  fin.refs[2][20]_i_92/O
                         net (fo=90, unplaced)        0.546    11.064    fin.refs[2][20]_i_92_n_0
                         LUT5 (Prop_lut5_I1_O)        0.124    11.188 r  fin.refs[4][31]_i_316/O
                         net (fo=1, unplaced)         0.732    11.920    fin.refs[4][31]_i_316_n_0
                         LUT6 (Prop_lut6_I0_O)        0.124    12.044 r  fin.refs[4][31]_i_211/O
                         net (fo=1, unplaced)         0.000    12.044    fin.refs[4][31]_i_211_n_0
                         CARRY4 (Prop_carry4_S[1]_CO[3])
                                                      0.533    12.577 r  fin.refs_reg[4][31]_i_133/CO[3]
                         net (fo=1, unplaced)         0.000    12.577    fin.refs_reg[4][31]_i_133_n_0
                         CARRY4 (Prop_carry4_CI_CO[3])
                                                      0.117    12.694 r  fin.refs_reg[4][31]_i_80/CO[3]
                         net (fo=1, unplaced)         0.000    12.694    fin.refs_reg[4][31]_i_80_n_0
                         CARRY4 (Prop_carry4_CI_CO[2])
                                                      0.252    12.946 f  fin.refs_reg[4][31]_i_46/CO[2]
                         net (fo=4, unplaced)         0.476    13.422    fin.seenr2242_out
                         LUT5 (Prop_lut5_I1_O)        0.310    13.732 f  fin.refs[4][31]_i_54/O
                         net (fo=9, unplaced)         0.490    14.222    fin.refs[4][31]_i_54_n_0
                         LUT4 (Prop_lut4_I0_O)        0.124    14.346 r  fin.refs[2][20]_i_93/O
                         net (fo=63, unplaced)        0.537    14.883    fin.refs[2][20]_i_93_n_0
                         LUT5 (Prop_lut5_I1_O)        0.124    15.007 r  fin.refs[2][3]_i_14/O
                         net (fo=2, unplaced)         0.743    15.750    fin.refs[2][3]_i_14_n_0
                         LUT6 (Prop_lut6_I0_O)        0.124    15.874 r  fin.refs[4][31]_i_275/O
                         net (fo=1, unplaced)         0.000    15.874    fin.refs[4][31]_i_275_n_0
                         CARRY4 (Prop_carry4_S[1]_CO[3])
                                                      0.533    16.407 r  fin.refs_reg[4][31]_i_167/CO[3]
                         net (fo=1, unplaced)         0.000    16.407    fin.refs_reg[4][31]_i_167_n_0
                         CARRY4 (Prop_carry4_CI_CO[3])
                                                      0.117    16.524 r  fin.refs_reg[4][31]_i_100/CO[3]
                         net (fo=1, unplaced)         0.000    16.524    fin.refs_reg[4][31]_i_100_n_0
                         CARRY4 (Prop_carry4_CI_CO[2])
                                                      0.252    16.776 r  fin.refs_reg[4][31]_i_59/CO[2]
                         net (fo=2, unplaced)         0.463    17.239    fin.seenr2233_out
                         LUT6 (Prop_lut6_I0_O)        0.310    17.549 r  fin.refs[4][31]_i_53/O
                         net (fo=4, unplaced)         0.473    18.022    fin.refs[4][31]_i_53_n_0
                         LUT6 (Prop_lut6_I4_O)        0.124    18.146 r  fin.refs[4][31]_i_25/O
                         net (fo=59, unplaced)        0.535    18.681    fin.refs[4][31]_i_25_n_0
                         LUT2 (Prop_lut2_I1_O)        0.124    18.805 r  fin.refs[4][31]_i_11/O
                         net (fo=81, unplaced)        0.543    19.348    fin.refs[4][31]_i_11_n_0
                         LUT5 (Prop_lut5_I1_O)        0.124    19.472 r  fin.refs[4][31]_i_375/O
                         net (fo=1, unplaced)         0.732    20.204    fin.refs[4][31]_i_375_n_0
                         LUT6 (Prop_lut6_I0_O)        0.124    20.328 r  fin.refs[4][31]_i_305/O
                         net (fo=1, unplaced)         0.000    20.328    fin.refs[4][31]_i_305_n_0
                         CARRY4 (Prop_carry4_S[1]_CO[3])
                                                      0.533    20.861 r  fin.refs_reg[4][31]_i_204/CO[3]
                         net (fo=1, unplaced)         0.000    20.861    fin.refs_reg[4][31]_i_204_n_0
                         CARRY4 (Prop_carry4_CI_CO[3])
                                                      0.117    20.978 r  fin.refs_reg[4][31]_i_129/CO[3]
                         net (fo=1, unplaced)         0.000    20.978    fin.refs_reg[4][31]_i_129_n_0
                         CARRY4 (Prop_carry4_CI_CO[2])
                                                      0.252    21.230 f  fin.refs_reg[4][31]_i_79/CO[2]
                         net (fo=2, unplaced)         0.463    21.693    fin.seenr2226_out
                         LUT6 (Prop_lut6_I5_O)        0.310    22.003 f  fin.refs[4][31]_i_45/O
                         net (fo=3, unplaced)         0.750    22.753    fin.refs[4][31]_i_45_n_0
                         LUT6 (Prop_lut6_I0_O)        0.124    22.877 r  fin.refs[4][31]_i_27/O
                         net (fo=56, unplaced)        0.534    23.411    fin.refs[4][31]_i_27_n_0
                         LUT5 (Prop_lut5_I2_O)        0.124    23.535 r  fin.refs[4][31]_i_12/O
                         net (fo=62, unplaced)        0.537    24.072    fin.refs[4][31]_i_12_n_0
                         LUT5 (Prop_lut5_I1_O)        0.124    24.196 r  fin.refs[4][3]_i_9/O
                         net (fo=2, unplaced)         0.743    24.939    fin.refs[4][3]_i_9_n_0
                         LUT6 (Prop_lut6_I0_O)        0.124    25.063 r  fin.refs[2][20]_i_848/O
                         net (fo=1, unplaced)         0.000    25.063    fin.refs[2][20]_i_848_n_0
                         CARRY4 (Prop_carry4_S[1]_CO[3])
                                                      0.533    25.596 r  fin.refs_reg[2][20]_i_698/CO[3]
                         net (fo=1, unplaced)         0.000    25.596    fin.refs_reg[2][20]_i_698_n_0
                         CARRY4 (Prop_carry4_CI_CO[3])
                                                      0.117    25.713 r  fin.refs_reg[2][20]_i_481/CO[3]
                         net (fo=1, unplaced)         0.000    25.713    fin.refs_reg[2][20]_i_481_n_0
                         CARRY4 (Prop_carry4_CI_CO[2])
                                                      0.252    25.965 f  fin.refs_reg[2][20]_i_270/CO[2]
                         net (fo=1, unplaced)         0.452    26.417    fin.seenr2213_out
                         LUT3 (Prop_lut3_I2_O)        0.310    26.727 r  fin.refs[2][20]_i_150/O
                         net (fo=1, unplaced)         0.449    27.176    fin.refs[2][20]_i_150_n_0
                         LUT6 (Prop_lut6_I1_O)        0.124    27.300 f  fin.refs[2][20]_i_81/O
                         net (fo=3, unplaced)         0.467    27.767    fin.refs[2][20]_i_81_n_0
                         LUT5 (Prop_lut5_I3_O)        0.124    27.891 f  fin.refs[6][20]_i_27/O
                         net (fo=38, unplaced)        0.524    28.415    fin.refs[6][20]_i_27_n_0
                         LUT3 (Prop_lut3_I0_O)        0.124    28.539 r  fin.refs[1][31]_i_18/O
                         net (fo=52, unplaced)        0.532    29.071    fin.refs[1][31]_i_18_n_0
                         LUT5 (Prop_lut5_I3_O)        0.124    29.195 r  fin.refs[1][3]_i_6/O
                         net (fo=2, unplaced)         0.743    29.938    fin.refs[1][3]_i_6_n_0
                         LUT6 (Prop_lut6_I0_O)        0.124    30.062 r  fin.refs[7][31]_i_127/O
                         net (fo=1, unplaced)         0.000    30.062    fin.refs[7][31]_i_127_n_0
                         CARRY4 (Prop_carry4_S[1]_CO[3])
                                                      0.533    30.595 r  fin.refs_reg[7][31]_i_65/CO[3]
                         net (fo=1, unplaced)         0.000    30.595    fin.refs_reg[7][31]_i_65_n_0
                         CARRY4 (Prop_carry4_CI_CO[3])
                                                      0.117    30.712 r  fin.refs_reg[7][31]_i_32/CO[3]
                         net (fo=1, unplaced)         0.000    30.712    fin.refs_reg[7][31]_i_32_n_0
                         CARRY4 (Prop_carry4_CI_CO[2])
                                                      0.252    30.964 f  fin.refs_reg[7][31]_i_21/CO[2]
                         net (fo=1, unplaced)         0.452    31.416    fin.seenr2192_out
                         LUT6 (Prop_lut6_I5_O)        0.310    31.726 f  fin.refs[7][31]_i_12/O
                         net (fo=6, unplaced)         0.764    32.490    fin.refs[7][31]_i_12_n_0
                         LUT6 (Prop_lut6_I0_O)        0.124    32.614 f  fin.refs[4][31]_i_31/O
                         net (fo=45, unplaced)        0.529    33.143    fin.refs[4][31]_i_31_n_0
                         LUT2 (Prop_lut2_I1_O)        0.116    33.259 f  fin.refs[6][20]_i_25/O
                         net (fo=14, unplaced)        0.500    33.759    fin.refs[6][20]_i_25_n_0
                         LUT4 (Prop_lut4_I3_O)        0.124    33.883 r  fin.refs[4][31]_i_13/O
                         net (fo=40, unplaced)        0.526    34.409    fin.refs[4][31]_i_13_n_0
                         LUT5 (Prop_lut5_I3_O)        0.124    34.533 r  fin.refs[4][3]_i_7/O
                         net (fo=3, unplaced)         0.750    35.283    fin.refs180_in[3]
                         LUT6 (Prop_lut6_I0_O)        0.124    35.407 r  fin.refs[2][20]_i_505/O
                         net (fo=1, unplaced)         0.000    35.407    fin.refs[2][20]_i_505_n_0
                         CARRY4 (Prop_carry4_S[1]_CO[3])
                                                      0.533    35.940 r  fin.refs_reg[2][20]_i_280/CO[3]
                         net (fo=1, unplaced)         0.000    35.940    fin.refs_reg[2][20]_i_280_n_0
                         CARRY4 (Prop_carry4_CI_CO[3])
                                                      0.117    36.057 r  fin.refs_reg[2][20]_i_157/CO[3]
                         net (fo=1, unplaced)         0.000    36.057    fin.refs_reg[2][20]_i_157_n_0
                         CARRY4 (Prop_carry4_CI_CO[2])
                                                      0.252    36.309 f  fin.refs_reg[2][20]_i_84/CO[2]
                         net (fo=3, unplaced)         0.470    36.779    fin.seenr2181_out
                         LUT3 (Prop_lut3_I2_O)        0.310    37.089 r  fin.refs[2][20]_i_139/O
                         net (fo=1, unplaced)         0.449    37.538    fin.refs[2][20]_i_139_n_0
                         LUT6 (Prop_lut6_I3_O)        0.124    37.662 f  fin.refs[2][20]_i_76/O
                         net (fo=8, unplaced)         0.487    38.149    fin.refs[2][20]_i_76_n_0
                         LUT6 (Prop_lut6_I0_O)        0.124    38.273 f  fin.refs[2][20]_i_41/O
                         net (fo=33, unplaced)        0.521    38.794    fin.refs[2][20]_i_41_n_0
                         LUT6 (Prop_lut6_I0_O)        0.124    38.918 f  fin.refs[2][20]_i_17/O
                         net (fo=182, unplaced)       0.564    39.482    fin.refs[2][20]_i_17_n_0
                         LUT4 (Prop_lut4_I2_O)        0.124    39.606 r  fin.refs[7][31]_i_10/O
                         net (fo=40, unplaced)        0.526    40.132    fin.refs[7][31]_i_10_n_0
                         LUT5 (Prop_lut5_I1_O)        0.124    40.256 r  fin.refs[7][4]_i_6/O
                         net (fo=3, unplaced)         0.750    41.006    fin.refs167_in[4]
                         LUT6 (Prop_lut6_I1_O)        0.124    41.130 r  fin.refs[2][20]_i_772/O
                         net (fo=1, unplaced)         0.000    41.130    fin.refs[2][20]_i_772_n_0
                         CARRY4 (Prop_carry4_S[1]_CO[3])
                                                      0.533    41.663 r  fin.refs_reg[2][20]_i_559/CO[3]
                         net (fo=1, unplaced)         0.000    41.663    fin.refs_reg[2][20]_i_559_n_0
                         CARRY4 (Prop_carry4_CI_CO[3])
                                                      0.117    41.780 r  fin.refs_reg[2][20]_i_330/CO[3]
                         net (fo=1, unplaced)         0.000    41.780    fin.refs_reg[2][20]_i_330_n_0
                         CARRY4 (Prop_carry4_CI_CO[2])
                                                      0.252    42.032 f  fin.refs_reg[2][20]_i_180/CO[2]
                         net (fo=1, unplaced)         0.735    42.767    fin.seenr2168_out
                         LUT6 (Prop_lut6_I0_O)        0.310    43.077 f  fin.refs[2][20]_i_96/O
                         net (fo=1, unplaced)         0.449    43.526    fin.refs[2][20]_i_96_n_0
                         LUT6 (Prop_lut6_I1_O)        0.124    43.650 f  fin.refs[2][20]_i_51/O
                         net (fo=17, unplaced)        0.505    44.155    fin.refs[2][20]_i_51_n_0
                         LUT5 (Prop_lut5_I3_O)        0.116    44.271 r  fin.refs[2][20]_i_50/O
                         net (fo=3, unplaced)         0.467    44.738    fin.refs[2][20]_i_50_n_0
                         LUT3 (Prop_lut3_I0_O)        0.124    44.862 r  fin.refs[6][20]_i_12/O
                         net (fo=49, unplaced)        0.531    45.393    fin.refs[6][20]_i_12_n_0
                         LUT5 (Prop_lut5_I1_O)        0.124    45.517 r  fin.refs[6][3]_i_5/O
                         net (fo=2, unplaced)         0.743    46.260    fin.refs[6][3]_i_5_n_0
                         LUT6 (Prop_lut6_I0_O)        0.124    46.384 r  fin.refs[4][31]_i_180/O
                         net (fo=1, unplaced)         0.000    46.384    fin.refs[4][31]_i_180_n_0
                         CARRY4 (Prop_carry4_S[1]_CO[3])
                                                      0.533    46.917 r  fin.refs_reg[4][31]_i_109/CO[3]
                         net (fo=1, unplaced)         0.000    46.917    fin.refs_reg[4][31]_i_109_n_0
                         CARRY4 (Prop_carry4_CI_CO[3])
                                                      0.117    47.034 r  fin.refs_reg[4][31]_i_67/CO[3]
                         net (fo=1, unplaced)         0.000    47.034    fin.refs_reg[4][31]_i_67_n_0
                         CARRY4 (Prop_carry4_CI_CO[2])
                                                      0.252    47.286 f  fin.refs_reg[4][31]_i_37/CO[2]
                         net (fo=2, unplaced)         0.746    48.032    fin.seenr2145_out
                         LUT6 (Prop_lut6_I1_O)        0.310    48.342 f  fin.refs[10][31]_i_22/O
                         net (fo=1, unplaced)         0.732    49.074    fin.refs[10][31]_i_22_n_0
                         LUT6 (Prop_lut6_I4_O)        0.124    49.198 r  fin.refs[10][31]_i_10/O
                         net (fo=46, unplaced)        0.529    49.727    fin.refs[10][31]_i_10_n_0
                         LUT5 (Prop_lut5_I1_O)        0.124    49.851 r  fin.refs[2][20]_i_23/O
                         net (fo=5, unplaced)         0.477    50.328    fin.refs[2][20]_i_23_n_0
                         LUT4 (Prop_lut4_I2_O)        0.124    50.452 r  fin.refs[1][31]_i_11/O
                         net (fo=70, unplaced)        0.540    50.992    fin.refs[1][31]_i_11_n_0
                         LUT6 (Prop_lut6_I1_O)        0.124    51.116 r  fin.refs[1][31]_i_145/O
                         net (fo=3, unplaced)         0.750    51.866    fin.refs[1][31]_i_145_n_0
                         LUT5 (Prop_lut5_I0_O)        0.124    51.990 r  fin.refs[1][31]_i_95/O
                         net (fo=1, unplaced)         0.000    51.990    fin.refs[1][31]_i_95_n_0
                         CARRY4 (Prop_carry4_S[0]_CO[3])
                                                      0.513    52.503 r  fin.refs_reg[1][31]_i_51/CO[3]
                         net (fo=1, unplaced)         0.000    52.503    fin.refs_reg[1][31]_i_51_n_0
                         CARRY4 (Prop_carry4_CI_CO[2])
                                                      0.252    52.755 f  fin.refs_reg[1][31]_i_26/CO[2]
                         net (fo=2, unplaced)         0.463    53.218    fin.seenr2112_out
                         LUT6 (Prop_lut6_I4_O)        0.310    53.528 f  fin.refs[1][31]_i_66/O
                         net (fo=1, unplaced)         0.449    53.977    fin.refs[1][31]_i_66_n_0
                         LUT5 (Prop_lut5_I1_O)        0.124    54.101 f  fin.refs[1][31]_i_30/O
                         net (fo=1, unplaced)         0.449    54.550    fin.refs[1][31]_i_30_n_0
                         LUT6 (Prop_lut6_I3_O)        0.124    54.674 f  fin.refs[1][31]_i_14/O
                         net (fo=1, unplaced)         0.449    55.123    fin.refs[1][31]_i_14_n_0
                         LUT6 (Prop_lut6_I5_O)        0.124    55.247 r  fin.refs[1][31]_i_6/O
                         net (fo=19, unplaced)        0.508    55.755    fin.refs[1][31]_i_6_n_0
                         LUT2 (Prop_lut2_I0_O)        0.124    55.879 f  fin.refs[10][31]_i_7/O
                         net (fo=4, unplaced)         0.473    56.352    fin.refs[10][31]_i_7_n_0
                         LUT5 (Prop_lut5_I0_O)        0.124    56.476 r  fin.refs[10][31]_i_3/O
                         net (fo=85, unplaced)        0.544    57.020    fin.refs[10][31]_i_3_n_0
                         LUT5 (Prop_lut5_I3_O)        0.124    57.144 r  fin.refs[10][4]_i_3/O
                         net (fo=3, unplaced)         0.750    57.894    fin.refs[10][4]_i_3_n_0
                         LUT6 (Prop_lut6_I0_O)        0.124    58.018 r  fin.refs[4][20]_i_185/O
                         net (fo=1, unplaced)         0.000    58.018    fin.refs[4][20]_i_185_n_0
                         CARRY4 (Prop_carry4_S[1]_CO[3])
                                                      0.533    58.551 r  fin.refs_reg[4][20]_i_124/CO[3]
                         net (fo=1, unplaced)         0.000    58.551    fin.refs_reg[4][20]_i_124_n_0
                         CARRY4 (Prop_carry4_CI_CO[3])
                                                      0.117    58.668 r  fin.refs_reg[4][20]_i_75/CO[3]
                         net (fo=1, unplaced)         0.000    58.668    fin.refs_reg[4][20]_i_75_n_0
                         CARRY4 (Prop_carry4_CI_CO[2])
                                                      0.252    58.920 f  fin.refs_reg[4][20]_i_50/CO[2]
                         net (fo=2, unplaced)         0.463    59.383    fin.seenr2105_out
                         LUT6 (Prop_lut6_I1_O)        0.310    59.693 f  fin.refs[4][20]_i_52/O
                         net (fo=1, unplaced)         0.449    60.142    fin.refs[4][20]_i_52_n_0
                         LUT6 (Prop_lut6_I5_O)        0.124    60.266 f  fin.refs[4][20]_i_40/O
                         net (fo=1, unplaced)         0.449    60.715    fin.refs[4][20]_i_40_n_0
                         LUT6 (Prop_lut6_I3_O)        0.124    60.839 r  fin.refs[4][20]_i_22/O
                         net (fo=35, unplaced)        0.522    61.361    fin.refs[4][20]_i_22_n_0
                         LUT2 (Prop_lut2_I0_O)        0.116    61.477 r  fin.refs[4][20]_i_26/O
                         net (fo=4, unplaced)         0.473    61.950    fin.refs[4][20]_i_26_n_0
                         LUT6 (Prop_lut6_I1_O)        0.124    62.074 r  fin.refs[6][20]_i_17/O
                         net (fo=16, unplaced)        0.503    62.577    fin.refs[6][20]_i_17_n_0
                         LUT4 (Prop_lut4_I0_O)        0.124    62.701 r  fin.refs[6][20]_i_6/O
                         net (fo=66, unplaced)        0.538    63.239    fin.refs[6][20]_i_6_n_0
                         LUT5 (Prop_lut5_I1_O)        0.116    63.355 r  fin.refs[6][4]_i_3/O
                         net (fo=3, unplaced)         0.750    64.105    fin.refs[6][4]_i_3_n_0
                         LUT6 (Prop_lut6_I0_O)        0.124    64.229 r  fin.refs[2][20]_i_410/O
                         net (fo=1, unplaced)         0.000    64.229    fin.refs[2][20]_i_410_n_0
                         CARRY4 (Prop_carry4_S[1]_CO[3])
                                                      0.533    64.762 r  fin.refs_reg[2][20]_i_224/CO[3]
                         net (fo=1, unplaced)         0.000    64.762    fin.refs_reg[2][20]_i_224_n_0
                         CARRY4 (Prop_carry4_CI_CO[3])
                                                      0.117    64.879 r  fin.refs_reg[2][20]_i_122/CO[3]
                         net (fo=1, unplaced)         0.000    64.879    fin.refs_reg[2][20]_i_122_n_0
                         CARRY4 (Prop_carry4_CI_CO[2])
                                                      0.252    65.131 f  fin.refs_reg[2][20]_i_67/CO[2]
                         net (fo=3, unplaced)         0.470    65.601    fin.seenr270_out
                         LUT3 (Prop_lut3_I1_O)        0.310    65.911 r  fin.refs[2][20]_i_109/O
                         net (fo=1, unplaced)         0.449    66.360    fin.refs[2][20]_i_109_n_0
                         LUT5 (Prop_lut5_I0_O)        0.124    66.484 r  fin.refs[2][20]_i_62/O
                         net (fo=1, unplaced)         0.449    66.933    fin.refs[2][20]_i_62_n_0
                         LUT6 (Prop_lut6_I5_O)        0.124    67.057 f  fin.refs[2][20]_i_31/O
                         net (fo=2, unplaced)         0.460    67.517    fin.refs[2][20]_i_31_n_0
                         LUT5 (Prop_lut5_I1_O)        0.124    67.641 f  fin.refs[4][20]_i_31/O
                         net (fo=10, unplaced)        0.492    68.133    fin.refs[4][20]_i_31_n_0
                         LUT3 (Prop_lut3_I1_O)        0.124    68.257 r  fin.refs[3][19]_i_9/O
                         net (fo=46, unplaced)        0.529    68.786    fin.refs[3][19]_i_9_n_0
                         LUT4 (Prop_lut4_I0_O)        0.124    68.910 r  fin.refs[11][19]_i_5/O
                         net (fo=13, unplaced)        0.499    69.409    fin.refs[11][19]_i_5_n_0
                         LUT4 (Prop_lut4_I1_O)        0.124    69.533 r  fin.refs[11][5]_i_2/O
                         net (fo=2, unplaced)         0.743    70.276    fin.refs[11][5]_i_2_n_0
                         LUT6 (Prop_lut6_I0_O)        0.124    70.400 r  fin.refs[8][19]_i_205/O
                         net (fo=1, unplaced)         0.000    70.400    fin.refs[8][19]_i_205_n_0
                         CARRY4 (Prop_carry4_S[1]_CO[3])
                                                      0.533    70.933 r  fin.refs_reg[8][19]_i_138/CO[3]
                         net (fo=1, unplaced)         0.000    70.933    fin.refs_reg[8][19]_i_138_n_0
                         CARRY4 (Prop_carry4_CI_CO[3])
                                                      0.117    71.050 r  fin.refs_reg[8][19]_i_75/CO[3]
                         net (fo=1, unplaced)         0.000    71.050    fin.refs_reg[8][19]_i_75_n_0
                         CARRY4 (Prop_carry4_CI_CO[2])
                                                      0.252    71.302 f  fin.refs_reg[8][19]_i_42/CO[2]
                         net (fo=2, unplaced)         0.955    72.257    fin.seenr251_out
                         LUT6 (Prop_lut6_I0_O)        0.310    72.567 f  fin.refs[8][19]_i_50/O
                         net (fo=1, unplaced)         0.449    73.016    fin.refs[8][19]_i_50_n_0
                         LUT5 (Prop_lut5_I1_O)        0.124    73.140 f  fin.refs[8][19]_i_25/O
                         net (fo=1, unplaced)         0.449    73.589    fin.refs[8][19]_i_25_n_0
                         LUT6 (Prop_lut6_I5_O)        0.124    73.713 f  fin.refs[8][19]_i_11/O
                         net (fo=1, unplaced)         0.449    74.162    fin.refs[8][19]_i_11_n_0
                         LUT6 (Prop_lut6_I2_O)        0.124    74.286 r  fin.refs[8][19]_i_5/O
                         net (fo=16, unplaced)        0.503    74.789    fin.refs[8][19]_i_5_n_0
                         LUT2 (Prop_lut2_I1_O)        0.124    74.913 r  fin.refs[4][20]_i_15/O
                         net (fo=6, unplaced)         0.481    75.394    fin.refs[4][20]_i_15_n_0
                         LUT5 (Prop_lut5_I3_O)        0.124    75.518 r  fin.refs[2][19]_i_3/O
                         net (fo=43, unplaced)        0.528    76.046    fin.refs[2][19]_i_3_n_0
                         LUT5 (Prop_lut5_I1_O)        0.124    76.170 r  fin.refs[4][19]_i_221/O
                         net (fo=1, unplaced)         0.732    76.902    fin.refs[4][19]_i_221_n_0
                         LUT6 (Prop_lut6_I0_O)        0.124    77.026 r  fin.refs[4][19]_i_171/O
                         net (fo=1, unplaced)         0.000    77.026    fin.refs[4][19]_i_171_n_0
                         CARRY4 (Prop_carry4_S[1]_CO[3])
                                                      0.533    77.559 r  fin.refs_reg[4][19]_i_138/CO[3]
                         net (fo=1, unplaced)         0.000    77.559    fin.refs_reg[4][19]_i_138_n_0
                         CARRY4 (Prop_carry4_CI_CO[3])
                                                      0.117    77.676 r  fin.refs_reg[4][19]_i_114/CO[3]
                         net (fo=1, unplaced)         0.000    77.676    fin.refs_reg[4][19]_i_114_n_0
                         CARRY4 (Prop_carry4_CI_CO[2])
                                                      0.252    77.928 f  fin.refs_reg[4][19]_i_90/CO[2]
                         net (fo=2, unplaced)         0.463    78.391    fin.seenr22_out
                         LUT6 (Prop_lut6_I4_O)        0.310    78.701 f  fin.refs[4][19]_i_217/O
                         net (fo=1, unplaced)         0.449    79.150    fin.refs[4][19]_i_217_n_0
                         LUT6 (Prop_lut6_I5_O)        0.124    79.274 f  fin.refs[4][19]_i_165/O
                         net (fo=1, unplaced)         0.449    79.723    fin.refs[4][19]_i_165_n_0
                         LUT6 (Prop_lut6_I5_O)        0.124    79.847 f  fin.refs[4][19]_i_131/O
                         net (fo=1, unplaced)         0.449    80.296    fin.refs[4][19]_i_131_n_0
                         LUT6 (Prop_lut6_I5_O)        0.124    80.420 f  fin.refs[4][19]_i_94/O
                         net (fo=1, unplaced)         0.449    80.869    fin.refs[4][19]_i_94_n_0
                         LUT6 (Prop_lut6_I5_O)        0.124    80.993 f  fin.refs[4][19]_i_48/O
                         net (fo=5, unplaced)         0.477    81.470    fin.refs[4][19]_i_48_n_0
                         LUT3 (Prop_lut3_I2_O)        0.116    81.586 r  reason[5]_i_7/O
                         net (fo=2, unplaced)         0.743    82.329    reason[5]_i_7_n_0
                         LUT6 (Prop_lut6_I2_O)        0.124    82.453 r  reason[5]_i_4/O
                         net (fo=1, unplaced)         0.419    82.872    reason[5]_i_4_n_0
                         LUT6 (Prop_lut6_I0_O)        0.124    82.996 r  reason[5]_i_2/O
                         net (fo=16, unplaced)        0.503    83.499    st1989_out
                         LUT5 (Prop_lut5_I0_O)        0.116    83.615 r  st[0]_i_3/O
                         net (fo=2, unplaced)         0.460    84.075    st[0]_i_3_n_0
                         LUT5 (Prop_lut5_I4_O)        0.116    84.191 r  prv[18]_i_5/O
                         net (fo=3, unplaced)         0.467    84.658    prv[18]_i_5_n_0
                         LUT6 (Prop_lut6_I0_O)        0.124    84.782 r  pref[7]_i_2/O
                         net (fo=16, unplaced)        0.503    85.285    pref[7]_i_2_n_0
                         LUT3 (Prop_lut3_I0_O)        0.124    85.409 r  pref[7]_i_1/O
                         net (fo=8, unplaced)         0.646    86.055    pref[7]_i_1_n_0
                         FDRE                                         r  pref_reg[2]/R
  -------------------------------------------------------------------    -------------------

                         (clock clk rise edge)       10.000    10.000 r  <hidden>
                                                      0.000    10.000 r  clk
                         net (fo=11503, unset)        0.924    10.924    clk
                         FDRE                                         r  pref_reg[2]/C
                         clock pessimism              0.000    10.924    <hidden>
                         clock uncertainty           -0.035    10.889    <hidden>
                         FDRE (Setup_fdre_C_R)       -0.557    10.332    pref_reg[2]
  -------------------------------------------------------------------
                         required time                         10.332    <hidden>
                         arrival time                         -86.055    <hidden>
  -------------------------------------------------------------------
                         slack                                -75.723    <hidden>

Slack (VIOLATED) :        -75.723ns  (required time - arrival time)
  Source:                 hit_prov_reg[0][2]/C
                            (rising edge-triggered cell FDRE clocked by clk  {rise@0.000ns fall@5.000ns period=10.000ns})
  Destination:            pref_reg[3]/R
                            (rising edge-triggered cell FDRE clocked by clk  {rise@0.000ns fall@5.000ns period=10.000ns})
  Path Group:             clk
  Path Type:              Setup (Max at Slow Process Corner)
  Requirement:            10.000ns  (clk rise@10.000ns - clk rise@0.000ns)
  Data Path Delay:        85.082ns  (logic 29.176ns (34.292%)  route 55.906ns (65.708%))
  Logic Levels:           144  (CARRY4=44 LUT2=5 LUT3=9 LUT4=9 LUT5=27 LUT6=50)
  Clock Path Skew:        -0.049ns (DCD - SCD + CPR)
    Destination Clock Delay (DCD):    0.924ns = ( 10.924 - 10.000 ) 
    Source Clock Delay      (SCD):    0.973ns
    Clock Pessimism Removal (CPR):    0.000ns
  Clock Uncertainty:      0.035ns  ((TSJ^2 + TIJ^2)^1/2 + DJ) / 2 + PE
    Total System Jitter     (TSJ):    0.071ns
    Total Input Jitter      (TIJ):    0.000ns
    Discrete Jitter          (DJ):    0.000ns
    Phase Error              (PE):    0.000ns

    Location             Delay type                Incr(ns)  Path(ns)    Netlist Resource(s)
  -------------------------------------------------------------------    -------------------
                         (clock clk rise edge)        0.000     0.000 r  <hidden>
                                                      0.000     0.000 r  clk
                         net (fo=11503, unset)        0.973     0.973    clk
                         FDRE                                         r  hit_prov_reg[0][2]/C
  -------------------------------------------------------------------    -------------------
                         FDRE (Prop_fdre_C_Q)         0.478     1.451 r  hit_prov_reg[0][2]/Q
                         net (fo=2, unplaced)         0.774     2.225    hit_prov_reg_n_0_[0][2]
                         LUT4 (Prop_lut4_I1_O)        0.295     2.520 r  fin.refs[4][19]_i_101/O
                         net (fo=1, unplaced)         0.732     3.252    fin.refs[4][19]_i_101_n_0
                         LUT6 (Prop_lut6_I1_O)        0.124     3.376 f  fin.refs[4][19]_i_57/O
                         net (fo=11, unplaced)        0.495     3.871    fin.refs[4][19]_i_57_n_0
                         LUT5 (Prop_lut5_I0_O)        0.124     3.995 r  fin.refs[4][19]_i_27/O
                         net (fo=222, unplaced)       0.569     4.564    fin.refs[4][19]_i_27_n_0
                         LUT4 (Prop_lut4_I0_O)        0.124     4.688 r  fin.refs[2][20]_i_862/O
                         net (fo=4, unplaced)         0.756     5.444    fin.refs[2][20]_i_862_n_0
                         LUT6 (Prop_lut6_I0_O)        0.124     5.568 r  fin.refs[2][20]_i_734/O
                         net (fo=1, unplaced)         0.000     5.568    fin.refs[2][20]_i_734_n_0
                         CARRY4 (Prop_carry4_S[1]_CO[3])
                                                      0.533     6.101 r  fin.refs_reg[2][20]_i_533/CO[3]
                         net (fo=1, unplaced)         0.000     6.101    fin.refs_reg[2][20]_i_533_n_0
                         CARRY4 (Prop_carry4_CI_CO[3])
                                                      0.117     6.218 r  fin.refs_reg[2][20]_i_314/CO[3]
                         net (fo=1, unplaced)         0.000     6.218    fin.refs_reg[2][20]_i_314_n_0
                         CARRY4 (Prop_carry4_CI_CO[2])
                                                      0.252     6.470 r  fin.refs_reg[2][20]_i_175/CO[2]
                         net (fo=46, unplaced)        0.532     7.002    fin.nrefs2
                         LUT3 (Prop_lut3_I1_O)        0.310     7.312 r  fin.refs[1][31]_i_38/O
                         net (fo=82, unplaced)        0.544     7.856    fin.refs[1][31]_i_38_n_0
                         LUT5 (Prop_lut5_I1_O)        0.124     7.980 r  fin.refs[2][20]_i_854/O
                         net (fo=1, unplaced)         0.732     8.712    fin.refs[2][20]_i_854_n_0
                         LUT6 (Prop_lut6_I0_O)        0.124     8.836 r  fin.refs[2][20]_i_722/O
                         net (fo=1, unplaced)         0.000     8.836    fin.refs[2][20]_i_722_n_0
                         CARRY4 (Prop_carry4_S[1]_CO[3])
                                                      0.533     9.369 r  fin.refs_reg[2][20]_i_528/CO[3]
                         net (fo=1, unplaced)         0.000     9.369    fin.refs_reg[2][20]_i_528_n_0
                         CARRY4 (Prop_carry4_CI_CO[3])
                                                      0.117     9.486 r  fin.refs_reg[2][20]_i_310/CO[3]
                         net (fo=1, unplaced)         0.000     9.486    fin.refs_reg[2][20]_i_310_n_0
                         CARRY4 (Prop_carry4_CI_CO[2])
                                                      0.252     9.738 r  fin.refs_reg[2][20]_i_174/CO[2]
                         net (fo=3, unplaced)         0.470    10.208    fin.seenr2247_out
                         LUT6 (Prop_lut6_I0_O)        0.310    10.518 r  fin.refs[2][20]_i_92/O
                         net (fo=90, unplaced)        0.546    11.064    fin.refs[2][20]_i_92_n_0
                         LUT5 (Prop_lut5_I1_O)        0.124    11.188 r  fin.refs[4][31]_i_316/O
                         net (fo=1, unplaced)         0.732    11.920    fin.refs[4][31]_i_316_n_0
                         LUT6 (Prop_lut6_I0_O)        0.124    12.044 r  fin.refs[4][31]_i_211/O
                         net (fo=1, unplaced)         0.000    12.044    fin.refs[4][31]_i_211_n_0
                         CARRY4 (Prop_carry4_S[1]_CO[3])
                                                      0.533    12.577 r  fin.refs_reg[4][31]_i_133/CO[3]
                         net (fo=1, unplaced)         0.000    12.577    fin.refs_reg[4][31]_i_133_n_0
                         CARRY4 (Prop_carry4_CI_CO[3])
                                                      0.117    12.694 r  fin.refs_reg[4][31]_i_80/CO[3]
                         net (fo=1, unplaced)         0.000    12.694    fin.refs_reg[4][31]_i_80_n_0
                         CARRY4 (Prop_carry4_CI_CO[2])
                                                      0.252    12.946 f  fin.refs_reg[4][31]_i_46/CO[2]
                         net (fo=4, unplaced)         0.476    13.422    fin.seenr2242_out
                         LUT5 (Prop_lut5_I1_O)        0.310    13.732 f  fin.refs[4][31]_i_54/O
                         net (fo=9, unplaced)         0.490    14.222    fin.refs[4][31]_i_54_n_0
                         LUT4 (Prop_lut4_I0_O)        0.124    14.346 r  fin.refs[2][20]_i_93/O
                         net (fo=63, unplaced)        0.537    14.883    fin.refs[2][20]_i_93_n_0
                         LUT5 (Prop_lut5_I1_O)        0.124    15.007 r  fin.refs[2][3]_i_14/O
                         net (fo=2, unplaced)         0.743    15.750    fin.refs[2][3]_i_14_n_0
                         LUT6 (Prop_lut6_I0_O)        0.124    15.874 r  fin.refs[4][31]_i_275/O
                         net (fo=1, unplaced)         0.000    15.874    fin.refs[4][31]_i_275_n_0
                         CARRY4 (Prop_carry4_S[1]_CO[3])
                                                      0.533    16.407 r  fin.refs_reg[4][31]_i_167/CO[3]
                         net (fo=1, unplaced)         0.000    16.407    fin.refs_reg[4][31]_i_167_n_0
                         CARRY4 (Prop_carry4_CI_CO[3])
                                                      0.117    16.524 r  fin.refs_reg[4][31]_i_100/CO[3]
                         net (fo=1, unplaced)         0.000    16.524    fin.refs_reg[4][31]_i_100_n_0
                         CARRY4 (Prop_carry4_CI_CO[2])
                                                      0.252    16.776 r  fin.refs_reg[4][31]_i_59/CO[2]
                         net (fo=2, unplaced)         0.463    17.239    fin.seenr2233_out
                         LUT6 (Prop_lut6_I0_O)        0.310    17.549 r  fin.refs[4][31]_i_53/O
                         net (fo=4, unplaced)         0.473    18.022    fin.refs[4][31]_i_53_n_0
                         LUT6 (Prop_lut6_I4_O)        0.124    18.146 r  fin.refs[4][31]_i_25/O
                         net (fo=59, unplaced)        0.535    18.681    fin.refs[4][31]_i_25_n_0
                         LUT2 (Prop_lut2_I1_O)        0.124    18.805 r  fin.refs[4][31]_i_11/O
                         net (fo=81, unplaced)        0.543    19.348    fin.refs[4][31]_i_11_n_0
                         LUT5 (Prop_lut5_I1_O)        0.124    19.472 r  fin.refs[4][31]_i_375/O
                         net (fo=1, unplaced)         0.732    20.204    fin.refs[4][31]_i_375_n_0
                         LUT6 (Prop_lut6_I0_O)        0.124    20.328 r  fin.refs[4][31]_i_305/O
                         net (fo=1, unplaced)         0.000    20.328    fin.refs[4][31]_i_305_n_0
                         CARRY4 (Prop_carry4_S[1]_CO[3])
                                                      0.533    20.861 r  fin.refs_reg[4][31]_i_204/CO[3]
                         net (fo=1, unplaced)         0.000    20.861    fin.refs_reg[4][31]_i_204_n_0
                         CARRY4 (Prop_carry4_CI_CO[3])
                                                      0.117    20.978 r  fin.refs_reg[4][31]_i_129/CO[3]
                         net (fo=1, unplaced)         0.000    20.978    fin.refs_reg[4][31]_i_129_n_0
                         CARRY4 (Prop_carry4_CI_CO[2])
                                                      0.252    21.230 f  fin.refs_reg[4][31]_i_79/CO[2]
                         net (fo=2, unplaced)         0.463    21.693    fin.seenr2226_out
                         LUT6 (Prop_lut6_I5_O)        0.310    22.003 f  fin.refs[4][31]_i_45/O
                         net (fo=3, unplaced)         0.750    22.753    fin.refs[4][31]_i_45_n_0
                         LUT6 (Prop_lut6_I0_O)        0.124    22.877 r  fin.refs[4][31]_i_27/O
                         net (fo=56, unplaced)        0.534    23.411    fin.refs[4][31]_i_27_n_0
                         LUT5 (Prop_lut5_I2_O)        0.124    23.535 r  fin.refs[4][31]_i_12/O
                         net (fo=62, unplaced)        0.537    24.072    fin.refs[4][31]_i_12_n_0
                         LUT5 (Prop_lut5_I1_O)        0.124    24.196 r  fin.refs[4][3]_i_9/O
                         net (fo=2, unplaced)         0.743    24.939    fin.refs[4][3]_i_9_n_0
                         LUT6 (Prop_lut6_I0_O)        0.124    25.063 r  fin.refs[2][20]_i_848/O
                         net (fo=1, unplaced)         0.000    25.063    fin.refs[2][20]_i_848_n_0
                         CARRY4 (Prop_carry4_S[1]_CO[3])
                                                      0.533    25.596 r  fin.refs_reg[2][20]_i_698/CO[3]
                         net (fo=1, unplaced)         0.000    25.596    fin.refs_reg[2][20]_i_698_n_0
                         CARRY4 (Prop_carry4_CI_CO[3])
                                                      0.117    25.713 r  fin.refs_reg[2][20]_i_481/CO[3]
                         net (fo=1, unplaced)         0.000    25.713    fin.refs_reg[2][20]_i_481_n_0
                         CARRY4 (Prop_carry4_CI_CO[2])
                                                      0.252    25.965 f  fin.refs_reg[2][20]_i_270/CO[2]
                         net (fo=1, unplaced)         0.452    26.417    fin.seenr2213_out
                         LUT3 (Prop_lut3_I2_O)        0.310    26.727 r  fin.refs[2][20]_i_150/O
                         net (fo=1, unplaced)         0.449    27.176    fin.refs[2][20]_i_150_n_0
                         LUT6 (Prop_lut6_I1_O)        0.124    27.300 f  fin.refs[2][20]_i_81/O
                         net (fo=3, unplaced)         0.467    27.767    fin.refs[2][20]_i_81_n_0
                         LUT5 (Prop_lut5_I3_O)        0.124    27.891 f  fin.refs[6][20]_i_27/O
                         net (fo=38, unplaced)        0.524    28.415    fin.refs[6][20]_i_27_n_0
                         LUT3 (Prop_lut3_I0_O)        0.124    28.539 r  fin.refs[1][31]_i_18/O
                         net (fo=52, unplaced)        0.532    29.071    fin.refs[1][31]_i_18_n_0
                         LUT5 (Prop_lut5_I3_O)        0.124    29.195 r  fin.refs[1][3]_i_6/O
                         net (fo=2, unplaced)         0.743    29.938    fin.refs[1][3]_i_6_n_0
                         LUT6 (Prop_lut6_I0_O)        0.124    30.062 r  fin.refs[7][31]_i_127/O
                         net (fo=1, unplaced)         0.000    30.062    fin.refs[7][31]_i_127_n_0
                         CARRY4 (Prop_carry4_S[1]_CO[3])
                                                      0.533    30.595 r  fin.refs_reg[7][31]_i_65/CO[3]
                         net (fo=1, unplaced)         0.000    30.595    fin.refs_reg[7][31]_i_65_n_0
                         CARRY4 (Prop_carry4_CI_CO[3])
                                                      0.117    30.712 r  fin.refs_reg[7][31]_i_32/CO[3]
                         net (fo=1, unplaced)         0.000    30.712    fin.refs_reg[7][31]_i_32_n_0
                         CARRY4 (Prop_carry4_CI_CO[2])
                                                      0.252    30.964 f  fin.refs_reg[7][31]_i_21/CO[2]
                         net (fo=1, unplaced)         0.452    31.416    fin.seenr2192_out
                         LUT6 (Prop_lut6_I5_O)        0.310    31.726 f  fin.refs[7][31]_i_12/O
                         net (fo=6, unplaced)         0.764    32.490    fin.refs[7][31]_i_12_n_0
                         LUT6 (Prop_lut6_I0_O)        0.124    32.614 f  fin.refs[4][31]_i_31/O
                         net (fo=45, unplaced)        0.529    33.143    fin.refs[4][31]_i_31_n_0
                         LUT2 (Prop_lut2_I1_O)        0.116    33.259 f  fin.refs[6][20]_i_25/O
                         net (fo=14, unplaced)        0.500    33.759    fin.refs[6][20]_i_25_n_0
                         LUT4 (Prop_lut4_I3_O)        0.124    33.883 r  fin.refs[4][31]_i_13/O
                         net (fo=40, unplaced)        0.526    34.409    fin.refs[4][31]_i_13_n_0
                         LUT5 (Prop_lut5_I3_O)        0.124    34.533 r  fin.refs[4][3]_i_7/O
                         net (fo=3, unplaced)         0.750    35.283    fin.refs180_in[3]
                         LUT6 (Prop_lut6_I0_O)        0.124    35.407 r  fin.refs[2][20]_i_505/O
                         net (fo=1, unplaced)         0.000    35.407    fin.refs[2][20]_i_505_n_0
                         CARRY4 (Prop_carry4_S[1]_CO[3])
                                                      0.533    35.940 r  fin.refs_reg[2][20]_i_280/CO[3]
                         net (fo=1, unplaced)         0.000    35.940    fin.refs_reg[2][20]_i_280_n_0
                         CARRY4 (Prop_carry4_CI_CO[3])
                                                      0.117    36.057 r  fin.refs_reg[2][20]_i_157/CO[3]
                         net (fo=1, unplaced)         0.000    36.057    fin.refs_reg[2][20]_i_157_n_0
                         CARRY4 (Prop_carry4_CI_CO[2])
                                                      0.252    36.309 f  fin.refs_reg[2][20]_i_84/CO[2]
                         net (fo=3, unplaced)         0.470    36.779    fin.seenr2181_out
                         LUT3 (Prop_lut3_I2_O)        0.310    37.089 r  fin.refs[2][20]_i_139/O
                         net (fo=1, unplaced)         0.449    37.538    fin.refs[2][20]_i_139_n_0
                         LUT6 (Prop_lut6_I3_O)        0.124    37.662 f  fin.refs[2][20]_i_76/O
                         net (fo=8, unplaced)         0.487    38.149    fin.refs[2][20]_i_76_n_0
                         LUT6 (Prop_lut6_I0_O)        0.124    38.273 f  fin.refs[2][20]_i_41/O
                         net (fo=33, unplaced)        0.521    38.794    fin.refs[2][20]_i_41_n_0
                         LUT6 (Prop_lut6_I0_O)        0.124    38.918 f  fin.refs[2][20]_i_17/O
                         net (fo=182, unplaced)       0.564    39.482    fin.refs[2][20]_i_17_n_0
                         LUT4 (Prop_lut4_I2_O)        0.124    39.606 r  fin.refs[7][31]_i_10/O
                         net (fo=40, unplaced)        0.526    40.132    fin.refs[7][31]_i_10_n_0
                         LUT5 (Prop_lut5_I1_O)        0.124    40.256 r  fin.refs[7][4]_i_6/O
                         net (fo=3, unplaced)         0.750    41.006    fin.refs167_in[4]
                         LUT6 (Prop_lut6_I1_O)        0.124    41.130 r  fin.refs[2][20]_i_772/O
                         net (fo=1, unplaced)         0.000    41.130    fin.refs[2][20]_i_772_n_0
                         CARRY4 (Prop_carry4_S[1]_CO[3])
                                                      0.533    41.663 r  fin.refs_reg[2][20]_i_559/CO[3]
                         net (fo=1, unplaced)         0.000    41.663    fin.refs_reg[2][20]_i_559_n_0
                         CARRY4 (Prop_carry4_CI_CO[3])
                                                      0.117    41.780 r  fin.refs_reg[2][20]_i_330/CO[3]
                         net (fo=1, unplaced)         0.000    41.780    fin.refs_reg[2][20]_i_330_n_0
                         CARRY4 (Prop_carry4_CI_CO[2])
                                                      0.252    42.032 f  fin.refs_reg[2][20]_i_180/CO[2]
                         net (fo=1, unplaced)         0.735    42.767    fin.seenr2168_out
                         LUT6 (Prop_lut6_I0_O)        0.310    43.077 f  fin.refs[2][20]_i_96/O
                         net (fo=1, unplaced)         0.449    43.526    fin.refs[2][20]_i_96_n_0
                         LUT6 (Prop_lut6_I1_O)        0.124    43.650 f  fin.refs[2][20]_i_51/O
                         net (fo=17, unplaced)        0.505    44.155    fin.refs[2][20]_i_51_n_0
                         LUT5 (Prop_lut5_I3_O)        0.116    44.271 r  fin.refs[2][20]_i_50/O
                         net (fo=3, unplaced)         0.467    44.738    fin.refs[2][20]_i_50_n_0
                         LUT3 (Prop_lut3_I0_O)        0.124    44.862 r  fin.refs[6][20]_i_12/O
                         net (fo=49, unplaced)        0.531    45.393    fin.refs[6][20]_i_12_n_0
                         LUT5 (Prop_lut5_I1_O)        0.124    45.517 r  fin.refs[6][3]_i_5/O
                         net (fo=2, unplaced)         0.743    46.260    fin.refs[6][3]_i_5_n_0
                         LUT6 (Prop_lut6_I0_O)        0.124    46.384 r  fin.refs[4][31]_i_180/O
                         net (fo=1, unplaced)         0.000    46.384    fin.refs[4][31]_i_180_n_0
                         CARRY4 (Prop_carry4_S[1]_CO[3])
                                                      0.533    46.917 r  fin.refs_reg[4][31]_i_109/CO[3]
                         net (fo=1, unplaced)         0.000    46.917    fin.refs_reg[4][31]_i_109_n_0
                         CARRY4 (Prop_carry4_CI_CO[3])
                                                      0.117    47.034 r  fin.refs_reg[4][31]_i_67/CO[3]
                         net (fo=1, unplaced)         0.000    47.034    fin.refs_reg[4][31]_i_67_n_0
                         CARRY4 (Prop_carry4_CI_CO[2])
                                                      0.252    47.286 f  fin.refs_reg[4][31]_i_37/CO[2]
                         net (fo=2, unplaced)         0.746    48.032    fin.seenr2145_out
                         LUT6 (Prop_lut6_I1_O)        0.310    48.342 f  fin.refs[10][31]_i_22/O
                         net (fo=1, unplaced)         0.732    49.074    fin.refs[10][31]_i_22_n_0
                         LUT6 (Prop_lut6_I4_O)        0.124    49.198 r  fin.refs[10][31]_i_10/O
                         net (fo=46, unplaced)        0.529    49.727    fin.refs[10][31]_i_10_n_0
                         LUT5 (Prop_lut5_I1_O)        0.124    49.851 r  fin.refs[2][20]_i_23/O
                         net (fo=5, unplaced)         0.477    50.328    fin.refs[2][20]_i_23_n_0
                         LUT4 (Prop_lut4_I2_O)        0.124    50.452 r  fin.refs[1][31]_i_11/O
                         net (fo=70, unplaced)        0.540    50.992    fin.refs[1][31]_i_11_n_0
                         LUT6 (Prop_lut6_I1_O)        0.124    51.116 r  fin.refs[1][31]_i_145/O
                         net (fo=3, unplaced)         0.750    51.866    fin.refs[1][31]_i_145_n_0
                         LUT5 (Prop_lut5_I0_O)        0.124    51.990 r  fin.refs[1][31]_i_95/O
                         net (fo=1, unplaced)         0.000    51.990    fin.refs[1][31]_i_95_n_0
                         CARRY4 (Prop_carry4_S[0]_CO[3])
                                                      0.513    52.503 r  fin.refs_reg[1][31]_i_51/CO[3]
                         net (fo=1, unplaced)         0.000    52.503    fin.refs_reg[1][31]_i_51_n_0
                         CARRY4 (Prop_carry4_CI_CO[2])
                                                      0.252    52.755 f  fin.refs_reg[1][31]_i_26/CO[2]
                         net (fo=2, unplaced)         0.463    53.218    fin.seenr2112_out
                         LUT6 (Prop_lut6_I4_O)        0.310    53.528 f  fin.refs[1][31]_i_66/O
                         net (fo=1, unplaced)         0.449    53.977    fin.refs[1][31]_i_66_n_0
                         LUT5 (Prop_lut5_I1_O)        0.124    54.101 f  fin.refs[1][31]_i_30/O
                         net (fo=1, unplaced)         0.449    54.550    fin.refs[1][31]_i_30_n_0
                         LUT6 (Prop_lut6_I3_O)        0.124    54.674 f  fin.refs[1][31]_i_14/O
                         net (fo=1, unplaced)         0.449    55.123    fin.refs[1][31]_i_14_n_0
                         LUT6 (Prop_lut6_I5_O)        0.124    55.247 r  fin.refs[1][31]_i_6/O
                         net (fo=19, unplaced)        0.508    55.755    fin.refs[1][31]_i_6_n_0
                         LUT2 (Prop_lut2_I0_O)        0.124    55.879 f  fin.refs[10][31]_i_7/O
                         net (fo=4, unplaced)         0.473    56.352    fin.refs[10][31]_i_7_n_0
                         LUT5 (Prop_lut5_I0_O)        0.124    56.476 r  fin.refs[10][31]_i_3/O
                         net (fo=85, unplaced)        0.544    57.020    fin.refs[10][31]_i_3_n_0
                         LUT5 (Prop_lut5_I3_O)        0.124    57.144 r  fin.refs[10][4]_i_3/O
                         net (fo=3, unplaced)         0.750    57.894    fin.refs[10][4]_i_3_n_0
                         LUT6 (Prop_lut6_I0_O)        0.124    58.018 r  fin.refs[4][20]_i_185/O
                         net (fo=1, unplaced)         0.000    58.018    fin.refs[4][20]_i_185_n_0
                         CARRY4 (Prop_carry4_S[1]_CO[3])
                                                      0.533    58.551 r  fin.refs_reg[4][20]_i_124/CO[3]
                         net (fo=1, unplaced)         0.000    58.551    fin.refs_reg[4][20]_i_124_n_0
                         CARRY4 (Prop_carry4_CI_CO[3])
                                                      0.117    58.668 r  fin.refs_reg[4][20]_i_75/CO[3]
                         net (fo=1, unplaced)         0.000    58.668    fin.refs_reg[4][20]_i_75_n_0
                         CARRY4 (Prop_carry4_CI_CO[2])
                                                      0.252    58.920 f  fin.refs_reg[4][20]_i_50/CO[2]
                         net (fo=2, unplaced)         0.463    59.383    fin.seenr2105_out
                         LUT6 (Prop_lut6_I1_O)        0.310    59.693 f  fin.refs[4][20]_i_52/O
                         net (fo=1, unplaced)         0.449    60.142    fin.refs[4][20]_i_52_n_0
                         LUT6 (Prop_lut6_I5_O)        0.124    60.266 f  fin.refs[4][20]_i_40/O
                         net (fo=1, unplaced)         0.449    60.715    fin.refs[4][20]_i_40_n_0
                         LUT6 (Prop_lut6_I3_O)        0.124    60.839 r  fin.refs[4][20]_i_22/O
                         net (fo=35, unplaced)        0.522    61.361    fin.refs[4][20]_i_22_n_0
                         LUT2 (Prop_lut2_I0_O)        0.116    61.477 r  fin.refs[4][20]_i_26/O
                         net (fo=4, unplaced)         0.473    61.950    fin.refs[4][20]_i_26_n_0
                         LUT6 (Prop_lut6_I1_O)        0.124    62.074 r  fin.refs[6][20]_i_17/O
                         net (fo=16, unplaced)        0.503    62.577    fin.refs[6][20]_i_17_n_0
                         LUT4 (Prop_lut4_I0_O)        0.124    62.701 r  fin.refs[6][20]_i_6/O
                         net (fo=66, unplaced)        0.538    63.239    fin.refs[6][20]_i_6_n_0
                         LUT5 (Prop_lut5_I1_O)        0.116    63.355 r  fin.refs[6][4]_i_3/O
                         net (fo=3, unplaced)         0.750    64.105    fin.refs[6][4]_i_3_n_0
                         LUT6 (Prop_lut6_I0_O)        0.124    64.229 r  fin.refs[2][20]_i_410/O
                         net (fo=1, unplaced)         0.000    64.229    fin.refs[2][20]_i_410_n_0
                         CARRY4 (Prop_carry4_S[1]_CO[3])
                                                      0.533    64.762 r  fin.refs_reg[2][20]_i_224/CO[3]
                         net (fo=1, unplaced)         0.000    64.762    fin.refs_reg[2][20]_i_224_n_0
                         CARRY4 (Prop_carry4_CI_CO[3])
                                                      0.117    64.879 r  fin.refs_reg[2][20]_i_122/CO[3]
                         net (fo=1, unplaced)         0.000    64.879    fin.refs_reg[2][20]_i_122_n_0
                         CARRY4 (Prop_carry4_CI_CO[2])
                                                      0.252    65.131 f  fin.refs_reg[2][20]_i_67/CO[2]
                         net (fo=3, unplaced)         0.470    65.601    fin.seenr270_out
                         LUT3 (Prop_lut3_I1_O)        0.310    65.911 r  fin.refs[2][20]_i_109/O
                         net (fo=1, unplaced)         0.449    66.360    fin.refs[2][20]_i_109_n_0
                         LUT5 (Prop_lut5_I0_O)        0.124    66.484 r  fin.refs[2][20]_i_62/O
                         net (fo=1, unplaced)         0.449    66.933    fin.refs[2][20]_i_62_n_0
                         LUT6 (Prop_lut6_I5_O)        0.124    67.057 f  fin.refs[2][20]_i_31/O
                         net (fo=2, unplaced)         0.460    67.517    fin.refs[2][20]_i_31_n_0
                         LUT5 (Prop_lut5_I1_O)        0.124    67.641 f  fin.refs[4][20]_i_31/O
                         net (fo=10, unplaced)        0.492    68.133    fin.refs[4][20]_i_31_n_0
                         LUT3 (Prop_lut3_I1_O)        0.124    68.257 r  fin.refs[3][19]_i_9/O
                         net (fo=46, unplaced)        0.529    68.786    fin.refs[3][19]_i_9_n_0
                         LUT4 (Prop_lut4_I0_O)        0.124    68.910 r  fin.refs[11][19]_i_5/O
                         net (fo=13, unplaced)        0.499    69.409    fin.refs[11][19]_i_5_n_0
                         LUT4 (Prop_lut4_I1_O)        0.124    69.533 r  fin.refs[11][5]_i_2/O
                         net (fo=2, unplaced)         0.743    70.276    fin.refs[11][5]_i_2_n_0
                         LUT6 (Prop_lut6_I0_O)        0.124    70.400 r  fin.refs[8][19]_i_205/O
                         net (fo=1, unplaced)         0.000    70.400    fin.refs[8][19]_i_205_n_0
                         CARRY4 (Prop_carry4_S[1]_CO[3])
                                                      0.533    70.933 r  fin.refs_reg[8][19]_i_138/CO[3]
                         net (fo=1, unplaced)         0.000    70.933    fin.refs_reg[8][19]_i_138_n_0
                         CARRY4 (Prop_carry4_CI_CO[3])
                                                      0.117    71.050 r  fin.refs_reg[8][19]_i_75/CO[3]
                         net (fo=1, unplaced)         0.000    71.050    fin.refs_reg[8][19]_i_75_n_0
                         CARRY4 (Prop_carry4_CI_CO[2])
                                                      0.252    71.302 f  fin.refs_reg[8][19]_i_42/CO[2]
                         net (fo=2, unplaced)         0.955    72.257    fin.seenr251_out
                         LUT6 (Prop_lut6_I0_O)        0.310    72.567 f  fin.refs[8][19]_i_50/O
                         net (fo=1, unplaced)         0.449    73.016    fin.refs[8][19]_i_50_n_0
                         LUT5 (Prop_lut5_I1_O)        0.124    73.140 f  fin.refs[8][19]_i_25/O
                         net (fo=1, unplaced)         0.449    73.589    fin.refs[8][19]_i_25_n_0
                         LUT6 (Prop_lut6_I5_O)        0.124    73.713 f  fin.refs[8][19]_i_11/O
                         net (fo=1, unplaced)         0.449    74.162    fin.refs[8][19]_i_11_n_0
                         LUT6 (Prop_lut6_I2_O)        0.124    74.286 r  fin.refs[8][19]_i_5/O
                         net (fo=16, unplaced)        0.503    74.789    fin.refs[8][19]_i_5_n_0
                         LUT2 (Prop_lut2_I1_O)        0.124    74.913 r  fin.refs[4][20]_i_15/O
                         net (fo=6, unplaced)         0.481    75.394    fin.refs[4][20]_i_15_n_0
                         LUT5 (Prop_lut5_I3_O)        0.124    75.518 r  fin.refs[2][19]_i_3/O
                         net (fo=43, unplaced)        0.528    76.046    fin.refs[2][19]_i_3_n_0
                         LUT5 (Prop_lut5_I1_O)        0.124    76.170 r  fin.refs[4][19]_i_221/O
                         net (fo=1, unplaced)         0.732    76.902    fin.refs[4][19]_i_221_n_0
                         LUT6 (Prop_lut6_I0_O)        0.124    77.026 r  fin.refs[4][19]_i_171/O
                         net (fo=1, unplaced)         0.000    77.026    fin.refs[4][19]_i_171_n_0
                         CARRY4 (Prop_carry4_S[1]_CO[3])
                                                      0.533    77.559 r  fin.refs_reg[4][19]_i_138/CO[3]
                         net (fo=1, unplaced)         0.000    77.559    fin.refs_reg[4][19]_i_138_n_0
                         CARRY4 (Prop_carry4_CI_CO[3])
                                                      0.117    77.676 r  fin.refs_reg[4][19]_i_114/CO[3]
                         net (fo=1, unplaced)         0.000    77.676    fin.refs_reg[4][19]_i_114_n_0
                         CARRY4 (Prop_carry4_CI_CO[2])
                                                      0.252    77.928 f  fin.refs_reg[4][19]_i_90/CO[2]
                         net (fo=2, unplaced)         0.463    78.391    fin.seenr22_out
                         LUT6 (Prop_lut6_I4_O)        0.310    78.701 f  fin.refs[4][19]_i_217/O
                         net (fo=1, unplaced)         0.449    79.150    fin.refs[4][19]_i_217_n_0
                         LUT6 (Prop_lut6_I5_O)        0.124    79.274 f  fin.refs[4][19]_i_165/O
                         net (fo=1, unplaced)         0.449    79.723    fin.refs[4][19]_i_165_n_0
                         LUT6 (Prop_lut6_I5_O)        0.124    79.847 f  fin.refs[4][19]_i_131/O
                         net (fo=1, unplaced)         0.449    80.296    fin.refs[4][19]_i_131_n_0
                         LUT6 (Prop_lut6_I5_O)        0.124    80.420 f  fin.refs[4][19]_i_94/O
                         net (fo=1, unplaced)         0.449    80.869    fin.refs[4][19]_i_94_n_0
                         LUT6 (Prop_lut6_I5_O)        0.124    80.993 f  fin.refs[4][19]_i_48/O
                         net (fo=5, unplaced)         0.477    81.470    fin.refs[4][19]_i_48_n_0
                         LUT3 (Prop_lut3_I2_O)        0.116    81.586 r  reason[5]_i_7/O
                         net (fo=2, unplaced)         0.743    82.329    reason[5]_i_7_n_0
                         LUT6 (Prop_lut6_I2_O)        0.124    82.453 r  reason[5]_i_4/O
                         net (fo=1, unplaced)         0.419    82.872    reason[5]_i_4_n_0
                         LUT6 (Prop_lut6_I0_O)        0.124    82.996 r  reason[5]_i_2/O
                         net (fo=16, unplaced)        0.503    83.499    st1989_out
                         LUT5 (Prop_lut5_I0_O)        0.116    83.615 r  st[0]_i_3/O
                         net (fo=2, unplaced)         0.460    84.075    st[0]_i_3_n_0
                         LUT5 (Prop_lut5_I4_O)        0.116    84.191 r  prv[18]_i_5/O
                         net (fo=3, unplaced)         0.467    84.658    prv[18]_i_5_n_0
                         LUT6 (Prop_lut6_I0_O)        0.124    84.782 r  pref[7]_i_2/O
                         net (fo=16, unplaced)        0.503    85.285    pref[7]_i_2_n_0
                         LUT3 (Prop_lut3_I0_O)        0.124    85.409 r  pref[7]_i_1/O
                         net (fo=8, unplaced)         0.646    86.055    pref[7]_i_1_n_0
                         FDRE                                         r  pref_reg[3]/R
  -------------------------------------------------------------------    -------------------

                         (clock clk rise edge)       10.000    10.000 r  <hidden>
                                                      0.000    10.000 r  clk
                         net (fo=11503, unset)        0.924    10.924    clk
                         FDRE                                         r  pref_reg[3]/C
                         clock pessimism              0.000    10.924    <hidden>
                         clock uncertainty           -0.035    10.889    <hidden>
                         FDRE (Setup_fdre_C_R)       -0.557    10.332    pref_reg[3]
  -------------------------------------------------------------------
                         required time                         10.332    <hidden>
                         arrival time                         -86.055    <hidden>
  -------------------------------------------------------------------
                         slack                                -75.723    <hidden>

Slack (VIOLATED) :        -75.723ns  (required time - arrival time)
  Source:                 hit_prov_reg[0][2]/C
                            (rising edge-triggered cell FDRE clocked by clk  {rise@0.000ns fall@5.000ns period=10.000ns})
  Destination:            pref_reg[4]/R
                            (rising edge-triggered cell FDRE clocked by clk  {rise@0.000ns fall@5.000ns period=10.000ns})
  Path Group:             clk
  Path Type:              Setup (Max at Slow Process Corner)
  Requirement:            10.000ns  (clk rise@10.000ns - clk rise@0.000ns)
  Data Path Delay:        85.082ns  (logic 29.176ns (34.292%)  route 55.906ns (65.708%))
  Logic Levels:           144  (CARRY4=44 LUT2=5 LUT3=9 LUT4=9 LUT5=27 LUT6=50)
  Clock Path Skew:        -0.049ns (DCD - SCD + CPR)
    Destination Clock Delay (DCD):    0.924ns = ( 10.924 - 10.000 ) 
    Source Clock Delay      (SCD):    0.973ns
    Clock Pessimism Removal (CPR):    0.000ns
  Clock Uncertainty:      0.035ns  ((TSJ^2 + TIJ^2)^1/2 + DJ) / 2 + PE
    Total System Jitter     (TSJ):    0.071ns
    Total Input Jitter      (TIJ):    0.000ns
    Discrete Jitter          (DJ):    0.000ns
    Phase Error              (PE):    0.000ns

    Location             Delay type                Incr(ns)  Path(ns)    Netlist Resource(s)
  -------------------------------------------------------------------    -------------------
                         (clock clk rise edge)        0.000     0.000 r  <hidden>
                                                      0.000     0.000 r  clk
                         net (fo=11503, unset)        0.973     0.973    clk
                         FDRE                                         r  hit_prov_reg[0][2]/C
  -------------------------------------------------------------------    -------------------
                         FDRE (Prop_fdre_C_Q)         0.478     1.451 r  hit_prov_reg[0][2]/Q
                         net (fo=2, unplaced)         0.774     2.225    hit_prov_reg_n_0_[0][2]
                         LUT4 (Prop_lut4_I1_O)        0.295     2.520 r  fin.refs[4][19]_i_101/O
                         net (fo=1, unplaced)         0.732     3.252    fin.refs[4][19]_i_101_n_0
                         LUT6 (Prop_lut6_I1_O)        0.124     3.376 f  fin.refs[4][19]_i_57/O
                         net (fo=11, unplaced)        0.495     3.871    fin.refs[4][19]_i_57_n_0
                         LUT5 (Prop_lut5_I0_O)        0.124     3.995 r  fin.refs[4][19]_i_27/O
                         net (fo=222, unplaced)       0.569     4.564    fin.refs[4][19]_i_27_n_0
                         LUT4 (Prop_lut4_I0_O)        0.124     4.688 r  fin.refs[2][20]_i_862/O
                         net (fo=4, unplaced)         0.756     5.444    fin.refs[2][20]_i_862_n_0
                         LUT6 (Prop_lut6_I0_O)        0.124     5.568 r  fin.refs[2][20]_i_734/O
                         net (fo=1, unplaced)         0.000     5.568    fin.refs[2][20]_i_734_n_0
                         CARRY4 (Prop_carry4_S[1]_CO[3])
                                                      0.533     6.101 r  fin.refs_reg[2][20]_i_533/CO[3]
                         net (fo=1, unplaced)         0.000     6.101    fin.refs_reg[2][20]_i_533_n_0
                         CARRY4 (Prop_carry4_CI_CO[3])
                                                      0.117     6.218 r  fin.refs_reg[2][20]_i_314/CO[3]
                         net (fo=1, unplaced)         0.000     6.218    fin.refs_reg[2][20]_i_314_n_0
                         CARRY4 (Prop_carry4_CI_CO[2])
                                                      0.252     6.470 r  fin.refs_reg[2][20]_i_175/CO[2]
                         net (fo=46, unplaced)        0.532     7.002    fin.nrefs2
                         LUT3 (Prop_lut3_I1_O)        0.310     7.312 r  fin.refs[1][31]_i_38/O
                         net (fo=82, unplaced)        0.544     7.856    fin.refs[1][31]_i_38_n_0
                         LUT5 (Prop_lut5_I1_O)        0.124     7.980 r  fin.refs[2][20]_i_854/O
                         net (fo=1, unplaced)         0.732     8.712    fin.refs[2][20]_i_854_n_0
                         LUT6 (Prop_lut6_I0_O)        0.124     8.836 r  fin.refs[2][20]_i_722/O
                         net (fo=1, unplaced)         0.000     8.836    fin.refs[2][20]_i_722_n_0
                         CARRY4 (Prop_carry4_S[1]_CO[3])
                                                      0.533     9.369 r  fin.refs_reg[2][20]_i_528/CO[3]
                         net (fo=1, unplaced)         0.000     9.369    fin.refs_reg[2][20]_i_528_n_0
                         CARRY4 (Prop_carry4_CI_CO[3])
                                                      0.117     9.486 r  fin.refs_reg[2][20]_i_310/CO[3]
                         net (fo=1, unplaced)         0.000     9.486    fin.refs_reg[2][20]_i_310_n_0
                         CARRY4 (Prop_carry4_CI_CO[2])
                                                      0.252     9.738 r  fin.refs_reg[2][20]_i_174/CO[2]
                         net (fo=3, unplaced)         0.470    10.208    fin.seenr2247_out
                         LUT6 (Prop_lut6_I0_O)        0.310    10.518 r  fin.refs[2][20]_i_92/O
                         net (fo=90, unplaced)        0.546    11.064    fin.refs[2][20]_i_92_n_0
                         LUT5 (Prop_lut5_I1_O)        0.124    11.188 r  fin.refs[4][31]_i_316/O
                         net (fo=1, unplaced)         0.732    11.920    fin.refs[4][31]_i_316_n_0
                         LUT6 (Prop_lut6_I0_O)        0.124    12.044 r  fin.refs[4][31]_i_211/O
                         net (fo=1, unplaced)         0.000    12.044    fin.refs[4][31]_i_211_n_0
                         CARRY4 (Prop_carry4_S[1]_CO[3])
                                                      0.533    12.577 r  fin.refs_reg[4][31]_i_133/CO[3]
                         net (fo=1, unplaced)         0.000    12.577    fin.refs_reg[4][31]_i_133_n_0
                         CARRY4 (Prop_carry4_CI_CO[3])
                                                      0.117    12.694 r  fin.refs_reg[4][31]_i_80/CO[3]
                         net (fo=1, unplaced)         0.000    12.694    fin.refs_reg[4][31]_i_80_n_0
                         CARRY4 (Prop_carry4_CI_CO[2])
                                                      0.252    12.946 f  fin.refs_reg[4][31]_i_46/CO[2]
                         net (fo=4, unplaced)         0.476    13.422    fin.seenr2242_out
                         LUT5 (Prop_lut5_I1_O)        0.310    13.732 f  fin.refs[4][31]_i_54/O
                         net (fo=9, unplaced)         0.490    14.222    fin.refs[4][31]_i_54_n_0
                         LUT4 (Prop_lut4_I0_O)        0.124    14.346 r  fin.refs[2][20]_i_93/O
                         net (fo=63, unplaced)        0.537    14.883    fin.refs[2][20]_i_93_n_0
                         LUT5 (Prop_lut5_I1_O)        0.124    15.007 r  fin.refs[2][3]_i_14/O
                         net (fo=2, unplaced)         0.743    15.750    fin.refs[2][3]_i_14_n_0
                         LUT6 (Prop_lut6_I0_O)        0.124    15.874 r  fin.refs[4][31]_i_275/O
                         net (fo=1, unplaced)         0.000    15.874    fin.refs[4][31]_i_275_n_0
                         CARRY4 (Prop_carry4_S[1]_CO[3])
                                                      0.533    16.407 r  fin.refs_reg[4][31]_i_167/CO[3]
                         net (fo=1, unplaced)         0.000    16.407    fin.refs_reg[4][31]_i_167_n_0
                         CARRY4 (Prop_carry4_CI_CO[3])
                                                      0.117    16.524 r  fin.refs_reg[4][31]_i_100/CO[3]
                         net (fo=1, unplaced)         0.000    16.524    fin.refs_reg[4][31]_i_100_n_0
                         CARRY4 (Prop_carry4_CI_CO[2])
                                                      0.252    16.776 r  fin.refs_reg[4][31]_i_59/CO[2]
                         net (fo=2, unplaced)         0.463    17.239    fin.seenr2233_out
                         LUT6 (Prop_lut6_I0_O)        0.310    17.549 r  fin.refs[4][31]_i_53/O
                         net (fo=4, unplaced)         0.473    18.022    fin.refs[4][31]_i_53_n_0
                         LUT6 (Prop_lut6_I4_O)        0.124    18.146 r  fin.refs[4][31]_i_25/O
                         net (fo=59, unplaced)        0.535    18.681    fin.refs[4][31]_i_25_n_0
                         LUT2 (Prop_lut2_I1_O)        0.124    18.805 r  fin.refs[4][31]_i_11/O
                         net (fo=81, unplaced)        0.543    19.348    fin.refs[4][31]_i_11_n_0
                         LUT5 (Prop_lut5_I1_O)        0.124    19.472 r  fin.refs[4][31]_i_375/O
                         net (fo=1, unplaced)         0.732    20.204    fin.refs[4][31]_i_375_n_0
                         LUT6 (Prop_lut6_I0_O)        0.124    20.328 r  fin.refs[4][31]_i_305/O
                         net (fo=1, unplaced)         0.000    20.328    fin.refs[4][31]_i_305_n_0
                         CARRY4 (Prop_carry4_S[1]_CO[3])
                                                      0.533    20.861 r  fin.refs_reg[4][31]_i_204/CO[3]
                         net (fo=1, unplaced)         0.000    20.861    fin.refs_reg[4][31]_i_204_n_0
                         CARRY4 (Prop_carry4_CI_CO[3])
                                                      0.117    20.978 r  fin.refs_reg[4][31]_i_129/CO[3]
                         net (fo=1, unplaced)         0.000    20.978    fin.refs_reg[4][31]_i_129_n_0
                         CARRY4 (Prop_carry4_CI_CO[2])
                                                      0.252    21.230 f  fin.refs_reg[4][31]_i_79/CO[2]
                         net (fo=2, unplaced)         0.463    21.693    fin.seenr2226_out
                         LUT6 (Prop_lut6_I5_O)        0.310    22.003 f  fin.refs[4][31]_i_45/O
                         net (fo=3, unplaced)         0.750    22.753    fin.refs[4][31]_i_45_n_0
                         LUT6 (Prop_lut6_I0_O)        0.124    22.877 r  fin.refs[4][31]_i_27/O
                         net (fo=56, unplaced)        0.534    23.411    fin.refs[4][31]_i_27_n_0
                         LUT5 (Prop_lut5_I2_O)        0.124    23.535 r  fin.refs[4][31]_i_12/O
                         net (fo=62, unplaced)        0.537    24.072    fin.refs[4][31]_i_12_n_0
                         LUT5 (Prop_lut5_I1_O)        0.124    24.196 r  fin.refs[4][3]_i_9/O
                         net (fo=2, unplaced)         0.743    24.939    fin.refs[4][3]_i_9_n_0
                         LUT6 (Prop_lut6_I0_O)        0.124    25.063 r  fin.refs[2][20]_i_848/O
                         net (fo=1, unplaced)         0.000    25.063    fin.refs[2][20]_i_848_n_0
                         CARRY4 (Prop_carry4_S[1]_CO[3])
                                                      0.533    25.596 r  fin.refs_reg[2][20]_i_698/CO[3]
                         net (fo=1, unplaced)         0.000    25.596    fin.refs_reg[2][20]_i_698_n_0
                         CARRY4 (Prop_carry4_CI_CO[3])
                                                      0.117    25.713 r  fin.refs_reg[2][20]_i_481/CO[3]
                         net (fo=1, unplaced)         0.000    25.713    fin.refs_reg[2][20]_i_481_n_0
                         CARRY4 (Prop_carry4_CI_CO[2])
                                                      0.252    25.965 f  fin.refs_reg[2][20]_i_270/CO[2]
                         net (fo=1, unplaced)         0.452    26.417    fin.seenr2213_out
                         LUT3 (Prop_lut3_I2_O)        0.310    26.727 r  fin.refs[2][20]_i_150/O
                         net (fo=1, unplaced)         0.449    27.176    fin.refs[2][20]_i_150_n_0
                         LUT6 (Prop_lut6_I1_O)        0.124    27.300 f  fin.refs[2][20]_i_81/O
                         net (fo=3, unplaced)         0.467    27.767    fin.refs[2][20]_i_81_n_0
                         LUT5 (Prop_lut5_I3_O)        0.124    27.891 f  fin.refs[6][20]_i_27/O
                         net (fo=38, unplaced)        0.524    28.415    fin.refs[6][20]_i_27_n_0
                         LUT3 (Prop_lut3_I0_O)        0.124    28.539 r  fin.refs[1][31]_i_18/O
                         net (fo=52, unplaced)        0.532    29.071    fin.refs[1][31]_i_18_n_0
                         LUT5 (Prop_lut5_I3_O)        0.124    29.195 r  fin.refs[1][3]_i_6/O
                         net (fo=2, unplaced)         0.743    29.938    fin.refs[1][3]_i_6_n_0
                         LUT6 (Prop_lut6_I0_O)        0.124    30.062 r  fin.refs[7][31]_i_127/O
                         net (fo=1, unplaced)         0.000    30.062    fin.refs[7][31]_i_127_n_0
                         CARRY4 (Prop_carry4_S[1]_CO[3])
                                                      0.533    30.595 r  fin.refs_reg[7][31]_i_65/CO[3]
                         net (fo=1, unplaced)         0.000    30.595    fin.refs_reg[7][31]_i_65_n_0
                         CARRY4 (Prop_carry4_CI_CO[3])
                                                      0.117    30.712 r  fin.refs_reg[7][31]_i_32/CO[3]
                         net (fo=1, unplaced)         0.000    30.712    fin.refs_reg[7][31]_i_32_n_0
                         CARRY4 (Prop_carry4_CI_CO[2])
                                                      0.252    30.964 f  fin.refs_reg[7][31]_i_21/CO[2]
                         net (fo=1, unplaced)         0.452    31.416    fin.seenr2192_out
                         LUT6 (Prop_lut6_I5_O)        0.310    31.726 f  fin.refs[7][31]_i_12/O
                         net (fo=6, unplaced)         0.764    32.490    fin.refs[7][31]_i_12_n_0
                         LUT6 (Prop_lut6_I0_O)        0.124    32.614 f  fin.refs[4][31]_i_31/O
                         net (fo=45, unplaced)        0.529    33.143    fin.refs[4][31]_i_31_n_0
                         LUT2 (Prop_lut2_I1_O)        0.116    33.259 f  fin.refs[6][20]_i_25/O
                         net (fo=14, unplaced)        0.500    33.759    fin.refs[6][20]_i_25_n_0
                         LUT4 (Prop_lut4_I3_O)        0.124    33.883 r  fin.refs[4][31]_i_13/O
                         net (fo=40, unplaced)        0.526    34.409    fin.refs[4][31]_i_13_n_0
                         LUT5 (Prop_lut5_I3_O)        0.124    34.533 r  fin.refs[4][3]_i_7/O
                         net (fo=3, unplaced)         0.750    35.283    fin.refs180_in[3]
                         LUT6 (Prop_lut6_I0_O)        0.124    35.407 r  fin.refs[2][20]_i_505/O
                         net (fo=1, unplaced)         0.000    35.407    fin.refs[2][20]_i_505_n_0
                         CARRY4 (Prop_carry4_S[1]_CO[3])
                                                      0.533    35.940 r  fin.refs_reg[2][20]_i_280/CO[3]
                         net (fo=1, unplaced)         0.000    35.940    fin.refs_reg[2][20]_i_280_n_0
                         CARRY4 (Prop_carry4_CI_CO[3])
                                                      0.117    36.057 r  fin.refs_reg[2][20]_i_157/CO[3]
                         net (fo=1, unplaced)         0.000    36.057    fin.refs_reg[2][20]_i_157_n_0
                         CARRY4 (Prop_carry4_CI_CO[2])
                                                      0.252    36.309 f  fin.refs_reg[2][20]_i_84/CO[2]
                         net (fo=3, unplaced)         0.470    36.779    fin.seenr2181_out
                         LUT3 (Prop_lut3_I2_O)        0.310    37.089 r  fin.refs[2][20]_i_139/O
                         net (fo=1, unplaced)         0.449    37.538    fin.refs[2][20]_i_139_n_0
                         LUT6 (Prop_lut6_I3_O)        0.124    37.662 f  fin.refs[2][20]_i_76/O
                         net (fo=8, unplaced)         0.487    38.149    fin.refs[2][20]_i_76_n_0
                         LUT6 (Prop_lut6_I0_O)        0.124    38.273 f  fin.refs[2][20]_i_41/O
                         net (fo=33, unplaced)        0.521    38.794    fin.refs[2][20]_i_41_n_0
                         LUT6 (Prop_lut6_I0_O)        0.124    38.918 f  fin.refs[2][20]_i_17/O
                         net (fo=182, unplaced)       0.564    39.482    fin.refs[2][20]_i_17_n_0
                         LUT4 (Prop_lut4_I2_O)        0.124    39.606 r  fin.refs[7][31]_i_10/O
                         net (fo=40, unplaced)        0.526    40.132    fin.refs[7][31]_i_10_n_0
                         LUT5 (Prop_lut5_I1_O)        0.124    40.256 r  fin.refs[7][4]_i_6/O
                         net (fo=3, unplaced)         0.750    41.006    fin.refs167_in[4]
                         LUT6 (Prop_lut6_I1_O)        0.124    41.130 r  fin.refs[2][20]_i_772/O
                         net (fo=1, unplaced)         0.000    41.130    fin.refs[2][20]_i_772_n_0
                         CARRY4 (Prop_carry4_S[1]_CO[3])
                                                      0.533    41.663 r  fin.refs_reg[2][20]_i_559/CO[3]
                         net (fo=1, unplaced)         0.000    41.663    fin.refs_reg[2][20]_i_559_n_0
                         CARRY4 (Prop_carry4_CI_CO[3])
                                                      0.117    41.780 r  fin.refs_reg[2][20]_i_330/CO[3]
                         net (fo=1, unplaced)         0.000    41.780    fin.refs_reg[2][20]_i_330_n_0
                         CARRY4 (Prop_carry4_CI_CO[2])
                                                      0.252    42.032 f  fin.refs_reg[2][20]_i_180/CO[2]
                         net (fo=1, unplaced)         0.735    42.767    fin.seenr2168_out
                         LUT6 (Prop_lut6_I0_O)        0.310    43.077 f  fin.refs[2][20]_i_96/O
                         net (fo=1, unplaced)         0.449    43.526    fin.refs[2][20]_i_96_n_0
                         LUT6 (Prop_lut6_I1_O)        0.124    43.650 f  fin.refs[2][20]_i_51/O
                         net (fo=17, unplaced)        0.505    44.155    fin.refs[2][20]_i_51_n_0
                         LUT5 (Prop_lut5_I3_O)        0.116    44.271 r  fin.refs[2][20]_i_50/O
                         net (fo=3, unplaced)         0.467    44.738    fin.refs[2][20]_i_50_n_0
                         LUT3 (Prop_lut3_I0_O)        0.124    44.862 r  fin.refs[6][20]_i_12/O
                         net (fo=49, unplaced)        0.531    45.393    fin.refs[6][20]_i_12_n_0
                         LUT5 (Prop_lut5_I1_O)        0.124    45.517 r  fin.refs[6][3]_i_5/O
                         net (fo=2, unplaced)         0.743    46.260    fin.refs[6][3]_i_5_n_0
                         LUT6 (Prop_lut6_I0_O)        0.124    46.384 r  fin.refs[4][31]_i_180/O
                         net (fo=1, unplaced)         0.000    46.384    fin.refs[4][31]_i_180_n_0
                         CARRY4 (Prop_carry4_S[1]_CO[3])
                                                      0.533    46.917 r  fin.refs_reg[4][31]_i_109/CO[3]
                         net (fo=1, unplaced)         0.000    46.917    fin.refs_reg[4][31]_i_109_n_0
                         CARRY4 (Prop_carry4_CI_CO[3])
                                                      0.117    47.034 r  fin.refs_reg[4][31]_i_67/CO[3]
                         net (fo=1, unplaced)         0.000    47.034    fin.refs_reg[4][31]_i_67_n_0
                         CARRY4 (Prop_carry4_CI_CO[2])
                                                      0.252    47.286 f  fin.refs_reg[4][31]_i_37/CO[2]
                         net (fo=2, unplaced)         0.746    48.032    fin.seenr2145_out
                         LUT6 (Prop_lut6_I1_O)        0.310    48.342 f  fin.refs[10][31]_i_22/O
                         net (fo=1, unplaced)         0.732    49.074    fin.refs[10][31]_i_22_n_0
                         LUT6 (Prop_lut6_I4_O)        0.124    49.198 r  fin.refs[10][31]_i_10/O
                         net (fo=46, unplaced)        0.529    49.727    fin.refs[10][31]_i_10_n_0
                         LUT5 (Prop_lut5_I1_O)        0.124    49.851 r  fin.refs[2][20]_i_23/O
                         net (fo=5, unplaced)         0.477    50.328    fin.refs[2][20]_i_23_n_0
                         LUT4 (Prop_lut4_I2_O)        0.124    50.452 r  fin.refs[1][31]_i_11/O
                         net (fo=70, unplaced)        0.540    50.992    fin.refs[1][31]_i_11_n_0
                         LUT6 (Prop_lut6_I1_O)        0.124    51.116 r  fin.refs[1][31]_i_145/O
                         net (fo=3, unplaced)         0.750    51.866    fin.refs[1][31]_i_145_n_0
                         LUT5 (Prop_lut5_I0_O)        0.124    51.990 r  fin.refs[1][31]_i_95/O
                         net (fo=1, unplaced)         0.000    51.990    fin.refs[1][31]_i_95_n_0
                         CARRY4 (Prop_carry4_S[0]_CO[3])
                                                      0.513    52.503 r  fin.refs_reg[1][31]_i_51/CO[3]
                         net (fo=1, unplaced)         0.000    52.503    fin.refs_reg[1][31]_i_51_n_0
                         CARRY4 (Prop_carry4_CI_CO[2])
                                                      0.252    52.755 f  fin.refs_reg[1][31]_i_26/CO[2]
                         net (fo=2, unplaced)         0.463    53.218    fin.seenr2112_out
                         LUT6 (Prop_lut6_I4_O)        0.310    53.528 f  fin.refs[1][31]_i_66/O
                         net (fo=1, unplaced)         0.449    53.977    fin.refs[1][31]_i_66_n_0
                         LUT5 (Prop_lut5_I1_O)        0.124    54.101 f  fin.refs[1][31]_i_30/O
                         net (fo=1, unplaced)         0.449    54.550    fin.refs[1][31]_i_30_n_0
                         LUT6 (Prop_lut6_I3_O)        0.124    54.674 f  fin.refs[1][31]_i_14/O
                         net (fo=1, unplaced)         0.449    55.123    fin.refs[1][31]_i_14_n_0
                         LUT6 (Prop_lut6_I5_O)        0.124    55.247 r  fin.refs[1][31]_i_6/O
                         net (fo=19, unplaced)        0.508    55.755    fin.refs[1][31]_i_6_n_0
                         LUT2 (Prop_lut2_I0_O)        0.124    55.879 f  fin.refs[10][31]_i_7/O
                         net (fo=4, unplaced)         0.473    56.352    fin.refs[10][31]_i_7_n_0
                         LUT5 (Prop_lut5_I0_O)        0.124    56.476 r  fin.refs[10][31]_i_3/O
                         net (fo=85, unplaced)        0.544    57.020    fin.refs[10][31]_i_3_n_0
                         LUT5 (Prop_lut5_I3_O)        0.124    57.144 r  fin.refs[10][4]_i_3/O
                         net (fo=3, unplaced)         0.750    57.894    fin.refs[10][4]_i_3_n_0
                         LUT6 (Prop_lut6_I0_O)        0.124    58.018 r  fin.refs[4][20]_i_185/O
                         net (fo=1, unplaced)         0.000    58.018    fin.refs[4][20]_i_185_n_0
                         CARRY4 (Prop_carry4_S[1]_CO[3])
                                                      0.533    58.551 r  fin.refs_reg[4][20]_i_124/CO[3]
                         net (fo=1, unplaced)         0.000    58.551    fin.refs_reg[4][20]_i_124_n_0
                         CARRY4 (Prop_carry4_CI_CO[3])
                                                      0.117    58.668 r  fin.refs_reg[4][20]_i_75/CO[3]
                         net (fo=1, unplaced)         0.000    58.668    fin.refs_reg[4][20]_i_75_n_0
                         CARRY4 (Prop_carry4_CI_CO[2])
                                                      0.252    58.920 f  fin.refs_reg[4][20]_i_50/CO[2]
                         net (fo=2, unplaced)         0.463    59.383    fin.seenr2105_out
                         LUT6 (Prop_lut6_I1_O)        0.310    59.693 f  fin.refs[4][20]_i_52/O
                         net (fo=1, unplaced)         0.449    60.142    fin.refs[4][20]_i_52_n_0
                         LUT6 (Prop_lut6_I5_O)        0.124    60.266 f  fin.refs[4][20]_i_40/O
                         net (fo=1, unplaced)         0.449    60.715    fin.refs[4][20]_i_40_n_0
                         LUT6 (Prop_lut6_I3_O)        0.124    60.839 r  fin.refs[4][20]_i_22/O
                         net (fo=35, unplaced)        0.522    61.361    fin.refs[4][20]_i_22_n_0
                         LUT2 (Prop_lut2_I0_O)        0.116    61.477 r  fin.refs[4][20]_i_26/O
                         net (fo=4, unplaced)         0.473    61.950    fin.refs[4][20]_i_26_n_0
                         LUT6 (Prop_lut6_I1_O)        0.124    62.074 r  fin.refs[6][20]_i_17/O
                         net (fo=16, unplaced)        0.503    62.577    fin.refs[6][20]_i_17_n_0
                         LUT4 (Prop_lut4_I0_O)        0.124    62.701 r  fin.refs[6][20]_i_6/O
                         net (fo=66, unplaced)        0.538    63.239    fin.refs[6][20]_i_6_n_0
                         LUT5 (Prop_lut5_I1_O)        0.116    63.355 r  fin.refs[6][4]_i_3/O
                         net (fo=3, unplaced)         0.750    64.105    fin.refs[6][4]_i_3_n_0
                         LUT6 (Prop_lut6_I0_O)        0.124    64.229 r  fin.refs[2][20]_i_410/O
                         net (fo=1, unplaced)         0.000    64.229    fin.refs[2][20]_i_410_n_0
                         CARRY4 (Prop_carry4_S[1]_CO[3])
                                                      0.533    64.762 r  fin.refs_reg[2][20]_i_224/CO[3]
                         net (fo=1, unplaced)         0.000    64.762    fin.refs_reg[2][20]_i_224_n_0
                         CARRY4 (Prop_carry4_CI_CO[3])
                                                      0.117    64.879 r  fin.refs_reg[2][20]_i_122/CO[3]
                         net (fo=1, unplaced)         0.000    64.879    fin.refs_reg[2][20]_i_122_n_0
                         CARRY4 (Prop_carry4_CI_CO[2])
                                                      0.252    65.131 f  fin.refs_reg[2][20]_i_67/CO[2]
                         net (fo=3, unplaced)         0.470    65.601    fin.seenr270_out
                         LUT3 (Prop_lut3_I1_O)        0.310    65.911 r  fin.refs[2][20]_i_109/O
                         net (fo=1, unplaced)         0.449    66.360    fin.refs[2][20]_i_109_n_0
                         LUT5 (Prop_lut5_I0_O)        0.124    66.484 r  fin.refs[2][20]_i_62/O
                         net (fo=1, unplaced)         0.449    66.933    fin.refs[2][20]_i_62_n_0
                         LUT6 (Prop_lut6_I5_O)        0.124    67.057 f  fin.refs[2][20]_i_31/O
                         net (fo=2, unplaced)         0.460    67.517    fin.refs[2][20]_i_31_n_0
                         LUT5 (Prop_lut5_I1_O)        0.124    67.641 f  fin.refs[4][20]_i_31/O
                         net (fo=10, unplaced)        0.492    68.133    fin.refs[4][20]_i_31_n_0
                         LUT3 (Prop_lut3_I1_O)        0.124    68.257 r  fin.refs[3][19]_i_9/O
                         net (fo=46, unplaced)        0.529    68.786    fin.refs[3][19]_i_9_n_0
                         LUT4 (Prop_lut4_I0_O)        0.124    68.910 r  fin.refs[11][19]_i_5/O
                         net (fo=13, unplaced)        0.499    69.409    fin.refs[11][19]_i_5_n_0
                         LUT4 (Prop_lut4_I1_O)        0.124    69.533 r  fin.refs[11][5]_i_2/O
                         net (fo=2, unplaced)         0.743    70.276    fin.refs[11][5]_i_2_n_0
                         LUT6 (Prop_lut6_I0_O)        0.124    70.400 r  fin.refs[8][19]_i_205/O
                         net (fo=1, unplaced)         0.000    70.400    fin.refs[8][19]_i_205_n_0
                         CARRY4 (Prop_carry4_S[1]_CO[3])
                                                      0.533    70.933 r  fin.refs_reg[8][19]_i_138/CO[3]
                         net (fo=1, unplaced)         0.000    70.933    fin.refs_reg[8][19]_i_138_n_0
                         CARRY4 (Prop_carry4_CI_CO[3])
                                                      0.117    71.050 r  fin.refs_reg[8][19]_i_75/CO[3]
                         net (fo=1, unplaced)         0.000    71.050    fin.refs_reg[8][19]_i_75_n_0
                         CARRY4 (Prop_carry4_CI_CO[2])
                                                      0.252    71.302 f  fin.refs_reg[8][19]_i_42/CO[2]
                         net (fo=2, unplaced)         0.955    72.257    fin.seenr251_out
                         LUT6 (Prop_lut6_I0_O)        0.310    72.567 f  fin.refs[8][19]_i_50/O
                         net (fo=1, unplaced)         0.449    73.016    fin.refs[8][19]_i_50_n_0
                         LUT5 (Prop_lut5_I1_O)        0.124    73.140 f  fin.refs[8][19]_i_25/O
                         net (fo=1, unplaced)         0.449    73.589    fin.refs[8][19]_i_25_n_0
                         LUT6 (Prop_lut6_I5_O)        0.124    73.713 f  fin.refs[8][19]_i_11/O
                         net (fo=1, unplaced)         0.449    74.162    fin.refs[8][19]_i_11_n_0
                         LUT6 (Prop_lut6_I2_O)        0.124    74.286 r  fin.refs[8][19]_i_5/O
                         net (fo=16, unplaced)        0.503    74.789    fin.refs[8][19]_i_5_n_0
                         LUT2 (Prop_lut2_I1_O)        0.124    74.913 r  fin.refs[4][20]_i_15/O
                         net (fo=6, unplaced)         0.481    75.394    fin.refs[4][20]_i_15_n_0
                         LUT5 (Prop_lut5_I3_O)        0.124    75.518 r  fin.refs[2][19]_i_3/O
                         net (fo=43, unplaced)        0.528    76.046    fin.refs[2][19]_i_3_n_0
                         LUT5 (Prop_lut5_I1_O)        0.124    76.170 r  fin.refs[4][19]_i_221/O
                         net (fo=1, unplaced)         0.732    76.902    fin.refs[4][19]_i_221_n_0
                         LUT6 (Prop_lut6_I0_O)        0.124    77.026 r  fin.refs[4][19]_i_171/O
                         net (fo=1, unplaced)         0.000    77.026    fin.refs[4][19]_i_171_n_0
                         CARRY4 (Prop_carry4_S[1]_CO[3])
                                                      0.533    77.559 r  fin.refs_reg[4][19]_i_138/CO[3]
                         net (fo=1, unplaced)         0.000    77.559    fin.refs_reg[4][19]_i_138_n_0
                         CARRY4 (Prop_carry4_CI_CO[3])
                                                      0.117    77.676 r  fin.refs_reg[4][19]_i_114/CO[3]
                         net (fo=1, unplaced)         0.000    77.676    fin.refs_reg[4][19]_i_114_n_0
                         CARRY4 (Prop_carry4_CI_CO[2])
                                                      0.252    77.928 f  fin.refs_reg[4][19]_i_90/CO[2]
                         net (fo=2, unplaced)         0.463    78.391    fin.seenr22_out
                         LUT6 (Prop_lut6_I4_O)        0.310    78.701 f  fin.refs[4][19]_i_217/O
                         net (fo=1, unplaced)         0.449    79.150    fin.refs[4][19]_i_217_n_0
                         LUT6 (Prop_lut6_I5_O)        0.124    79.274 f  fin.refs[4][19]_i_165/O
                         net (fo=1, unplaced)         0.449    79.723    fin.refs[4][19]_i_165_n_0
                         LUT6 (Prop_lut6_I5_O)        0.124    79.847 f  fin.refs[4][19]_i_131/O
                         net (fo=1, unplaced)         0.449    80.296    fin.refs[4][19]_i_131_n_0
                         LUT6 (Prop_lut6_I5_O)        0.124    80.420 f  fin.refs[4][19]_i_94/O
                         net (fo=1, unplaced)         0.449    80.869    fin.refs[4][19]_i_94_n_0
                         LUT6 (Prop_lut6_I5_O)        0.124    80.993 f  fin.refs[4][19]_i_48/O
                         net (fo=5, unplaced)         0.477    81.470    fin.refs[4][19]_i_48_n_0
                         LUT3 (Prop_lut3_I2_O)        0.116    81.586 r  reason[5]_i_7/O
                         net (fo=2, unplaced)         0.743    82.329    reason[5]_i_7_n_0
                         LUT6 (Prop_lut6_I2_O)        0.124    82.453 r  reason[5]_i_4/O
                         net (fo=1, unplaced)         0.419    82.872    reason[5]_i_4_n_0
                         LUT6 (Prop_lut6_I0_O)        0.124    82.996 r  reason[5]_i_2/O
                         net (fo=16, unplaced)        0.503    83.499    st1989_out
                         LUT5 (Prop_lut5_I0_O)        0.116    83.615 r  st[0]_i_3/O
                         net (fo=2, unplaced)         0.460    84.075    st[0]_i_3_n_0
                         LUT5 (Prop_lut5_I4_O)        0.116    84.191 r  prv[18]_i_5/O
                         net (fo=3, unplaced)         0.467    84.658    prv[18]_i_5_n_0
                         LUT6 (Prop_lut6_I0_O)        0.124    84.782 r  pref[7]_i_2/O
                         net (fo=16, unplaced)        0.503    85.285    pref[7]_i_2_n_0
                         LUT3 (Prop_lut3_I0_O)        0.124    85.409 r  pref[7]_i_1/O
                         net (fo=8, unplaced)         0.646    86.055    pref[7]_i_1_n_0
                         FDRE                                         r  pref_reg[4]/R
  -------------------------------------------------------------------    -------------------

                         (clock clk rise edge)       10.000    10.000 r  <hidden>
                                                      0.000    10.000 r  clk
                         net (fo=11503, unset)        0.924    10.924    clk
                         FDRE                                         r  pref_reg[4]/C
                         clock pessimism              0.000    10.924    <hidden>
                         clock uncertainty           -0.035    10.889    <hidden>
                         FDRE (Setup_fdre_C_R)       -0.557    10.332    pref_reg[4]
  -------------------------------------------------------------------
                         required time                         10.332    <hidden>
                         arrival time                         -86.055    <hidden>
  -------------------------------------------------------------------
                         slack                                -75.723    <hidden>




