Copyright 1986-2022 Xilinx, Inc. All Rights Reserved. Copyright 2022-2026 Advanced Micro Devices, Inc. All Rights Reserved.
----------------------------------------------------------------------------------------------------------------------------------------------
| Tool Version : Vivado v.2026.1 (win64) Build 6511674 Tue Jun 16 11:02:23 MDT 2026
| Date         : Thu Sep 17 00:22:22 2026
| Host         : laptop-Quan running 64-bit major release  (build 9200)
| Command      : report_timing_summary -delay_type min_max -max_paths 10 -file D:/FPGA/arty_d/m4_query_result_shadow/reports/timing_route.rpt
| Design       : arty_a7_r2_top_m4_query_result_candidate
| Device       : 7a100t-csg324
| Speed File   : -1  PRODUCTION 1.23 2018-06-13
| Design State : Routed
----------------------------------------------------------------------------------------------------------------------------------------------

Timing Summary Report

------------------------------------------------------------------------------------------------
| Timer Settings
| --------------
------------------------------------------------------------------------------------------------

  Enable Multi Corner Analysis               :  Yes
  Enable Pessimism Removal                   :  Yes
  Pessimism Removal Resolution               :  Nearest Common Node
  Enable Input Delay Default Clock           :  No
  Enable Preset / Clear Arcs                 :  No
  Disable Flight Delays                      :  No
  Ignore I/O Paths                           :  No
  Timing Early Launch at Borrowing Latches   :  No
  Borrow Time for Max Delay Exceptions       :  Yes
  Merge Timing Exceptions                    :  Yes
  Inter-SLR Compensation                     :  Conservative

  Corner  Analyze    Analyze    
  Name    Max Paths  Min Paths  
  ------  ---------  ---------  
  Slow    Yes        Yes        
  Fast    Yes        Yes        


------------------------------------------------------------------------------------------------
| Report Methodology
| ------------------
------------------------------------------------------------------------------------------------

No report available as report_methodology has not been run prior. Run report_methodology on the current design for the summary of methodology violations.



check_timing report

Table of Contents
-----------------
1. checking no_clock (0)
2. checking constant_clock (0)
3. checking pulse_width_clock (0)
4. checking unconstrained_internal_endpoints (0)
5. checking no_input_delay (2)
6. checking no_output_delay (5)
7. checking multiple_clock (0)
8. checking generated_clocks (0)
9. checking loops (0)
10. checking partial_input_delay (0)
11. checking partial_output_delay (0)
12. checking latch_loops (0)

1. checking no_clock (0)
------------------------
 There are 0 register/latch pins with no clock.


2. checking constant_clock (0)
------------------------------
 There are 0 register/latch pins with constant_clock.


3. checking pulse_width_clock (0)
---------------------------------
 There are 0 register/latch pins which need pulse_width check


4. checking unconstrained_internal_endpoints (0)
------------------------------------------------
 There are 0 pins that are not constrained for maximum delay.

 There are 0 pins that are not constrained for maximum delay due to constant clock.


5. checking no_input_delay (2)
------------------------------
 There are 2 input ports with no input delay specified. (HIGH)

 There are 0 input ports with no input delay but user has a false path constraint.


6. checking no_output_delay (5)
-------------------------------
 There are 5 ports with no output delay specified. (HIGH)

 There are 0 ports with no output delay but user has a false path constraint

 There are 0 ports with no output delay but with a timing clock defined on it or propagating through it


7. checking multiple_clock (0)
------------------------------
 There are 0 register/latch pins with multiple clocks.


8. checking generated_clocks (0)
--------------------------------
 There are 0 generated clocks that are not connected to a clock source.


9. checking loops (0)
---------------------
 There are 0 combinational loops in the design.


10. checking partial_input_delay (0)
------------------------------------
 There are 0 input ports with partial input delay specified.


11. checking partial_output_delay (0)
-------------------------------------
 There are 0 ports with partial output delay specified.


12. checking latch_loops (0)
----------------------------
 There are 0 combinational latch loops in the design through latch input



------------------------------------------------------------------------------------------------
| Design Timing Summary
| ---------------------
------------------------------------------------------------------------------------------------

    WNS(ns)      TNS(ns)  TNS Failing Endpoints  TNS Total Endpoints      WHS(ns)      THS(ns)  THS Failing Endpoints  THS Total Endpoints     WPWS(ns)     TPWS(ns)  TPWS Failing Endpoints  TPWS Total Endpoints  
    -------      -------  ---------------------  -------------------      -------      -------  ---------------------  -------------------     --------     --------  ----------------------  --------------------  
      0.555        0.000                      0                12160        0.049        0.000                      0                12160        4.500        0.000                       0                  6321  


All user specified timing constraints are met.


------------------------------------------------------------------------------------------------
| Clock Summary
| -------------
------------------------------------------------------------------------------------------------

Clock        Waveform(ns)       Period(ns)      Frequency(MHz)
-----        ------------       ----------      --------------
sys_clk_pin  {0.000 5.000}      10.000          100.000         


------------------------------------------------------------------------------------------------
| Intra Clock Table
| -----------------
------------------------------------------------------------------------------------------------

Clock             WNS(ns)      TNS(ns)  TNS Failing Endpoints  TNS Total Endpoints      WHS(ns)      THS(ns)  THS Failing Endpoints  THS Total Endpoints     WPWS(ns)     TPWS(ns)  TPWS Failing Endpoints  TPWS Total Endpoints  
-----             -------      -------  ---------------------  -------------------      -------      -------  ---------------------  -------------------     --------     --------  ----------------------  --------------------  
sys_clk_pin         0.555        0.000                      0                12160        0.049        0.000                      0                12160        4.500        0.000                       0                  6321  


------------------------------------------------------------------------------------------------
| Inter Clock Table
| -----------------
------------------------------------------------------------------------------------------------

From Clock    To Clock          WNS(ns)      TNS(ns)  TNS Failing Endpoints  TNS Total Endpoints      WHS(ns)      THS(ns)  THS Failing Endpoints  THS Total Endpoints  
----------    --------          -------      -------  ---------------------  -------------------      -------      -------  ---------------------  -------------------  


------------------------------------------------------------------------------------------------
| Other Path Groups Table
| -----------------------
------------------------------------------------------------------------------------------------

Path Group    From Clock    To Clock          WNS(ns)      TNS(ns)  TNS Failing Endpoints  TNS Total Endpoints      WHS(ns)      THS(ns)  THS Failing Endpoints  THS Total Endpoints  
----------    ----------    --------          -------      -------  ---------------------  -------------------      -------      -------  ---------------------  -------------------  


------------------------------------------------------------------------------------------------
| Timing Details
| --------------
------------------------------------------------------------------------------------------------


---------------------------------------------------------------------------------------------------
From Clock:  sys_clk_pin
  To Clock:  sys_clk_pin

Setup :            0  Failing Endpoints,  Worst Slack        0.555ns,  Total Violation        0.000ns
Hold  :            0  Failing Endpoints,  Worst Slack        0.049ns,  Total Violation        0.000ns
PW    :            0  Failing Endpoints,  Worst Slack        4.500ns,  Total Violation        0.000ns
---------------------------------------------------------------------------------------------------


Max Delay Paths
--------------------------------------------------------------------------------------
Slack (MET) :             0.555ns  (required time - arrival time)
  Source:                 u_spear/spear/feat_r_reg[22]/C
                            (rising edge-triggered cell FDRE clocked by sys_clk_pin  {rise@0.000ns fall@5.000ns period=10.000ns})
  Destination:            u_spear/spear/sl_seq_reg[2][0]/CE
                            (rising edge-triggered cell FDRE clocked by sys_clk_pin  {rise@0.000ns fall@5.000ns period=10.000ns})
  Path Group:             sys_clk_pin
  Path Type:              Setup (Max at Slow Process Corner)
  Requirement:            10.000ns  (sys_clk_pin rise@10.000ns - sys_clk_pin rise@0.000ns)
  Data Path Delay:        8.710ns  (logic 2.135ns (24.512%)  route 6.575ns (75.488%))
  Logic Levels:           7  (CARRY4=1 LUT2=2 LUT3=1 LUT6=3)
  Clock Path Skew:        -0.287ns (DCD - SCD + CPR)
    Destination Clock Delay (DCD):    4.944ns = ( 14.944 - 10.000 ) 
    Source Clock Delay      (SCD):    5.418ns
    Clock Pessimism Removal (CPR):    0.187ns
  Clock Uncertainty:      0.035ns  ((TSJ^2 + TIJ^2)^1/2 + DJ) / 2 + PE
    Total System Jitter     (TSJ):    0.071ns
    Total Input Jitter      (TIJ):    0.000ns
    Discrete Jitter          (DJ):    0.000ns
    Phase Error              (PE):    0.000ns

    Location             Delay type                Incr(ns)  Path(ns)    Netlist Resource(s)
  -------------------------------------------------------------------    -------------------
                         (clock sys_clk_pin rise edge)
                                                      0.000     0.000 r  <hidden>
    E3                                                0.000     0.000 r  CLK100MHZ
                         net (fo=0)                   0.000     0.000    CLK100MHZ
    E3                   IBUF (Prop_ibuf_I_O)         1.482     1.482 r  CLK100MHZ_IBUF_inst/O
                         net (fo=1, routed)           2.025     3.506    CLK100MHZ_IBUF
    BUFGCTRL_X0Y16       BUFG (Prop_bufg_I_O)         0.096     3.602 r  CLK100MHZ_IBUF_BUFG_inst/O
                         net (fo=6326, routed)        1.815     5.418    u_spear/spear/clk
    SLICE_X33Y46         FDRE                                         r  u_spear/spear/feat_r_reg[22]/C
  -------------------------------------------------------------------    -------------------
    SLICE_X33Y46         FDRE (Prop_fdre_C_Q)         0.419     5.837 r  u_spear/spear/feat_r_reg[22]/Q
                         net (fo=94, routed)          1.358     7.194    u_spear/spear/data2[6]
    SLICE_X30Y62         LUT2 (Prop_lut2_I1_O)        0.299     7.493 r  u_spear/spear/sl_sc[0][15]_i_276/O
                         net (fo=1, routed)           0.000     7.493    u_spear/spear/sl_sc[0][15]_i_276_n_0
    SLICE_X30Y62         CARRY4 (Prop_carry4_S[1]_CO[3])
                                                      0.533     8.026 f  u_spear/spear/sl_sc_reg[0][15]_i_63/CO[3]
                         net (fo=1, routed)           1.030     9.056    u_spear/spear/sl_sc_reg[0][15]_i_63_n_0
    SLICE_X30Y63         LUT6 (Prop_lut6_I0_O)        0.124     9.180 f  u_spear/spear/sl_sc[0][15]_i_18/O
                         net (fo=1, routed)           0.716     9.897    u_spear/spear/sl_sc[0][15]_i_18_n_0
    SLICE_X31Y67         LUT6 (Prop_lut6_I0_O)        0.124    10.021 f  u_spear/spear/sl_sc[0][15]_i_9/O
                         net (fo=2, routed)           0.820    10.840    u_spear/spear/sl_sc[0][15]_i_9_n_0
    SLICE_X32Y68         LUT3 (Prop_lut3_I2_O)        0.152    10.992 r  u_spear/spear/sl_sc[0][15]_i_8/O
                         net (fo=9, routed)           0.797    11.790    u_spear/spear/sl_sc[0][15]_i_8_n_0
    SLICE_X31Y66         LUT6 (Prop_lut6_I5_O)        0.332    12.122 f  u_spear/spear/sl_sc[2][15]_i_3/O
                         net (fo=41, routed)          0.848    12.969    u_spear/spear/sl_sc[2][15]_i_3_n_0
    SLICE_X33Y64         LUT2 (Prop_lut2_I1_O)        0.152    13.121 r  u_spear/spear/sl_sc[2][15]_i_1/O
                         net (fo=38, routed)          1.007    14.128    u_spear/spear/sl_sc_reg[2]0
    SLICE_X31Y52         FDRE                                         r  u_spear/spear/sl_seq_reg[2][0]/CE
  -------------------------------------------------------------------    -------------------

                         (clock sys_clk_pin rise edge)
                                                     10.000    10.000 r  <hidden>
    E3                                                0.000    10.000 r  CLK100MHZ
                         net (fo=0)                   0.000    10.000    CLK100MHZ
    E3                   IBUF (Prop_ibuf_I_O)         1.411    11.411 r  CLK100MHZ_IBUF_inst/O
                         net (fo=1, routed)           1.920    13.331    CLK100MHZ_IBUF
    BUFGCTRL_X0Y16       BUFG (Prop_bufg_I_O)         0.091    13.422 r  CLK100MHZ_IBUF_BUFG_inst/O
                         net (fo=6326, routed)        1.521    14.944    u_spear/spear/clk
    SLICE_X31Y52         FDRE                                         r  u_spear/spear/sl_seq_reg[2][0]/C
                         clock pessimism              0.187    15.131    <hidden>
                         clock uncertainty           -0.035    15.095    <hidden>
    SLICE_X31Y52         FDRE (Setup_fdre_C_CE)      -0.413    14.682    u_spear/spear/sl_seq_reg[2][0]
  -------------------------------------------------------------------
                         required time                         14.682    <hidden>
                         arrival time                         -14.128    <hidden>
  -------------------------------------------------------------------
                         slack                                  0.555    <hidden>

Slack (MET) :             0.555ns  (required time - arrival time)
  Source:                 u_spear/spear/feat_r_reg[22]/C
                            (rising edge-triggered cell FDRE clocked by sys_clk_pin  {rise@0.000ns fall@5.000ns period=10.000ns})
  Destination:            u_spear/spear/sl_seq_reg[2][10]/CE
                            (rising edge-triggered cell FDRE clocked by sys_clk_pin  {rise@0.000ns fall@5.000ns period=10.000ns})
  Path Group:             sys_clk_pin
  Path Type:              Setup (Max at Slow Process Corner)
  Requirement:            10.000ns  (sys_clk_pin rise@10.000ns - sys_clk_pin rise@0.000ns)
  Data Path Delay:        8.710ns  (logic 2.135ns (24.512%)  route 6.575ns (75.488%))
  Logic Levels:           7  (CARRY4=1 LUT2=2 LUT3=1 LUT6=3)
  Clock Path Skew:        -0.287ns (DCD - SCD + CPR)
    Destination Clock Delay (DCD):    4.944ns = ( 14.944 - 10.000 ) 
    Source Clock Delay      (SCD):    5.418ns
    Clock Pessimism Removal (CPR):    0.187ns
  Clock Uncertainty:      0.035ns  ((TSJ^2 + TIJ^2)^1/2 + DJ) / 2 + PE
    Total System Jitter     (TSJ):    0.071ns
    Total Input Jitter      (TIJ):    0.000ns
    Discrete Jitter          (DJ):    0.000ns
    Phase Error              (PE):    0.000ns

    Location             Delay type                Incr(ns)  Path(ns)    Netlist Resource(s)
  -------------------------------------------------------------------    -------------------
                         (clock sys_clk_pin rise edge)
                                                      0.000     0.000 r  <hidden>
    E3                                                0.000     0.000 r  CLK100MHZ
                         net (fo=0)                   0.000     0.000    CLK100MHZ
    E3                   IBUF (Prop_ibuf_I_O)         1.482     1.482 r  CLK100MHZ_IBUF_inst/O
                         net (fo=1, routed)           2.025     3.506    CLK100MHZ_IBUF
    BUFGCTRL_X0Y16       BUFG (Prop_bufg_I_O)         0.096     3.602 r  CLK100MHZ_IBUF_BUFG_inst/O
                         net (fo=6326, routed)        1.815     5.418    u_spear/spear/clk
    SLICE_X33Y46         FDRE                                         r  u_spear/spear/feat_r_reg[22]/C
  -------------------------------------------------------------------    -------------------
    SLICE_X33Y46         FDRE (Prop_fdre_C_Q)         0.419     5.837 r  u_spear/spear/feat_r_reg[22]/Q
                         net (fo=94, routed)          1.358     7.194    u_spear/spear/data2[6]
    SLICE_X30Y62         LUT2 (Prop_lut2_I1_O)        0.299     7.493 r  u_spear/spear/sl_sc[0][15]_i_276/O
                         net (fo=1, routed)           0.000     7.493    u_spear/spear/sl_sc[0][15]_i_276_n_0
    SLICE_X30Y62         CARRY4 (Prop_carry4_S[1]_CO[3])
                                                      0.533     8.026 f  u_spear/spear/sl_sc_reg[0][15]_i_63/CO[3]
                         net (fo=1, routed)           1.030     9.056    u_spear/spear/sl_sc_reg[0][15]_i_63_n_0
    SLICE_X30Y63         LUT6 (Prop_lut6_I0_O)        0.124     9.180 f  u_spear/spear/sl_sc[0][15]_i_18/O
                         net (fo=1, routed)           0.716     9.897    u_spear/spear/sl_sc[0][15]_i_18_n_0
    SLICE_X31Y67         LUT6 (Prop_lut6_I0_O)        0.124    10.021 f  u_spear/spear/sl_sc[0][15]_i_9/O
                         net (fo=2, routed)           0.820    10.840    u_spear/spear/sl_sc[0][15]_i_9_n_0
    SLICE_X32Y68         LUT3 (Prop_lut3_I2_O)        0.152    10.992 r  u_spear/spear/sl_sc[0][15]_i_8/O
                         net (fo=9, routed)           0.797    11.790    u_spear/spear/sl_sc[0][15]_i_8_n_0
    SLICE_X31Y66         LUT6 (Prop_lut6_I5_O)        0.332    12.122 f  u_spear/spear/sl_sc[2][15]_i_3/O
                         net (fo=41, routed)          0.848    12.969    u_spear/spear/sl_sc[2][15]_i_3_n_0
    SLICE_X33Y64         LUT2 (Prop_lut2_I1_O)        0.152    13.121 r  u_spear/spear/sl_sc[2][15]_i_1/O
                         net (fo=38, routed)          1.007    14.128    u_spear/spear/sl_sc_reg[2]0
    SLICE_X31Y52         FDRE                                         r  u_spear/spear/sl_seq_reg[2][10]/CE
  -------------------------------------------------------------------    -------------------

                         (clock sys_clk_pin rise edge)
                                                     10.000    10.000 r  <hidden>
    E3                                                0.000    10.000 r  CLK100MHZ
                         net (fo=0)                   0.000    10.000    CLK100MHZ
    E3                   IBUF (Prop_ibuf_I_O)         1.411    11.411 r  CLK100MHZ_IBUF_inst/O
                         net (fo=1, routed)           1.920    13.331    CLK100MHZ_IBUF
    BUFGCTRL_X0Y16       BUFG (Prop_bufg_I_O)         0.091    13.422 r  CLK100MHZ_IBUF_BUFG_inst/O
                         net (fo=6326, routed)        1.521    14.944    u_spear/spear/clk
    SLICE_X31Y52         FDRE                                         r  u_spear/spear/sl_seq_reg[2][10]/C
                         clock pessimism              0.187    15.131    <hidden>
                         clock uncertainty           -0.035    15.095    <hidden>
    SLICE_X31Y52         FDRE (Setup_fdre_C_CE)      -0.413    14.682    u_spear/spear/sl_seq_reg[2][10]
  -------------------------------------------------------------------
                         required time                         14.682    <hidden>
                         arrival time                         -14.128    <hidden>
  -------------------------------------------------------------------
                         slack                                  0.555    <hidden>

Slack (MET) :             0.555ns  (required time - arrival time)
  Source:                 u_spear/spear/feat_r_reg[22]/C
                            (rising edge-triggered cell FDRE clocked by sys_clk_pin  {rise@0.000ns fall@5.000ns period=10.000ns})
  Destination:            u_spear/spear/sl_seq_reg[2][11]/CE
                            (rising edge-triggered cell FDRE clocked by sys_clk_pin  {rise@0.000ns fall@5.000ns period=10.000ns})
  Path Group:             sys_clk_pin
  Path Type:              Setup (Max at Slow Process Corner)
  Requirement:            10.000ns  (sys_clk_pin rise@10.000ns - sys_clk_pin rise@0.000ns)
  Data Path Delay:        8.710ns  (logic 2.135ns (24.512%)  route 6.575ns (75.488%))
  Logic Levels:           7  (CARRY4=1 LUT2=2 LUT3=1 LUT6=3)
  Clock Path Skew:        -0.287ns (DCD - SCD + CPR)
    Destination Clock Delay (DCD):    4.944ns = ( 14.944 - 10.000 ) 
    Source Clock Delay      (SCD):    5.418ns
    Clock Pessimism Removal (CPR):    0.187ns
  Clock Uncertainty:      0.035ns  ((TSJ^2 + TIJ^2)^1/2 + DJ) / 2 + PE
    Total System Jitter     (TSJ):    0.071ns
    Total Input Jitter      (TIJ):    0.000ns
    Discrete Jitter          (DJ):    0.000ns
    Phase Error              (PE):    0.000ns

    Location             Delay type                Incr(ns)  Path(ns)    Netlist Resource(s)
  -------------------------------------------------------------------    -------------------
                         (clock sys_clk_pin rise edge)
                                                      0.000     0.000 r  <hidden>
    E3                                                0.000     0.000 r  CLK100MHZ
                         net (fo=0)                   0.000     0.000    CLK100MHZ
    E3                   IBUF (Prop_ibuf_I_O)         1.482     1.482 r  CLK100MHZ_IBUF_inst/O
                         net (fo=1, routed)           2.025     3.506    CLK100MHZ_IBUF
    BUFGCTRL_X0Y16       BUFG (Prop_bufg_I_O)         0.096     3.602 r  CLK100MHZ_IBUF_BUFG_inst/O
                         net (fo=6326, routed)        1.815     5.418    u_spear/spear/clk
    SLICE_X33Y46         FDRE                                         r  u_spear/spear/feat_r_reg[22]/C
  -------------------------------------------------------------------    -------------------
    SLICE_X33Y46         FDRE (Prop_fdre_C_Q)         0.419     5.837 r  u_spear/spear/feat_r_reg[22]/Q
                         net (fo=94, routed)          1.358     7.194    u_spear/spear/data2[6]
    SLICE_X30Y62         LUT2 (Prop_lut2_I1_O)        0.299     7.493 r  u_spear/spear/sl_sc[0][15]_i_276/O
                         net (fo=1, routed)           0.000     7.493    u_spear/spear/sl_sc[0][15]_i_276_n_0
    SLICE_X30Y62         CARRY4 (Prop_carry4_S[1]_CO[3])
                                                      0.533     8.026 f  u_spear/spear/sl_sc_reg[0][15]_i_63/CO[3]
                         net (fo=1, routed)           1.030     9.056    u_spear/spear/sl_sc_reg[0][15]_i_63_n_0
    SLICE_X30Y63         LUT6 (Prop_lut6_I0_O)        0.124     9.180 f  u_spear/spear/sl_sc[0][15]_i_18/O
                         net (fo=1, routed)           0.716     9.897    u_spear/spear/sl_sc[0][15]_i_18_n_0
    SLICE_X31Y67         LUT6 (Prop_lut6_I0_O)        0.124    10.021 f  u_spear/spear/sl_sc[0][15]_i_9/O
                         net (fo=2, routed)           0.820    10.840    u_spear/spear/sl_sc[0][15]_i_9_n_0
    SLICE_X32Y68         LUT3 (Prop_lut3_I2_O)        0.152    10.992 r  u_spear/spear/sl_sc[0][15]_i_8/O
                         net (fo=9, routed)           0.797    11.790    u_spear/spear/sl_sc[0][15]_i_8_n_0
    SLICE_X31Y66         LUT6 (Prop_lut6_I5_O)        0.332    12.122 f  u_spear/spear/sl_sc[2][15]_i_3/O
                         net (fo=41, routed)          0.848    12.969    u_spear/spear/sl_sc[2][15]_i_3_n_0
    SLICE_X33Y64         LUT2 (Prop_lut2_I1_O)        0.152    13.121 r  u_spear/spear/sl_sc[2][15]_i_1/O
                         net (fo=38, routed)          1.007    14.128    u_spear/spear/sl_sc_reg[2]0
    SLICE_X31Y52         FDRE                                         r  u_spear/spear/sl_seq_reg[2][11]/CE
  -------------------------------------------------------------------    -------------------

                         (clock sys_clk_pin rise edge)
                                                     10.000    10.000 r  <hidden>
    E3                                                0.000    10.000 r  CLK100MHZ
                         net (fo=0)                   0.000    10.000    CLK100MHZ
    E3                   IBUF (Prop_ibuf_I_O)         1.411    11.411 r  CLK100MHZ_IBUF_inst/O
                         net (fo=1, routed)           1.920    13.331    CLK100MHZ_IBUF
    BUFGCTRL_X0Y16       BUFG (Prop_bufg_I_O)         0.091    13.422 r  CLK100MHZ_IBUF_BUFG_inst/O
                         net (fo=6326, routed)        1.521    14.944    u_spear/spear/clk
    SLICE_X31Y52         FDRE                                         r  u_spear/spear/sl_seq_reg[2][11]/C
                         clock pessimism              0.187    15.131    <hidden>
                         clock uncertainty           -0.035    15.095    <hidden>
    SLICE_X31Y52         FDRE (Setup_fdre_C_CE)      -0.413    14.682    u_spear/spear/sl_seq_reg[2][11]
  -------------------------------------------------------------------
                         required time                         14.682    <hidden>
                         arrival time                         -14.128    <hidden>
  -------------------------------------------------------------------
                         slack                                  0.555    <hidden>

Slack (MET) :             0.555ns  (required time - arrival time)
  Source:                 u_spear/spear/feat_r_reg[22]/C
                            (rising edge-triggered cell FDRE clocked by sys_clk_pin  {rise@0.000ns fall@5.000ns period=10.000ns})
  Destination:            u_spear/spear/sl_seq_reg[2][1]/CE
                            (rising edge-triggered cell FDRE clocked by sys_clk_pin  {rise@0.000ns fall@5.000ns period=10.000ns})
  Path Group:             sys_clk_pin
  Path Type:              Setup (Max at Slow Process Corner)
  Requirement:            10.000ns  (sys_clk_pin rise@10.000ns - sys_clk_pin rise@0.000ns)
  Data Path Delay:        8.710ns  (logic 2.135ns (24.512%)  route 6.575ns (75.488%))
  Logic Levels:           7  (CARRY4=1 LUT2=2 LUT3=1 LUT6=3)
  Clock Path Skew:        -0.287ns (DCD - SCD + CPR)
    Destination Clock Delay (DCD):    4.944ns = ( 14.944 - 10.000 ) 
    Source Clock Delay      (SCD):    5.418ns
    Clock Pessimism Removal (CPR):    0.187ns
  Clock Uncertainty:      0.035ns  ((TSJ^2 + TIJ^2)^1/2 + DJ) / 2 + PE
    Total System Jitter     (TSJ):    0.071ns
    Total Input Jitter      (TIJ):    0.000ns
    Discrete Jitter          (DJ):    0.000ns
    Phase Error              (PE):    0.000ns

    Location             Delay type                Incr(ns)  Path(ns)    Netlist Resource(s)
  -------------------------------------------------------------------    -------------------
                         (clock sys_clk_pin rise edge)
                                                      0.000     0.000 r  <hidden>
    E3                                                0.000     0.000 r  CLK100MHZ
                         net (fo=0)                   0.000     0.000    CLK100MHZ
    E3                   IBUF (Prop_ibuf_I_O)         1.482     1.482 r  CLK100MHZ_IBUF_inst/O
                         net (fo=1, routed)           2.025     3.506    CLK100MHZ_IBUF
    BUFGCTRL_X0Y16       BUFG (Prop_bufg_I_O)         0.096     3.602 r  CLK100MHZ_IBUF_BUFG_inst/O
                         net (fo=6326, routed)        1.815     5.418    u_spear/spear/clk
    SLICE_X33Y46         FDRE                                         r  u_spear/spear/feat_r_reg[22]/C
  -------------------------------------------------------------------    -------------------
    SLICE_X33Y46         FDRE (Prop_fdre_C_Q)         0.419     5.837 r  u_spear/spear/feat_r_reg[22]/Q
                         net (fo=94, routed)          1.358     7.194    u_spear/spear/data2[6]
    SLICE_X30Y62         LUT2 (Prop_lut2_I1_O)        0.299     7.493 r  u_spear/spear/sl_sc[0][15]_i_276/O
                         net (fo=1, routed)           0.000     7.493    u_spear/spear/sl_sc[0][15]_i_276_n_0
    SLICE_X30Y62         CARRY4 (Prop_carry4_S[1]_CO[3])
                                                      0.533     8.026 f  u_spear/spear/sl_sc_reg[0][15]_i_63/CO[3]
                         net (fo=1, routed)           1.030     9.056    u_spear/spear/sl_sc_reg[0][15]_i_63_n_0
    SLICE_X30Y63         LUT6 (Prop_lut6_I0_O)        0.124     9.180 f  u_spear/spear/sl_sc[0][15]_i_18/O
                         net (fo=1, routed)           0.716     9.897    u_spear/spear/sl_sc[0][15]_i_18_n_0
    SLICE_X31Y67         LUT6 (Prop_lut6_I0_O)        0.124    10.021 f  u_spear/spear/sl_sc[0][15]_i_9/O
                         net (fo=2, routed)           0.820    10.840    u_spear/spear/sl_sc[0][15]_i_9_n_0
    SLICE_X32Y68         LUT3 (Prop_lut3_I2_O)        0.152    10.992 r  u_spear/spear/sl_sc[0][15]_i_8/O
                         net (fo=9, routed)           0.797    11.790    u_spear/spear/sl_sc[0][15]_i_8_n_0
    SLICE_X31Y66         LUT6 (Prop_lut6_I5_O)        0.332    12.122 f  u_spear/spear/sl_sc[2][15]_i_3/O
                         net (fo=41, routed)          0.848    12.969    u_spear/spear/sl_sc[2][15]_i_3_n_0
    SLICE_X33Y64         LUT2 (Prop_lut2_I1_O)        0.152    13.121 r  u_spear/spear/sl_sc[2][15]_i_1/O
                         net (fo=38, routed)          1.007    14.128    u_spear/spear/sl_sc_reg[2]0
    SLICE_X31Y52         FDRE                                         r  u_spear/spear/sl_seq_reg[2][1]/CE
  -------------------------------------------------------------------    -------------------

                         (clock sys_clk_pin rise edge)
                                                     10.000    10.000 r  <hidden>
    E3                                                0.000    10.000 r  CLK100MHZ
                         net (fo=0)                   0.000    10.000    CLK100MHZ
    E3                   IBUF (Prop_ibuf_I_O)         1.411    11.411 r  CLK100MHZ_IBUF_inst/O
                         net (fo=1, routed)           1.920    13.331    CLK100MHZ_IBUF
    BUFGCTRL_X0Y16       BUFG (Prop_bufg_I_O)         0.091    13.422 r  CLK100MHZ_IBUF_BUFG_inst/O
                         net (fo=6326, routed)        1.521    14.944    u_spear/spear/clk
    SLICE_X31Y52         FDRE                                         r  u_spear/spear/sl_seq_reg[2][1]/C
                         clock pessimism              0.187    15.131    <hidden>
                         clock uncertainty           -0.035    15.095    <hidden>
    SLICE_X31Y52         FDRE (Setup_fdre_C_CE)      -0.413    14.682    u_spear/spear/sl_seq_reg[2][1]
  -------------------------------------------------------------------
                         required time                         14.682    <hidden>
                         arrival time                         -14.128    <hidden>
  -------------------------------------------------------------------
                         slack                                  0.555    <hidden>

Slack (MET) :             0.555ns  (required time - arrival time)
  Source:                 u_spear/spear/feat_r_reg[22]/C
                            (rising edge-triggered cell FDRE clocked by sys_clk_pin  {rise@0.000ns fall@5.000ns period=10.000ns})
  Destination:            u_spear/spear/sl_seq_reg[2][2]/CE
                            (rising edge-triggered cell FDRE clocked by sys_clk_pin  {rise@0.000ns fall@5.000ns period=10.000ns})
  Path Group:             sys_clk_pin
  Path Type:              Setup (Max at Slow Process Corner)
  Requirement:            10.000ns  (sys_clk_pin rise@10.000ns - sys_clk_pin rise@0.000ns)
  Data Path Delay:        8.710ns  (logic 2.135ns (24.512%)  route 6.575ns (75.488%))
  Logic Levels:           7  (CARRY4=1 LUT2=2 LUT3=1 LUT6=3)
  Clock Path Skew:        -0.287ns (DCD - SCD + CPR)
    Destination Clock Delay (DCD):    4.944ns = ( 14.944 - 10.000 ) 
    Source Clock Delay      (SCD):    5.418ns
    Clock Pessimism Removal (CPR):    0.187ns
  Clock Uncertainty:      0.035ns  ((TSJ^2 + TIJ^2)^1/2 + DJ) / 2 + PE
    Total System Jitter     (TSJ):    0.071ns
    Total Input Jitter      (TIJ):    0.000ns
    Discrete Jitter          (DJ):    0.000ns
    Phase Error              (PE):    0.000ns

    Location             Delay type                Incr(ns)  Path(ns)    Netlist Resource(s)
  -------------------------------------------------------------------    -------------------
                         (clock sys_clk_pin rise edge)
                                                      0.000     0.000 r  <hidden>
    E3                                                0.000     0.000 r  CLK100MHZ
                         net (fo=0)                   0.000     0.000    CLK100MHZ
    E3                   IBUF (Prop_ibuf_I_O)         1.482     1.482 r  CLK100MHZ_IBUF_inst/O
                         net (fo=1, routed)           2.025     3.506    CLK100MHZ_IBUF
    BUFGCTRL_X0Y16       BUFG (Prop_bufg_I_O)         0.096     3.602 r  CLK100MHZ_IBUF_BUFG_inst/O
                         net (fo=6326, routed)        1.815     5.418    u_spear/spear/clk
    SLICE_X33Y46         FDRE                                         r  u_spear/spear/feat_r_reg[22]/C
  -------------------------------------------------------------------    -------------------
    SLICE_X33Y46         FDRE (Prop_fdre_C_Q)         0.419     5.837 r  u_spear/spear/feat_r_reg[22]/Q
                         net (fo=94, routed)          1.358     7.194    u_spear/spear/data2[6]
    SLICE_X30Y62         LUT2 (Prop_lut2_I1_O)        0.299     7.493 r  u_spear/spear/sl_sc[0][15]_i_276/O
                         net (fo=1, routed)           0.000     7.493    u_spear/spear/sl_sc[0][15]_i_276_n_0
    SLICE_X30Y62         CARRY4 (Prop_carry4_S[1]_CO[3])
                                                      0.533     8.026 f  u_spear/spear/sl_sc_reg[0][15]_i_63/CO[3]
                         net (fo=1, routed)           1.030     9.056    u_spear/spear/sl_sc_reg[0][15]_i_63_n_0
    SLICE_X30Y63         LUT6 (Prop_lut6_I0_O)        0.124     9.180 f  u_spear/spear/sl_sc[0][15]_i_18/O
                         net (fo=1, routed)           0.716     9.897    u_spear/spear/sl_sc[0][15]_i_18_n_0
    SLICE_X31Y67         LUT6 (Prop_lut6_I0_O)        0.124    10.021 f  u_spear/spear/sl_sc[0][15]_i_9/O
                         net (fo=2, routed)           0.820    10.840    u_spear/spear/sl_sc[0][15]_i_9_n_0
    SLICE_X32Y68         LUT3 (Prop_lut3_I2_O)        0.152    10.992 r  u_spear/spear/sl_sc[0][15]_i_8/O
                         net (fo=9, routed)           0.797    11.790    u_spear/spear/sl_sc[0][15]_i_8_n_0
    SLICE_X31Y66         LUT6 (Prop_lut6_I5_O)        0.332    12.122 f  u_spear/spear/sl_sc[2][15]_i_3/O
                         net (fo=41, routed)          0.848    12.969    u_spear/spear/sl_sc[2][15]_i_3_n_0
    SLICE_X33Y64         LUT2 (Prop_lut2_I1_O)        0.152    13.121 r  u_spear/spear/sl_sc[2][15]_i_1/O
                         net (fo=38, routed)          1.007    14.128    u_spear/spear/sl_sc_reg[2]0
    SLICE_X31Y52         FDRE                                         r  u_spear/spear/sl_seq_reg[2][2]/CE
  -------------------------------------------------------------------    -------------------

                         (clock sys_clk_pin rise edge)
                                                     10.000    10.000 r  <hidden>
    E3                                                0.000    10.000 r  CLK100MHZ
                         net (fo=0)                   0.000    10.000    CLK100MHZ
    E3                   IBUF (Prop_ibuf_I_O)         1.411    11.411 r  CLK100MHZ_IBUF_inst/O
                         net (fo=1, routed)           1.920    13.331    CLK100MHZ_IBUF
    BUFGCTRL_X0Y16       BUFG (Prop_bufg_I_O)         0.091    13.422 r  CLK100MHZ_IBUF_BUFG_inst/O
                         net (fo=6326, routed)        1.521    14.944    u_spear/spear/clk
    SLICE_X31Y52         FDRE                                         r  u_spear/spear/sl_seq_reg[2][2]/C
                         clock pessimism              0.187    15.131    <hidden>
                         clock uncertainty           -0.035    15.095    <hidden>
    SLICE_X31Y52         FDRE (Setup_fdre_C_CE)      -0.413    14.682    u_spear/spear/sl_seq_reg[2][2]
  -------------------------------------------------------------------
                         required time                         14.682    <hidden>
                         arrival time                         -14.128    <hidden>
  -------------------------------------------------------------------
                         slack                                  0.555    <hidden>

Slack (MET) :             0.555ns  (required time - arrival time)
  Source:                 u_spear/spear/feat_r_reg[22]/C
                            (rising edge-triggered cell FDRE clocked by sys_clk_pin  {rise@0.000ns fall@5.000ns period=10.000ns})
  Destination:            u_spear/spear/sl_seq_reg[2][3]/CE
                            (rising edge-triggered cell FDRE clocked by sys_clk_pin  {rise@0.000ns fall@5.000ns period=10.000ns})
  Path Group:             sys_clk_pin
  Path Type:              Setup (Max at Slow Process Corner)
  Requirement:            10.000ns  (sys_clk_pin rise@10.000ns - sys_clk_pin rise@0.000ns)
  Data Path Delay:        8.710ns  (logic 2.135ns (24.512%)  route 6.575ns (75.488%))
  Logic Levels:           7  (CARRY4=1 LUT2=2 LUT3=1 LUT6=3)
  Clock Path Skew:        -0.287ns (DCD - SCD + CPR)
    Destination Clock Delay (DCD):    4.944ns = ( 14.944 - 10.000 ) 
    Source Clock Delay      (SCD):    5.418ns
    Clock Pessimism Removal (CPR):    0.187ns
  Clock Uncertainty:      0.035ns  ((TSJ^2 + TIJ^2)^1/2 + DJ) / 2 + PE
    Total System Jitter     (TSJ):    0.071ns
    Total Input Jitter      (TIJ):    0.000ns
    Discrete Jitter          (DJ):    0.000ns
    Phase Error              (PE):    0.000ns

    Location             Delay type                Incr(ns)  Path(ns)    Netlist Resource(s)
  -------------------------------------------------------------------    -------------------
                         (clock sys_clk_pin rise edge)
                                                      0.000     0.000 r  <hidden>
    E3                                                0.000     0.000 r  CLK100MHZ
                         net (fo=0)                   0.000     0.000    CLK100MHZ
    E3                   IBUF (Prop_ibuf_I_O)         1.482     1.482 r  CLK100MHZ_IBUF_inst/O
                         net (fo=1, routed)           2.025     3.506    CLK100MHZ_IBUF
    BUFGCTRL_X0Y16       BUFG (Prop_bufg_I_O)         0.096     3.602 r  CLK100MHZ_IBUF_BUFG_inst/O
                         net (fo=6326, routed)        1.815     5.418    u_spear/spear/clk
    SLICE_X33Y46         FDRE                                         r  u_spear/spear/feat_r_reg[22]/C
  -------------------------------------------------------------------    -------------------
    SLICE_X33Y46         FDRE (Prop_fdre_C_Q)         0.419     5.837 r  u_spear/spear/feat_r_reg[22]/Q
                         net (fo=94, routed)          1.358     7.194    u_spear/spear/data2[6]
    SLICE_X30Y62         LUT2 (Prop_lut2_I1_O)        0.299     7.493 r  u_spear/spear/sl_sc[0][15]_i_276/O
                         net (fo=1, routed)           0.000     7.493    u_spear/spear/sl_sc[0][15]_i_276_n_0
    SLICE_X30Y62         CARRY4 (Prop_carry4_S[1]_CO[3])
                                                      0.533     8.026 f  u_spear/spear/sl_sc_reg[0][15]_i_63/CO[3]
                         net (fo=1, routed)           1.030     9.056    u_spear/spear/sl_sc_reg[0][15]_i_63_n_0
    SLICE_X30Y63         LUT6 (Prop_lut6_I0_O)        0.124     9.180 f  u_spear/spear/sl_sc[0][15]_i_18/O
                         net (fo=1, routed)           0.716     9.897    u_spear/spear/sl_sc[0][15]_i_18_n_0
    SLICE_X31Y67         LUT6 (Prop_lut6_I0_O)        0.124    10.021 f  u_spear/spear/sl_sc[0][15]_i_9/O
                         net (fo=2, routed)           0.820    10.840    u_spear/spear/sl_sc[0][15]_i_9_n_0
    SLICE_X32Y68         LUT3 (Prop_lut3_I2_O)        0.152    10.992 r  u_spear/spear/sl_sc[0][15]_i_8/O
                         net (fo=9, routed)           0.797    11.790    u_spear/spear/sl_sc[0][15]_i_8_n_0
    SLICE_X31Y66         LUT6 (Prop_lut6_I5_O)        0.332    12.122 f  u_spear/spear/sl_sc[2][15]_i_3/O
                         net (fo=41, routed)          0.848    12.969    u_spear/spear/sl_sc[2][15]_i_3_n_0
    SLICE_X33Y64         LUT2 (Prop_lut2_I1_O)        0.152    13.121 r  u_spear/spear/sl_sc[2][15]_i_1/O
                         net (fo=38, routed)          1.007    14.128    u_spear/spear/sl_sc_reg[2]0
    SLICE_X31Y52         FDRE                                         r  u_spear/spear/sl_seq_reg[2][3]/CE
  -------------------------------------------------------------------    -------------------

                         (clock sys_clk_pin rise edge)
                                                     10.000    10.000 r  <hidden>
    E3                                                0.000    10.000 r  CLK100MHZ
                         net (fo=0)                   0.000    10.000    CLK100MHZ
    E3                   IBUF (Prop_ibuf_I_O)         1.411    11.411 r  CLK100MHZ_IBUF_inst/O
                         net (fo=1, routed)           1.920    13.331    CLK100MHZ_IBUF
    BUFGCTRL_X0Y16       BUFG (Prop_bufg_I_O)         0.091    13.422 r  CLK100MHZ_IBUF_BUFG_inst/O
                         net (fo=6326, routed)        1.521    14.944    u_spear/spear/clk
    SLICE_X31Y52         FDRE                                         r  u_spear/spear/sl_seq_reg[2][3]/C
                         clock pessimism              0.187    15.131    <hidden>
                         clock uncertainty           -0.035    15.095    <hidden>
    SLICE_X31Y52         FDRE (Setup_fdre_C_CE)      -0.413    14.682    u_spear/spear/sl_seq_reg[2][3]
  -------------------------------------------------------------------
                         required time                         14.682    <hidden>
                         arrival time                         -14.128    <hidden>
  -------------------------------------------------------------------
                         slack                                  0.555    <hidden>

Slack (MET) :             0.555ns  (required time - arrival time)
  Source:                 u_spear/spear/feat_r_reg[22]/C
                            (rising edge-triggered cell FDRE clocked by sys_clk_pin  {rise@0.000ns fall@5.000ns period=10.000ns})
  Destination:            u_spear/spear/sl_seq_reg[2][6]/CE
                            (rising edge-triggered cell FDRE clocked by sys_clk_pin  {rise@0.000ns fall@5.000ns period=10.000ns})
  Path Group:             sys_clk_pin
  Path Type:              Setup (Max at Slow Process Corner)
  Requirement:            10.000ns  (sys_clk_pin rise@10.000ns - sys_clk_pin rise@0.000ns)
  Data Path Delay:        8.710ns  (logic 2.135ns (24.512%)  route 6.575ns (75.488%))
  Logic Levels:           7  (CARRY4=1 LUT2=2 LUT3=1 LUT6=3)
  Clock Path Skew:        -0.287ns (DCD - SCD + CPR)
    Destination Clock Delay (DCD):    4.944ns = ( 14.944 - 10.000 ) 
    Source Clock Delay      (SCD):    5.418ns
    Clock Pessimism Removal (CPR):    0.187ns
  Clock Uncertainty:      0.035ns  ((TSJ^2 + TIJ^2)^1/2 + DJ) / 2 + PE
    Total System Jitter     (TSJ):    0.071ns
    Total Input Jitter      (TIJ):    0.000ns
    Discrete Jitter          (DJ):    0.000ns
    Phase Error              (PE):    0.000ns

    Location             Delay type                Incr(ns)  Path(ns)    Netlist Resource(s)
  -------------------------------------------------------------------    -------------------
                         (clock sys_clk_pin rise edge)
                                                      0.000     0.000 r  <hidden>
    E3                                                0.000     0.000 r  CLK100MHZ
                         net (fo=0)                   0.000     0.000    CLK100MHZ
    E3                   IBUF (Prop_ibuf_I_O)         1.482     1.482 r  CLK100MHZ_IBUF_inst/O
                         net (fo=1, routed)           2.025     3.506    CLK100MHZ_IBUF
    BUFGCTRL_X0Y16       BUFG (Prop_bufg_I_O)         0.096     3.602 r  CLK100MHZ_IBUF_BUFG_inst/O
                         net (fo=6326, routed)        1.815     5.418    u_spear/spear/clk
    SLICE_X33Y46         FDRE                                         r  u_spear/spear/feat_r_reg[22]/C
  -------------------------------------------------------------------    -------------------
    SLICE_X33Y46         FDRE (Prop_fdre_C_Q)         0.419     5.837 r  u_spear/spear/feat_r_reg[22]/Q
                         net (fo=94, routed)          1.358     7.194    u_spear/spear/data2[6]
    SLICE_X30Y62         LUT2 (Prop_lut2_I1_O)        0.299     7.493 r  u_spear/spear/sl_sc[0][15]_i_276/O
                         net (fo=1, routed)           0.000     7.493    u_spear/spear/sl_sc[0][15]_i_276_n_0
    SLICE_X30Y62         CARRY4 (Prop_carry4_S[1]_CO[3])
                                                      0.533     8.026 f  u_spear/spear/sl_sc_reg[0][15]_i_63/CO[3]
                         net (fo=1, routed)           1.030     9.056    u_spear/spear/sl_sc_reg[0][15]_i_63_n_0
    SLICE_X30Y63         LUT6 (Prop_lut6_I0_O)        0.124     9.180 f  u_spear/spear/sl_sc[0][15]_i_18/O
                         net (fo=1, routed)           0.716     9.897    u_spear/spear/sl_sc[0][15]_i_18_n_0
    SLICE_X31Y67         LUT6 (Prop_lut6_I0_O)        0.124    10.021 f  u_spear/spear/sl_sc[0][15]_i_9/O
                         net (fo=2, routed)           0.820    10.840    u_spear/spear/sl_sc[0][15]_i_9_n_0
    SLICE_X32Y68         LUT3 (Prop_lut3_I2_O)        0.152    10.992 r  u_spear/spear/sl_sc[0][15]_i_8/O
                         net (fo=9, routed)           0.797    11.790    u_spear/spear/sl_sc[0][15]_i_8_n_0
    SLICE_X31Y66         LUT6 (Prop_lut6_I5_O)        0.332    12.122 f  u_spear/spear/sl_sc[2][15]_i_3/O
                         net (fo=41, routed)          0.848    12.969    u_spear/spear/sl_sc[2][15]_i_3_n_0
    SLICE_X33Y64         LUT2 (Prop_lut2_I1_O)        0.152    13.121 r  u_spear/spear/sl_sc[2][15]_i_1/O
                         net (fo=38, routed)          1.007    14.128    u_spear/spear/sl_sc_reg[2]0
    SLICE_X31Y52         FDRE                                         r  u_spear/spear/sl_seq_reg[2][6]/CE
  -------------------------------------------------------------------    -------------------

                         (clock sys_clk_pin rise edge)
                                                     10.000    10.000 r  <hidden>
    E3                                                0.000    10.000 r  CLK100MHZ
                         net (fo=0)                   0.000    10.000    CLK100MHZ
    E3                   IBUF (Prop_ibuf_I_O)         1.411    11.411 r  CLK100MHZ_IBUF_inst/O
                         net (fo=1, routed)           1.920    13.331    CLK100MHZ_IBUF
    BUFGCTRL_X0Y16       BUFG (Prop_bufg_I_O)         0.091    13.422 r  CLK100MHZ_IBUF_BUFG_inst/O
                         net (fo=6326, routed)        1.521    14.944    u_spear/spear/clk
    SLICE_X31Y52         FDRE                                         r  u_spear/spear/sl_seq_reg[2][6]/C
                         clock pessimism              0.187    15.131    <hidden>
                         clock uncertainty           -0.035    15.095    <hidden>
    SLICE_X31Y52         FDRE (Setup_fdre_C_CE)      -0.413    14.682    u_spear/spear/sl_seq_reg[2][6]
  -------------------------------------------------------------------
                         required time                         14.682    <hidden>
                         arrival time                         -14.128    <hidden>
  -------------------------------------------------------------------
                         slack                                  0.555    <hidden>

Slack (MET) :             0.555ns  (required time - arrival time)
  Source:                 u_spear/spear/feat_r_reg[22]/C
                            (rising edge-triggered cell FDRE clocked by sys_clk_pin  {rise@0.000ns fall@5.000ns period=10.000ns})
  Destination:            u_spear/spear/sl_seq_reg[2][7]/CE
                            (rising edge-triggered cell FDRE clocked by sys_clk_pin  {rise@0.000ns fall@5.000ns period=10.000ns})
  Path Group:             sys_clk_pin
  Path Type:              Setup (Max at Slow Process Corner)
  Requirement:            10.000ns  (sys_clk_pin rise@10.000ns - sys_clk_pin rise@0.000ns)
  Data Path Delay:        8.710ns  (logic 2.135ns (24.512%)  route 6.575ns (75.488%))
  Logic Levels:           7  (CARRY4=1 LUT2=2 LUT3=1 LUT6=3)
  Clock Path Skew:        -0.287ns (DCD - SCD + CPR)
    Destination Clock Delay (DCD):    4.944ns = ( 14.944 - 10.000 ) 
    Source Clock Delay      (SCD):    5.418ns
    Clock Pessimism Removal (CPR):    0.187ns
  Clock Uncertainty:      0.035ns  ((TSJ^2 + TIJ^2)^1/2 + DJ) / 2 + PE
    Total System Jitter     (TSJ):    0.071ns
    Total Input Jitter      (TIJ):    0.000ns
    Discrete Jitter          (DJ):    0.000ns
    Phase Error              (PE):    0.000ns

    Location             Delay type                Incr(ns)  Path(ns)    Netlist Resource(s)
  -------------------------------------------------------------------    -------------------
                         (clock sys_clk_pin rise edge)
                                                      0.000     0.000 r  <hidden>
    E3                                                0.000     0.000 r  CLK100MHZ
                         net (fo=0)                   0.000     0.000    CLK100MHZ
    E3                   IBUF (Prop_ibuf_I_O)         1.482     1.482 r  CLK100MHZ_IBUF_inst/O
                         net (fo=1, routed)           2.025     3.506    CLK100MHZ_IBUF
    BUFGCTRL_X0Y16       BUFG (Prop_bufg_I_O)         0.096     3.602 r  CLK100MHZ_IBUF_BUFG_inst/O
                         net (fo=6326, routed)        1.815     5.418    u_spear/spear/clk
    SLICE_X33Y46         FDRE                                         r  u_spear/spear/feat_r_reg[22]/C
  -------------------------------------------------------------------    -------------------
    SLICE_X33Y46         FDRE (Prop_fdre_C_Q)         0.419     5.837 r  u_spear/spear/feat_r_reg[22]/Q
                         net (fo=94, routed)          1.358     7.194    u_spear/spear/data2[6]
    SLICE_X30Y62         LUT2 (Prop_lut2_I1_O)        0.299     7.493 r  u_spear/spear/sl_sc[0][15]_i_276/O
                         net (fo=1, routed)           0.000     7.493    u_spear/spear/sl_sc[0][15]_i_276_n_0
    SLICE_X30Y62         CARRY4 (Prop_carry4_S[1]_CO[3])
                                                      0.533     8.026 f  u_spear/spear/sl_sc_reg[0][15]_i_63/CO[3]
                         net (fo=1, routed)           1.030     9.056    u_spear/spear/sl_sc_reg[0][15]_i_63_n_0
    SLICE_X30Y63         LUT6 (Prop_lut6_I0_O)        0.124     9.180 f  u_spear/spear/sl_sc[0][15]_i_18/O
                         net (fo=1, routed)           0.716     9.897    u_spear/spear/sl_sc[0][15]_i_18_n_0
    SLICE_X31Y67         LUT6 (Prop_lut6_I0_O)        0.124    10.021 f  u_spear/spear/sl_sc[0][15]_i_9/O
                         net (fo=2, routed)           0.820    10.840    u_spear/spear/sl_sc[0][15]_i_9_n_0
    SLICE_X32Y68         LUT3 (Prop_lut3_I2_O)        0.152    10.992 r  u_spear/spear/sl_sc[0][15]_i_8/O
                         net (fo=9, routed)           0.797    11.790    u_spear/spear/sl_sc[0][15]_i_8_n_0
    SLICE_X31Y66         LUT6 (Prop_lut6_I5_O)        0.332    12.122 f  u_spear/spear/sl_sc[2][15]_i_3/O
                         net (fo=41, routed)          0.848    12.969    u_spear/spear/sl_sc[2][15]_i_3_n_0
    SLICE_X33Y64         LUT2 (Prop_lut2_I1_O)        0.152    13.121 r  u_spear/spear/sl_sc[2][15]_i_1/O
                         net (fo=38, routed)          1.007    14.128    u_spear/spear/sl_sc_reg[2]0
    SLICE_X31Y52         FDRE                                         r  u_spear/spear/sl_seq_reg[2][7]/CE
  -------------------------------------------------------------------    -------------------

                         (clock sys_clk_pin rise edge)
                                                     10.000    10.000 r  <hidden>
    E3                                                0.000    10.000 r  CLK100MHZ
                         net (fo=0)                   0.000    10.000    CLK100MHZ
    E3                   IBUF (Prop_ibuf_I_O)         1.411    11.411 r  CLK100MHZ_IBUF_inst/O
                         net (fo=1, routed)           1.920    13.331    CLK100MHZ_IBUF
    BUFGCTRL_X0Y16       BUFG (Prop_bufg_I_O)         0.091    13.422 r  CLK100MHZ_IBUF_BUFG_inst/O
                         net (fo=6326, routed)        1.521    14.944    u_spear/spear/clk
    SLICE_X31Y52         FDRE                                         r  u_spear/spear/sl_seq_reg[2][7]/C
                         clock pessimism              0.187    15.131    <hidden>
                         clock uncertainty           -0.035    15.095    <hidden>
    SLICE_X31Y52         FDRE (Setup_fdre_C_CE)      -0.413    14.682    u_spear/spear/sl_seq_reg[2][7]
  -------------------------------------------------------------------
                         required time                         14.682    <hidden>
                         arrival time                         -14.128    <hidden>
  -------------------------------------------------------------------
                         slack                                  0.555    <hidden>

Slack (MET) :             0.593ns  (required time - arrival time)
  Source:                 u_spear/spear/feat_r_reg[22]/C
                            (rising edge-triggered cell FDRE clocked by sys_clk_pin  {rise@0.000ns fall@5.000ns period=10.000ns})
  Destination:            u_spear/spear/sl_seq_reg[3][0]/CE
                            (rising edge-triggered cell FDRE clocked by sys_clk_pin  {rise@0.000ns fall@5.000ns period=10.000ns})
  Path Group:             sys_clk_pin
  Path Type:              Setup (Max at Slow Process Corner)
  Requirement:            10.000ns  (sys_clk_pin rise@10.000ns - sys_clk_pin rise@0.000ns)
  Data Path Delay:        8.879ns  (logic 2.107ns (23.731%)  route 6.772ns (76.269%))
  Logic Levels:           7  (CARRY4=1 LUT2=2 LUT3=1 LUT6=3)
  Clock Path Skew:        -0.288ns (DCD - SCD + CPR)
    Destination Clock Delay (DCD):    4.943ns = ( 14.943 - 10.000 ) 
    Source Clock Delay      (SCD):    5.418ns
    Clock Pessimism Removal (CPR):    0.187ns
  Clock Uncertainty:      0.035ns  ((TSJ^2 + TIJ^2)^1/2 + DJ) / 2 + PE
    Total System Jitter     (TSJ):    0.071ns
    Total Input Jitter      (TIJ):    0.000ns
    Discrete Jitter          (DJ):    0.000ns
    Phase Error              (PE):    0.000ns

    Location             Delay type                Incr(ns)  Path(ns)    Netlist Resource(s)
  -------------------------------------------------------------------    -------------------
                         (clock sys_clk_pin rise edge)
                                                      0.000     0.000 r  <hidden>
    E3                                                0.000     0.000 r  CLK100MHZ
                         net (fo=0)                   0.000     0.000    CLK100MHZ
    E3                   IBUF (Prop_ibuf_I_O)         1.482     1.482 r  CLK100MHZ_IBUF_inst/O
                         net (fo=1, routed)           2.025     3.506    CLK100MHZ_IBUF
    BUFGCTRL_X0Y16       BUFG (Prop_bufg_I_O)         0.096     3.602 r  CLK100MHZ_IBUF_BUFG_inst/O
                         net (fo=6326, routed)        1.815     5.418    u_spear/spear/clk
    SLICE_X33Y46         FDRE                                         r  u_spear/spear/feat_r_reg[22]/C
  -------------------------------------------------------------------    -------------------
    SLICE_X33Y46         FDRE (Prop_fdre_C_Q)         0.419     5.837 r  u_spear/spear/feat_r_reg[22]/Q
                         net (fo=94, routed)          1.358     7.194    u_spear/spear/data2[6]
    SLICE_X30Y62         LUT2 (Prop_lut2_I1_O)        0.299     7.493 r  u_spear/spear/sl_sc[0][15]_i_276/O
                         net (fo=1, routed)           0.000     7.493    u_spear/spear/sl_sc[0][15]_i_276_n_0
    SLICE_X30Y62         CARRY4 (Prop_carry4_S[1]_CO[3])
                                                      0.533     8.026 f  u_spear/spear/sl_sc_reg[0][15]_i_63/CO[3]
                         net (fo=1, routed)           1.030     9.056    u_spear/spear/sl_sc_reg[0][15]_i_63_n_0
    SLICE_X30Y63         LUT6 (Prop_lut6_I0_O)        0.124     9.180 f  u_spear/spear/sl_sc[0][15]_i_18/O
                         net (fo=1, routed)           0.716     9.897    u_spear/spear/sl_sc[0][15]_i_18_n_0
    SLICE_X31Y67         LUT6 (Prop_lut6_I0_O)        0.124    10.021 f  u_spear/spear/sl_sc[0][15]_i_9/O
                         net (fo=2, routed)           0.820    10.840    u_spear/spear/sl_sc[0][15]_i_9_n_0
    SLICE_X32Y68         LUT3 (Prop_lut3_I2_O)        0.152    10.992 r  u_spear/spear/sl_sc[0][15]_i_8/O
                         net (fo=9, routed)           1.007    11.999    u_spear/spear/sl_sc[0][15]_i_8_n_0
    SLICE_X32Y66         LUT6 (Prop_lut6_I0_O)        0.332    12.331 f  u_spear/spear/sl_sc[3][15]_i_3/O
                         net (fo=37, routed)          0.719    13.050    u_spear/spear/sl_sc[3][15]_i_3_n_0
    SLICE_X33Y66         LUT2 (Prop_lut2_I1_O)        0.124    13.174 r  u_spear/spear/sl_sc[3][15]_i_1/O
                         net (fo=38, routed)          1.122    14.297    u_spear/spear/sl_sc_reg[3]0
    SLICE_X32Y53         FDRE                                         r  u_spear/spear/sl_seq_reg[3][0]/CE
  -------------------------------------------------------------------    -------------------

                         (clock sys_clk_pin rise edge)
                                                     10.000    10.000 r  <hidden>
    E3                                                0.000    10.000 r  CLK100MHZ
                         net (fo=0)                   0.000    10.000    CLK100MHZ
    E3                   IBUF (Prop_ibuf_I_O)         1.411    11.411 r  CLK100MHZ_IBUF_inst/O
                         net (fo=1, routed)           1.920    13.331    CLK100MHZ_IBUF
    BUFGCTRL_X0Y16       BUFG (Prop_bufg_I_O)         0.091    13.422 r  CLK100MHZ_IBUF_BUFG_inst/O
                         net (fo=6326, routed)        1.520    14.943    u_spear/spear/clk
    SLICE_X32Y53         FDRE                                         r  u_spear/spear/sl_seq_reg[3][0]/C
                         clock pessimism              0.187    15.130    <hidden>
                         clock uncertainty           -0.035    15.094    <hidden>
    SLICE_X32Y53         FDRE (Setup_fdre_C_CE)      -0.205    14.889    u_spear/spear/sl_seq_reg[3][0]
  -------------------------------------------------------------------
                         required time                         14.889    <hidden>
                         arrival time                         -14.297    <hidden>
  -------------------------------------------------------------------
                         slack                                  0.593    <hidden>

Slack (MET) :             0.593ns  (required time - arrival time)
  Source:                 u_spear/spear/feat_r_reg[22]/C
                            (rising edge-triggered cell FDRE clocked by sys_clk_pin  {rise@0.000ns fall@5.000ns period=10.000ns})
  Destination:            u_spear/spear/sl_seq_reg[3][1]/CE
                            (rising edge-triggered cell FDRE clocked by sys_clk_pin  {rise@0.000ns fall@5.000ns period=10.000ns})
  Path Group:             sys_clk_pin
  Path Type:              Setup (Max at Slow Process Corner)
  Requirement:            10.000ns  (sys_clk_pin rise@10.000ns - sys_clk_pin rise@0.000ns)
  Data Path Delay:        8.879ns  (logic 2.107ns (23.731%)  route 6.772ns (76.269%))
  Logic Levels:           7  (CARRY4=1 LUT2=2 LUT3=1 LUT6=3)
  Clock Path Skew:        -0.288ns (DCD - SCD + CPR)
    Destination Clock Delay (DCD):    4.943ns = ( 14.943 - 10.000 ) 
    Source Clock Delay      (SCD):    5.418ns
    Clock Pessimism Removal (CPR):    0.187ns
  Clock Uncertainty:      0.035ns  ((TSJ^2 + TIJ^2)^1/2 + DJ) / 2 + PE
    Total System Jitter     (TSJ):    0.071ns
    Total Input Jitter      (TIJ):    0.000ns
    Discrete Jitter          (DJ):    0.000ns
    Phase Error              (PE):    0.000ns

    Location             Delay type                Incr(ns)  Path(ns)    Netlist Resource(s)
  -------------------------------------------------------------------    -------------------
                         (clock sys_clk_pin rise edge)
                                                      0.000     0.000 r  <hidden>
    E3                                                0.000     0.000 r  CLK100MHZ
                         net (fo=0)                   0.000     0.000    CLK100MHZ
    E3                   IBUF (Prop_ibuf_I_O)         1.482     1.482 r  CLK100MHZ_IBUF_inst/O
                         net (fo=1, routed)           2.025     3.506    CLK100MHZ_IBUF
    BUFGCTRL_X0Y16       BUFG (Prop_bufg_I_O)         0.096     3.602 r  CLK100MHZ_IBUF_BUFG_inst/O
                         net (fo=6326, routed)        1.815     5.418    u_spear/spear/clk
    SLICE_X33Y46         FDRE                                         r  u_spear/spear/feat_r_reg[22]/C
  -------------------------------------------------------------------    -------------------
    SLICE_X33Y46         FDRE (Prop_fdre_C_Q)         0.419     5.837 r  u_spear/spear/feat_r_reg[22]/Q
                         net (fo=94, routed)          1.358     7.194    u_spear/spear/data2[6]
    SLICE_X30Y62         LUT2 (Prop_lut2_I1_O)        0.299     7.493 r  u_spear/spear/sl_sc[0][15]_i_276/O
                         net (fo=1, routed)           0.000     7.493    u_spear/spear/sl_sc[0][15]_i_276_n_0
    SLICE_X30Y62         CARRY4 (Prop_carry4_S[1]_CO[3])
                                                      0.533     8.026 f  u_spear/spear/sl_sc_reg[0][15]_i_63/CO[3]
                         net (fo=1, routed)           1.030     9.056    u_spear/spear/sl_sc_reg[0][15]_i_63_n_0
    SLICE_X30Y63         LUT6 (Prop_lut6_I0_O)        0.124     9.180 f  u_spear/spear/sl_sc[0][15]_i_18/O
                         net (fo=1, routed)           0.716     9.897    u_spear/spear/sl_sc[0][15]_i_18_n_0
    SLICE_X31Y67         LUT6 (Prop_lut6_I0_O)        0.124    10.021 f  u_spear/spear/sl_sc[0][15]_i_9/O
                         net (fo=2, routed)           0.820    10.840    u_spear/spear/sl_sc[0][15]_i_9_n_0
    SLICE_X32Y68         LUT3 (Prop_lut3_I2_O)        0.152    10.992 r  u_spear/spear/sl_sc[0][15]_i_8/O
                         net (fo=9, routed)           1.007    11.999    u_spear/spear/sl_sc[0][15]_i_8_n_0
    SLICE_X32Y66         LUT6 (Prop_lut6_I0_O)        0.332    12.331 f  u_spear/spear/sl_sc[3][15]_i_3/O
                         net (fo=37, routed)          0.719    13.050    u_spear/spear/sl_sc[3][15]_i_3_n_0
    SLICE_X33Y66         LUT2 (Prop_lut2_I1_O)        0.124    13.174 r  u_spear/spear/sl_sc[3][15]_i_1/O
                         net (fo=38, routed)          1.122    14.297    u_spear/spear/sl_sc_reg[3]0
    SLICE_X32Y53         FDRE                                         r  u_spear/spear/sl_seq_reg[3][1]/CE
  -------------------------------------------------------------------    -------------------

                         (clock sys_clk_pin rise edge)
                                                     10.000    10.000 r  <hidden>
    E3                                                0.000    10.000 r  CLK100MHZ
                         net (fo=0)                   0.000    10.000    CLK100MHZ
    E3                   IBUF (Prop_ibuf_I_O)         1.411    11.411 r  CLK100MHZ_IBUF_inst/O
                         net (fo=1, routed)           1.920    13.331    CLK100MHZ_IBUF
    BUFGCTRL_X0Y16       BUFG (Prop_bufg_I_O)         0.091    13.422 r  CLK100MHZ_IBUF_BUFG_inst/O
                         net (fo=6326, routed)        1.520    14.943    u_spear/spear/clk
    SLICE_X32Y53         FDRE                                         r  u_spear/spear/sl_seq_reg[3][1]/C
                         clock pessimism              0.187    15.130    <hidden>
                         clock uncertainty           -0.035    15.094    <hidden>
    SLICE_X32Y53         FDRE (Setup_fdre_C_CE)      -0.205    14.889    u_spear/spear/sl_seq_reg[3][1]
  -------------------------------------------------------------------
                         required time                         14.889    <hidden>
                         arrival time                         -14.297    <hidden>
  -------------------------------------------------------------------
                         slack                                  0.593    <hidden>





Min Delay Paths
--------------------------------------------------------------------------------------
Slack (MET) :             0.049ns  (arrival time - required time)
  Source:                 u_ld/u_ld/hw1_reg[12]/C
                            (rising edge-triggered cell FDCE clocked by sys_clk_pin  {rise@0.000ns fall@5.000ns period=10.000ns})
  Destination:            u_ld/u_ld/wr_off_bytes_reg[12]/D
                            (rising edge-triggered cell FDCE clocked by sys_clk_pin  {rise@0.000ns fall@5.000ns period=10.000ns})
  Path Group:             sys_clk_pin
  Path Type:              Hold (Min at Fast Process Corner)
  Requirement:            0.000ns  (sys_clk_pin rise@0.000ns - sys_clk_pin rise@0.000ns)
  Data Path Delay:        0.380ns  (logic 0.141ns (37.074%)  route 0.239ns (62.926%))
  Logic Levels:           0  
  Clock Path Skew:        0.261ns (DCD - SCD - CPR)
    Destination Clock Delay (DCD):    2.056ns
    Source Clock Delay      (SCD):    1.541ns
    Clock Pessimism Removal (CPR):    0.254ns

    Location             Delay type                Incr(ns)  Path(ns)    Netlist Resource(s)
  -------------------------------------------------------------------    -------------------
                         (clock sys_clk_pin rise edge)
                                                      0.000     0.000 r  <hidden>
    E3                                                0.000     0.000 r  CLK100MHZ
                         net (fo=0)                   0.000     0.000    CLK100MHZ
    E3                   IBUF (Prop_ibuf_I_O)         0.250     0.250 r  CLK100MHZ_IBUF_inst/O
                         net (fo=1, routed)           0.644     0.894    CLK100MHZ_IBUF
    BUFGCTRL_X0Y16       BUFG (Prop_bufg_I_O)         0.026     0.920 r  CLK100MHZ_IBUF_BUFG_inst/O
                         net (fo=6326, routed)        0.621     1.541    u_ld/u_ld/clk
    SLICE_X51Y22         FDCE                                         r  u_ld/u_ld/hw1_reg[12]/C
  -------------------------------------------------------------------    -------------------
    SLICE_X51Y22         FDCE (Prop_fdce_C_Q)         0.141     1.682 r  u_ld/u_ld/hw1_reg[12]/Q
                         net (fo=5, routed)           0.239     1.921    u_ld/u_ld/hw1_reg_n_0_[12]
    SLICE_X55Y22         FDCE                                         r  u_ld/u_ld/wr_off_bytes_reg[12]/D
  -------------------------------------------------------------------    -------------------

                         (clock sys_clk_pin rise edge)
                                                      0.000     0.000 r  <hidden>
    E3                                                0.000     0.000 r  CLK100MHZ
                         net (fo=0)                   0.000     0.000    CLK100MHZ
    E3                   IBUF (Prop_ibuf_I_O)         0.438     0.438 r  CLK100MHZ_IBUF_inst/O
                         net (fo=1, routed)           0.699     1.136    CLK100MHZ_IBUF
    BUFGCTRL_X0Y16       BUFG (Prop_bufg_I_O)         0.029     1.165 r  CLK100MHZ_IBUF_BUFG_inst/O
                         net (fo=6326, routed)        0.891     2.056    u_ld/u_ld/clk
    SLICE_X55Y22         FDCE                                         r  u_ld/u_ld/wr_off_bytes_reg[12]/C
                         clock pessimism             -0.254     1.802    <hidden>
    SLICE_X55Y22         FDCE (Hold_fdce_C_D)         0.070     1.872    u_ld/u_ld/wr_off_bytes_reg[12]
  -------------------------------------------------------------------
                         required time                         -1.872    <hidden>
                         arrival time                           1.921    <hidden>
  -------------------------------------------------------------------
                         slack                                  0.049    <hidden>

Slack (MET) :             0.057ns  (arrival time - required time)
  Source:                 u_ld/u_ld/hw1_reg[5]/C
                            (rising edge-triggered cell FDCE clocked by sys_clk_pin  {rise@0.000ns fall@5.000ns period=10.000ns})
  Destination:            u_ld/u_ld/rg_ddr_reg[0][5]/D
                            (rising edge-triggered cell FDCE clocked by sys_clk_pin  {rise@0.000ns fall@5.000ns period=10.000ns})
  Path Group:             sys_clk_pin
  Path Type:              Hold (Min at Fast Process Corner)
  Requirement:            0.000ns  (sys_clk_pin rise@0.000ns - sys_clk_pin rise@0.000ns)
  Data Path Delay:        0.386ns  (logic 0.141ns (36.543%)  route 0.245ns (63.457%))
  Logic Levels:           0  
  Clock Path Skew:        0.263ns (DCD - SCD - CPR)
    Destination Clock Delay (DCD):    2.059ns
    Source Clock Delay      (SCD):    1.542ns
    Clock Pessimism Removal (CPR):    0.254ns

    Location             Delay type                Incr(ns)  Path(ns)    Netlist Resource(s)
  -------------------------------------------------------------------    -------------------
                         (clock sys_clk_pin rise edge)
                                                      0.000     0.000 r  <hidden>
    E3                                                0.000     0.000 r  CLK100MHZ
                         net (fo=0)                   0.000     0.000    CLK100MHZ
    E3                   IBUF (Prop_ibuf_I_O)         0.250     0.250 r  CLK100MHZ_IBUF_inst/O
                         net (fo=1, routed)           0.644     0.894    CLK100MHZ_IBUF
    BUFGCTRL_X0Y16       BUFG (Prop_bufg_I_O)         0.026     0.920 r  CLK100MHZ_IBUF_BUFG_inst/O
                         net (fo=6326, routed)        0.622     1.542    u_ld/u_ld/clk
    SLICE_X51Y20         FDCE                                         r  u_ld/u_ld/hw1_reg[5]/C
  -------------------------------------------------------------------    -------------------
    SLICE_X51Y20         FDCE (Prop_fdce_C_Q)         0.141     1.683 r  u_ld/u_ld/hw1_reg[5]/Q
                         net (fo=4, routed)           0.245     1.928    u_ld/u_ld/hw1_reg_n_0_[5]
    SLICE_X55Y19         FDCE                                         r  u_ld/u_ld/rg_ddr_reg[0][5]/D
  -------------------------------------------------------------------    -------------------

                         (clock sys_clk_pin rise edge)
                                                      0.000     0.000 r  <hidden>
    E3                                                0.000     0.000 r  CLK100MHZ
                         net (fo=0)                   0.000     0.000    CLK100MHZ
    E3                   IBUF (Prop_ibuf_I_O)         0.438     0.438 r  CLK100MHZ_IBUF_inst/O
                         net (fo=1, routed)           0.699     1.136    CLK100MHZ_IBUF
    BUFGCTRL_X0Y16       BUFG (Prop_bufg_I_O)         0.029     1.165 r  CLK100MHZ_IBUF_BUFG_inst/O
                         net (fo=6326, routed)        0.894     2.059    u_ld/u_ld/clk
    SLICE_X55Y19         FDCE                                         r  u_ld/u_ld/rg_ddr_reg[0][5]/C
                         clock pessimism             -0.254     1.805    <hidden>
    SLICE_X55Y19         FDCE (Hold_fdce_C_D)         0.066     1.871    u_ld/u_ld/rg_ddr_reg[0][5]
  -------------------------------------------------------------------
                         required time                         -1.871    <hidden>
                         arrival time                           1.928    <hidden>
  -------------------------------------------------------------------
                         slack                                  0.057    <hidden>

Slack (MET) :             0.074ns  (arrival time - required time)
  Source:                 u_spear/spear/desc_ok_reg/C
                            (rising edge-triggered cell FDRE clocked by sys_clk_pin  {rise@0.000ns fall@5.000ns period=10.000ns})
  Destination:            u_spear/spear/FSM_onehot_state_reg[5]/D
                            (rising edge-triggered cell FDRE clocked by sys_clk_pin  {rise@0.000ns fall@5.000ns period=10.000ns})
  Path Group:             sys_clk_pin
  Path Type:              Hold (Min at Fast Process Corner)
  Requirement:            0.000ns  (sys_clk_pin rise@0.000ns - sys_clk_pin rise@0.000ns)
  Data Path Delay:        0.395ns  (logic 0.209ns (52.893%)  route 0.186ns (47.107%))
  Logic Levels:           1  (LUT6=1)
  Clock Path Skew:        0.200ns (DCD - SCD - CPR)
    Destination Clock Delay (DCD):    2.006ns
    Source Clock Delay      (SCD):    1.555ns
    Clock Pessimism Removal (CPR):    0.250ns

    Location             Delay type                Incr(ns)  Path(ns)    Netlist Resource(s)
  -------------------------------------------------------------------    -------------------
                         (clock sys_clk_pin rise edge)
                                                      0.000     0.000 r  <hidden>
    E3                                                0.000     0.000 r  CLK100MHZ
                         net (fo=0)                   0.000     0.000    CLK100MHZ
    E3                   IBUF (Prop_ibuf_I_O)         0.250     0.250 r  CLK100MHZ_IBUF_inst/O
                         net (fo=1, routed)           0.644     0.894    CLK100MHZ_IBUF
    BUFGCTRL_X0Y16       BUFG (Prop_bufg_I_O)         0.026     0.920 r  CLK100MHZ_IBUF_BUFG_inst/O
                         net (fo=6326, routed)        0.635     1.555    u_spear/spear/clk
    SLICE_X38Y49         FDRE                                         r  u_spear/spear/desc_ok_reg/C
  -------------------------------------------------------------------    -------------------
    SLICE_X38Y49         FDRE (Prop_fdre_C_Q)         0.164     1.719 r  u_spear/spear/desc_ok_reg/Q
                         net (fo=6, routed)           0.186     1.905    u_spear/spear/desc_ok__0
    SLICE_X38Y50         LUT6 (Prop_lut6_I1_O)        0.045     1.950 r  u_spear/spear/FSM_onehot_state[5]_i_1/O
                         net (fo=1, routed)           0.000     1.950    u_spear/spear/FSM_onehot_state[5]_i_1_n_0
    SLICE_X38Y50         FDRE                                         r  u_spear/spear/FSM_onehot_state_reg[5]/D
  -------------------------------------------------------------------    -------------------

                         (clock sys_clk_pin rise edge)
                                                      0.000     0.000 r  <hidden>
    E3                                                0.000     0.000 r  CLK100MHZ
                         net (fo=0)                   0.000     0.000    CLK100MHZ
    E3                   IBUF (Prop_ibuf_I_O)         0.438     0.438 r  CLK100MHZ_IBUF_inst/O
                         net (fo=1, routed)           0.699     1.136    CLK100MHZ_IBUF
    BUFGCTRL_X0Y16       BUFG (Prop_bufg_I_O)         0.029     1.165 r  CLK100MHZ_IBUF_BUFG_inst/O
                         net (fo=6326, routed)        0.841     2.006    u_spear/spear/clk
    SLICE_X38Y50         FDRE                                         r  u_spear/spear/FSM_onehot_state_reg[5]/C
                         clock pessimism             -0.250     1.755    <hidden>
    SLICE_X38Y50         FDRE (Hold_fdre_C_D)         0.121     1.876    u_spear/spear/FSM_onehot_state_reg[5]
  -------------------------------------------------------------------
                         required time                         -1.876    <hidden>
                         arrival time                           1.950    <hidden>
  -------------------------------------------------------------------
                         slack                                  0.074    <hidden>

Slack (MET) :             0.097ns  (arrival time - required time)
  Source:                 u_cr/u_walk/sid_reg[8]/C
                            (rising edge-triggered cell FDCE clocked by sys_clk_pin  {rise@0.000ns fall@5.000ns period=10.000ns})
  Destination:            u_cr/u_walk/u_walk/cur_reg[8]/D
                            (rising edge-triggered cell FDRE clocked by sys_clk_pin  {rise@0.000ns fall@5.000ns period=10.000ns})
  Path Group:             sys_clk_pin
  Path Type:              Hold (Min at Fast Process Corner)
  Requirement:            0.000ns  (sys_clk_pin rise@0.000ns - sys_clk_pin rise@0.000ns)
  Data Path Delay:        0.449ns  (logic 0.186ns (41.406%)  route 0.263ns (58.594%))
  Logic Levels:           1  (LUT3=1)
  Clock Path Skew:        0.260ns (DCD - SCD - CPR)
    Destination Clock Delay (DCD):    2.064ns
    Source Clock Delay      (SCD):    1.550ns
    Clock Pessimism Removal (CPR):    0.254ns

    Location             Delay type                Incr(ns)  Path(ns)    Netlist Resource(s)
  -------------------------------------------------------------------    -------------------
                         (clock sys_clk_pin rise edge)
                                                      0.000     0.000 r  <hidden>
    E3                                                0.000     0.000 r  CLK100MHZ
                         net (fo=0)                   0.000     0.000    CLK100MHZ
    E3                   IBUF (Prop_ibuf_I_O)         0.250     0.250 r  CLK100MHZ_IBUF_inst/O
                         net (fo=1, routed)           0.644     0.894    CLK100MHZ_IBUF
    BUFGCTRL_X0Y16       BUFG (Prop_bufg_I_O)         0.026     0.920 r  CLK100MHZ_IBUF_BUFG_inst/O
                         net (fo=6326, routed)        0.630     1.550    u_cr/u_walk/clk
    SLICE_X43Y36         FDCE                                         r  u_cr/u_walk/sid_reg[8]/C
  -------------------------------------------------------------------    -------------------
    SLICE_X43Y36         FDCE (Prop_fdce_C_Q)         0.141     1.691 r  u_cr/u_walk/sid_reg[8]/Q
                         net (fo=1, routed)           0.263     1.954    u_cr/u_walk/u_walk/walk/cur_reg[31][8]
    SLICE_X55Y36         LUT3 (Prop_lut3_I2_O)        0.045     1.999 r  u_cr/u_walk/u_walk/walk/cur[8]_i_1/O
                         net (fo=1, routed)           0.000     1.999    u_cr/u_walk/u_walk/cur0_in[8]
    SLICE_X55Y36         FDRE                                         r  u_cr/u_walk/u_walk/cur_reg[8]/D
  -------------------------------------------------------------------    -------------------

                         (clock sys_clk_pin rise edge)
                                                      0.000     0.000 r  <hidden>
    E3                                                0.000     0.000 r  CLK100MHZ
                         net (fo=0)                   0.000     0.000    CLK100MHZ
    E3                   IBUF (Prop_ibuf_I_O)         0.438     0.438 r  CLK100MHZ_IBUF_inst/O
                         net (fo=1, routed)           0.699     1.136    CLK100MHZ_IBUF
    BUFGCTRL_X0Y16       BUFG (Prop_bufg_I_O)         0.029     1.165 r  CLK100MHZ_IBUF_BUFG_inst/O
                         net (fo=6326, routed)        0.899     2.064    u_cr/u_walk/u_walk/clk
    SLICE_X55Y36         FDRE                                         r  u_cr/u_walk/u_walk/cur_reg[8]/C
                         clock pessimism             -0.254     1.810    <hidden>
    SLICE_X55Y36         FDRE (Hold_fdre_C_D)         0.092     1.902    u_cr/u_walk/u_walk/cur_reg[8]
  -------------------------------------------------------------------
                         required time                         -1.902    <hidden>
                         arrival time                           1.999    <hidden>
  -------------------------------------------------------------------
                         slack                                  0.097    <hidden>

Slack (MET) :             0.110ns  (arrival time - required time)
  Source:                 u_rx/w_data_reg[16]/C
                            (rising edge-triggered cell FDCE clocked by sys_clk_pin  {rise@0.000ns fall@5.000ns period=10.000ns})
  Destination:            u_ld/u_ld/hw3_reg[16]/D
                            (rising edge-triggered cell FDCE clocked by sys_clk_pin  {rise@0.000ns fall@5.000ns period=10.000ns})
  Path Group:             sys_clk_pin
  Path Type:              Hold (Min at Fast Process Corner)
  Requirement:            0.000ns  (sys_clk_pin rise@0.000ns - sys_clk_pin rise@0.000ns)
  Data Path Delay:        0.436ns  (logic 0.141ns (32.362%)  route 0.295ns (67.638%))
  Logic Levels:           0  
  Clock Path Skew:        0.256ns (DCD - SCD - CPR)
    Destination Clock Delay (DCD):    2.058ns
    Source Clock Delay      (SCD):    1.548ns
    Clock Pessimism Removal (CPR):    0.254ns

    Location             Delay type                Incr(ns)  Path(ns)    Netlist Resource(s)
  -------------------------------------------------------------------    -------------------
                         (clock sys_clk_pin rise edge)
                                                      0.000     0.000 r  <hidden>
    E3                                                0.000     0.000 r  CLK100MHZ
                         net (fo=0)                   0.000     0.000    CLK100MHZ
    E3                   IBUF (Prop_ibuf_I_O)         0.250     0.250 r  CLK100MHZ_IBUF_inst/O
                         net (fo=1, routed)           0.644     0.894    CLK100MHZ_IBUF
    BUFGCTRL_X0Y16       BUFG (Prop_bufg_I_O)         0.026     0.920 r  CLK100MHZ_IBUF_BUFG_inst/O
                         net (fo=6326, routed)        0.628     1.548    u_rx/CLK
    SLICE_X48Y34         FDCE                                         r  u_rx/w_data_reg[16]/C
  -------------------------------------------------------------------    -------------------
    SLICE_X48Y34         FDCE (Prop_fdce_C_Q)         0.141     1.689 r  u_rx/w_data_reg[16]/Q
                         net (fo=30, routed)          0.295     1.984    u_ld/u_ld/s_data[16]
    SLICE_X55Y29         FDCE                                         r  u_ld/u_ld/hw3_reg[16]/D
  -------------------------------------------------------------------    -------------------

                         (clock sys_clk_pin rise edge)
                                                      0.000     0.000 r  <hidden>
    E3                                                0.000     0.000 r  CLK100MHZ
                         net (fo=0)                   0.000     0.000    CLK100MHZ
    E3                   IBUF (Prop_ibuf_I_O)         0.438     0.438 r  CLK100MHZ_IBUF_inst/O
                         net (fo=1, routed)           0.699     1.136    CLK100MHZ_IBUF
    BUFGCTRL_X0Y16       BUFG (Prop_bufg_I_O)         0.029     1.165 r  CLK100MHZ_IBUF_BUFG_inst/O
                         net (fo=6326, routed)        0.893     2.058    u_ld/u_ld/clk
    SLICE_X55Y29         FDCE                                         r  u_ld/u_ld/hw3_reg[16]/C
                         clock pessimism             -0.254     1.804    <hidden>
    SLICE_X55Y29         FDCE (Hold_fdce_C_D)         0.070     1.874    u_ld/u_ld/hw3_reg[16]
  -------------------------------------------------------------------
                         required time                         -1.874    <hidden>
                         arrival time                           1.984    <hidden>
  -------------------------------------------------------------------
                         slack                                  0.110    <hidden>

Slack (MET) :             0.112ns  (arrival time - required time)
  Source:                 u_ld/u_ld/hw1_reg[4]/C
                            (rising edge-triggered cell FDCE clocked by sys_clk_pin  {rise@0.000ns fall@5.000ns period=10.000ns})
  Destination:            u_ld/u_ld/rg_ddr_reg[1][4]/D
                            (rising edge-triggered cell FDCE clocked by sys_clk_pin  {rise@0.000ns fall@5.000ns period=10.000ns})
  Path Group:             sys_clk_pin
  Path Type:              Hold (Min at Fast Process Corner)
  Requirement:            0.000ns  (sys_clk_pin rise@0.000ns - sys_clk_pin rise@0.000ns)
  Data Path Delay:        0.447ns  (logic 0.141ns (31.542%)  route 0.306ns (68.458%))
  Logic Levels:           0  
  Clock Path Skew:        0.265ns (DCD - SCD - CPR)
    Destination Clock Delay (DCD):    2.060ns
    Source Clock Delay      (SCD):    1.541ns
    Clock Pessimism Removal (CPR):    0.254ns

    Location             Delay type                Incr(ns)  Path(ns)    Netlist Resource(s)
  -------------------------------------------------------------------    -------------------
                         (clock sys_clk_pin rise edge)
                                                      0.000     0.000 r  <hidden>
    E3                                                0.000     0.000 r  CLK100MHZ
                         net (fo=0)                   0.000     0.000    CLK100MHZ
    E3                   IBUF (Prop_ibuf_I_O)         0.250     0.250 r  CLK100MHZ_IBUF_inst/O
                         net (fo=1, routed)           0.644     0.894    CLK100MHZ_IBUF
    BUFGCTRL_X0Y16       BUFG (Prop_bufg_I_O)         0.026     0.920 r  CLK100MHZ_IBUF_BUFG_inst/O
                         net (fo=6326, routed)        0.621     1.541    u_ld/u_ld/clk
    SLICE_X55Y20         FDCE                                         r  u_ld/u_ld/hw1_reg[4]/C
  -------------------------------------------------------------------    -------------------
    SLICE_X55Y20         FDCE (Prop_fdce_C_Q)         0.141     1.682 r  u_ld/u_ld/hw1_reg[4]/Q
                         net (fo=4, routed)           0.306     1.988    u_ld/u_ld/hw1_reg_n_0_[4]
    SLICE_X51Y19         FDCE                                         r  u_ld/u_ld/rg_ddr_reg[1][4]/D
  -------------------------------------------------------------------    -------------------

                         (clock sys_clk_pin rise edge)
                                                      0.000     0.000 r  <hidden>
    E3                                                0.000     0.000 r  CLK100MHZ
                         net (fo=0)                   0.000     0.000    CLK100MHZ
    E3                   IBUF (Prop_ibuf_I_O)         0.438     0.438 r  CLK100MHZ_IBUF_inst/O
                         net (fo=1, routed)           0.699     1.136    CLK100MHZ_IBUF
    BUFGCTRL_X0Y16       BUFG (Prop_bufg_I_O)         0.029     1.165 r  CLK100MHZ_IBUF_BUFG_inst/O
                         net (fo=6326, routed)        0.895     2.060    u_ld/u_ld/clk
    SLICE_X51Y19         FDCE                                         r  u_ld/u_ld/rg_ddr_reg[1][4]/C
                         clock pessimism             -0.254     1.806    <hidden>
    SLICE_X51Y19         FDCE (Hold_fdce_C_D)         0.070     1.876    u_ld/u_ld/rg_ddr_reg[1][4]
  -------------------------------------------------------------------
                         required time                         -1.876    <hidden>
                         arrival time                           1.988    <hidden>
  -------------------------------------------------------------------
                         slack                                  0.112    <hidden>

Slack (MET) :             0.115ns  (arrival time - required time)
  Source:                 u_ld/u_ld/hw5_reg[3]/C
                            (rising edge-triggered cell FDCE clocked by sys_clk_pin  {rise@0.000ns fall@5.000ns period=10.000ns})
  Destination:            u_ld/u_ld/rg_crc_reg[0][3]/D
                            (rising edge-triggered cell FDCE clocked by sys_clk_pin  {rise@0.000ns fall@5.000ns period=10.000ns})
  Path Group:             sys_clk_pin
  Path Type:              Hold (Min at Fast Process Corner)
  Requirement:            0.000ns  (sys_clk_pin rise@0.000ns - sys_clk_pin rise@0.000ns)
  Data Path Delay:        0.435ns  (logic 0.141ns (32.379%)  route 0.294ns (67.621%))
  Logic Levels:           0  
  Clock Path Skew:        0.267ns (DCD - SCD - CPR)
    Destination Clock Delay (DCD):    2.061ns
    Source Clock Delay      (SCD):    1.540ns
    Clock Pessimism Removal (CPR):    0.254ns

    Location             Delay type                Incr(ns)  Path(ns)    Netlist Resource(s)
  -------------------------------------------------------------------    -------------------
                         (clock sys_clk_pin rise edge)
                                                      0.000     0.000 r  <hidden>
    E3                                                0.000     0.000 r  CLK100MHZ
                         net (fo=0)                   0.000     0.000    CLK100MHZ
    E3                   IBUF (Prop_ibuf_I_O)         0.250     0.250 r  CLK100MHZ_IBUF_inst/O
                         net (fo=1, routed)           0.644     0.894    CLK100MHZ_IBUF
    BUFGCTRL_X0Y16       BUFG (Prop_bufg_I_O)         0.026     0.920 r  CLK100MHZ_IBUF_BUFG_inst/O
                         net (fo=6326, routed)        0.620     1.540    u_ld/u_ld/clk
    SLICE_X52Y28         FDCE                                         r  u_ld/u_ld/hw5_reg[3]/C
  -------------------------------------------------------------------    -------------------
    SLICE_X52Y28         FDCE (Prop_fdce_C_Q)         0.141     1.681 r  u_ld/u_ld/hw5_reg[3]/Q
                         net (fo=2, routed)           0.294     1.975    u_ld/u_ld/hw5[3]
    SLICE_X50Y31         FDCE                                         r  u_ld/u_ld/rg_crc_reg[0][3]/D
  -------------------------------------------------------------------    -------------------

                         (clock sys_clk_pin rise edge)
                                                      0.000     0.000 r  <hidden>
    E3                                                0.000     0.000 r  CLK100MHZ
                         net (fo=0)                   0.000     0.000    CLK100MHZ
    E3                   IBUF (Prop_ibuf_I_O)         0.438     0.438 r  CLK100MHZ_IBUF_inst/O
                         net (fo=1, routed)           0.699     1.136    CLK100MHZ_IBUF
    BUFGCTRL_X0Y16       BUFG (Prop_bufg_I_O)         0.029     1.165 r  CLK100MHZ_IBUF_BUFG_inst/O
                         net (fo=6326, routed)        0.896     2.061    u_ld/u_ld/clk
    SLICE_X50Y31         FDCE                                         r  u_ld/u_ld/rg_crc_reg[0][3]/C
                         clock pessimism             -0.254     1.807    <hidden>
    SLICE_X50Y31         FDCE (Hold_fdce_C_D)         0.053     1.860    u_ld/u_ld/rg_crc_reg[0][3]
  -------------------------------------------------------------------
                         required time                         -1.860    <hidden>
                         arrival time                           1.975    <hidden>
  -------------------------------------------------------------------
                         slack                                  0.115    <hidden>

Slack (MET) :             0.117ns  (arrival time - required time)
  Source:                 u_cr/u_walk/sid_reg[28]/C
                            (rising edge-triggered cell FDCE clocked by sys_clk_pin  {rise@0.000ns fall@5.000ns period=10.000ns})
  Destination:            u_cr/u_walk/u_walk/cur_reg[28]/D
                            (rising edge-triggered cell FDRE clocked by sys_clk_pin  {rise@0.000ns fall@5.000ns period=10.000ns})
  Path Group:             sys_clk_pin
  Path Type:              Hold (Min at Fast Process Corner)
  Requirement:            0.000ns  (sys_clk_pin rise@0.000ns - sys_clk_pin rise@0.000ns)
  Data Path Delay:        0.471ns  (logic 0.186ns (39.467%)  route 0.285ns (60.533%))
  Logic Levels:           1  (LUT3=1)
  Clock Path Skew:        0.262ns (DCD - SCD - CPR)
    Destination Clock Delay (DCD):    2.067ns
    Source Clock Delay      (SCD):    1.551ns
    Clock Pessimism Removal (CPR):    0.254ns

    Location             Delay type                Incr(ns)  Path(ns)    Netlist Resource(s)
  -------------------------------------------------------------------    -------------------
                         (clock sys_clk_pin rise edge)
                                                      0.000     0.000 r  <hidden>
    E3                                                0.000     0.000 r  CLK100MHZ
                         net (fo=0)                   0.000     0.000    CLK100MHZ
    E3                   IBUF (Prop_ibuf_I_O)         0.250     0.250 r  CLK100MHZ_IBUF_inst/O
                         net (fo=1, routed)           0.644     0.894    CLK100MHZ_IBUF
    BUFGCTRL_X0Y16       BUFG (Prop_bufg_I_O)         0.026     0.920 r  CLK100MHZ_IBUF_BUFG_inst/O
                         net (fo=6326, routed)        0.631     1.551    u_cr/u_walk/clk
    SLICE_X44Y37         FDCE                                         r  u_cr/u_walk/sid_reg[28]/C
  -------------------------------------------------------------------    -------------------
    SLICE_X44Y37         FDCE (Prop_fdce_C_Q)         0.141     1.692 r  u_cr/u_walk/sid_reg[28]/Q
                         net (fo=1, routed)           0.285     1.977    u_cr/u_walk/u_walk/walk/cur_reg[31][28]
    SLICE_X53Y38         LUT3 (Prop_lut3_I2_O)        0.045     2.022 r  u_cr/u_walk/u_walk/walk/cur[28]_i_1/O
                         net (fo=1, routed)           0.000     2.022    u_cr/u_walk/u_walk/cur0_in[28]
    SLICE_X53Y38         FDRE                                         r  u_cr/u_walk/u_walk/cur_reg[28]/D
  -------------------------------------------------------------------    -------------------

                         (clock sys_clk_pin rise edge)
                                                      0.000     0.000 r  <hidden>
    E3                                                0.000     0.000 r  CLK100MHZ
                         net (fo=0)                   0.000     0.000    CLK100MHZ
    E3                   IBUF (Prop_ibuf_I_O)         0.438     0.438 r  CLK100MHZ_IBUF_inst/O
                         net (fo=1, routed)           0.699     1.136    CLK100MHZ_IBUF
    BUFGCTRL_X0Y16       BUFG (Prop_bufg_I_O)         0.029     1.165 r  CLK100MHZ_IBUF_BUFG_inst/O
                         net (fo=6326, routed)        0.902     2.067    u_cr/u_walk/u_walk/clk
    SLICE_X53Y38         FDRE                                         r  u_cr/u_walk/u_walk/cur_reg[28]/C
                         clock pessimism             -0.254     1.813    <hidden>
    SLICE_X53Y38         FDRE (Hold_fdre_C_D)         0.092     1.905    u_cr/u_walk/u_walk/cur_reg[28]
  -------------------------------------------------------------------
                         required time                         -1.905    <hidden>
                         arrival time                           2.022    <hidden>
  -------------------------------------------------------------------
                         slack                                  0.117    <hidden>

Slack (MET) :             0.122ns  (arrival time - required time)
  Source:                 u_cr/u_walk/u_walk/walk/dir/idx_reg_rep[5]/C
                            (rising edge-triggered cell FDCE clocked by sys_clk_pin  {rise@0.000ns fall@5.000ns period=10.000ns})
  Destination:            u_cr/u_walk/u_walk/walk/dir/rom_q_reg_0/ADDRARDADDR[10]
                            (rising edge-triggered cell RAMB36E1 clocked by sys_clk_pin  {rise@0.000ns fall@5.000ns period=10.000ns})
  Path Group:             sys_clk_pin
  Path Type:              Hold (Min at Fast Process Corner)
  Requirement:            0.000ns  (sys_clk_pin rise@0.000ns - sys_clk_pin rise@0.000ns)
  Data Path Delay:        0.365ns  (logic 0.141ns (38.583%)  route 0.224ns (61.417%))
  Logic Levels:           0  
  Clock Path Skew:        0.060ns (DCD - SCD - CPR)
    Destination Clock Delay (DCD):    2.114ns
    Source Clock Delay      (SCD):    1.550ns
    Clock Pessimism Removal (CPR):    0.504ns

    Location             Delay type                Incr(ns)  Path(ns)    Netlist Resource(s)
  -------------------------------------------------------------------    -------------------
                         (clock sys_clk_pin rise edge)
                                                      0.000     0.000 r  <hidden>
    E3                                                0.000     0.000 r  CLK100MHZ
                         net (fo=0)                   0.000     0.000    CLK100MHZ
    E3                   IBUF (Prop_ibuf_I_O)         0.250     0.250 r  CLK100MHZ_IBUF_inst/O
                         net (fo=1, routed)           0.644     0.894    CLK100MHZ_IBUF
    BUFGCTRL_X0Y16       BUFG (Prop_bufg_I_O)         0.026     0.920 r  CLK100MHZ_IBUF_BUFG_inst/O
                         net (fo=6326, routed)        0.630     1.550    u_cr/u_walk/u_walk/walk/dir/clk
    SLICE_X63Y36         FDCE                                         r  u_cr/u_walk/u_walk/walk/dir/idx_reg_rep[5]/C
  -------------------------------------------------------------------    -------------------
    SLICE_X63Y36         FDCE (Prop_fdce_C_Q)         0.141     1.691 r  u_cr/u_walk/u_walk/walk/dir/idx_reg_rep[5]/Q
                         net (fo=7, routed)           0.224     1.915    u_cr/u_walk/u_walk/walk/dir/idx_reg_rep_n_0_[5]
    RAMB36_X1Y7          RAMB36E1                                     r  u_cr/u_walk/u_walk/walk/dir/rom_q_reg_0/ADDRARDADDR[10]
  -------------------------------------------------------------------    -------------------

                         (clock sys_clk_pin rise edge)
                                                      0.000     0.000 r  <hidden>
    E3                                                0.000     0.000 r  CLK100MHZ
                         net (fo=0)                   0.000     0.000    CLK100MHZ
    E3                   IBUF (Prop_ibuf_I_O)         0.438     0.438 r  CLK100MHZ_IBUF_inst/O
                         net (fo=1, routed)           0.699     1.136    CLK100MHZ_IBUF
    BUFGCTRL_X0Y16       BUFG (Prop_bufg_I_O)         0.029     1.165 r  CLK100MHZ_IBUF_BUFG_inst/O
                         net (fo=6326, routed)        0.949     2.114    u_cr/u_walk/u_walk/walk/dir/clk
    RAMB36_X1Y7          RAMB36E1                                     r  u_cr/u_walk/u_walk/walk/dir/rom_q_reg_0/CLKARDCLK
                         clock pessimism             -0.504     1.610    <hidden>
    RAMB36_X1Y7          RAMB36E1 (Hold_ramb36e1_CLKARDCLK_ADDRARDADDR[10])
                                                      0.183     1.793    u_cr/u_walk/u_walk/walk/dir/rom_q_reg_0
  -------------------------------------------------------------------
                         required time                         -1.793    <hidden>
                         arrival time                           1.915    <hidden>
  -------------------------------------------------------------------
                         slack                                  0.122    <hidden>

Slack (MET) :             0.125ns  (arrival time - required time)
  Source:                 u_cr/u_walk/u_walk/walk/dir/idx_reg_rep[5]/C
                            (rising edge-triggered cell FDCE clocked by sys_clk_pin  {rise@0.000ns fall@5.000ns period=10.000ns})
  Destination:            u_cr/u_walk/u_walk/walk/dir/rom_q_reg_0/ADDRBWRADDR[10]
                            (rising edge-triggered cell RAMB36E1 clocked by sys_clk_pin  {rise@0.000ns fall@5.000ns period=10.000ns})
  Path Group:             sys_clk_pin
  Path Type:              Hold (Min at Fast Process Corner)
  Requirement:            0.000ns  (sys_clk_pin rise@0.000ns - sys_clk_pin rise@0.000ns)
  Data Path Delay:        0.365ns  (logic 0.141ns (38.583%)  route 0.224ns (61.417%))
  Logic Levels:           0  
  Clock Path Skew:        0.057ns (DCD - SCD - CPR)
    Destination Clock Delay (DCD):    2.111ns
    Source Clock Delay      (SCD):    1.550ns
    Clock Pessimism Removal (CPR):    0.504ns

    Location             Delay type                Incr(ns)  Path(ns)    Netlist Resource(s)
  -------------------------------------------------------------------    -------------------
                         (clock sys_clk_pin rise edge)
                                                      0.000     0.000 r  <hidden>
    E3                                                0.000     0.000 r  CLK100MHZ
                         net (fo=0)                   0.000     0.000    CLK100MHZ
    E3                   IBUF (Prop_ibuf_I_O)         0.250     0.250 r  CLK100MHZ_IBUF_inst/O
                         net (fo=1, routed)           0.644     0.894    CLK100MHZ_IBUF
    BUFGCTRL_X0Y16       BUFG (Prop_bufg_I_O)         0.026     0.920 r  CLK100MHZ_IBUF_BUFG_inst/O
                         net (fo=6326, routed)        0.630     1.550    u_cr/u_walk/u_walk/walk/dir/clk
    SLICE_X63Y36         FDCE                                         r  u_cr/u_walk/u_walk/walk/dir/idx_reg_rep[5]/C
  -------------------------------------------------------------------    -------------------
    SLICE_X63Y36         FDCE (Prop_fdce_C_Q)         0.141     1.691 r  u_cr/u_walk/u_walk/walk/dir/idx_reg_rep[5]/Q
                         net (fo=7, routed)           0.224     1.915    u_cr/u_walk/u_walk/walk/dir/idx_reg_rep_n_0_[5]
    RAMB36_X1Y7          RAMB36E1                                     r  u_cr/u_walk/u_walk/walk/dir/rom_q_reg_0/ADDRBWRADDR[10]
  -------------------------------------------------------------------    -------------------

                         (clock sys_clk_pin rise edge)
                                                      0.000     0.000 r  <hidden>
    E3                                                0.000     0.000 r  CLK100MHZ
                         net (fo=0)                   0.000     0.000    CLK100MHZ
    E3                   IBUF (Prop_ibuf_I_O)         0.438     0.438 r  CLK100MHZ_IBUF_inst/O
                         net (fo=1, routed)           0.699     1.136    CLK100MHZ_IBUF
    BUFGCTRL_X0Y16       BUFG (Prop_bufg_I_O)         0.029     1.165 r  CLK100MHZ_IBUF_BUFG_inst/O
                         net (fo=6326, routed)        0.946     2.111    u_cr/u_walk/u_walk/walk/dir/clk
    RAMB36_X1Y7          RAMB36E1                                     r  u_cr/u_walk/u_walk/walk/dir/rom_q_reg_0/CLKBWRCLK
                         clock pessimism             -0.504     1.607    <hidden>
    RAMB36_X1Y7          RAMB36E1 (Hold_ramb36e1_CLKBWRCLK_ADDRBWRADDR[10])
                                                      0.183     1.790    u_cr/u_walk/u_walk/walk/dir/rom_q_reg_0
  -------------------------------------------------------------------
                         required time                         -1.790    <hidden>
                         arrival time                           1.915    <hidden>
  -------------------------------------------------------------------
                         slack                                  0.125    <hidden>





Pulse Width Checks
--------------------------------------------------------------------------------------
Clock Name:         sys_clk_pin
Waveform(ns):       { 0.000 5.000 }
Period(ns):         10.000
Sources:            { CLK100MHZ }

Check Type        Corner  Lib Pin             Reference Pin  Required(ns)  Actual(ns)  Slack(ns)  Location      Pin
Min Period        n/a     DSP48E1/CLK         n/a            3.884         10.000      6.116      DSP48_X1Y37   u_q/da_r_reg/CLK
Min Period        n/a     RAMB36E1/CLKARDCLK  n/a            2.944         10.000      7.056      RAMB36_X2Y1   u_dest/dest_reg_0/CLKARDCLK
Min Period        n/a     RAMB36E1/CLKARDCLK  n/a            2.944         10.000      7.056      RAMB36_X2Y3   u_dest/dest_reg_1/CLKARDCLK
Min Period        n/a     RAMB36E1/CLKARDCLK  n/a            2.944         10.000      7.056      RAMB36_X0Y1   u_dest/dest_reg_10/CLKARDCLK
Min Period        n/a     RAMB36E1/CLKARDCLK  n/a            2.944         10.000      7.056      RAMB36_X1Y5   u_dest/dest_reg_11/CLKARDCLK
Min Period        n/a     RAMB36E1/CLKARDCLK  n/a            2.944         10.000      7.056      RAMB36_X1Y2   u_dest/dest_reg_12/CLKARDCLK
Min Period        n/a     RAMB36E1/CLKARDCLK  n/a            2.944         10.000      7.056      RAMB36_X1Y4   u_dest/dest_reg_13/CLKARDCLK
Min Period        n/a     RAMB36E1/CLKARDCLK  n/a            2.944         10.000      7.056      RAMB36_X0Y3   u_dest/dest_reg_14/CLKARDCLK
Min Period        n/a     RAMB36E1/CLKARDCLK  n/a            2.944         10.000      7.056      RAMB36_X0Y5   u_dest/dest_reg_15/CLKARDCLK
Min Period        n/a     RAMB36E1/CLKARDCLK  n/a            2.944         10.000      7.056      RAMB36_X0Y0   u_dest/dest_reg_2/CLKARDCLK
Low Pulse Width   Slow    FDCE/C              n/a            0.500         5.000       4.500      SLICE_X18Y46  ack_d_reg/C
Low Pulse Width   Fast    FDCE/C              n/a            0.500         5.000       4.500      SLICE_X18Y46  ack_d_reg/C
Low Pulse Width   Slow    FDCE/C              n/a            0.500         5.000       4.500      SLICE_X18Y45  nak_d_reg/C
Low Pulse Width   Fast    FDCE/C              n/a            0.500         5.000       4.500      SLICE_X18Y45  nak_d_reg/C
Low Pulse Width   Slow    FDCE/C              n/a            0.500         5.000       4.500      SLICE_X19Y45  st_data_reg[0]/C
Low Pulse Width   Fast    FDCE/C              n/a            0.500         5.000       4.500      SLICE_X19Y45  st_data_reg[0]/C
Low Pulse Width   Slow    FDCE/C              n/a            0.500         5.000       4.500      SLICE_X21Y42  st_data_reg[10]/C
Low Pulse Width   Fast    FDCE/C              n/a            0.500         5.000       4.500      SLICE_X21Y42  st_data_reg[10]/C
Low Pulse Width   Slow    FDCE/C              n/a            0.500         5.000       4.500      SLICE_X21Y42  st_data_reg[11]/C
Low Pulse Width   Fast    FDCE/C              n/a            0.500         5.000       4.500      SLICE_X21Y42  st_data_reg[11]/C
High Pulse Width  Slow    FDCE/C              n/a            0.500         5.000       4.500      SLICE_X18Y46  ack_d_reg/C
High Pulse Width  Fast    FDCE/C              n/a            0.500         5.000       4.500      SLICE_X18Y46  ack_d_reg/C
High Pulse Width  Slow    FDCE/C              n/a            0.500         5.000       4.500      SLICE_X18Y45  nak_d_reg/C
High Pulse Width  Fast    FDCE/C              n/a            0.500         5.000       4.500      SLICE_X18Y45  nak_d_reg/C
High Pulse Width  Slow    FDCE/C              n/a            0.500         5.000       4.500      SLICE_X19Y45  st_data_reg[0]/C
High Pulse Width  Fast    FDCE/C              n/a            0.500         5.000       4.500      SLICE_X19Y45  st_data_reg[0]/C
High Pulse Width  Slow    FDCE/C              n/a            0.500         5.000       4.500      SLICE_X21Y42  st_data_reg[10]/C
High Pulse Width  Fast    FDCE/C              n/a            0.500         5.000       4.500      SLICE_X21Y42  st_data_reg[10]/C
High Pulse Width  Slow    FDCE/C              n/a            0.500         5.000       4.500      SLICE_X21Y42  st_data_reg[11]/C
High Pulse Width  Fast    FDCE/C              n/a            0.500         5.000       4.500      SLICE_X21Y42  st_data_reg[11]/C



