Copyright 1986-2022 Xilinx, Inc. All Rights Reserved. Copyright 2022-2026 Advanced Micro Devices, Inc. All Rights Reserved.
---------------------------------------------------------------------------------------------------------------------------------------------
| Tool Version : Vivado v.2026.1 (win64) Build 6511674 Tue Jun 16 11:02:23 MDT 2026
| Date         : Wed Sep 16 21:15:23 2026
| Host         : laptop-Quan running 64-bit major release  (build 9200)
| Command      : report_timing_summary -delay_type min_max -max_paths 10 -file D:/FPGA/arty_d/hold_r2/round1/reports/timing_route.rpt
| Design       : arty_a7_r2_top
| Device       : 7a100t-csg324
| Speed File   : -1  PRODUCTION 1.23 2018-06-13
| Design State : Physopt postRoute
---------------------------------------------------------------------------------------------------------------------------------------------

Timing Summary Report

------------------------------------------------------------------------------------------------
| Timer Settings
| --------------
------------------------------------------------------------------------------------------------

  Enable Multi Corner Analysis               :  Yes
  Enable Pessimism Removal                   :  Yes
  Pessimism Removal Resolution               :  Nearest Common Node
  Enable Input Delay Default Clock           :  No
  Enable Preset / Clear Arcs                 :  No
  Disable Flight Delays                      :  No
  Ignore I/O Paths                           :  No
  Timing Early Launch at Borrowing Latches   :  No
  Borrow Time for Max Delay Exceptions       :  Yes
  Merge Timing Exceptions                    :  Yes
  Inter-SLR Compensation                     :  Conservative

  Corner  Analyze    Analyze    
  Name    Max Paths  Min Paths  
  ------  ---------  ---------  
  Slow    Yes        Yes        
  Fast    Yes        Yes        


------------------------------------------------------------------------------------------------
| Report Methodology
| ------------------
------------------------------------------------------------------------------------------------

No report available as report_methodology has not been run prior. Run report_methodology on the current design for the summary of methodology violations.



check_timing report

Table of Contents
-----------------
1. checking no_clock (0)
2. checking constant_clock (0)
3. checking pulse_width_clock (0)
4. checking unconstrained_internal_endpoints (0)
5. checking no_input_delay (2)
6. checking no_output_delay (5)
7. checking multiple_clock (0)
8. checking generated_clocks (0)
9. checking loops (0)
10. checking partial_input_delay (0)
11. checking partial_output_delay (0)
12. checking latch_loops (0)

1. checking no_clock (0)
------------------------
 There are 0 register/latch pins with no clock.


2. checking constant_clock (0)
------------------------------
 There are 0 register/latch pins with constant_clock.


3. checking pulse_width_clock (0)
---------------------------------
 There are 0 register/latch pins which need pulse_width check


4. checking unconstrained_internal_endpoints (0)
------------------------------------------------
 There are 0 pins that are not constrained for maximum delay.

 There are 0 pins that are not constrained for maximum delay due to constant clock.


5. checking no_input_delay (2)
------------------------------
 There are 2 input ports with no input delay specified. (HIGH)

 There are 0 input ports with no input delay but user has a false path constraint.


6. checking no_output_delay (5)
-------------------------------
 There are 5 ports with no output delay specified. (HIGH)

 There are 0 ports with no output delay but user has a false path constraint

 There are 0 ports with no output delay but with a timing clock defined on it or propagating through it


7. checking multiple_clock (0)
------------------------------
 There are 0 register/latch pins with multiple clocks.


8. checking generated_clocks (0)
--------------------------------
 There are 0 generated clocks that are not connected to a clock source.


9. checking loops (0)
---------------------
 There are 0 combinational loops in the design.


10. checking partial_input_delay (0)
------------------------------------
 There are 0 input ports with partial input delay specified.


11. checking partial_output_delay (0)
-------------------------------------
 There are 0 ports with partial output delay specified.


12. checking latch_loops (0)
----------------------------
 There are 0 combinational latch loops in the design through latch input



------------------------------------------------------------------------------------------------
| Design Timing Summary
| ---------------------
------------------------------------------------------------------------------------------------

    WNS(ns)      TNS(ns)  TNS Failing Endpoints  TNS Total Endpoints      WHS(ns)      THS(ns)  THS Failing Endpoints  THS Total Endpoints     WPWS(ns)     TPWS(ns)  TPWS Failing Endpoints  TPWS Total Endpoints  
    -------      -------  ---------------------  -------------------      -------      -------  ---------------------  -------------------     --------     --------  ----------------------  --------------------  
      0.375        0.000                      0                 9933        0.021        0.000                      0                 9933        4.500        0.000                       0                  5225  


All user specified timing constraints are met.


------------------------------------------------------------------------------------------------
| Clock Summary
| -------------
------------------------------------------------------------------------------------------------

Clock        Waveform(ns)       Period(ns)      Frequency(MHz)
-----        ------------       ----------      --------------
sys_clk_pin  {0.000 5.000}      10.000          100.000         


------------------------------------------------------------------------------------------------
| Intra Clock Table
| -----------------
------------------------------------------------------------------------------------------------

Clock             WNS(ns)      TNS(ns)  TNS Failing Endpoints  TNS Total Endpoints      WHS(ns)      THS(ns)  THS Failing Endpoints  THS Total Endpoints     WPWS(ns)     TPWS(ns)  TPWS Failing Endpoints  TPWS Total Endpoints  
-----             -------      -------  ---------------------  -------------------      -------      -------  ---------------------  -------------------     --------     --------  ----------------------  --------------------  
sys_clk_pin         0.375        0.000                      0                 9933        0.021        0.000                      0                 9933        4.500        0.000                       0                  5225  


------------------------------------------------------------------------------------------------
| Inter Clock Table
| -----------------
------------------------------------------------------------------------------------------------

From Clock    To Clock          WNS(ns)      TNS(ns)  TNS Failing Endpoints  TNS Total Endpoints      WHS(ns)      THS(ns)  THS Failing Endpoints  THS Total Endpoints  
----------    --------          -------      -------  ---------------------  -------------------      -------      -------  ---------------------  -------------------  


------------------------------------------------------------------------------------------------
| Other Path Groups Table
| -----------------------
------------------------------------------------------------------------------------------------

Path Group    From Clock    To Clock          WNS(ns)      TNS(ns)  TNS Failing Endpoints  TNS Total Endpoints      WHS(ns)      THS(ns)  THS Failing Endpoints  THS Total Endpoints  
----------    ----------    --------          -------      -------  ---------------------  -------------------      -------      -------  ---------------------  -------------------  


------------------------------------------------------------------------------------------------
| Timing Details
| --------------
------------------------------------------------------------------------------------------------


---------------------------------------------------------------------------------------------------
From Clock:  sys_clk_pin
  To Clock:  sys_clk_pin

Setup :            0  Failing Endpoints,  Worst Slack        0.375ns,  Total Violation        0.000ns
Hold  :            0  Failing Endpoints,  Worst Slack        0.021ns,  Total Violation        0.000ns
PW    :            0  Failing Endpoints,  Worst Slack        4.500ns,  Total Violation        0.000ns
---------------------------------------------------------------------------------------------------


Max Delay Paths
--------------------------------------------------------------------------------------
Slack (MET) :             0.375ns  (required time - arrival time)
  Source:                 u_spear/spear/feat_r_reg[22]/C
                            (rising edge-triggered cell FDRE clocked by sys_clk_pin  {rise@0.000ns fall@5.000ns period=10.000ns})
  Destination:            u_spear/spear/sl_sc_reg[5][2]/CE
                            (rising edge-triggered cell FDRE clocked by sys_clk_pin  {rise@0.000ns fall@5.000ns period=10.000ns})
  Path Group:             sys_clk_pin
  Path Type:              Setup (Max at Slow Process Corner)
  Requirement:            10.000ns  (sys_clk_pin rise@10.000ns - sys_clk_pin rise@0.000ns)
  Data Path Delay:        9.044ns  (logic 1.936ns (21.405%)  route 7.108ns (78.595%))
  Logic Levels:           7  (CARRY4=1 LUT2=2 LUT3=1 LUT6=3)
  Clock Path Skew:        -0.116ns (DCD - SCD + CPR)
    Destination Clock Delay (DCD):    5.007ns = ( 15.007 - 10.000 ) 
    Source Clock Delay      (SCD):    5.303ns
    Clock Pessimism Removal (CPR):    0.180ns
  Clock Uncertainty:      0.035ns  ((TSJ^2 + TIJ^2)^1/2 + DJ) / 2 + PE
    Total System Jitter     (TSJ):    0.071ns
    Total Input Jitter      (TIJ):    0.000ns
    Discrete Jitter          (DJ):    0.000ns
    Phase Error              (PE):    0.000ns

    Location             Delay type                Incr(ns)  Path(ns)    Netlist Resource(s)
  -------------------------------------------------------------------    -------------------
                         (clock sys_clk_pin rise edge)
                                                      0.000     0.000 r  <hidden>
    E3                                                0.000     0.000 r  CLK100MHZ
                         net (fo=0)                   0.000     0.000    CLK100MHZ
    E3                   IBUF (Prop_ibuf_I_O)         1.482     1.482 r  CLK100MHZ_IBUF_inst/O
                         net (fo=1, routed)           2.025     3.506    CLK100MHZ_IBUF
    BUFGCTRL_X0Y16       BUFG (Prop_bufg_I_O)         0.096     3.602 r  CLK100MHZ_IBUF_BUFG_inst/O
                         net (fo=5230, routed)        1.700     5.303    u_spear/spear/clk
    SLICE_X76Y77         FDRE                                         r  u_spear/spear/feat_r_reg[22]/C
  -------------------------------------------------------------------    -------------------
    SLICE_X76Y77         FDRE (Prop_fdre_C_Q)         0.478     5.781 r  u_spear/spear/feat_r_reg[22]/Q
                         net (fo=94, routed)          1.417     7.198    u_spear/spear/data2[6]
    SLICE_X72Y97         LUT2 (Prop_lut2_I1_O)        0.295     7.493 r  u_spear/spear/sl_sc[0][15]_i_276/O
                         net (fo=1, routed)           0.000     7.493    u_spear/spear/sl_sc[0][15]_i_276_n_0
    SLICE_X72Y97         CARRY4 (Prop_carry4_S[1]_CO[3])
                                                      0.550     8.043 r  u_spear/spear/sl_sc_reg[0][15]_i_63/CO[3]
                         net (fo=1, routed)           0.926     8.969    u_spear/spear/sl_sc_reg[0][15]_i_63_n_0
    SLICE_X74Y97         LUT6 (Prop_lut6_I0_O)        0.124     9.093 r  u_spear/spear/sl_sc[0][15]_i_18/O
                         net (fo=1, routed)           0.878     9.970    u_spear/spear/sl_sc[0][15]_i_18_n_0
    SLICE_X74Y102        LUT6 (Prop_lut6_I0_O)        0.124    10.094 r  u_spear/spear/sl_sc[0][15]_i_9/O
                         net (fo=2, routed)           0.945    11.040    u_spear/spear/sl_sc[0][15]_i_9_n_0
    SLICE_X74Y105        LUT3 (Prop_lut3_I0_O)        0.124    11.164 f  u_spear/spear/sl_sc[0][15]_i_3/O
                         net (fo=9, routed)           1.015    12.179    u_spear/spear/sl_sc[0][15]_i_3_n_0
    SLICE_X75Y106        LUT6 (Prop_lut6_I0_O)        0.124    12.303 f  u_spear/spear/sl_sc[5][15]_i_3/O
                         net (fo=41, routed)          0.847    13.150    u_spear/spear/sl_sc[5][15]_i_3_n_0
    SLICE_X74Y110        LUT2 (Prop_lut2_I1_O)        0.117    13.267 r  u_spear/spear/sl_sc[5][15]_i_1/O
                         net (fo=38, routed)          1.081    14.347    u_spear/spear/sl_sc_reg[5]0
    SLICE_X79Y102        FDRE                                         r  u_spear/spear/sl_sc_reg[5][2]/CE
  -------------------------------------------------------------------    -------------------

                         (clock sys_clk_pin rise edge)
                                                     10.000    10.000 r  <hidden>
    E3                                                0.000    10.000 r  CLK100MHZ
                         net (fo=0)                   0.000    10.000    CLK100MHZ
    E3                   IBUF (Prop_ibuf_I_O)         1.411    11.411 r  CLK100MHZ_IBUF_inst/O
                         net (fo=1, routed)           1.920    13.331    CLK100MHZ_IBUF
    BUFGCTRL_X0Y16       BUFG (Prop_bufg_I_O)         0.091    13.422 r  CLK100MHZ_IBUF_BUFG_inst/O
                         net (fo=5230, routed)        1.585    15.007    u_spear/spear/clk
    SLICE_X79Y102        FDRE                                         r  u_spear/spear/sl_sc_reg[5][2]/C
                         clock pessimism              0.180    15.187    <hidden>
                         clock uncertainty           -0.035    15.152    <hidden>
    SLICE_X79Y102        FDRE (Setup_fdre_C_CE)      -0.429    14.723    u_spear/spear/sl_sc_reg[5][2]
  -------------------------------------------------------------------
                         required time                         14.723    <hidden>
                         arrival time                         -14.347    <hidden>
  -------------------------------------------------------------------
                         slack                                  0.375    <hidden>

Slack (MET) :             0.375ns  (required time - arrival time)
  Source:                 u_spear/spear/feat_r_reg[22]/C
                            (rising edge-triggered cell FDRE clocked by sys_clk_pin  {rise@0.000ns fall@5.000ns period=10.000ns})
  Destination:            u_spear/spear/sl_sc_reg[5][3]/CE
                            (rising edge-triggered cell FDRE clocked by sys_clk_pin  {rise@0.000ns fall@5.000ns period=10.000ns})
  Path Group:             sys_clk_pin
  Path Type:              Setup (Max at Slow Process Corner)
  Requirement:            10.000ns  (sys_clk_pin rise@10.000ns - sys_clk_pin rise@0.000ns)
  Data Path Delay:        9.044ns  (logic 1.936ns (21.405%)  route 7.108ns (78.595%))
  Logic Levels:           7  (CARRY4=1 LUT2=2 LUT3=1 LUT6=3)
  Clock Path Skew:        -0.116ns (DCD - SCD + CPR)
    Destination Clock Delay (DCD):    5.007ns = ( 15.007 - 10.000 ) 
    Source Clock Delay      (SCD):    5.303ns
    Clock Pessimism Removal (CPR):    0.180ns
  Clock Uncertainty:      0.035ns  ((TSJ^2 + TIJ^2)^1/2 + DJ) / 2 + PE
    Total System Jitter     (TSJ):    0.071ns
    Total Input Jitter      (TIJ):    0.000ns
    Discrete Jitter          (DJ):    0.000ns
    Phase Error              (PE):    0.000ns

    Location             Delay type                Incr(ns)  Path(ns)    Netlist Resource(s)
  -------------------------------------------------------------------    -------------------
                         (clock sys_clk_pin rise edge)
                                                      0.000     0.000 r  <hidden>
    E3                                                0.000     0.000 r  CLK100MHZ
                         net (fo=0)                   0.000     0.000    CLK100MHZ
    E3                   IBUF (Prop_ibuf_I_O)         1.482     1.482 r  CLK100MHZ_IBUF_inst/O
                         net (fo=1, routed)           2.025     3.506    CLK100MHZ_IBUF
    BUFGCTRL_X0Y16       BUFG (Prop_bufg_I_O)         0.096     3.602 r  CLK100MHZ_IBUF_BUFG_inst/O
                         net (fo=5230, routed)        1.700     5.303    u_spear/spear/clk
    SLICE_X76Y77         FDRE                                         r  u_spear/spear/feat_r_reg[22]/C
  -------------------------------------------------------------------    -------------------
    SLICE_X76Y77         FDRE (Prop_fdre_C_Q)         0.478     5.781 r  u_spear/spear/feat_r_reg[22]/Q
                         net (fo=94, routed)          1.417     7.198    u_spear/spear/data2[6]
    SLICE_X72Y97         LUT2 (Prop_lut2_I1_O)        0.295     7.493 r  u_spear/spear/sl_sc[0][15]_i_276/O
                         net (fo=1, routed)           0.000     7.493    u_spear/spear/sl_sc[0][15]_i_276_n_0
    SLICE_X72Y97         CARRY4 (Prop_carry4_S[1]_CO[3])
                                                      0.550     8.043 r  u_spear/spear/sl_sc_reg[0][15]_i_63/CO[3]
                         net (fo=1, routed)           0.926     8.969    u_spear/spear/sl_sc_reg[0][15]_i_63_n_0
    SLICE_X74Y97         LUT6 (Prop_lut6_I0_O)        0.124     9.093 r  u_spear/spear/sl_sc[0][15]_i_18/O
                         net (fo=1, routed)           0.878     9.970    u_spear/spear/sl_sc[0][15]_i_18_n_0
    SLICE_X74Y102        LUT6 (Prop_lut6_I0_O)        0.124    10.094 r  u_spear/spear/sl_sc[0][15]_i_9/O
                         net (fo=2, routed)           0.945    11.040    u_spear/spear/sl_sc[0][15]_i_9_n_0
    SLICE_X74Y105        LUT3 (Prop_lut3_I0_O)        0.124    11.164 f  u_spear/spear/sl_sc[0][15]_i_3/O
                         net (fo=9, routed)           1.015    12.179    u_spear/spear/sl_sc[0][15]_i_3_n_0
    SLICE_X75Y106        LUT6 (Prop_lut6_I0_O)        0.124    12.303 f  u_spear/spear/sl_sc[5][15]_i_3/O
                         net (fo=41, routed)          0.847    13.150    u_spear/spear/sl_sc[5][15]_i_3_n_0
    SLICE_X74Y110        LUT2 (Prop_lut2_I1_O)        0.117    13.267 r  u_spear/spear/sl_sc[5][15]_i_1/O
                         net (fo=38, routed)          1.081    14.347    u_spear/spear/sl_sc_reg[5]0
    SLICE_X79Y102        FDRE                                         r  u_spear/spear/sl_sc_reg[5][3]/CE
  -------------------------------------------------------------------    -------------------

                         (clock sys_clk_pin rise edge)
                                                     10.000    10.000 r  <hidden>
    E3                                                0.000    10.000 r  CLK100MHZ
                         net (fo=0)                   0.000    10.000    CLK100MHZ
    E3                   IBUF (Prop_ibuf_I_O)         1.411    11.411 r  CLK100MHZ_IBUF_inst/O
                         net (fo=1, routed)           1.920    13.331    CLK100MHZ_IBUF
    BUFGCTRL_X0Y16       BUFG (Prop_bufg_I_O)         0.091    13.422 r  CLK100MHZ_IBUF_BUFG_inst/O
                         net (fo=5230, routed)        1.585    15.007    u_spear/spear/clk
    SLICE_X79Y102        FDRE                                         r  u_spear/spear/sl_sc_reg[5][3]/C
                         clock pessimism              0.180    15.187    <hidden>
                         clock uncertainty           -0.035    15.152    <hidden>
    SLICE_X79Y102        FDRE (Setup_fdre_C_CE)      -0.429    14.723    u_spear/spear/sl_sc_reg[5][3]
  -------------------------------------------------------------------
                         required time                         14.723    <hidden>
                         arrival time                         -14.347    <hidden>
  -------------------------------------------------------------------
                         slack                                  0.375    <hidden>

Slack (MET) :             0.401ns  (required time - arrival time)
  Source:                 u_spear/spear/feat_r_reg[22]/C
                            (rising edge-triggered cell FDRE clocked by sys_clk_pin  {rise@0.000ns fall@5.000ns period=10.000ns})
  Destination:            u_spear/spear/sl_seq_reg[2][0]/CE
                            (rising edge-triggered cell FDRE clocked by sys_clk_pin  {rise@0.000ns fall@5.000ns period=10.000ns})
  Path Group:             sys_clk_pin
  Path Type:              Setup (Max at Slow Process Corner)
  Requirement:            10.000ns  (sys_clk_pin rise@10.000ns - sys_clk_pin rise@0.000ns)
  Data Path Delay:        9.333ns  (logic 1.943ns (20.819%)  route 7.390ns (79.181%))
  Logic Levels:           7  (CARRY4=1 LUT2=2 LUT3=1 LUT6=3)
  Clock Path Skew:        -0.026ns (DCD - SCD + CPR)
    Destination Clock Delay (DCD):    5.018ns = ( 15.018 - 10.000 ) 
    Source Clock Delay      (SCD):    5.303ns
    Clock Pessimism Removal (CPR):    0.259ns
  Clock Uncertainty:      0.035ns  ((TSJ^2 + TIJ^2)^1/2 + DJ) / 2 + PE
    Total System Jitter     (TSJ):    0.071ns
    Total Input Jitter      (TIJ):    0.000ns
    Discrete Jitter          (DJ):    0.000ns
    Phase Error              (PE):    0.000ns

    Location             Delay type                Incr(ns)  Path(ns)    Netlist Resource(s)
  -------------------------------------------------------------------    -------------------
                         (clock sys_clk_pin rise edge)
                                                      0.000     0.000 r  <hidden>
    E3                                                0.000     0.000 r  CLK100MHZ
                         net (fo=0)                   0.000     0.000    CLK100MHZ
    E3                   IBUF (Prop_ibuf_I_O)         1.482     1.482 r  CLK100MHZ_IBUF_inst/O
                         net (fo=1, routed)           2.025     3.506    CLK100MHZ_IBUF
    BUFGCTRL_X0Y16       BUFG (Prop_bufg_I_O)         0.096     3.602 r  CLK100MHZ_IBUF_BUFG_inst/O
                         net (fo=5230, routed)        1.700     5.303    u_spear/spear/clk
    SLICE_X76Y77         FDRE                                         r  u_spear/spear/feat_r_reg[22]/C
  -------------------------------------------------------------------    -------------------
    SLICE_X76Y77         FDRE (Prop_fdre_C_Q)         0.478     5.781 r  u_spear/spear/feat_r_reg[22]/Q
                         net (fo=94, routed)          1.399     7.180    u_spear/spear/data2[6]
    SLICE_X71Y96         LUT2 (Prop_lut2_I1_O)        0.295     7.475 r  u_spear/spear/sl_sc[0][15]_i_416/O
                         net (fo=1, routed)           0.000     7.475    u_spear/spear/sl_sc[0][15]_i_416_n_0
    SLICE_X71Y96         CARRY4 (Prop_carry4_S[1]_CO[3])
                                                      0.550     8.025 f  u_spear/spear/sl_sc_reg[0][15]_i_152/CO[3]
                         net (fo=1, routed)           0.943     8.968    u_spear/spear/sl_sc_reg[0][15]_i_152_n_0
    SLICE_X72Y96         LUT6 (Prop_lut6_I4_O)        0.124     9.092 f  u_spear/spear/sl_sc[0][15]_i_36/O
                         net (fo=1, routed)           0.916    10.008    u_spear/spear/sl_sc[0][15]_i_36_n_0
    SLICE_X76Y106        LUT6 (Prop_lut6_I4_O)        0.124    10.132 r  u_spear/spear/sl_sc[0][15]_i_12/O
                         net (fo=2, routed)           0.944    11.076    u_spear/spear/sl_sc[0][15]_i_12_n_0
    SLICE_X75Y102        LUT3 (Prop_lut3_I0_O)        0.124    11.200 r  u_spear/spear/sl_sc[0][15]_i_4/O
                         net (fo=9, routed)           1.026    12.226    u_spear/spear/sl_sc[0][15]_i_4_n_0
    SLICE_X74Y105        LUT6 (Prop_lut6_I0_O)        0.124    12.350 f  u_spear/spear/sl_sc[2][15]_i_3/O
                         net (fo=41, routed)          0.999    13.349    u_spear/spear/sl_sc[2][15]_i_3_n_0
    SLICE_X74Y110        LUT2 (Prop_lut2_I1_O)        0.124    13.473 r  u_spear/spear/sl_sc[2][15]_i_1/O
                         net (fo=38, routed)          1.162    14.636    u_spear/spear/sl_sc_reg[2]0
    SLICE_X72Y93         FDRE                                         r  u_spear/spear/sl_seq_reg[2][0]/CE
  -------------------------------------------------------------------    -------------------

                         (clock sys_clk_pin rise edge)
                                                     10.000    10.000 r  <hidden>
    E3                                                0.000    10.000 r  CLK100MHZ
                         net (fo=0)                   0.000    10.000    CLK100MHZ
    E3                   IBUF (Prop_ibuf_I_O)         1.411    11.411 r  CLK100MHZ_IBUF_inst/O
                         net (fo=1, routed)           1.920    13.331    CLK100MHZ_IBUF
    BUFGCTRL_X0Y16       BUFG (Prop_bufg_I_O)         0.091    13.422 r  CLK100MHZ_IBUF_BUFG_inst/O
                         net (fo=5230, routed)        1.595    15.018    u_spear/spear/clk
    SLICE_X72Y93         FDRE                                         r  u_spear/spear/sl_seq_reg[2][0]/C
                         clock pessimism              0.259    15.277    <hidden>
                         clock uncertainty           -0.035    15.241    <hidden>
    SLICE_X72Y93         FDRE (Setup_fdre_C_CE)      -0.205    15.036    u_spear/spear/sl_seq_reg[2][0]
  -------------------------------------------------------------------
                         required time                         15.036    <hidden>
                         arrival time                         -14.636    <hidden>
  -------------------------------------------------------------------
                         slack                                  0.401    <hidden>

Slack (MET) :             0.401ns  (required time - arrival time)
  Source:                 u_spear/spear/feat_r_reg[22]/C
                            (rising edge-triggered cell FDRE clocked by sys_clk_pin  {rise@0.000ns fall@5.000ns period=10.000ns})
  Destination:            u_spear/spear/sl_seq_reg[2][12]/CE
                            (rising edge-triggered cell FDRE clocked by sys_clk_pin  {rise@0.000ns fall@5.000ns period=10.000ns})
  Path Group:             sys_clk_pin
  Path Type:              Setup (Max at Slow Process Corner)
  Requirement:            10.000ns  (sys_clk_pin rise@10.000ns - sys_clk_pin rise@0.000ns)
  Data Path Delay:        9.333ns  (logic 1.943ns (20.819%)  route 7.390ns (79.181%))
  Logic Levels:           7  (CARRY4=1 LUT2=2 LUT3=1 LUT6=3)
  Clock Path Skew:        -0.026ns (DCD - SCD + CPR)
    Destination Clock Delay (DCD):    5.018ns = ( 15.018 - 10.000 ) 
    Source Clock Delay      (SCD):    5.303ns
    Clock Pessimism Removal (CPR):    0.259ns
  Clock Uncertainty:      0.035ns  ((TSJ^2 + TIJ^2)^1/2 + DJ) / 2 + PE
    Total System Jitter     (TSJ):    0.071ns
    Total Input Jitter      (TIJ):    0.000ns
    Discrete Jitter          (DJ):    0.000ns
    Phase Error              (PE):    0.000ns

    Location             Delay type                Incr(ns)  Path(ns)    Netlist Resource(s)
  -------------------------------------------------------------------    -------------------
                         (clock sys_clk_pin rise edge)
                                                      0.000     0.000 r  <hidden>
    E3                                                0.000     0.000 r  CLK100MHZ
                         net (fo=0)                   0.000     0.000    CLK100MHZ
    E3                   IBUF (Prop_ibuf_I_O)         1.482     1.482 r  CLK100MHZ_IBUF_inst/O
                         net (fo=1, routed)           2.025     3.506    CLK100MHZ_IBUF
    BUFGCTRL_X0Y16       BUFG (Prop_bufg_I_O)         0.096     3.602 r  CLK100MHZ_IBUF_BUFG_inst/O
                         net (fo=5230, routed)        1.700     5.303    u_spear/spear/clk
    SLICE_X76Y77         FDRE                                         r  u_spear/spear/feat_r_reg[22]/C
  -------------------------------------------------------------------    -------------------
    SLICE_X76Y77         FDRE (Prop_fdre_C_Q)         0.478     5.781 r  u_spear/spear/feat_r_reg[22]/Q
                         net (fo=94, routed)          1.399     7.180    u_spear/spear/data2[6]
    SLICE_X71Y96         LUT2 (Prop_lut2_I1_O)        0.295     7.475 r  u_spear/spear/sl_sc[0][15]_i_416/O
                         net (fo=1, routed)           0.000     7.475    u_spear/spear/sl_sc[0][15]_i_416_n_0
    SLICE_X71Y96         CARRY4 (Prop_carry4_S[1]_CO[3])
                                                      0.550     8.025 f  u_spear/spear/sl_sc_reg[0][15]_i_152/CO[3]
                         net (fo=1, routed)           0.943     8.968    u_spear/spear/sl_sc_reg[0][15]_i_152_n_0
    SLICE_X72Y96         LUT6 (Prop_lut6_I4_O)        0.124     9.092 f  u_spear/spear/sl_sc[0][15]_i_36/O
                         net (fo=1, routed)           0.916    10.008    u_spear/spear/sl_sc[0][15]_i_36_n_0
    SLICE_X76Y106        LUT6 (Prop_lut6_I4_O)        0.124    10.132 r  u_spear/spear/sl_sc[0][15]_i_12/O
                         net (fo=2, routed)           0.944    11.076    u_spear/spear/sl_sc[0][15]_i_12_n_0
    SLICE_X75Y102        LUT3 (Prop_lut3_I0_O)        0.124    11.200 r  u_spear/spear/sl_sc[0][15]_i_4/O
                         net (fo=9, routed)           1.026    12.226    u_spear/spear/sl_sc[0][15]_i_4_n_0
    SLICE_X74Y105        LUT6 (Prop_lut6_I0_O)        0.124    12.350 f  u_spear/spear/sl_sc[2][15]_i_3/O
                         net (fo=41, routed)          0.999    13.349    u_spear/spear/sl_sc[2][15]_i_3_n_0
    SLICE_X74Y110        LUT2 (Prop_lut2_I1_O)        0.124    13.473 r  u_spear/spear/sl_sc[2][15]_i_1/O
                         net (fo=38, routed)          1.162    14.636    u_spear/spear/sl_sc_reg[2]0
    SLICE_X72Y93         FDRE                                         r  u_spear/spear/sl_seq_reg[2][12]/CE
  -------------------------------------------------------------------    -------------------

                         (clock sys_clk_pin rise edge)
                                                     10.000    10.000 r  <hidden>
    E3                                                0.000    10.000 r  CLK100MHZ
                         net (fo=0)                   0.000    10.000    CLK100MHZ
    E3                   IBUF (Prop_ibuf_I_O)         1.411    11.411 r  CLK100MHZ_IBUF_inst/O
                         net (fo=1, routed)           1.920    13.331    CLK100MHZ_IBUF
    BUFGCTRL_X0Y16       BUFG (Prop_bufg_I_O)         0.091    13.422 r  CLK100MHZ_IBUF_BUFG_inst/O
                         net (fo=5230, routed)        1.595    15.018    u_spear/spear/clk
    SLICE_X72Y93         FDRE                                         r  u_spear/spear/sl_seq_reg[2][12]/C
                         clock pessimism              0.259    15.277    <hidden>
                         clock uncertainty           -0.035    15.241    <hidden>
    SLICE_X72Y93         FDRE (Setup_fdre_C_CE)      -0.205    15.036    u_spear/spear/sl_seq_reg[2][12]
  -------------------------------------------------------------------
                         required time                         15.036    <hidden>
                         arrival time                         -14.636    <hidden>
  -------------------------------------------------------------------
                         slack                                  0.401    <hidden>

Slack (MET) :             0.401ns  (required time - arrival time)
  Source:                 u_spear/spear/feat_r_reg[22]/C
                            (rising edge-triggered cell FDRE clocked by sys_clk_pin  {rise@0.000ns fall@5.000ns period=10.000ns})
  Destination:            u_spear/spear/sl_seq_reg[2][13]/CE
                            (rising edge-triggered cell FDRE clocked by sys_clk_pin  {rise@0.000ns fall@5.000ns period=10.000ns})
  Path Group:             sys_clk_pin
  Path Type:              Setup (Max at Slow Process Corner)
  Requirement:            10.000ns  (sys_clk_pin rise@10.000ns - sys_clk_pin rise@0.000ns)
  Data Path Delay:        9.333ns  (logic 1.943ns (20.819%)  route 7.390ns (79.181%))
  Logic Levels:           7  (CARRY4=1 LUT2=2 LUT3=1 LUT6=3)
  Clock Path Skew:        -0.026ns (DCD - SCD + CPR)
    Destination Clock Delay (DCD):    5.018ns = ( 15.018 - 10.000 ) 
    Source Clock Delay      (SCD):    5.303ns
    Clock Pessimism Removal (CPR):    0.259ns
  Clock Uncertainty:      0.035ns  ((TSJ^2 + TIJ^2)^1/2 + DJ) / 2 + PE
    Total System Jitter     (TSJ):    0.071ns
    Total Input Jitter      (TIJ):    0.000ns
    Discrete Jitter          (DJ):    0.000ns
    Phase Error              (PE):    0.000ns

    Location             Delay type                Incr(ns)  Path(ns)    Netlist Resource(s)
  -------------------------------------------------------------------    -------------------
                         (clock sys_clk_pin rise edge)
                                                      0.000     0.000 r  <hidden>
    E3                                                0.000     0.000 r  CLK100MHZ
                         net (fo=0)                   0.000     0.000    CLK100MHZ
    E3                   IBUF (Prop_ibuf_I_O)         1.482     1.482 r  CLK100MHZ_IBUF_inst/O
                         net (fo=1, routed)           2.025     3.506    CLK100MHZ_IBUF
    BUFGCTRL_X0Y16       BUFG (Prop_bufg_I_O)         0.096     3.602 r  CLK100MHZ_IBUF_BUFG_inst/O
                         net (fo=5230, routed)        1.700     5.303    u_spear/spear/clk
    SLICE_X76Y77         FDRE                                         r  u_spear/spear/feat_r_reg[22]/C
  -------------------------------------------------------------------    -------------------
    SLICE_X76Y77         FDRE (Prop_fdre_C_Q)         0.478     5.781 r  u_spear/spear/feat_r_reg[22]/Q
                         net (fo=94, routed)          1.399     7.180    u_spear/spear/data2[6]
    SLICE_X71Y96         LUT2 (Prop_lut2_I1_O)        0.295     7.475 r  u_spear/spear/sl_sc[0][15]_i_416/O
                         net (fo=1, routed)           0.000     7.475    u_spear/spear/sl_sc[0][15]_i_416_n_0
    SLICE_X71Y96         CARRY4 (Prop_carry4_S[1]_CO[3])
                                                      0.550     8.025 f  u_spear/spear/sl_sc_reg[0][15]_i_152/CO[3]
                         net (fo=1, routed)           0.943     8.968    u_spear/spear/sl_sc_reg[0][15]_i_152_n_0
    SLICE_X72Y96         LUT6 (Prop_lut6_I4_O)        0.124     9.092 f  u_spear/spear/sl_sc[0][15]_i_36/O
                         net (fo=1, routed)           0.916    10.008    u_spear/spear/sl_sc[0][15]_i_36_n_0
    SLICE_X76Y106        LUT6 (Prop_lut6_I4_O)        0.124    10.132 r  u_spear/spear/sl_sc[0][15]_i_12/O
                         net (fo=2, routed)           0.944    11.076    u_spear/spear/sl_sc[0][15]_i_12_n_0
    SLICE_X75Y102        LUT3 (Prop_lut3_I0_O)        0.124    11.200 r  u_spear/spear/sl_sc[0][15]_i_4/O
                         net (fo=9, routed)           1.026    12.226    u_spear/spear/sl_sc[0][15]_i_4_n_0
    SLICE_X74Y105        LUT6 (Prop_lut6_I0_O)        0.124    12.350 f  u_spear/spear/sl_sc[2][15]_i_3/O
                         net (fo=41, routed)          0.999    13.349    u_spear/spear/sl_sc[2][15]_i_3_n_0
    SLICE_X74Y110        LUT2 (Prop_lut2_I1_O)        0.124    13.473 r  u_spear/spear/sl_sc[2][15]_i_1/O
                         net (fo=38, routed)          1.162    14.636    u_spear/spear/sl_sc_reg[2]0
    SLICE_X72Y93         FDRE                                         r  u_spear/spear/sl_seq_reg[2][13]/CE
  -------------------------------------------------------------------    -------------------

                         (clock sys_clk_pin rise edge)
                                                     10.000    10.000 r  <hidden>
    E3                                                0.000    10.000 r  CLK100MHZ
                         net (fo=0)                   0.000    10.000    CLK100MHZ
    E3                   IBUF (Prop_ibuf_I_O)         1.411    11.411 r  CLK100MHZ_IBUF_inst/O
                         net (fo=1, routed)           1.920    13.331    CLK100MHZ_IBUF
    BUFGCTRL_X0Y16       BUFG (Prop_bufg_I_O)         0.091    13.422 r  CLK100MHZ_IBUF_BUFG_inst/O
                         net (fo=5230, routed)        1.595    15.018    u_spear/spear/clk
    SLICE_X72Y93         FDRE                                         r  u_spear/spear/sl_seq_reg[2][13]/C
                         clock pessimism              0.259    15.277    <hidden>
                         clock uncertainty           -0.035    15.241    <hidden>
    SLICE_X72Y93         FDRE (Setup_fdre_C_CE)      -0.205    15.036    u_spear/spear/sl_seq_reg[2][13]
  -------------------------------------------------------------------
                         required time                         15.036    <hidden>
                         arrival time                         -14.636    <hidden>
  -------------------------------------------------------------------
                         slack                                  0.401    <hidden>

Slack (MET) :             0.401ns  (required time - arrival time)
  Source:                 u_spear/spear/feat_r_reg[22]/C
                            (rising edge-triggered cell FDRE clocked by sys_clk_pin  {rise@0.000ns fall@5.000ns period=10.000ns})
  Destination:            u_spear/spear/sl_seq_reg[2][1]/CE
                            (rising edge-triggered cell FDRE clocked by sys_clk_pin  {rise@0.000ns fall@5.000ns period=10.000ns})
  Path Group:             sys_clk_pin
  Path Type:              Setup (Max at Slow Process Corner)
  Requirement:            10.000ns  (sys_clk_pin rise@10.000ns - sys_clk_pin rise@0.000ns)
  Data Path Delay:        9.333ns  (logic 1.943ns (20.819%)  route 7.390ns (79.181%))
  Logic Levels:           7  (CARRY4=1 LUT2=2 LUT3=1 LUT6=3)
  Clock Path Skew:        -0.026ns (DCD - SCD + CPR)
    Destination Clock Delay (DCD):    5.018ns = ( 15.018 - 10.000 ) 
    Source Clock Delay      (SCD):    5.303ns
    Clock Pessimism Removal (CPR):    0.259ns
  Clock Uncertainty:      0.035ns  ((TSJ^2 + TIJ^2)^1/2 + DJ) / 2 + PE
    Total System Jitter     (TSJ):    0.071ns
    Total Input Jitter      (TIJ):    0.000ns
    Discrete Jitter          (DJ):    0.000ns
    Phase Error              (PE):    0.000ns

    Location             Delay type                Incr(ns)  Path(ns)    Netlist Resource(s)
  -------------------------------------------------------------------    -------------------
                         (clock sys_clk_pin rise edge)
                                                      0.000     0.000 r  <hidden>
    E3                                                0.000     0.000 r  CLK100MHZ
                         net (fo=0)                   0.000     0.000    CLK100MHZ
    E3                   IBUF (Prop_ibuf_I_O)         1.482     1.482 r  CLK100MHZ_IBUF_inst/O
                         net (fo=1, routed)           2.025     3.506    CLK100MHZ_IBUF
    BUFGCTRL_X0Y16       BUFG (Prop_bufg_I_O)         0.096     3.602 r  CLK100MHZ_IBUF_BUFG_inst/O
                         net (fo=5230, routed)        1.700     5.303    u_spear/spear/clk
    SLICE_X76Y77         FDRE                                         r  u_spear/spear/feat_r_reg[22]/C
  -------------------------------------------------------------------    -------------------
    SLICE_X76Y77         FDRE (Prop_fdre_C_Q)         0.478     5.781 r  u_spear/spear/feat_r_reg[22]/Q
                         net (fo=94, routed)          1.399     7.180    u_spear/spear/data2[6]
    SLICE_X71Y96         LUT2 (Prop_lut2_I1_O)        0.295     7.475 r  u_spear/spear/sl_sc[0][15]_i_416/O
                         net (fo=1, routed)           0.000     7.475    u_spear/spear/sl_sc[0][15]_i_416_n_0
    SLICE_X71Y96         CARRY4 (Prop_carry4_S[1]_CO[3])
                                                      0.550     8.025 f  u_spear/spear/sl_sc_reg[0][15]_i_152/CO[3]
                         net (fo=1, routed)           0.943     8.968    u_spear/spear/sl_sc_reg[0][15]_i_152_n_0
    SLICE_X72Y96         LUT6 (Prop_lut6_I4_O)        0.124     9.092 f  u_spear/spear/sl_sc[0][15]_i_36/O
                         net (fo=1, routed)           0.916    10.008    u_spear/spear/sl_sc[0][15]_i_36_n_0
    SLICE_X76Y106        LUT6 (Prop_lut6_I4_O)        0.124    10.132 r  u_spear/spear/sl_sc[0][15]_i_12/O
                         net (fo=2, routed)           0.944    11.076    u_spear/spear/sl_sc[0][15]_i_12_n_0
    SLICE_X75Y102        LUT3 (Prop_lut3_I0_O)        0.124    11.200 r  u_spear/spear/sl_sc[0][15]_i_4/O
                         net (fo=9, routed)           1.026    12.226    u_spear/spear/sl_sc[0][15]_i_4_n_0
    SLICE_X74Y105        LUT6 (Prop_lut6_I0_O)        0.124    12.350 f  u_spear/spear/sl_sc[2][15]_i_3/O
                         net (fo=41, routed)          0.999    13.349    u_spear/spear/sl_sc[2][15]_i_3_n_0
    SLICE_X74Y110        LUT2 (Prop_lut2_I1_O)        0.124    13.473 r  u_spear/spear/sl_sc[2][15]_i_1/O
                         net (fo=38, routed)          1.162    14.636    u_spear/spear/sl_sc_reg[2]0
    SLICE_X72Y93         FDRE                                         r  u_spear/spear/sl_seq_reg[2][1]/CE
  -------------------------------------------------------------------    -------------------

                         (clock sys_clk_pin rise edge)
                                                     10.000    10.000 r  <hidden>
    E3                                                0.000    10.000 r  CLK100MHZ
                         net (fo=0)                   0.000    10.000    CLK100MHZ
    E3                   IBUF (Prop_ibuf_I_O)         1.411    11.411 r  CLK100MHZ_IBUF_inst/O
                         net (fo=1, routed)           1.920    13.331    CLK100MHZ_IBUF
    BUFGCTRL_X0Y16       BUFG (Prop_bufg_I_O)         0.091    13.422 r  CLK100MHZ_IBUF_BUFG_inst/O
                         net (fo=5230, routed)        1.595    15.018    u_spear/spear/clk
    SLICE_X72Y93         FDRE                                         r  u_spear/spear/sl_seq_reg[2][1]/C
                         clock pessimism              0.259    15.277    <hidden>
                         clock uncertainty           -0.035    15.241    <hidden>
    SLICE_X72Y93         FDRE (Setup_fdre_C_CE)      -0.205    15.036    u_spear/spear/sl_seq_reg[2][1]
  -------------------------------------------------------------------
                         required time                         15.036    <hidden>
                         arrival time                         -14.636    <hidden>
  -------------------------------------------------------------------
                         slack                                  0.401    <hidden>

Slack (MET) :             0.401ns  (required time - arrival time)
  Source:                 u_spear/spear/feat_r_reg[22]/C
                            (rising edge-triggered cell FDRE clocked by sys_clk_pin  {rise@0.000ns fall@5.000ns period=10.000ns})
  Destination:            u_spear/spear/sl_seq_reg[2][2]/CE
                            (rising edge-triggered cell FDRE clocked by sys_clk_pin  {rise@0.000ns fall@5.000ns period=10.000ns})
  Path Group:             sys_clk_pin
  Path Type:              Setup (Max at Slow Process Corner)
  Requirement:            10.000ns  (sys_clk_pin rise@10.000ns - sys_clk_pin rise@0.000ns)
  Data Path Delay:        9.333ns  (logic 1.943ns (20.819%)  route 7.390ns (79.181%))
  Logic Levels:           7  (CARRY4=1 LUT2=2 LUT3=1 LUT6=3)
  Clock Path Skew:        -0.026ns (DCD - SCD + CPR)
    Destination Clock Delay (DCD):    5.018ns = ( 15.018 - 10.000 ) 
    Source Clock Delay      (SCD):    5.303ns
    Clock Pessimism Removal (CPR):    0.259ns
  Clock Uncertainty:      0.035ns  ((TSJ^2 + TIJ^2)^1/2 + DJ) / 2 + PE
    Total System Jitter     (TSJ):    0.071ns
    Total Input Jitter      (TIJ):    0.000ns
    Discrete Jitter          (DJ):    0.000ns
    Phase Error              (PE):    0.000ns

    Location             Delay type                Incr(ns)  Path(ns)    Netlist Resource(s)
  -------------------------------------------------------------------    -------------------
                         (clock sys_clk_pin rise edge)
                                                      0.000     0.000 r  <hidden>
    E3                                                0.000     0.000 r  CLK100MHZ
                         net (fo=0)                   0.000     0.000    CLK100MHZ
    E3                   IBUF (Prop_ibuf_I_O)         1.482     1.482 r  CLK100MHZ_IBUF_inst/O
                         net (fo=1, routed)           2.025     3.506    CLK100MHZ_IBUF
    BUFGCTRL_X0Y16       BUFG (Prop_bufg_I_O)         0.096     3.602 r  CLK100MHZ_IBUF_BUFG_inst/O
                         net (fo=5230, routed)        1.700     5.303    u_spear/spear/clk
    SLICE_X76Y77         FDRE                                         r  u_spear/spear/feat_r_reg[22]/C
  -------------------------------------------------------------------    -------------------
    SLICE_X76Y77         FDRE (Prop_fdre_C_Q)         0.478     5.781 r  u_spear/spear/feat_r_reg[22]/Q
                         net (fo=94, routed)          1.399     7.180    u_spear/spear/data2[6]
    SLICE_X71Y96         LUT2 (Prop_lut2_I1_O)        0.295     7.475 r  u_spear/spear/sl_sc[0][15]_i_416/O
                         net (fo=1, routed)           0.000     7.475    u_spear/spear/sl_sc[0][15]_i_416_n_0
    SLICE_X71Y96         CARRY4 (Prop_carry4_S[1]_CO[3])
                                                      0.550     8.025 f  u_spear/spear/sl_sc_reg[0][15]_i_152/CO[3]
                         net (fo=1, routed)           0.943     8.968    u_spear/spear/sl_sc_reg[0][15]_i_152_n_0
    SLICE_X72Y96         LUT6 (Prop_lut6_I4_O)        0.124     9.092 f  u_spear/spear/sl_sc[0][15]_i_36/O
                         net (fo=1, routed)           0.916    10.008    u_spear/spear/sl_sc[0][15]_i_36_n_0
    SLICE_X76Y106        LUT6 (Prop_lut6_I4_O)        0.124    10.132 r  u_spear/spear/sl_sc[0][15]_i_12/O
                         net (fo=2, routed)           0.944    11.076    u_spear/spear/sl_sc[0][15]_i_12_n_0
    SLICE_X75Y102        LUT3 (Prop_lut3_I0_O)        0.124    11.200 r  u_spear/spear/sl_sc[0][15]_i_4/O
                         net (fo=9, routed)           1.026    12.226    u_spear/spear/sl_sc[0][15]_i_4_n_0
    SLICE_X74Y105        LUT6 (Prop_lut6_I0_O)        0.124    12.350 f  u_spear/spear/sl_sc[2][15]_i_3/O
                         net (fo=41, routed)          0.999    13.349    u_spear/spear/sl_sc[2][15]_i_3_n_0
    SLICE_X74Y110        LUT2 (Prop_lut2_I1_O)        0.124    13.473 r  u_spear/spear/sl_sc[2][15]_i_1/O
                         net (fo=38, routed)          1.162    14.636    u_spear/spear/sl_sc_reg[2]0
    SLICE_X72Y93         FDRE                                         r  u_spear/spear/sl_seq_reg[2][2]/CE
  -------------------------------------------------------------------    -------------------

                         (clock sys_clk_pin rise edge)
                                                     10.000    10.000 r  <hidden>
    E3                                                0.000    10.000 r  CLK100MHZ
                         net (fo=0)                   0.000    10.000    CLK100MHZ
    E3                   IBUF (Prop_ibuf_I_O)         1.411    11.411 r  CLK100MHZ_IBUF_inst/O
                         net (fo=1, routed)           1.920    13.331    CLK100MHZ_IBUF
    BUFGCTRL_X0Y16       BUFG (Prop_bufg_I_O)         0.091    13.422 r  CLK100MHZ_IBUF_BUFG_inst/O
                         net (fo=5230, routed)        1.595    15.018    u_spear/spear/clk
    SLICE_X72Y93         FDRE                                         r  u_spear/spear/sl_seq_reg[2][2]/C
                         clock pessimism              0.259    15.277    <hidden>
                         clock uncertainty           -0.035    15.241    <hidden>
    SLICE_X72Y93         FDRE (Setup_fdre_C_CE)      -0.205    15.036    u_spear/spear/sl_seq_reg[2][2]
  -------------------------------------------------------------------
                         required time                         15.036    <hidden>
                         arrival time                         -14.636    <hidden>
  -------------------------------------------------------------------
                         slack                                  0.401    <hidden>

Slack (MET) :             0.401ns  (required time - arrival time)
  Source:                 u_spear/spear/feat_r_reg[22]/C
                            (rising edge-triggered cell FDRE clocked by sys_clk_pin  {rise@0.000ns fall@5.000ns period=10.000ns})
  Destination:            u_spear/spear/sl_seq_reg[2][3]/CE
                            (rising edge-triggered cell FDRE clocked by sys_clk_pin  {rise@0.000ns fall@5.000ns period=10.000ns})
  Path Group:             sys_clk_pin
  Path Type:              Setup (Max at Slow Process Corner)
  Requirement:            10.000ns  (sys_clk_pin rise@10.000ns - sys_clk_pin rise@0.000ns)
  Data Path Delay:        9.333ns  (logic 1.943ns (20.819%)  route 7.390ns (79.181%))
  Logic Levels:           7  (CARRY4=1 LUT2=2 LUT3=1 LUT6=3)
  Clock Path Skew:        -0.026ns (DCD - SCD + CPR)
    Destination Clock Delay (DCD):    5.018ns = ( 15.018 - 10.000 ) 
    Source Clock Delay      (SCD):    5.303ns
    Clock Pessimism Removal (CPR):    0.259ns
  Clock Uncertainty:      0.035ns  ((TSJ^2 + TIJ^2)^1/2 + DJ) / 2 + PE
    Total System Jitter     (TSJ):    0.071ns
    Total Input Jitter      (TIJ):    0.000ns
    Discrete Jitter          (DJ):    0.000ns
    Phase Error              (PE):    0.000ns

    Location             Delay type                Incr(ns)  Path(ns)    Netlist Resource(s)
  -------------------------------------------------------------------    -------------------
                         (clock sys_clk_pin rise edge)
                                                      0.000     0.000 r  <hidden>
    E3                                                0.000     0.000 r  CLK100MHZ
                         net (fo=0)                   0.000     0.000    CLK100MHZ
    E3                   IBUF (Prop_ibuf_I_O)         1.482     1.482 r  CLK100MHZ_IBUF_inst/O
                         net (fo=1, routed)           2.025     3.506    CLK100MHZ_IBUF
    BUFGCTRL_X0Y16       BUFG (Prop_bufg_I_O)         0.096     3.602 r  CLK100MHZ_IBUF_BUFG_inst/O
                         net (fo=5230, routed)        1.700     5.303    u_spear/spear/clk
    SLICE_X76Y77         FDRE                                         r  u_spear/spear/feat_r_reg[22]/C
  -------------------------------------------------------------------    -------------------
    SLICE_X76Y77         FDRE (Prop_fdre_C_Q)         0.478     5.781 r  u_spear/spear/feat_r_reg[22]/Q
                         net (fo=94, routed)          1.399     7.180    u_spear/spear/data2[6]
    SLICE_X71Y96         LUT2 (Prop_lut2_I1_O)        0.295     7.475 r  u_spear/spear/sl_sc[0][15]_i_416/O
                         net (fo=1, routed)           0.000     7.475    u_spear/spear/sl_sc[0][15]_i_416_n_0
    SLICE_X71Y96         CARRY4 (Prop_carry4_S[1]_CO[3])
                                                      0.550     8.025 f  u_spear/spear/sl_sc_reg[0][15]_i_152/CO[3]
                         net (fo=1, routed)           0.943     8.968    u_spear/spear/sl_sc_reg[0][15]_i_152_n_0
    SLICE_X72Y96         LUT6 (Prop_lut6_I4_O)        0.124     9.092 f  u_spear/spear/sl_sc[0][15]_i_36/O
                         net (fo=1, routed)           0.916    10.008    u_spear/spear/sl_sc[0][15]_i_36_n_0
    SLICE_X76Y106        LUT6 (Prop_lut6_I4_O)        0.124    10.132 r  u_spear/spear/sl_sc[0][15]_i_12/O
                         net (fo=2, routed)           0.944    11.076    u_spear/spear/sl_sc[0][15]_i_12_n_0
    SLICE_X75Y102        LUT3 (Prop_lut3_I0_O)        0.124    11.200 r  u_spear/spear/sl_sc[0][15]_i_4/O
                         net (fo=9, routed)           1.026    12.226    u_spear/spear/sl_sc[0][15]_i_4_n_0
    SLICE_X74Y105        LUT6 (Prop_lut6_I0_O)        0.124    12.350 f  u_spear/spear/sl_sc[2][15]_i_3/O
                         net (fo=41, routed)          0.999    13.349    u_spear/spear/sl_sc[2][15]_i_3_n_0
    SLICE_X74Y110        LUT2 (Prop_lut2_I1_O)        0.124    13.473 r  u_spear/spear/sl_sc[2][15]_i_1/O
                         net (fo=38, routed)          1.162    14.636    u_spear/spear/sl_sc_reg[2]0
    SLICE_X72Y93         FDRE                                         r  u_spear/spear/sl_seq_reg[2][3]/CE
  -------------------------------------------------------------------    -------------------

                         (clock sys_clk_pin rise edge)
                                                     10.000    10.000 r  <hidden>
    E3                                                0.000    10.000 r  CLK100MHZ
                         net (fo=0)                   0.000    10.000    CLK100MHZ
    E3                   IBUF (Prop_ibuf_I_O)         1.411    11.411 r  CLK100MHZ_IBUF_inst/O
                         net (fo=1, routed)           1.920    13.331    CLK100MHZ_IBUF
    BUFGCTRL_X0Y16       BUFG (Prop_bufg_I_O)         0.091    13.422 r  CLK100MHZ_IBUF_BUFG_inst/O
                         net (fo=5230, routed)        1.595    15.018    u_spear/spear/clk
    SLICE_X72Y93         FDRE                                         r  u_spear/spear/sl_seq_reg[2][3]/C
                         clock pessimism              0.259    15.277    <hidden>
                         clock uncertainty           -0.035    15.241    <hidden>
    SLICE_X72Y93         FDRE (Setup_fdre_C_CE)      -0.205    15.036    u_spear/spear/sl_seq_reg[2][3]
  -------------------------------------------------------------------
                         required time                         15.036    <hidden>
                         arrival time                         -14.636    <hidden>
  -------------------------------------------------------------------
                         slack                                  0.401    <hidden>

Slack (MET) :             0.401ns  (required time - arrival time)
  Source:                 u_spear/spear/feat_r_reg[22]/C
                            (rising edge-triggered cell FDRE clocked by sys_clk_pin  {rise@0.000ns fall@5.000ns period=10.000ns})
  Destination:            u_spear/spear/sl_seq_reg[2][6]/CE
                            (rising edge-triggered cell FDRE clocked by sys_clk_pin  {rise@0.000ns fall@5.000ns period=10.000ns})
  Path Group:             sys_clk_pin
  Path Type:              Setup (Max at Slow Process Corner)
  Requirement:            10.000ns  (sys_clk_pin rise@10.000ns - sys_clk_pin rise@0.000ns)
  Data Path Delay:        9.333ns  (logic 1.943ns (20.819%)  route 7.390ns (79.181%))
  Logic Levels:           7  (CARRY4=1 LUT2=2 LUT3=1 LUT6=3)
  Clock Path Skew:        -0.026ns (DCD - SCD + CPR)
    Destination Clock Delay (DCD):    5.018ns = ( 15.018 - 10.000 ) 
    Source Clock Delay      (SCD):    5.303ns
    Clock Pessimism Removal (CPR):    0.259ns
  Clock Uncertainty:      0.035ns  ((TSJ^2 + TIJ^2)^1/2 + DJ) / 2 + PE
    Total System Jitter     (TSJ):    0.071ns
    Total Input Jitter      (TIJ):    0.000ns
    Discrete Jitter          (DJ):    0.000ns
    Phase Error              (PE):    0.000ns

    Location             Delay type                Incr(ns)  Path(ns)    Netlist Resource(s)
  -------------------------------------------------------------------    -------------------
                         (clock sys_clk_pin rise edge)
                                                      0.000     0.000 r  <hidden>
    E3                                                0.000     0.000 r  CLK100MHZ
                         net (fo=0)                   0.000     0.000    CLK100MHZ
    E3                   IBUF (Prop_ibuf_I_O)         1.482     1.482 r  CLK100MHZ_IBUF_inst/O
                         net (fo=1, routed)           2.025     3.506    CLK100MHZ_IBUF
    BUFGCTRL_X0Y16       BUFG (Prop_bufg_I_O)         0.096     3.602 r  CLK100MHZ_IBUF_BUFG_inst/O
                         net (fo=5230, routed)        1.700     5.303    u_spear/spear/clk
    SLICE_X76Y77         FDRE                                         r  u_spear/spear/feat_r_reg[22]/C
  -------------------------------------------------------------------    -------------------
    SLICE_X76Y77         FDRE (Prop_fdre_C_Q)         0.478     5.781 r  u_spear/spear/feat_r_reg[22]/Q
                         net (fo=94, routed)          1.399     7.180    u_spear/spear/data2[6]
    SLICE_X71Y96         LUT2 (Prop_lut2_I1_O)        0.295     7.475 r  u_spear/spear/sl_sc[0][15]_i_416/O
                         net (fo=1, routed)           0.000     7.475    u_spear/spear/sl_sc[0][15]_i_416_n_0
    SLICE_X71Y96         CARRY4 (Prop_carry4_S[1]_CO[3])
                                                      0.550     8.025 f  u_spear/spear/sl_sc_reg[0][15]_i_152/CO[3]
                         net (fo=1, routed)           0.943     8.968    u_spear/spear/sl_sc_reg[0][15]_i_152_n_0
    SLICE_X72Y96         LUT6 (Prop_lut6_I4_O)        0.124     9.092 f  u_spear/spear/sl_sc[0][15]_i_36/O
                         net (fo=1, routed)           0.916    10.008    u_spear/spear/sl_sc[0][15]_i_36_n_0
    SLICE_X76Y106        LUT6 (Prop_lut6_I4_O)        0.124    10.132 r  u_spear/spear/sl_sc[0][15]_i_12/O
                         net (fo=2, routed)           0.944    11.076    u_spear/spear/sl_sc[0][15]_i_12_n_0
    SLICE_X75Y102        LUT3 (Prop_lut3_I0_O)        0.124    11.200 r  u_spear/spear/sl_sc[0][15]_i_4/O
                         net (fo=9, routed)           1.026    12.226    u_spear/spear/sl_sc[0][15]_i_4_n_0
    SLICE_X74Y105        LUT6 (Prop_lut6_I0_O)        0.124    12.350 f  u_spear/spear/sl_sc[2][15]_i_3/O
                         net (fo=41, routed)          0.999    13.349    u_spear/spear/sl_sc[2][15]_i_3_n_0
    SLICE_X74Y110        LUT2 (Prop_lut2_I1_O)        0.124    13.473 r  u_spear/spear/sl_sc[2][15]_i_1/O
                         net (fo=38, routed)          1.162    14.636    u_spear/spear/sl_sc_reg[2]0
    SLICE_X72Y93         FDRE                                         r  u_spear/spear/sl_seq_reg[2][6]/CE
  -------------------------------------------------------------------    -------------------

                         (clock sys_clk_pin rise edge)
                                                     10.000    10.000 r  <hidden>
    E3                                                0.000    10.000 r  CLK100MHZ
                         net (fo=0)                   0.000    10.000    CLK100MHZ
    E3                   IBUF (Prop_ibuf_I_O)         1.411    11.411 r  CLK100MHZ_IBUF_inst/O
                         net (fo=1, routed)           1.920    13.331    CLK100MHZ_IBUF
    BUFGCTRL_X0Y16       BUFG (Prop_bufg_I_O)         0.091    13.422 r  CLK100MHZ_IBUF_BUFG_inst/O
                         net (fo=5230, routed)        1.595    15.018    u_spear/spear/clk
    SLICE_X72Y93         FDRE                                         r  u_spear/spear/sl_seq_reg[2][6]/C
                         clock pessimism              0.259    15.277    <hidden>
                         clock uncertainty           -0.035    15.241    <hidden>
    SLICE_X72Y93         FDRE (Setup_fdre_C_CE)      -0.205    15.036    u_spear/spear/sl_seq_reg[2][6]
  -------------------------------------------------------------------
                         required time                         15.036    <hidden>
                         arrival time                         -14.636    <hidden>
  -------------------------------------------------------------------
                         slack                                  0.401    <hidden>

Slack (MET) :             0.401ns  (required time - arrival time)
  Source:                 u_spear/spear/feat_r_reg[22]/C
                            (rising edge-triggered cell FDRE clocked by sys_clk_pin  {rise@0.000ns fall@5.000ns period=10.000ns})
  Destination:            u_spear/spear/sl_seq_reg[2][7]/CE
                            (rising edge-triggered cell FDRE clocked by sys_clk_pin  {rise@0.000ns fall@5.000ns period=10.000ns})
  Path Group:             sys_clk_pin
  Path Type:              Setup (Max at Slow Process Corner)
  Requirement:            10.000ns  (sys_clk_pin rise@10.000ns - sys_clk_pin rise@0.000ns)
  Data Path Delay:        9.333ns  (logic 1.943ns (20.819%)  route 7.390ns (79.181%))
  Logic Levels:           7  (CARRY4=1 LUT2=2 LUT3=1 LUT6=3)
  Clock Path Skew:        -0.026ns (DCD - SCD + CPR)
    Destination Clock Delay (DCD):    5.018ns = ( 15.018 - 10.000 ) 
    Source Clock Delay      (SCD):    5.303ns
    Clock Pessimism Removal (CPR):    0.259ns
  Clock Uncertainty:      0.035ns  ((TSJ^2 + TIJ^2)^1/2 + DJ) / 2 + PE
    Total System Jitter     (TSJ):    0.071ns
    Total Input Jitter      (TIJ):    0.000ns
    Discrete Jitter          (DJ):    0.000ns
    Phase Error              (PE):    0.000ns

    Location             Delay type                Incr(ns)  Path(ns)    Netlist Resource(s)
  -------------------------------------------------------------------    -------------------
                         (clock sys_clk_pin rise edge)
                                                      0.000     0.000 r  <hidden>
    E3                                                0.000     0.000 r  CLK100MHZ
                         net (fo=0)                   0.000     0.000    CLK100MHZ
    E3                   IBUF (Prop_ibuf_I_O)         1.482     1.482 r  CLK100MHZ_IBUF_inst/O
                         net (fo=1, routed)           2.025     3.506    CLK100MHZ_IBUF
    BUFGCTRL_X0Y16       BUFG (Prop_bufg_I_O)         0.096     3.602 r  CLK100MHZ_IBUF_BUFG_inst/O
                         net (fo=5230, routed)        1.700     5.303    u_spear/spear/clk
    SLICE_X76Y77         FDRE                                         r  u_spear/spear/feat_r_reg[22]/C
  -------------------------------------------------------------------    -------------------
    SLICE_X76Y77         FDRE (Prop_fdre_C_Q)         0.478     5.781 r  u_spear/spear/feat_r_reg[22]/Q
                         net (fo=94, routed)          1.399     7.180    u_spear/spear/data2[6]
    SLICE_X71Y96         LUT2 (Prop_lut2_I1_O)        0.295     7.475 r  u_spear/spear/sl_sc[0][15]_i_416/O
                         net (fo=1, routed)           0.000     7.475    u_spear/spear/sl_sc[0][15]_i_416_n_0
    SLICE_X71Y96         CARRY4 (Prop_carry4_S[1]_CO[3])
                                                      0.550     8.025 f  u_spear/spear/sl_sc_reg[0][15]_i_152/CO[3]
                         net (fo=1, routed)           0.943     8.968    u_spear/spear/sl_sc_reg[0][15]_i_152_n_0
    SLICE_X72Y96         LUT6 (Prop_lut6_I4_O)        0.124     9.092 f  u_spear/spear/sl_sc[0][15]_i_36/O
                         net (fo=1, routed)           0.916    10.008    u_spear/spear/sl_sc[0][15]_i_36_n_0
    SLICE_X76Y106        LUT6 (Prop_lut6_I4_O)        0.124    10.132 r  u_spear/spear/sl_sc[0][15]_i_12/O
                         net (fo=2, routed)           0.944    11.076    u_spear/spear/sl_sc[0][15]_i_12_n_0
    SLICE_X75Y102        LUT3 (Prop_lut3_I0_O)        0.124    11.200 r  u_spear/spear/sl_sc[0][15]_i_4/O
                         net (fo=9, routed)           1.026    12.226    u_spear/spear/sl_sc[0][15]_i_4_n_0
    SLICE_X74Y105        LUT6 (Prop_lut6_I0_O)        0.124    12.350 f  u_spear/spear/sl_sc[2][15]_i_3/O
                         net (fo=41, routed)          0.999    13.349    u_spear/spear/sl_sc[2][15]_i_3_n_0
    SLICE_X74Y110        LUT2 (Prop_lut2_I1_O)        0.124    13.473 r  u_spear/spear/sl_sc[2][15]_i_1/O
                         net (fo=38, routed)          1.162    14.636    u_spear/spear/sl_sc_reg[2]0
    SLICE_X72Y93         FDRE                                         r  u_spear/spear/sl_seq_reg[2][7]/CE
  -------------------------------------------------------------------    -------------------

                         (clock sys_clk_pin rise edge)
                                                     10.000    10.000 r  <hidden>
    E3                                                0.000    10.000 r  CLK100MHZ
                         net (fo=0)                   0.000    10.000    CLK100MHZ
    E3                   IBUF (Prop_ibuf_I_O)         1.411    11.411 r  CLK100MHZ_IBUF_inst/O
                         net (fo=1, routed)           1.920    13.331    CLK100MHZ_IBUF
    BUFGCTRL_X0Y16       BUFG (Prop_bufg_I_O)         0.091    13.422 r  CLK100MHZ_IBUF_BUFG_inst/O
                         net (fo=5230, routed)        1.595    15.018    u_spear/spear/clk
    SLICE_X72Y93         FDRE                                         r  u_spear/spear/sl_seq_reg[2][7]/C
                         clock pessimism              0.259    15.277    <hidden>
                         clock uncertainty           -0.035    15.241    <hidden>
    SLICE_X72Y93         FDRE (Setup_fdre_C_CE)      -0.205    15.036    u_spear/spear/sl_seq_reg[2][7]
  -------------------------------------------------------------------
                         required time                         15.036    <hidden>
                         arrival time                         -14.636    <hidden>
  -------------------------------------------------------------------
                         slack                                  0.401    <hidden>





Min Delay Paths
--------------------------------------------------------------------------------------
Slack (MET) :             0.021ns  (arrival time - required time)
  Source:                 u_fem/u_adp/req_wdata_reg[9]/C
                            (rising edge-triggered cell FDCE clocked by sys_clk_pin  {rise@0.000ns fall@5.000ns period=10.000ns})
  Destination:            u_fem/u_ui/u_ui/wdata_r_reg[9]/D
                            (rising edge-triggered cell FDCE clocked by sys_clk_pin  {rise@0.000ns fall@5.000ns period=10.000ns})
  Path Group:             sys_clk_pin
  Path Type:              Hold (Min at Fast Process Corner)
  Requirement:            0.000ns  (sys_clk_pin rise@0.000ns - sys_clk_pin rise@0.000ns)
  Data Path Delay:        0.305ns  (logic 0.128ns (41.991%)  route 0.177ns (58.009%))
  Logic Levels:           0  
  Clock Path Skew:        0.268ns (DCD - SCD - CPR)
    Destination Clock Delay (DCD):    2.068ns
    Source Clock Delay      (SCD):    1.546ns
    Clock Pessimism Removal (CPR):    0.254ns

    Location             Delay type                Incr(ns)  Path(ns)    Netlist Resource(s)
  -------------------------------------------------------------------    -------------------
                         (clock sys_clk_pin rise edge)
                                                      0.000     0.000 r  <hidden>
    E3                                                0.000     0.000 r  CLK100MHZ
                         net (fo=0)                   0.000     0.000    CLK100MHZ
    E3                   IBUF (Prop_ibuf_I_O)         0.250     0.250 r  CLK100MHZ_IBUF_inst/O
                         net (fo=1, routed)           0.644     0.894    CLK100MHZ_IBUF
    BUFGCTRL_X0Y16       BUFG (Prop_bufg_I_O)         0.026     0.920 r  CLK100MHZ_IBUF_BUFG_inst/O
                         net (fo=5230, routed)        0.626     1.546    u_fem/u_adp/clk
    SLICE_X52Y13         FDCE                                         r  u_fem/u_adp/req_wdata_reg[9]/C
  -------------------------------------------------------------------    -------------------
    SLICE_X52Y13         FDCE (Prop_fdce_C_Q)         0.128     1.674 r  u_fem/u_adp/req_wdata_reg[9]/Q
                         net (fo=1, routed)           0.177     1.851    u_fem/u_ui/u_ui/wdata_r_reg[31]_0[9]
    SLICE_X48Y12         FDCE                                         r  u_fem/u_ui/u_ui/wdata_r_reg[9]/D
  -------------------------------------------------------------------    -------------------

                         (clock sys_clk_pin rise edge)
                                                      0.000     0.000 r  <hidden>
    E3                                                0.000     0.000 r  CLK100MHZ
                         net (fo=0)                   0.000     0.000    CLK100MHZ
    E3                   IBUF (Prop_ibuf_I_O)         0.438     0.438 r  CLK100MHZ_IBUF_inst/O
                         net (fo=1, routed)           0.699     1.136    CLK100MHZ_IBUF
    BUFGCTRL_X0Y16       BUFG (Prop_bufg_I_O)         0.029     1.165 r  CLK100MHZ_IBUF_BUFG_inst/O
                         net (fo=5230, routed)        0.903     2.068    u_fem/u_ui/u_ui/clk
    SLICE_X48Y12         FDCE                                         r  u_fem/u_ui/u_ui/wdata_r_reg[9]/C
                         clock pessimism             -0.254     1.814    <hidden>
    SLICE_X48Y12         FDCE (Hold_fdce_C_D)         0.016     1.830    u_fem/u_ui/u_ui/wdata_r_reg[9]
  -------------------------------------------------------------------
                         required time                         -1.830    <hidden>
                         arrival time                           1.851    <hidden>
  -------------------------------------------------------------------
                         slack                                  0.021    <hidden>

Slack (MET) :             0.030ns  (arrival time - required time)
  Source:                 u_fem/u_fem/t2_wdata_reg[5]/C
                            (rising edge-triggered cell FDRE clocked by sys_clk_pin  {rise@0.000ns fall@5.000ns period=10.000ns})
  Destination:            u_fem/u_adp/req_wdata_reg[5]/D
                            (rising edge-triggered cell FDCE clocked by sys_clk_pin  {rise@0.000ns fall@5.000ns period=10.000ns})
  Path Group:             sys_clk_pin
  Path Type:              Hold (Min at Fast Process Corner)
  Requirement:            0.000ns  (sys_clk_pin rise@0.000ns - sys_clk_pin rise@0.000ns)
  Data Path Delay:        0.367ns  (logic 0.164ns (44.733%)  route 0.203ns (55.267%))
  Logic Levels:           0  
  Clock Path Skew:        0.266ns (DCD - SCD - CPR)
    Destination Clock Delay (DCD):    2.066ns
    Source Clock Delay      (SCD):    1.546ns
    Clock Pessimism Removal (CPR):    0.254ns

    Location             Delay type                Incr(ns)  Path(ns)    Netlist Resource(s)
  -------------------------------------------------------------------    -------------------
                         (clock sys_clk_pin rise edge)
                                                      0.000     0.000 r  <hidden>
    E3                                                0.000     0.000 r  CLK100MHZ
                         net (fo=0)                   0.000     0.000    CLK100MHZ
    E3                   IBUF (Prop_ibuf_I_O)         0.250     0.250 r  CLK100MHZ_IBUF_inst/O
                         net (fo=1, routed)           0.644     0.894    CLK100MHZ_IBUF
    BUFGCTRL_X0Y16       BUFG (Prop_bufg_I_O)         0.026     0.920 r  CLK100MHZ_IBUF_BUFG_inst/O
                         net (fo=5230, routed)        0.626     1.546    u_fem/u_fem/clk
    SLICE_X54Y15         FDRE                                         r  u_fem/u_fem/t2_wdata_reg[5]/C
  -------------------------------------------------------------------    -------------------
    SLICE_X54Y15         FDRE (Prop_fdre_C_Q)         0.164     1.710 r  u_fem/u_fem/t2_wdata_reg[5]/Q
                         net (fo=1, routed)           0.203     1.913    u_fem/u_adp/req_wdata_reg[31]_1[5]
    SLICE_X48Y15         FDCE                                         r  u_fem/u_adp/req_wdata_reg[5]/D
  -------------------------------------------------------------------    -------------------

                         (clock sys_clk_pin rise edge)
                                                      0.000     0.000 r  <hidden>
    E3                                                0.000     0.000 r  CLK100MHZ
                         net (fo=0)                   0.000     0.000    CLK100MHZ
    E3                   IBUF (Prop_ibuf_I_O)         0.438     0.438 r  CLK100MHZ_IBUF_inst/O
                         net (fo=1, routed)           0.699     1.136    CLK100MHZ_IBUF
    BUFGCTRL_X0Y16       BUFG (Prop_bufg_I_O)         0.029     1.165 r  CLK100MHZ_IBUF_BUFG_inst/O
                         net (fo=5230, routed)        0.901     2.066    u_fem/u_adp/clk
    SLICE_X48Y15         FDCE                                         r  u_fem/u_adp/req_wdata_reg[5]/C
                         clock pessimism             -0.254     1.812    <hidden>
    SLICE_X48Y15         FDCE (Hold_fdce_C_D)         0.071     1.883    u_fem/u_adp/req_wdata_reg[5]
  -------------------------------------------------------------------
                         required time                         -1.883    <hidden>
                         arrival time                           1.913    <hidden>
  -------------------------------------------------------------------
                         slack                                  0.030    <hidden>

Slack (MET) :             0.041ns  (arrival time - required time)
  Source:                 u_fem/u_fem/t2_wdata_reg[27]/C
                            (rising edge-triggered cell FDRE clocked by sys_clk_pin  {rise@0.000ns fall@5.000ns period=10.000ns})
  Destination:            u_fem/u_adp/req_wdata_reg[27]/D
                            (rising edge-triggered cell FDCE clocked by sys_clk_pin  {rise@0.000ns fall@5.000ns period=10.000ns})
  Path Group:             sys_clk_pin
  Path Type:              Hold (Min at Fast Process Corner)
  Requirement:            0.000ns  (sys_clk_pin rise@0.000ns - sys_clk_pin rise@0.000ns)
  Data Path Delay:        0.376ns  (logic 0.141ns (37.453%)  route 0.235ns (62.547%))
  Logic Levels:           0  
  Clock Path Skew:        0.265ns (DCD - SCD - CPR)
    Destination Clock Delay (DCD):    2.065ns
    Source Clock Delay      (SCD):    1.546ns
    Clock Pessimism Removal (CPR):    0.254ns

    Location             Delay type                Incr(ns)  Path(ns)    Netlist Resource(s)
  -------------------------------------------------------------------    -------------------
                         (clock sys_clk_pin rise edge)
                                                      0.000     0.000 r  <hidden>
    E3                                                0.000     0.000 r  CLK100MHZ
                         net (fo=0)                   0.000     0.000    CLK100MHZ
    E3                   IBUF (Prop_ibuf_I_O)         0.250     0.250 r  CLK100MHZ_IBUF_inst/O
                         net (fo=1, routed)           0.644     0.894    CLK100MHZ_IBUF
    BUFGCTRL_X0Y16       BUFG (Prop_bufg_I_O)         0.026     0.920 r  CLK100MHZ_IBUF_BUFG_inst/O
                         net (fo=5230, routed)        0.626     1.546    u_fem/u_fem/clk
    SLICE_X55Y15         FDRE                                         r  u_fem/u_fem/t2_wdata_reg[27]/C
  -------------------------------------------------------------------    -------------------
    SLICE_X55Y15         FDRE (Prop_fdre_C_Q)         0.141     1.687 r  u_fem/u_fem/t2_wdata_reg[27]/Q
                         net (fo=1, routed)           0.235     1.922    u_fem/u_adp/req_wdata_reg[31]_1[27]
    SLICE_X51Y13         FDCE                                         r  u_fem/u_adp/req_wdata_reg[27]/D
  -------------------------------------------------------------------    -------------------

                         (clock sys_clk_pin rise edge)
                                                      0.000     0.000 r  <hidden>
    E3                                                0.000     0.000 r  CLK100MHZ
                         net (fo=0)                   0.000     0.000    CLK100MHZ
    E3                   IBUF (Prop_ibuf_I_O)         0.438     0.438 r  CLK100MHZ_IBUF_inst/O
                         net (fo=1, routed)           0.699     1.136    CLK100MHZ_IBUF
    BUFGCTRL_X0Y16       BUFG (Prop_bufg_I_O)         0.029     1.165 r  CLK100MHZ_IBUF_BUFG_inst/O
                         net (fo=5230, routed)        0.900     2.065    u_fem/u_adp/clk
    SLICE_X51Y13         FDCE                                         r  u_fem/u_adp/req_wdata_reg[27]/C
                         clock pessimism             -0.254     1.811    <hidden>
    SLICE_X51Y13         FDCE (Hold_fdce_C_D)         0.070     1.881    u_fem/u_adp/req_wdata_reg[27]
  -------------------------------------------------------------------
                         required time                         -1.881    <hidden>
                         arrival time                           1.922    <hidden>
  -------------------------------------------------------------------
                         slack                                  0.041    <hidden>

Slack (MET) :             0.042ns  (arrival time - required time)
  Source:                 u_fem/u_fem/t2_wdata_reg[28]/C
                            (rising edge-triggered cell FDRE clocked by sys_clk_pin  {rise@0.000ns fall@5.000ns period=10.000ns})
  Destination:            u_fem/u_adp/req_wdata_reg[28]/D
                            (rising edge-triggered cell FDCE clocked by sys_clk_pin  {rise@0.000ns fall@5.000ns period=10.000ns})
  Path Group:             sys_clk_pin
  Path Type:              Hold (Min at Fast Process Corner)
  Requirement:            0.000ns  (sys_clk_pin rise@0.000ns - sys_clk_pin rise@0.000ns)
  Data Path Delay:        0.376ns  (logic 0.141ns (37.519%)  route 0.235ns (62.481%))
  Logic Levels:           0  
  Clock Path Skew:        0.268ns (DCD - SCD - CPR)
    Destination Clock Delay (DCD):    2.067ns
    Source Clock Delay      (SCD):    1.545ns
    Clock Pessimism Removal (CPR):    0.254ns

    Location             Delay type                Incr(ns)  Path(ns)    Netlist Resource(s)
  -------------------------------------------------------------------    -------------------
                         (clock sys_clk_pin rise edge)
                                                      0.000     0.000 r  <hidden>
    E3                                                0.000     0.000 r  CLK100MHZ
                         net (fo=0)                   0.000     0.000    CLK100MHZ
    E3                   IBUF (Prop_ibuf_I_O)         0.250     0.250 r  CLK100MHZ_IBUF_inst/O
                         net (fo=1, routed)           0.644     0.894    CLK100MHZ_IBUF
    BUFGCTRL_X0Y16       BUFG (Prop_bufg_I_O)         0.026     0.920 r  CLK100MHZ_IBUF_BUFG_inst/O
                         net (fo=5230, routed)        0.625     1.545    u_fem/u_fem/clk
    SLICE_X53Y16         FDRE                                         r  u_fem/u_fem/t2_wdata_reg[28]/C
  -------------------------------------------------------------------    -------------------
    SLICE_X53Y16         FDRE (Prop_fdre_C_Q)         0.141     1.686 r  u_fem/u_fem/t2_wdata_reg[28]/Q
                         net (fo=1, routed)           0.235     1.921    u_fem/u_adp/req_wdata_reg[31]_1[28]
    SLICE_X49Y14         FDCE                                         r  u_fem/u_adp/req_wdata_reg[28]/D
  -------------------------------------------------------------------    -------------------

                         (clock sys_clk_pin rise edge)
                                                      0.000     0.000 r  <hidden>
    E3                                                0.000     0.000 r  CLK100MHZ
                         net (fo=0)                   0.000     0.000    CLK100MHZ
    E3                   IBUF (Prop_ibuf_I_O)         0.438     0.438 r  CLK100MHZ_IBUF_inst/O
                         net (fo=1, routed)           0.699     1.136    CLK100MHZ_IBUF
    BUFGCTRL_X0Y16       BUFG (Prop_bufg_I_O)         0.029     1.165 r  CLK100MHZ_IBUF_BUFG_inst/O
                         net (fo=5230, routed)        0.902     2.067    u_fem/u_adp/clk
    SLICE_X49Y14         FDCE                                         r  u_fem/u_adp/req_wdata_reg[28]/C
                         clock pessimism             -0.254     1.813    <hidden>
    SLICE_X49Y14         FDCE (Hold_fdce_C_D)         0.066     1.879    u_fem/u_adp/req_wdata_reg[28]
  -------------------------------------------------------------------
                         required time                         -1.879    <hidden>
                         arrival time                           1.921    <hidden>
  -------------------------------------------------------------------
                         slack                                  0.042    <hidden>

Slack (MET) :             0.048ns  (arrival time - required time)
  Source:                 u_fem/u_adp/req_wdata_reg[30]/C
                            (rising edge-triggered cell FDCE clocked by sys_clk_pin  {rise@0.000ns fall@5.000ns period=10.000ns})
  Destination:            u_fem/u_ui/u_ui/wdata_r_reg[30]/D
                            (rising edge-triggered cell FDCE clocked by sys_clk_pin  {rise@0.000ns fall@5.000ns period=10.000ns})
  Path Group:             sys_clk_pin
  Path Type:              Hold (Min at Fast Process Corner)
  Requirement:            0.000ns  (sys_clk_pin rise@0.000ns - sys_clk_pin rise@0.000ns)
  Data Path Delay:        0.383ns  (logic 0.164ns (42.791%)  route 0.219ns (57.209%))
  Logic Levels:           0  
  Clock Path Skew:        0.265ns (DCD - SCD - CPR)
    Destination Clock Delay (DCD):    2.064ns
    Source Clock Delay      (SCD):    1.545ns
    Clock Pessimism Removal (CPR):    0.254ns

    Location             Delay type                Incr(ns)  Path(ns)    Netlist Resource(s)
  -------------------------------------------------------------------    -------------------
                         (clock sys_clk_pin rise edge)
                                                      0.000     0.000 r  <hidden>
    E3                                                0.000     0.000 r  CLK100MHZ
                         net (fo=0)                   0.000     0.000    CLK100MHZ
    E3                   IBUF (Prop_ibuf_I_O)         0.250     0.250 r  CLK100MHZ_IBUF_inst/O
                         net (fo=1, routed)           0.644     0.894    CLK100MHZ_IBUF
    BUFGCTRL_X0Y16       BUFG (Prop_bufg_I_O)         0.026     0.920 r  CLK100MHZ_IBUF_BUFG_inst/O
                         net (fo=5230, routed)        0.625     1.545    u_fem/u_adp/clk
    SLICE_X54Y16         FDCE                                         r  u_fem/u_adp/req_wdata_reg[30]/C
  -------------------------------------------------------------------    -------------------
    SLICE_X54Y16         FDCE (Prop_fdce_C_Q)         0.164     1.709 r  u_fem/u_adp/req_wdata_reg[30]/Q
                         net (fo=1, routed)           0.219     1.928    u_fem/u_ui/u_ui/wdata_r_reg[31]_0[30]
    SLICE_X51Y15         FDCE                                         r  u_fem/u_ui/u_ui/wdata_r_reg[30]/D
  -------------------------------------------------------------------    -------------------

                         (clock sys_clk_pin rise edge)
                                                      0.000     0.000 r  <hidden>
    E3                                                0.000     0.000 r  CLK100MHZ
                         net (fo=0)                   0.000     0.000    CLK100MHZ
    E3                   IBUF (Prop_ibuf_I_O)         0.438     0.438 r  CLK100MHZ_IBUF_inst/O
                         net (fo=1, routed)           0.699     1.136    CLK100MHZ_IBUF
    BUFGCTRL_X0Y16       BUFG (Prop_bufg_I_O)         0.029     1.165 r  CLK100MHZ_IBUF_BUFG_inst/O
                         net (fo=5230, routed)        0.899     2.064    u_fem/u_ui/u_ui/clk
    SLICE_X51Y15         FDCE                                         r  u_fem/u_ui/u_ui/wdata_r_reg[30]/C
                         clock pessimism             -0.254     1.810    <hidden>
    SLICE_X51Y15         FDCE (Hold_fdce_C_D)         0.070     1.880    u_fem/u_ui/u_ui/wdata_r_reg[30]
  -------------------------------------------------------------------
                         required time                         -1.880    <hidden>
                         arrival time                           1.928    <hidden>
  -------------------------------------------------------------------
                         slack                                  0.048    <hidden>

Slack (MET) :             0.056ns  (arrival time - required time)
  Source:                 u_q/acc_reg[25]/C
                            (rising edge-triggered cell FDRE clocked by sys_clk_pin  {rise@0.000ns fall@5.000ns period=10.000ns})
  Destination:            u_q/q_row_reg[5][25]/D
                            (rising edge-triggered cell FDRE clocked by sys_clk_pin  {rise@0.000ns fall@5.000ns period=10.000ns})
  Path Group:             sys_clk_pin
  Path Type:              Hold (Min at Fast Process Corner)
  Requirement:            0.000ns  (sys_clk_pin rise@0.000ns - sys_clk_pin rise@0.000ns)
  Data Path Delay:        0.391ns  (logic 0.141ns (36.055%)  route 0.250ns (63.945%))
  Logic Levels:           0  
  Clock Path Skew:        0.265ns (DCD - SCD - CPR)
    Destination Clock Delay (DCD):    2.000ns
    Source Clock Delay      (SCD):    1.484ns
    Clock Pessimism Removal (CPR):    0.250ns

    Location             Delay type                Incr(ns)  Path(ns)    Netlist Resource(s)
  -------------------------------------------------------------------    -------------------
                         (clock sys_clk_pin rise edge)
                                                      0.000     0.000 r  <hidden>
    E3                                                0.000     0.000 r  CLK100MHZ
                         net (fo=0)                   0.000     0.000    CLK100MHZ
    E3                   IBUF (Prop_ibuf_I_O)         0.250     0.250 r  CLK100MHZ_IBUF_inst/O
                         net (fo=1, routed)           0.644     0.894    CLK100MHZ_IBUF
    BUFGCTRL_X0Y16       BUFG (Prop_bufg_I_O)         0.026     0.920 r  CLK100MHZ_IBUF_BUFG_inst/O
                         net (fo=5230, routed)        0.565     1.484    u_q/clk
    SLICE_X57Y95         FDRE                                         r  u_q/acc_reg[25]/C
  -------------------------------------------------------------------    -------------------
    SLICE_X57Y95         FDRE (Prop_fdre_C_Q)         0.141     1.625 r  u_q/acc_reg[25]/Q
                         net (fo=11, routed)          0.250     1.875    u_q/acc_reg_n_0_[25]
    SLICE_X51Y95         FDRE                                         r  u_q/q_row_reg[5][25]/D
  -------------------------------------------------------------------    -------------------

                         (clock sys_clk_pin rise edge)
                                                      0.000     0.000 r  <hidden>
    E3                                                0.000     0.000 r  CLK100MHZ
                         net (fo=0)                   0.000     0.000    CLK100MHZ
    E3                   IBUF (Prop_ibuf_I_O)         0.438     0.438 r  CLK100MHZ_IBUF_inst/O
                         net (fo=1, routed)           0.699     1.136    CLK100MHZ_IBUF
    BUFGCTRL_X0Y16       BUFG (Prop_bufg_I_O)         0.029     1.165 r  CLK100MHZ_IBUF_BUFG_inst/O
                         net (fo=5230, routed)        0.835     2.000    u_q/clk
    SLICE_X51Y95         FDRE                                         r  u_q/q_row_reg[5][25]/C
                         clock pessimism             -0.250     1.749    <hidden>
    SLICE_X51Y95         FDRE (Hold_fdre_C_D)         0.070     1.819    u_q/q_row_reg[5][25]
  -------------------------------------------------------------------
                         required time                         -1.819    <hidden>
                         arrival time                           1.875    <hidden>
  -------------------------------------------------------------------
                         slack                                  0.056    <hidden>

Slack (MET) :             0.057ns  (arrival time - required time)
  Source:                 u_fem/u_fem/t2_wdata_reg[15]/C
                            (rising edge-triggered cell FDRE clocked by sys_clk_pin  {rise@0.000ns fall@5.000ns period=10.000ns})
  Destination:            u_fem/u_adp/req_wdata_reg[15]/D
                            (rising edge-triggered cell FDCE clocked by sys_clk_pin  {rise@0.000ns fall@5.000ns period=10.000ns})
  Path Group:             sys_clk_pin
  Path Type:              Hold (Min at Fast Process Corner)
  Requirement:            0.000ns  (sys_clk_pin rise@0.000ns - sys_clk_pin rise@0.000ns)
  Data Path Delay:        0.370ns  (logic 0.141ns (38.125%)  route 0.229ns (61.875%))
  Logic Levels:           0  
  Clock Path Skew:        0.266ns (DCD - SCD - CPR)
    Destination Clock Delay (DCD):    2.066ns
    Source Clock Delay      (SCD):    1.546ns
    Clock Pessimism Removal (CPR):    0.254ns

    Location             Delay type                Incr(ns)  Path(ns)    Netlist Resource(s)
  -------------------------------------------------------------------    -------------------
                         (clock sys_clk_pin rise edge)
                                                      0.000     0.000 r  <hidden>
    E3                                                0.000     0.000 r  CLK100MHZ
                         net (fo=0)                   0.000     0.000    CLK100MHZ
    E3                   IBUF (Prop_ibuf_I_O)         0.250     0.250 r  CLK100MHZ_IBUF_inst/O
                         net (fo=1, routed)           0.644     0.894    CLK100MHZ_IBUF
    BUFGCTRL_X0Y16       BUFG (Prop_bufg_I_O)         0.026     0.920 r  CLK100MHZ_IBUF_BUFG_inst/O
                         net (fo=5230, routed)        0.626     1.546    u_fem/u_fem/clk
    SLICE_X55Y14         FDRE                                         r  u_fem/u_fem/t2_wdata_reg[15]/C
  -------------------------------------------------------------------    -------------------
    SLICE_X55Y14         FDRE (Prop_fdre_C_Q)         0.141     1.687 r  u_fem/u_fem/t2_wdata_reg[15]/Q
                         net (fo=1, routed)           0.229     1.916    u_fem/u_adp/req_wdata_reg[31]_1[15]
    SLICE_X48Y15         FDCE                                         r  u_fem/u_adp/req_wdata_reg[15]/D
  -------------------------------------------------------------------    -------------------

                         (clock sys_clk_pin rise edge)
                                                      0.000     0.000 r  <hidden>
    E3                                                0.000     0.000 r  CLK100MHZ
                         net (fo=0)                   0.000     0.000    CLK100MHZ
    E3                   IBUF (Prop_ibuf_I_O)         0.438     0.438 r  CLK100MHZ_IBUF_inst/O
                         net (fo=1, routed)           0.699     1.136    CLK100MHZ_IBUF
    BUFGCTRL_X0Y16       BUFG (Prop_bufg_I_O)         0.029     1.165 r  CLK100MHZ_IBUF_BUFG_inst/O
                         net (fo=5230, routed)        0.901     2.066    u_fem/u_adp/clk
    SLICE_X48Y15         FDCE                                         r  u_fem/u_adp/req_wdata_reg[15]/C
                         clock pessimism             -0.254     1.812    <hidden>
    SLICE_X48Y15         FDCE (Hold_fdce_C_D)         0.047     1.859    u_fem/u_adp/req_wdata_reg[15]
  -------------------------------------------------------------------
                         required time                         -1.859    <hidden>
                         arrival time                           1.916    <hidden>
  -------------------------------------------------------------------
                         slack                                  0.057    <hidden>

Slack (MET) :             0.067ns  (arrival time - required time)
  Source:                 u_q/acc_reg[25]/C
                            (rising edge-triggered cell FDRE clocked by sys_clk_pin  {rise@0.000ns fall@5.000ns period=10.000ns})
  Destination:            u_q/q_row_reg[7][25]/D
                            (rising edge-triggered cell FDRE clocked by sys_clk_pin  {rise@0.000ns fall@5.000ns period=10.000ns})
  Path Group:             sys_clk_pin
  Path Type:              Hold (Min at Fast Process Corner)
  Requirement:            0.000ns  (sys_clk_pin rise@0.000ns - sys_clk_pin rise@0.000ns)
  Data Path Delay:        0.402ns  (logic 0.141ns (35.047%)  route 0.261ns (64.953%))
  Logic Levels:           0  
  Clock Path Skew:        0.265ns (DCD - SCD - CPR)
    Destination Clock Delay (DCD):    2.000ns
    Source Clock Delay      (SCD):    1.484ns
    Clock Pessimism Removal (CPR):    0.250ns

    Location             Delay type                Incr(ns)  Path(ns)    Netlist Resource(s)
  -------------------------------------------------------------------    -------------------
                         (clock sys_clk_pin rise edge)
                                                      0.000     0.000 r  <hidden>
    E3                                                0.000     0.000 r  CLK100MHZ
                         net (fo=0)                   0.000     0.000    CLK100MHZ
    E3                   IBUF (Prop_ibuf_I_O)         0.250     0.250 r  CLK100MHZ_IBUF_inst/O
                         net (fo=1, routed)           0.644     0.894    CLK100MHZ_IBUF
    BUFGCTRL_X0Y16       BUFG (Prop_bufg_I_O)         0.026     0.920 r  CLK100MHZ_IBUF_BUFG_inst/O
                         net (fo=5230, routed)        0.565     1.484    u_q/clk
    SLICE_X57Y95         FDRE                                         r  u_q/acc_reg[25]/C
  -------------------------------------------------------------------    -------------------
    SLICE_X57Y95         FDRE (Prop_fdre_C_Q)         0.141     1.625 r  u_q/acc_reg[25]/Q
                         net (fo=11, routed)          0.261     1.887    u_q/acc_reg_n_0_[25]
    SLICE_X51Y96         FDRE                                         r  u_q/q_row_reg[7][25]/D
  -------------------------------------------------------------------    -------------------

                         (clock sys_clk_pin rise edge)
                                                      0.000     0.000 r  <hidden>
    E3                                                0.000     0.000 r  CLK100MHZ
                         net (fo=0)                   0.000     0.000    CLK100MHZ
    E3                   IBUF (Prop_ibuf_I_O)         0.438     0.438 r  CLK100MHZ_IBUF_inst/O
                         net (fo=1, routed)           0.699     1.136    CLK100MHZ_IBUF
    BUFGCTRL_X0Y16       BUFG (Prop_bufg_I_O)         0.029     1.165 r  CLK100MHZ_IBUF_BUFG_inst/O
                         net (fo=5230, routed)        0.835     2.000    u_q/clk
    SLICE_X51Y96         FDRE                                         r  u_q/q_row_reg[7][25]/C
                         clock pessimism             -0.250     1.749    <hidden>
    SLICE_X51Y96         FDRE (Hold_fdre_C_D)         0.070     1.819    u_q/q_row_reg[7][25]
  -------------------------------------------------------------------
                         required time                         -1.819    <hidden>
                         arrival time                           1.887    <hidden>
  -------------------------------------------------------------------
                         slack                                  0.067    <hidden>

Slack (MET) :             0.072ns  (arrival time - required time)
  Source:                 u_fem/u_ce/t2_rdata_reg[23]/C
                            (rising edge-triggered cell FDCE clocked by sys_clk_pin  {rise@0.000ns fall@5.000ns period=10.000ns})
  Destination:            u_fem/u_fem/rd_hdr2_reg[23]/D
                            (rising edge-triggered cell FDRE clocked by sys_clk_pin  {rise@0.000ns fall@5.000ns period=10.000ns})
  Path Group:             sys_clk_pin
  Path Type:              Hold (Min at Fast Process Corner)
  Requirement:            0.000ns  (sys_clk_pin rise@0.000ns - sys_clk_pin rise@0.000ns)
  Data Path Delay:        0.406ns  (logic 0.141ns (34.717%)  route 0.265ns (65.283%))
  Logic Levels:           0  
  Clock Path Skew:        0.263ns (DCD - SCD - CPR)
    Destination Clock Delay (DCD):    2.059ns
    Source Clock Delay      (SCD):    1.542ns
    Clock Pessimism Removal (CPR):    0.254ns

    Location             Delay type                Incr(ns)  Path(ns)    Netlist Resource(s)
  -------------------------------------------------------------------    -------------------
                         (clock sys_clk_pin rise edge)
                                                      0.000     0.000 r  <hidden>
    E3                                                0.000     0.000 r  CLK100MHZ
                         net (fo=0)                   0.000     0.000    CLK100MHZ
    E3                   IBUF (Prop_ibuf_I_O)         0.250     0.250 r  CLK100MHZ_IBUF_inst/O
                         net (fo=1, routed)           0.644     0.894    CLK100MHZ_IBUF
    BUFGCTRL_X0Y16       BUFG (Prop_bufg_I_O)         0.026     0.920 r  CLK100MHZ_IBUF_BUFG_inst/O
                         net (fo=5230, routed)        0.622     1.542    u_fem/u_ce/clk
    SLICE_X47Y22         FDCE                                         r  u_fem/u_ce/t2_rdata_reg[23]/C
  -------------------------------------------------------------------    -------------------
    SLICE_X47Y22         FDCE (Prop_fdce_C_Q)         0.141     1.683 r  u_fem/u_ce/t2_rdata_reg[23]/Q
                         net (fo=7, routed)           0.265     1.948    u_fem/u_fem/rd_commit_reg[31]_0[23]
    SLICE_X53Y19         FDRE                                         r  u_fem/u_fem/rd_hdr2_reg[23]/D
  -------------------------------------------------------------------    -------------------

                         (clock sys_clk_pin rise edge)
                                                      0.000     0.000 r  <hidden>
    E3                                                0.000     0.000 r  CLK100MHZ
                         net (fo=0)                   0.000     0.000    CLK100MHZ
    E3                   IBUF (Prop_ibuf_I_O)         0.438     0.438 r  CLK100MHZ_IBUF_inst/O
                         net (fo=1, routed)           0.699     1.136    CLK100MHZ_IBUF
    BUFGCTRL_X0Y16       BUFG (Prop_bufg_I_O)         0.029     1.165 r  CLK100MHZ_IBUF_BUFG_inst/O
                         net (fo=5230, routed)        0.894     2.059    u_fem/u_fem/clk
    SLICE_X53Y19         FDRE                                         r  u_fem/u_fem/rd_hdr2_reg[23]/C
                         clock pessimism             -0.254     1.805    <hidden>
    SLICE_X53Y19         FDRE (Hold_fdre_C_D)         0.071     1.876    u_fem/u_fem/rd_hdr2_reg[23]
  -------------------------------------------------------------------
                         required time                         -1.876    <hidden>
                         arrival time                           1.948    <hidden>
  -------------------------------------------------------------------
                         slack                                  0.072    <hidden>

Slack (MET) :             0.074ns  (arrival time - required time)
  Source:                 u_q/acc_reg[17]/C
                            (rising edge-triggered cell FDRE clocked by sys_clk_pin  {rise@0.000ns fall@5.000ns period=10.000ns})
  Destination:            u_q/q_row_reg[6][17]/D
                            (rising edge-triggered cell FDRE clocked by sys_clk_pin  {rise@0.000ns fall@5.000ns period=10.000ns})
  Path Group:             sys_clk_pin
  Path Type:              Hold (Min at Fast Process Corner)
  Requirement:            0.000ns  (sys_clk_pin rise@0.000ns - sys_clk_pin rise@0.000ns)
  Data Path Delay:        0.413ns  (logic 0.164ns (39.675%)  route 0.249ns (60.325%))
  Logic Levels:           0  
  Clock Path Skew:        0.264ns (DCD - SCD - CPR)
    Destination Clock Delay (DCD):    2.000ns
    Source Clock Delay      (SCD):    1.485ns
    Clock Pessimism Removal (CPR):    0.250ns

    Location             Delay type                Incr(ns)  Path(ns)    Netlist Resource(s)
  -------------------------------------------------------------------    -------------------
                         (clock sys_clk_pin rise edge)
                                                      0.000     0.000 r  <hidden>
    E3                                                0.000     0.000 r  CLK100MHZ
                         net (fo=0)                   0.000     0.000    CLK100MHZ
    E3                   IBUF (Prop_ibuf_I_O)         0.250     0.250 r  CLK100MHZ_IBUF_inst/O
                         net (fo=1, routed)           0.644     0.894    CLK100MHZ_IBUF
    BUFGCTRL_X0Y16       BUFG (Prop_bufg_I_O)         0.026     0.920 r  CLK100MHZ_IBUF_BUFG_inst/O
                         net (fo=5230, routed)        0.566     1.485    u_q/clk
    SLICE_X56Y97         FDRE                                         r  u_q/acc_reg[17]/C
  -------------------------------------------------------------------    -------------------
    SLICE_X56Y97         FDRE (Prop_fdre_C_Q)         0.164     1.649 r  u_q/acc_reg[17]/Q
                         net (fo=11, routed)          0.249     1.899    u_q/acc_reg_n_0_[17]
    SLICE_X50Y96         FDRE                                         r  u_q/q_row_reg[6][17]/D
  -------------------------------------------------------------------    -------------------

                         (clock sys_clk_pin rise edge)
                                                      0.000     0.000 r  <hidden>
    E3                                                0.000     0.000 r  CLK100MHZ
                         net (fo=0)                   0.000     0.000    CLK100MHZ
    E3                   IBUF (Prop_ibuf_I_O)         0.438     0.438 r  CLK100MHZ_IBUF_inst/O
                         net (fo=1, routed)           0.699     1.136    CLK100MHZ_IBUF
    BUFGCTRL_X0Y16       BUFG (Prop_bufg_I_O)         0.029     1.165 r  CLK100MHZ_IBUF_BUFG_inst/O
                         net (fo=5230, routed)        0.835     2.000    u_q/clk
    SLICE_X50Y96         FDRE                                         r  u_q/q_row_reg[6][17]/C
                         clock pessimism             -0.250     1.749    <hidden>
    SLICE_X50Y96         FDRE (Hold_fdre_C_D)         0.075     1.824    u_q/q_row_reg[6][17]
  -------------------------------------------------------------------
                         required time                         -1.824    <hidden>
                         arrival time                           1.899    <hidden>
  -------------------------------------------------------------------
                         slack                                  0.074    <hidden>





Pulse Width Checks
--------------------------------------------------------------------------------------
Clock Name:         sys_clk_pin
Waveform(ns):       { 0.000 5.000 }
Period(ns):         10.000
Sources:            { CLK100MHZ }

Check Type        Corner  Lib Pin             Reference Pin  Required(ns)  Actual(ns)  Slack(ns)  Location      Pin
Min Period        n/a     DSP48E1/CLK         n/a            3.884         10.000      6.116      DSP48_X1Y41   u_q/da_r_reg/CLK
Min Period        n/a     RAMB36E1/CLKARDCLK  n/a            2.944         10.000      7.056      RAMB36_X0Y3   u_dest/dest_reg_0/CLKARDCLK
Min Period        n/a     RAMB36E1/CLKARDCLK  n/a            2.944         10.000      7.056      RAMB36_X1Y2   u_dest/dest_reg_1/CLKARDCLK
Min Period        n/a     RAMB36E1/CLKARDCLK  n/a            2.944         10.000      7.056      RAMB36_X0Y5   u_dest/dest_reg_10/CLKARDCLK
Min Period        n/a     RAMB36E1/CLKARDCLK  n/a            2.944         10.000      7.056      RAMB36_X2Y1   u_dest/dest_reg_11/CLKARDCLK
Min Period        n/a     RAMB36E1/CLKARDCLK  n/a            2.944         10.000      7.056      RAMB36_X0Y0   u_dest/dest_reg_12/CLKARDCLK
Min Period        n/a     RAMB36E1/CLKARDCLK  n/a            2.944         10.000      7.056      RAMB36_X1Y0   u_dest/dest_reg_13/CLKARDCLK
Min Period        n/a     RAMB36E1/CLKARDCLK  n/a            2.944         10.000      7.056      RAMB36_X2Y4   u_dest/dest_reg_14/CLKARDCLK
Min Period        n/a     RAMB36E1/CLKARDCLK  n/a            2.944         10.000      7.056      RAMB36_X1Y1   u_dest/dest_reg_15/CLKARDCLK
Min Period        n/a     RAMB36E1/CLKARDCLK  n/a            2.944         10.000      7.056      RAMB36_X0Y6   u_dest/dest_reg_2/CLKARDCLK
Low Pulse Width   Slow    FDCE/C              n/a            0.500         5.000       4.500      SLICE_X24Y31  ack_d_reg/C
Low Pulse Width   Fast    FDCE/C              n/a            0.500         5.000       4.500      SLICE_X24Y31  ack_d_reg/C
Low Pulse Width   Slow    FDCE/C              n/a            0.500         5.000       4.500      SLICE_X24Y31  nak_d_reg/C
Low Pulse Width   Fast    FDCE/C              n/a            0.500         5.000       4.500      SLICE_X24Y31  nak_d_reg/C
Low Pulse Width   Slow    FDCE/C              n/a            0.500         5.000       4.500      SLICE_X24Y30  st_data_reg[0]/C
Low Pulse Width   Fast    FDCE/C              n/a            0.500         5.000       4.500      SLICE_X24Y30  st_data_reg[0]/C
Low Pulse Width   Slow    FDCE/C              n/a            0.500         5.000       4.500      SLICE_X25Y30  st_data_reg[10]/C
Low Pulse Width   Fast    FDCE/C              n/a            0.500         5.000       4.500      SLICE_X25Y30  st_data_reg[10]/C
Low Pulse Width   Slow    FDCE/C              n/a            0.500         5.000       4.500      SLICE_X25Y30  st_data_reg[11]/C
Low Pulse Width   Fast    FDCE/C              n/a            0.500         5.000       4.500      SLICE_X25Y30  st_data_reg[11]/C
High Pulse Width  Slow    FDCE/C              n/a            0.500         5.000       4.500      SLICE_X24Y31  ack_d_reg/C
High Pulse Width  Fast    FDCE/C              n/a            0.500         5.000       4.500      SLICE_X24Y31  ack_d_reg/C
High Pulse Width  Slow    FDCE/C              n/a            0.500         5.000       4.500      SLICE_X24Y31  nak_d_reg/C
High Pulse Width  Fast    FDCE/C              n/a            0.500         5.000       4.500      SLICE_X24Y31  nak_d_reg/C
High Pulse Width  Slow    FDCE/C              n/a            0.500         5.000       4.500      SLICE_X24Y30  st_data_reg[0]/C
High Pulse Width  Fast    FDCE/C              n/a            0.500         5.000       4.500      SLICE_X24Y30  st_data_reg[0]/C
High Pulse Width  Slow    FDCE/C              n/a            0.500         5.000       4.500      SLICE_X25Y30  st_data_reg[10]/C
High Pulse Width  Fast    FDCE/C              n/a            0.500         5.000       4.500      SLICE_X25Y30  st_data_reg[10]/C
High Pulse Width  Slow    FDCE/C              n/a            0.500         5.000       4.500      SLICE_X25Y30  st_data_reg[11]/C
High Pulse Width  Fast    FDCE/C              n/a            0.500         5.000       4.500      SLICE_X25Y30  st_data_reg[11]/C



