Copyright 1986-2022 Xilinx, Inc. All Rights Reserved. Copyright 2022-2026 Advanced Micro Devices, Inc. All Rights Reserved.
---------------------------------------------------------------------------------------------------------------------------------------------
| Tool Version : Vivado v.2026.1 (win64) Build 6511674 Tue Jun 16 11:02:23 MDT 2026
| Date         : Wed Sep 16 18:17:44 2026
| Host         : laptop-Quan running 64-bit major release  (build 9200)
| Command      : report_timing_summary -delay_type min_max -max_paths 10 -file D:/FPGA/arty_d/reports/timing.rpt
| Design       : arty_a7_r2_top
| Device       : 7a100t-csg324
| Speed File   : -1  PRODUCTION 1.23 2018-06-13
| Design State : Synthesized
---------------------------------------------------------------------------------------------------------------------------------------------

Timing Summary Report

------------------------------------------------------------------------------------------------
| Timer Settings
| --------------
------------------------------------------------------------------------------------------------

  Enable Multi Corner Analysis               :  Yes
  Enable Pessimism Removal                   :  Yes
  Pessimism Removal Resolution               :  Nearest Common Node
  Enable Input Delay Default Clock           :  No
  Enable Preset / Clear Arcs                 :  No
  Disable Flight Delays                      :  No
  Ignore I/O Paths                           :  No
  Timing Early Launch at Borrowing Latches   :  No
  Borrow Time for Max Delay Exceptions       :  Yes
  Merge Timing Exceptions                    :  Yes
  Inter-SLR Compensation                     :  Conservative

  Corner  Analyze    Analyze    
  Name    Max Paths  Min Paths  
  ------  ---------  ---------  
  Slow    Yes        Yes        
  Fast    Yes        Yes        


------------------------------------------------------------------------------------------------
| Report Methodology
| ------------------
------------------------------------------------------------------------------------------------

No report available as report_methodology has not been run prior. Run report_methodology on the current design for the summary of methodology violations.



check_timing report

Table of Contents
-----------------
1. checking no_clock (0)
2. checking constant_clock (0)
3. checking pulse_width_clock (0)
4. checking unconstrained_internal_endpoints (0)
5. checking no_input_delay (2)
6. checking no_output_delay (4)
7. checking multiple_clock (0)
8. checking generated_clocks (0)
9. checking loops (0)
10. checking partial_input_delay (0)
11. checking partial_output_delay (0)
12. checking latch_loops (0)

1. checking no_clock (0)
------------------------
 There are 0 register/latch pins with no clock.


2. checking constant_clock (0)
------------------------------
 There are 0 register/latch pins with constant_clock.


3. checking pulse_width_clock (0)
---------------------------------
 There are 0 register/latch pins which need pulse_width check


4. checking unconstrained_internal_endpoints (0)
------------------------------------------------
 There are 0 pins that are not constrained for maximum delay.

 There are 0 pins that are not constrained for maximum delay due to constant clock.


5. checking no_input_delay (2)
------------------------------
 There are 2 input ports with no input delay specified. (HIGH)

 There are 0 input ports with no input delay but user has a false path constraint.


6. checking no_output_delay (4)
-------------------------------
 There are 4 ports with no output delay specified. (HIGH)

 There are 0 ports with no output delay but user has a false path constraint

 There are 0 ports with no output delay but with a timing clock defined on it or propagating through it


7. checking multiple_clock (0)
------------------------------
 There are 0 register/latch pins with multiple clocks.


8. checking generated_clocks (0)
--------------------------------
 There are 0 generated clocks that are not connected to a clock source.


9. checking loops (0)
---------------------
 There are 0 combinational loops in the design.


10. checking partial_input_delay (0)
------------------------------------
 There are 0 input ports with partial input delay specified.


11. checking partial_output_delay (0)
-------------------------------------
 There are 0 ports with partial output delay specified.


12. checking latch_loops (0)
----------------------------
 There are 0 combinational latch loops in the design through latch input



------------------------------------------------------------------------------------------------
| Design Timing Summary
| ---------------------
------------------------------------------------------------------------------------------------

    WNS(ns)      TNS(ns)  TNS Failing Endpoints  TNS Total Endpoints      WHS(ns)      THS(ns)  THS Failing Endpoints  THS Total Endpoints     WPWS(ns)     TPWS(ns)  TPWS Failing Endpoints  TPWS Total Endpoints  
    -------      -------  ---------------------  -------------------      -------      -------  ---------------------  -------------------     --------     --------  ----------------------  --------------------  
      1.549        0.000                      0                 9780        0.070        0.000                      0                 9780        4.500        0.000                       0                  5144  


All user specified timing constraints are met.


------------------------------------------------------------------------------------------------
| Clock Summary
| -------------
------------------------------------------------------------------------------------------------

Clock        Waveform(ns)       Period(ns)      Frequency(MHz)
-----        ------------       ----------      --------------
sys_clk_pin  {0.000 5.000}      10.000          100.000         


------------------------------------------------------------------------------------------------
| Intra Clock Table
| -----------------
------------------------------------------------------------------------------------------------

Clock             WNS(ns)      TNS(ns)  TNS Failing Endpoints  TNS Total Endpoints      WHS(ns)      THS(ns)  THS Failing Endpoints  THS Total Endpoints     WPWS(ns)     TPWS(ns)  TPWS Failing Endpoints  TPWS Total Endpoints  
-----             -------      -------  ---------------------  -------------------      -------      -------  ---------------------  -------------------     --------     --------  ----------------------  --------------------  
sys_clk_pin         1.549        0.000                      0                 9780        0.070        0.000                      0                 9780        4.500        0.000                       0                  5144  


------------------------------------------------------------------------------------------------
| Inter Clock Table
| -----------------
------------------------------------------------------------------------------------------------

From Clock    To Clock          WNS(ns)      TNS(ns)  TNS Failing Endpoints  TNS Total Endpoints      WHS(ns)      THS(ns)  THS Failing Endpoints  THS Total Endpoints  
----------    --------          -------      -------  ---------------------  -------------------      -------      -------  ---------------------  -------------------  


------------------------------------------------------------------------------------------------
| Other Path Groups Table
| -----------------------
------------------------------------------------------------------------------------------------

Path Group    From Clock    To Clock          WNS(ns)      TNS(ns)  TNS Failing Endpoints  TNS Total Endpoints      WHS(ns)      THS(ns)  THS Failing Endpoints  THS Total Endpoints  
----------    ----------    --------          -------      -------  ---------------------  -------------------      -------      -------  ---------------------  -------------------  


------------------------------------------------------------------------------------------------
| Timing Details
| --------------
------------------------------------------------------------------------------------------------


---------------------------------------------------------------------------------------------------
From Clock:  sys_clk_pin
  To Clock:  sys_clk_pin

Setup :            0  Failing Endpoints,  Worst Slack        1.549ns,  Total Violation        0.000ns
Hold  :            0  Failing Endpoints,  Worst Slack        0.070ns,  Total Violation        0.000ns
PW    :            0  Failing Endpoints,  Worst Slack        4.500ns,  Total Violation        0.000ns
---------------------------------------------------------------------------------------------------


Max Delay Paths
--------------------------------------------------------------------------------------
Slack (MET) :             1.549ns  (required time - arrival time)
  Source:                 u_spear/spear/desc_r_reg[65]/C
                            (rising edge-triggered cell FDRE clocked by sys_clk_pin  {rise@0.000ns fall@5.000ns period=10.000ns})
  Destination:            u_spear/spear/desc_ok_reg/D
                            (rising edge-triggered cell FDRE clocked by sys_clk_pin  {rise@0.000ns fall@5.000ns period=10.000ns})
  Path Group:             sys_clk_pin
  Path Type:              Setup (Max at Slow Process Corner)
  Requirement:            10.000ns  (sys_clk_pin rise@10.000ns - sys_clk_pin rise@0.000ns)
  Data Path Delay:        8.315ns  (logic 2.404ns (28.912%)  route 5.911ns (71.088%))
  Logic Levels:           10  (CARRY4=2 LUT4=1 LUT5=2 LUT6=5)
  Clock Path Skew:        -0.145ns (DCD - SCD + CPR)
    Destination Clock Delay (DCD):    2.704ns = ( 12.704 - 10.000 ) 
    Source Clock Delay      (SCD):    2.965ns
    Clock Pessimism Removal (CPR):    0.116ns
  Clock Uncertainty:      0.035ns  ((TSJ^2 + TIJ^2)^1/2 + DJ) / 2 + PE
    Total System Jitter     (TSJ):    0.071ns
    Total Input Jitter      (TIJ):    0.000ns
    Discrete Jitter          (DJ):    0.000ns
    Phase Error              (PE):    0.000ns

    Location             Delay type                Incr(ns)  Path(ns)    Netlist Resource(s)
  -------------------------------------------------------------------    -------------------
                         (clock sys_clk_pin rise edge)
                                                      0.000     0.000 r  <hidden>
    E3                                                0.000     0.000 r  CLK100MHZ
                         net (fo=0)                   0.000     0.000    CLK100MHZ
    E3                   IBUF (Prop_ibuf_I_O)         1.482     1.482 r  CLK100MHZ_IBUF_inst/O
                         net (fo=1, unplaced)         0.803     2.285    CLK100MHZ_IBUF
                         BUFG (Prop_bufg_I_O)         0.096     2.381 r  CLK100MHZ_IBUF_BUFG_inst/O
                         net (fo=5149, unplaced)      0.584     2.965    u_spear/spear/clk
                         FDRE                                         r  u_spear/spear/desc_r_reg[65]/C
  -------------------------------------------------------------------    -------------------
                         FDRE (Prop_fdre_C_Q)         0.478     3.443 r  u_spear/spear/desc_r_reg[65]/Q
                         net (fo=3, unplaced)         0.983     4.426    u_spear/spear/d_gen[5]
                         LUT6 (Prop_lut6_I0_O)        0.295     4.721 r  u_spear/spear/desc_ok_i_111/O
                         net (fo=7, unplaced)         0.484     5.205    u_spear/spear/desc_ok_i_111_n_0
                         LUT5 (Prop_lut5_I0_O)        0.124     5.329 r  u_spear/spear/desc_ok_i_100/O
                         net (fo=5, unplaced)         0.477     5.806    u_spear/spear/desc_ok_i_100_n_0
                         LUT5 (Prop_lut5_I0_O)        0.124     5.930 r  u_spear/spear/desc_ok_i_104/O
                         net (fo=7, unplaced)         0.976     6.906    u_spear/spear/desc_ok_i_104_n_0
                         LUT6 (Prop_lut6_I0_O)        0.124     7.030 r  u_spear/spear/desc_ok_i_58/O
                         net (fo=9, unplaced)         0.982     8.012    u_spear/spear/desc_ok_i_58_n_0
                         LUT6 (Prop_lut6_I1_O)        0.124     8.136 r  u_spear/spear/desc_ok_i_29/O
                         net (fo=4, unplaced)         0.756     8.892    u_spear/spear/desc_ok_i_29_n_0
                         LUT6 (Prop_lut6_I2_O)        0.124     9.016 r  u_spear/spear/desc_ok_i_46/O
                         net (fo=1, unplaced)         0.941     9.957    u_spear/spear/desc_ok_i_46_n_0
                         LUT6 (Prop_lut6_I0_O)        0.124    10.081 r  u_spear/spear/desc_ok_i_25/O
                         net (fo=1, unplaced)         0.000    10.081    u_spear/spear/desc_ok_i_25_n_0
                         CARRY4 (Prop_carry4_S[3]_CO[3])
                                                      0.376    10.457 r  u_spear/spear/desc_ok_reg_i_13/CO[3]
                         net (fo=1, unplaced)         0.000    10.457    u_spear/spear/desc_ok_reg_i_13_n_0
                         CARRY4 (Prop_carry4_CI_CO[1])
                                                      0.179    10.636 r  u_spear/spear/desc_ok_reg_i_3/CO[1]
                         net (fo=1, unplaced)         0.312    10.948    u_spear/spear/crc_ok
                         LUT4 (Prop_lut4_I1_O)        0.332    11.280 r  u_spear/spear/desc_ok_i_1/O
                         net (fo=1, unplaced)         0.000    11.280    u_spear/spear/desc_ok_i_1_n_0
                         FDRE                                         r  u_spear/spear/desc_ok_reg/D
  -------------------------------------------------------------------    -------------------

                         (clock sys_clk_pin rise edge)
                                                     10.000    10.000 r  <hidden>
    E3                                                0.000    10.000 r  CLK100MHZ
                         net (fo=0)                   0.000    10.000    CLK100MHZ
    E3                   IBUF (Prop_ibuf_I_O)         1.411    11.411 r  CLK100MHZ_IBUF_inst/O
                         net (fo=1, unplaced)         0.763    12.174    CLK100MHZ_IBUF
                         BUFG (Prop_bufg_I_O)         0.091    12.265 r  CLK100MHZ_IBUF_BUFG_inst/O
                         net (fo=5149, unplaced)      0.439    12.704    u_spear/spear/clk
                         FDRE                                         r  u_spear/spear/desc_ok_reg/C
                         clock pessimism              0.116    12.820    <hidden>
                         clock uncertainty           -0.035    12.784    <hidden>
                         FDRE (Setup_fdre_C_D)        0.044    12.828    u_spear/spear/desc_ok_reg
  -------------------------------------------------------------------
                         required time                         12.828    <hidden>
                         arrival time                         -11.280    <hidden>
  -------------------------------------------------------------------
                         slack                                  1.549    <hidden>

Slack (MET) :             1.607ns  (required time - arrival time)
  Source:                 u_q/feat_r_reg[63]/C
                            (rising edge-triggered cell FDRE clocked by sys_clk_pin  {rise@0.000ns fall@5.000ns period=10.000ns})
  Destination:            u_q/m2_r_reg/PCIN[0]
                            (rising edge-triggered cell DSP48E1 clocked by sys_clk_pin  {rise@0.000ns fall@5.000ns period=10.000ns})
  Path Group:             sys_clk_pin
  Path Type:              Setup (Max at Slow Process Corner)
  Requirement:            10.000ns  (sys_clk_pin rise@10.000ns - sys_clk_pin rise@0.000ns)
  Data Path Delay:        6.813ns  (logic 5.045ns (74.051%)  route 1.768ns (25.949%))
  Logic Levels:           3  (DSP48E1=1 LUT6=1 MUXF7=1)
  Clock Path Skew:        -0.145ns (DCD - SCD + CPR)
    Destination Clock Delay (DCD):    2.704ns = ( 12.704 - 10.000 ) 
    Source Clock Delay      (SCD):    2.965ns
    Clock Pessimism Removal (CPR):    0.116ns
  Clock Uncertainty:      0.035ns  ((TSJ^2 + TIJ^2)^1/2 + DJ) / 2 + PE
    Total System Jitter     (TSJ):    0.071ns
    Total Input Jitter      (TIJ):    0.000ns
    Discrete Jitter          (DJ):    0.000ns
    Phase Error              (PE):    0.000ns

    Location             Delay type                Incr(ns)  Path(ns)    Netlist Resource(s)
  -------------------------------------------------------------------    -------------------
                         (clock sys_clk_pin rise edge)
                                                      0.000     0.000 r  <hidden>
    E3                                                0.000     0.000 r  CLK100MHZ
                         net (fo=0)                   0.000     0.000    CLK100MHZ
    E3                   IBUF (Prop_ibuf_I_O)         1.482     1.482 r  CLK100MHZ_IBUF_inst/O
                         net (fo=1, unplaced)         0.803     2.285    CLK100MHZ_IBUF
                         BUFG (Prop_bufg_I_O)         0.096     2.381 r  CLK100MHZ_IBUF_BUFG_inst/O
                         net (fo=5149, unplaced)      0.584     2.965    u_q/clk
                         FDRE                                         r  u_q/feat_r_reg[63]/C
  -------------------------------------------------------------------    -------------------
                         FDRE (Prop_fdre_C_Q)         0.478     3.443 r  u_q/feat_r_reg[63]/Q
                         net (fo=1, unplaced)         0.965     4.408    u_q/data7[7]
                         LUT6 (Prop_lut6_I0_O)        0.295     4.703 r  u_q/m2_i_11/O
                         net (fo=1, unplaced)         0.000     4.703    u_q/m2_i_11_n_0
                         MUXF7 (Prop_muxf7_I1_O)      0.247     4.950 r  u_q/m2_i_2/O
                         net (fo=33, unplaced)        0.803     5.753    u_q/m2_i_2_n_0
                         DSP48E1 (Prop_dsp48e1_B[17]_PCOUT[0])
                                                      4.025     9.778 r  u_q/m2/PCOUT[0]
                         net (fo=1, unplaced)         0.000     9.778    u_q/m2_n_153
                         DSP48E1                                      r  u_q/m2_r_reg/PCIN[0]
  -------------------------------------------------------------------    -------------------

                         (clock sys_clk_pin rise edge)
                                                     10.000    10.000 r  <hidden>
    E3                                                0.000    10.000 r  CLK100MHZ
                         net (fo=0)                   0.000    10.000    CLK100MHZ
    E3                   IBUF (Prop_ibuf_I_O)         1.411    11.411 r  CLK100MHZ_IBUF_inst/O
                         net (fo=1, unplaced)         0.763    12.174    CLK100MHZ_IBUF
                         BUFG (Prop_bufg_I_O)         0.091    12.265 r  CLK100MHZ_IBUF_BUFG_inst/O
                         net (fo=5149, unplaced)      0.439    12.704    u_q/clk
                         DSP48E1                                      r  u_q/m2_r_reg/CLK
                         clock pessimism              0.116    12.820    <hidden>
                         clock uncertainty           -0.035    12.784    <hidden>
                         DSP48E1 (Setup_dsp48e1_CLK_PCIN[0])
                                                     -1.400    11.384    u_q/m2_r_reg
  -------------------------------------------------------------------
                         required time                         11.384    <hidden>
                         arrival time                          -9.778    <hidden>
  -------------------------------------------------------------------
                         slack                                  1.607    <hidden>

Slack (MET) :             1.607ns  (required time - arrival time)
  Source:                 u_q/feat_r_reg[63]/C
                            (rising edge-triggered cell FDRE clocked by sys_clk_pin  {rise@0.000ns fall@5.000ns period=10.000ns})
  Destination:            u_q/m2_r_reg/PCIN[10]
                            (rising edge-triggered cell DSP48E1 clocked by sys_clk_pin  {rise@0.000ns fall@5.000ns period=10.000ns})
  Path Group:             sys_clk_pin
  Path Type:              Setup (Max at Slow Process Corner)
  Requirement:            10.000ns  (sys_clk_pin rise@10.000ns - sys_clk_pin rise@0.000ns)
  Data Path Delay:        6.813ns  (logic 5.045ns (74.051%)  route 1.768ns (25.949%))
  Logic Levels:           3  (DSP48E1=1 LUT6=1 MUXF7=1)
  Clock Path Skew:        -0.145ns (DCD - SCD + CPR)
    Destination Clock Delay (DCD):    2.704ns = ( 12.704 - 10.000 ) 
    Source Clock Delay      (SCD):    2.965ns
    Clock Pessimism Removal (CPR):    0.116ns
  Clock Uncertainty:      0.035ns  ((TSJ^2 + TIJ^2)^1/2 + DJ) / 2 + PE
    Total System Jitter     (TSJ):    0.071ns
    Total Input Jitter      (TIJ):    0.000ns
    Discrete Jitter          (DJ):    0.000ns
    Phase Error              (PE):    0.000ns

    Location             Delay type                Incr(ns)  Path(ns)    Netlist Resource(s)
  -------------------------------------------------------------------    -------------------
                         (clock sys_clk_pin rise edge)
                                                      0.000     0.000 r  <hidden>
    E3                                                0.000     0.000 r  CLK100MHZ
                         net (fo=0)                   0.000     0.000    CLK100MHZ
    E3                   IBUF (Prop_ibuf_I_O)         1.482     1.482 r  CLK100MHZ_IBUF_inst/O
                         net (fo=1, unplaced)         0.803     2.285    CLK100MHZ_IBUF
                         BUFG (Prop_bufg_I_O)         0.096     2.381 r  CLK100MHZ_IBUF_BUFG_inst/O
                         net (fo=5149, unplaced)      0.584     2.965    u_q/clk
                         FDRE                                         r  u_q/feat_r_reg[63]/C
  -------------------------------------------------------------------    -------------------
                         FDRE (Prop_fdre_C_Q)         0.478     3.443 r  u_q/feat_r_reg[63]/Q
                         net (fo=1, unplaced)         0.965     4.408    u_q/data7[7]
                         LUT6 (Prop_lut6_I0_O)        0.295     4.703 r  u_q/m2_i_11/O
                         net (fo=1, unplaced)         0.000     4.703    u_q/m2_i_11_n_0
                         MUXF7 (Prop_muxf7_I1_O)      0.247     4.950 r  u_q/m2_i_2/O
                         net (fo=33, unplaced)        0.803     5.753    u_q/m2_i_2_n_0
                         DSP48E1 (Prop_dsp48e1_B[17]_PCOUT[10])
                                                      4.025     9.778 r  u_q/m2/PCOUT[10]
                         net (fo=1, unplaced)         0.000     9.778    u_q/m2_n_143
                         DSP48E1                                      r  u_q/m2_r_reg/PCIN[10]
  -------------------------------------------------------------------    -------------------

                         (clock sys_clk_pin rise edge)
                                                     10.000    10.000 r  <hidden>
    E3                                                0.000    10.000 r  CLK100MHZ
                         net (fo=0)                   0.000    10.000    CLK100MHZ
    E3                   IBUF (Prop_ibuf_I_O)         1.411    11.411 r  CLK100MHZ_IBUF_inst/O
                         net (fo=1, unplaced)         0.763    12.174    CLK100MHZ_IBUF
                         BUFG (Prop_bufg_I_O)         0.091    12.265 r  CLK100MHZ_IBUF_BUFG_inst/O
                         net (fo=5149, unplaced)      0.439    12.704    u_q/clk
                         DSP48E1                                      r  u_q/m2_r_reg/CLK
                         clock pessimism              0.116    12.820    <hidden>
                         clock uncertainty           -0.035    12.784    <hidden>
                         DSP48E1 (Setup_dsp48e1_CLK_PCIN[10])
                                                     -1.400    11.384    u_q/m2_r_reg
  -------------------------------------------------------------------
                         required time                         11.384    <hidden>
                         arrival time                          -9.778    <hidden>
  -------------------------------------------------------------------
                         slack                                  1.607    <hidden>

Slack (MET) :             1.607ns  (required time - arrival time)
  Source:                 u_q/feat_r_reg[63]/C
                            (rising edge-triggered cell FDRE clocked by sys_clk_pin  {rise@0.000ns fall@5.000ns period=10.000ns})
  Destination:            u_q/m2_r_reg/PCIN[11]
                            (rising edge-triggered cell DSP48E1 clocked by sys_clk_pin  {rise@0.000ns fall@5.000ns period=10.000ns})
  Path Group:             sys_clk_pin
  Path Type:              Setup (Max at Slow Process Corner)
  Requirement:            10.000ns  (sys_clk_pin rise@10.000ns - sys_clk_pin rise@0.000ns)
  Data Path Delay:        6.813ns  (logic 5.045ns (74.051%)  route 1.768ns (25.949%))
  Logic Levels:           3  (DSP48E1=1 LUT6=1 MUXF7=1)
  Clock Path Skew:        -0.145ns (DCD - SCD + CPR)
    Destination Clock Delay (DCD):    2.704ns = ( 12.704 - 10.000 ) 
    Source Clock Delay      (SCD):    2.965ns
    Clock Pessimism Removal (CPR):    0.116ns
  Clock Uncertainty:      0.035ns  ((TSJ^2 + TIJ^2)^1/2 + DJ) / 2 + PE
    Total System Jitter     (TSJ):    0.071ns
    Total Input Jitter      (TIJ):    0.000ns
    Discrete Jitter          (DJ):    0.000ns
    Phase Error              (PE):    0.000ns

    Location             Delay type                Incr(ns)  Path(ns)    Netlist Resource(s)
  -------------------------------------------------------------------    -------------------
                         (clock sys_clk_pin rise edge)
                                                      0.000     0.000 r  <hidden>
    E3                                                0.000     0.000 r  CLK100MHZ
                         net (fo=0)                   0.000     0.000    CLK100MHZ
    E3                   IBUF (Prop_ibuf_I_O)         1.482     1.482 r  CLK100MHZ_IBUF_inst/O
                         net (fo=1, unplaced)         0.803     2.285    CLK100MHZ_IBUF
                         BUFG (Prop_bufg_I_O)         0.096     2.381 r  CLK100MHZ_IBUF_BUFG_inst/O
                         net (fo=5149, unplaced)      0.584     2.965    u_q/clk
                         FDRE                                         r  u_q/feat_r_reg[63]/C
  -------------------------------------------------------------------    -------------------
                         FDRE (Prop_fdre_C_Q)         0.478     3.443 r  u_q/feat_r_reg[63]/Q
                         net (fo=1, unplaced)         0.965     4.408    u_q/data7[7]
                         LUT6 (Prop_lut6_I0_O)        0.295     4.703 r  u_q/m2_i_11/O
                         net (fo=1, unplaced)         0.000     4.703    u_q/m2_i_11_n_0
                         MUXF7 (Prop_muxf7_I1_O)      0.247     4.950 r  u_q/m2_i_2/O
                         net (fo=33, unplaced)        0.803     5.753    u_q/m2_i_2_n_0
                         DSP48E1 (Prop_dsp48e1_B[17]_PCOUT[11])
                                                      4.025     9.778 r  u_q/m2/PCOUT[11]
                         net (fo=1, unplaced)         0.000     9.778    u_q/m2_n_142
                         DSP48E1                                      r  u_q/m2_r_reg/PCIN[11]
  -------------------------------------------------------------------    -------------------

                         (clock sys_clk_pin rise edge)
                                                     10.000    10.000 r  <hidden>
    E3                                                0.000    10.000 r  CLK100MHZ
                         net (fo=0)                   0.000    10.000    CLK100MHZ
    E3                   IBUF (Prop_ibuf_I_O)         1.411    11.411 r  CLK100MHZ_IBUF_inst/O
                         net (fo=1, unplaced)         0.763    12.174    CLK100MHZ_IBUF
                         BUFG (Prop_bufg_I_O)         0.091    12.265 r  CLK100MHZ_IBUF_BUFG_inst/O
                         net (fo=5149, unplaced)      0.439    12.704    u_q/clk
                         DSP48E1                                      r  u_q/m2_r_reg/CLK
                         clock pessimism              0.116    12.820    <hidden>
                         clock uncertainty           -0.035    12.784    <hidden>
                         DSP48E1 (Setup_dsp48e1_CLK_PCIN[11])
                                                     -1.400    11.384    u_q/m2_r_reg
  -------------------------------------------------------------------
                         required time                         11.384    <hidden>
                         arrival time                          -9.778    <hidden>
  -------------------------------------------------------------------
                         slack                                  1.607    <hidden>

Slack (MET) :             1.607ns  (required time - arrival time)
  Source:                 u_q/feat_r_reg[63]/C
                            (rising edge-triggered cell FDRE clocked by sys_clk_pin  {rise@0.000ns fall@5.000ns period=10.000ns})
  Destination:            u_q/m2_r_reg/PCIN[12]
                            (rising edge-triggered cell DSP48E1 clocked by sys_clk_pin  {rise@0.000ns fall@5.000ns period=10.000ns})
  Path Group:             sys_clk_pin
  Path Type:              Setup (Max at Slow Process Corner)
  Requirement:            10.000ns  (sys_clk_pin rise@10.000ns - sys_clk_pin rise@0.000ns)
  Data Path Delay:        6.813ns  (logic 5.045ns (74.051%)  route 1.768ns (25.949%))
  Logic Levels:           3  (DSP48E1=1 LUT6=1 MUXF7=1)
  Clock Path Skew:        -0.145ns (DCD - SCD + CPR)
    Destination Clock Delay (DCD):    2.704ns = ( 12.704 - 10.000 ) 
    Source Clock Delay      (SCD):    2.965ns
    Clock Pessimism Removal (CPR):    0.116ns
  Clock Uncertainty:      0.035ns  ((TSJ^2 + TIJ^2)^1/2 + DJ) / 2 + PE
    Total System Jitter     (TSJ):    0.071ns
    Total Input Jitter      (TIJ):    0.000ns
    Discrete Jitter          (DJ):    0.000ns
    Phase Error              (PE):    0.000ns

    Location             Delay type                Incr(ns)  Path(ns)    Netlist Resource(s)
  -------------------------------------------------------------------    -------------------
                         (clock sys_clk_pin rise edge)
                                                      0.000     0.000 r  <hidden>
    E3                                                0.000     0.000 r  CLK100MHZ
                         net (fo=0)                   0.000     0.000    CLK100MHZ
    E3                   IBUF (Prop_ibuf_I_O)         1.482     1.482 r  CLK100MHZ_IBUF_inst/O
                         net (fo=1, unplaced)         0.803     2.285    CLK100MHZ_IBUF
                         BUFG (Prop_bufg_I_O)         0.096     2.381 r  CLK100MHZ_IBUF_BUFG_inst/O
                         net (fo=5149, unplaced)      0.584     2.965    u_q/clk
                         FDRE                                         r  u_q/feat_r_reg[63]/C
  -------------------------------------------------------------------    -------------------
                         FDRE (Prop_fdre_C_Q)         0.478     3.443 r  u_q/feat_r_reg[63]/Q
                         net (fo=1, unplaced)         0.965     4.408    u_q/data7[7]
                         LUT6 (Prop_lut6_I0_O)        0.295     4.703 r  u_q/m2_i_11/O
                         net (fo=1, unplaced)         0.000     4.703    u_q/m2_i_11_n_0
                         MUXF7 (Prop_muxf7_I1_O)      0.247     4.950 r  u_q/m2_i_2/O
                         net (fo=33, unplaced)        0.803     5.753    u_q/m2_i_2_n_0
                         DSP48E1 (Prop_dsp48e1_B[17]_PCOUT[12])
                                                      4.025     9.778 r  u_q/m2/PCOUT[12]
                         net (fo=1, unplaced)         0.000     9.778    u_q/m2_n_141
                         DSP48E1                                      r  u_q/m2_r_reg/PCIN[12]
  -------------------------------------------------------------------    -------------------

                         (clock sys_clk_pin rise edge)
                                                     10.000    10.000 r  <hidden>
    E3                                                0.000    10.000 r  CLK100MHZ
                         net (fo=0)                   0.000    10.000    CLK100MHZ
    E3                   IBUF (Prop_ibuf_I_O)         1.411    11.411 r  CLK100MHZ_IBUF_inst/O
                         net (fo=1, unplaced)         0.763    12.174    CLK100MHZ_IBUF
                         BUFG (Prop_bufg_I_O)         0.091    12.265 r  CLK100MHZ_IBUF_BUFG_inst/O
                         net (fo=5149, unplaced)      0.439    12.704    u_q/clk
                         DSP48E1                                      r  u_q/m2_r_reg/CLK
                         clock pessimism              0.116    12.820    <hidden>
                         clock uncertainty           -0.035    12.784    <hidden>
                         DSP48E1 (Setup_dsp48e1_CLK_PCIN[12])
                                                     -1.400    11.384    u_q/m2_r_reg
  -------------------------------------------------------------------
                         required time                         11.384    <hidden>
                         arrival time                          -9.778    <hidden>
  -------------------------------------------------------------------
                         slack                                  1.607    <hidden>

Slack (MET) :             1.607ns  (required time - arrival time)
  Source:                 u_q/feat_r_reg[63]/C
                            (rising edge-triggered cell FDRE clocked by sys_clk_pin  {rise@0.000ns fall@5.000ns period=10.000ns})
  Destination:            u_q/m2_r_reg/PCIN[13]
                            (rising edge-triggered cell DSP48E1 clocked by sys_clk_pin  {rise@0.000ns fall@5.000ns period=10.000ns})
  Path Group:             sys_clk_pin
  Path Type:              Setup (Max at Slow Process Corner)
  Requirement:            10.000ns  (sys_clk_pin rise@10.000ns - sys_clk_pin rise@0.000ns)
  Data Path Delay:        6.813ns  (logic 5.045ns (74.051%)  route 1.768ns (25.949%))
  Logic Levels:           3  (DSP48E1=1 LUT6=1 MUXF7=1)
  Clock Path Skew:        -0.145ns (DCD - SCD + CPR)
    Destination Clock Delay (DCD):    2.704ns = ( 12.704 - 10.000 ) 
    Source Clock Delay      (SCD):    2.965ns
    Clock Pessimism Removal (CPR):    0.116ns
  Clock Uncertainty:      0.035ns  ((TSJ^2 + TIJ^2)^1/2 + DJ) / 2 + PE
    Total System Jitter     (TSJ):    0.071ns
    Total Input Jitter      (TIJ):    0.000ns
    Discrete Jitter          (DJ):    0.000ns
    Phase Error              (PE):    0.000ns

    Location             Delay type                Incr(ns)  Path(ns)    Netlist Resource(s)
  -------------------------------------------------------------------    -------------------
                         (clock sys_clk_pin rise edge)
                                                      0.000     0.000 r  <hidden>
    E3                                                0.000     0.000 r  CLK100MHZ
                         net (fo=0)                   0.000     0.000    CLK100MHZ
    E3                   IBUF (Prop_ibuf_I_O)         1.482     1.482 r  CLK100MHZ_IBUF_inst/O
                         net (fo=1, unplaced)         0.803     2.285    CLK100MHZ_IBUF
                         BUFG (Prop_bufg_I_O)         0.096     2.381 r  CLK100MHZ_IBUF_BUFG_inst/O
                         net (fo=5149, unplaced)      0.584     2.965    u_q/clk
                         FDRE                                         r  u_q/feat_r_reg[63]/C
  -------------------------------------------------------------------    -------------------
                         FDRE (Prop_fdre_C_Q)         0.478     3.443 r  u_q/feat_r_reg[63]/Q
                         net (fo=1, unplaced)         0.965     4.408    u_q/data7[7]
                         LUT6 (Prop_lut6_I0_O)        0.295     4.703 r  u_q/m2_i_11/O
                         net (fo=1, unplaced)         0.000     4.703    u_q/m2_i_11_n_0
                         MUXF7 (Prop_muxf7_I1_O)      0.247     4.950 r  u_q/m2_i_2/O
                         net (fo=33, unplaced)        0.803     5.753    u_q/m2_i_2_n_0
                         DSP48E1 (Prop_dsp48e1_B[17]_PCOUT[13])
                                                      4.025     9.778 r  u_q/m2/PCOUT[13]
                         net (fo=1, unplaced)         0.000     9.778    u_q/m2_n_140
                         DSP48E1                                      r  u_q/m2_r_reg/PCIN[13]
  -------------------------------------------------------------------    -------------------

                         (clock sys_clk_pin rise edge)
                                                     10.000    10.000 r  <hidden>
    E3                                                0.000    10.000 r  CLK100MHZ
                         net (fo=0)                   0.000    10.000    CLK100MHZ
    E3                   IBUF (Prop_ibuf_I_O)         1.411    11.411 r  CLK100MHZ_IBUF_inst/O
                         net (fo=1, unplaced)         0.763    12.174    CLK100MHZ_IBUF
                         BUFG (Prop_bufg_I_O)         0.091    12.265 r  CLK100MHZ_IBUF_BUFG_inst/O
                         net (fo=5149, unplaced)      0.439    12.704    u_q/clk
                         DSP48E1                                      r  u_q/m2_r_reg/CLK
                         clock pessimism              0.116    12.820    <hidden>
                         clock uncertainty           -0.035    12.784    <hidden>
                         DSP48E1 (Setup_dsp48e1_CLK_PCIN[13])
                                                     -1.400    11.384    u_q/m2_r_reg
  -------------------------------------------------------------------
                         required time                         11.384    <hidden>
                         arrival time                          -9.778    <hidden>
  -------------------------------------------------------------------
                         slack                                  1.607    <hidden>

Slack (MET) :             1.607ns  (required time - arrival time)
  Source:                 u_q/feat_r_reg[63]/C
                            (rising edge-triggered cell FDRE clocked by sys_clk_pin  {rise@0.000ns fall@5.000ns period=10.000ns})
  Destination:            u_q/m2_r_reg/PCIN[14]
                            (rising edge-triggered cell DSP48E1 clocked by sys_clk_pin  {rise@0.000ns fall@5.000ns period=10.000ns})
  Path Group:             sys_clk_pin
  Path Type:              Setup (Max at Slow Process Corner)
  Requirement:            10.000ns  (sys_clk_pin rise@10.000ns - sys_clk_pin rise@0.000ns)
  Data Path Delay:        6.813ns  (logic 5.045ns (74.051%)  route 1.768ns (25.949%))
  Logic Levels:           3  (DSP48E1=1 LUT6=1 MUXF7=1)
  Clock Path Skew:        -0.145ns (DCD - SCD + CPR)
    Destination Clock Delay (DCD):    2.704ns = ( 12.704 - 10.000 ) 
    Source Clock Delay      (SCD):    2.965ns
    Clock Pessimism Removal (CPR):    0.116ns
  Clock Uncertainty:      0.035ns  ((TSJ^2 + TIJ^2)^1/2 + DJ) / 2 + PE
    Total System Jitter     (TSJ):    0.071ns
    Total Input Jitter      (TIJ):    0.000ns
    Discrete Jitter          (DJ):    0.000ns
    Phase Error              (PE):    0.000ns

    Location             Delay type                Incr(ns)  Path(ns)    Netlist Resource(s)
  -------------------------------------------------------------------    -------------------
                         (clock sys_clk_pin rise edge)
                                                      0.000     0.000 r  <hidden>
    E3                                                0.000     0.000 r  CLK100MHZ
                         net (fo=0)                   0.000     0.000    CLK100MHZ
    E3                   IBUF (Prop_ibuf_I_O)         1.482     1.482 r  CLK100MHZ_IBUF_inst/O
                         net (fo=1, unplaced)         0.803     2.285    CLK100MHZ_IBUF
                         BUFG (Prop_bufg_I_O)         0.096     2.381 r  CLK100MHZ_IBUF_BUFG_inst/O
                         net (fo=5149, unplaced)      0.584     2.965    u_q/clk
                         FDRE                                         r  u_q/feat_r_reg[63]/C
  -------------------------------------------------------------------    -------------------
                         FDRE (Prop_fdre_C_Q)         0.478     3.443 r  u_q/feat_r_reg[63]/Q
                         net (fo=1, unplaced)         0.965     4.408    u_q/data7[7]
                         LUT6 (Prop_lut6_I0_O)        0.295     4.703 r  u_q/m2_i_11/O
                         net (fo=1, unplaced)         0.000     4.703    u_q/m2_i_11_n_0
                         MUXF7 (Prop_muxf7_I1_O)      0.247     4.950 r  u_q/m2_i_2/O
                         net (fo=33, unplaced)        0.803     5.753    u_q/m2_i_2_n_0
                         DSP48E1 (Prop_dsp48e1_B[17]_PCOUT[14])
                                                      4.025     9.778 r  u_q/m2/PCOUT[14]
                         net (fo=1, unplaced)         0.000     9.778    u_q/m2_n_139
                         DSP48E1                                      r  u_q/m2_r_reg/PCIN[14]
  -------------------------------------------------------------------    -------------------

                         (clock sys_clk_pin rise edge)
                                                     10.000    10.000 r  <hidden>
    E3                                                0.000    10.000 r  CLK100MHZ
                         net (fo=0)                   0.000    10.000    CLK100MHZ
    E3                   IBUF (Prop_ibuf_I_O)         1.411    11.411 r  CLK100MHZ_IBUF_inst/O
                         net (fo=1, unplaced)         0.763    12.174    CLK100MHZ_IBUF
                         BUFG (Prop_bufg_I_O)         0.091    12.265 r  CLK100MHZ_IBUF_BUFG_inst/O
                         net (fo=5149, unplaced)      0.439    12.704    u_q/clk
                         DSP48E1                                      r  u_q/m2_r_reg/CLK
                         clock pessimism              0.116    12.820    <hidden>
                         clock uncertainty           -0.035    12.784    <hidden>
                         DSP48E1 (Setup_dsp48e1_CLK_PCIN[14])
                                                     -1.400    11.384    u_q/m2_r_reg
  -------------------------------------------------------------------
                         required time                         11.384    <hidden>
                         arrival time                          -9.778    <hidden>
  -------------------------------------------------------------------
                         slack                                  1.607    <hidden>

Slack (MET) :             1.607ns  (required time - arrival time)
  Source:                 u_q/feat_r_reg[63]/C
                            (rising edge-triggered cell FDRE clocked by sys_clk_pin  {rise@0.000ns fall@5.000ns period=10.000ns})
  Destination:            u_q/m2_r_reg/PCIN[15]
                            (rising edge-triggered cell DSP48E1 clocked by sys_clk_pin  {rise@0.000ns fall@5.000ns period=10.000ns})
  Path Group:             sys_clk_pin
  Path Type:              Setup (Max at Slow Process Corner)
  Requirement:            10.000ns  (sys_clk_pin rise@10.000ns - sys_clk_pin rise@0.000ns)
  Data Path Delay:        6.813ns  (logic 5.045ns (74.051%)  route 1.768ns (25.949%))
  Logic Levels:           3  (DSP48E1=1 LUT6=1 MUXF7=1)
  Clock Path Skew:        -0.145ns (DCD - SCD + CPR)
    Destination Clock Delay (DCD):    2.704ns = ( 12.704 - 10.000 ) 
    Source Clock Delay      (SCD):    2.965ns
    Clock Pessimism Removal (CPR):    0.116ns
  Clock Uncertainty:      0.035ns  ((TSJ^2 + TIJ^2)^1/2 + DJ) / 2 + PE
    Total System Jitter     (TSJ):    0.071ns
    Total Input Jitter      (TIJ):    0.000ns
    Discrete Jitter          (DJ):    0.000ns
    Phase Error              (PE):    0.000ns

    Location             Delay type                Incr(ns)  Path(ns)    Netlist Resource(s)
  -------------------------------------------------------------------    -------------------
                         (clock sys_clk_pin rise edge)
                                                      0.000     0.000 r  <hidden>
    E3                                                0.000     0.000 r  CLK100MHZ
                         net (fo=0)                   0.000     0.000    CLK100MHZ
    E3                   IBUF (Prop_ibuf_I_O)         1.482     1.482 r  CLK100MHZ_IBUF_inst/O
                         net (fo=1, unplaced)         0.803     2.285    CLK100MHZ_IBUF
                         BUFG (Prop_bufg_I_O)         0.096     2.381 r  CLK100MHZ_IBUF_BUFG_inst/O
                         net (fo=5149, unplaced)      0.584     2.965    u_q/clk
                         FDRE                                         r  u_q/feat_r_reg[63]/C
  -------------------------------------------------------------------    -------------------
                         FDRE (Prop_fdre_C_Q)         0.478     3.443 r  u_q/feat_r_reg[63]/Q
                         net (fo=1, unplaced)         0.965     4.408    u_q/data7[7]
                         LUT6 (Prop_lut6_I0_O)        0.295     4.703 r  u_q/m2_i_11/O
                         net (fo=1, unplaced)         0.000     4.703    u_q/m2_i_11_n_0
                         MUXF7 (Prop_muxf7_I1_O)      0.247     4.950 r  u_q/m2_i_2/O
                         net (fo=33, unplaced)        0.803     5.753    u_q/m2_i_2_n_0
                         DSP48E1 (Prop_dsp48e1_B[17]_PCOUT[15])
                                                      4.025     9.778 r  u_q/m2/PCOUT[15]
                         net (fo=1, unplaced)         0.000     9.778    u_q/m2_n_138
                         DSP48E1                                      r  u_q/m2_r_reg/PCIN[15]
  -------------------------------------------------------------------    -------------------

                         (clock sys_clk_pin rise edge)
                                                     10.000    10.000 r  <hidden>
    E3                                                0.000    10.000 r  CLK100MHZ
                         net (fo=0)                   0.000    10.000    CLK100MHZ
    E3                   IBUF (Prop_ibuf_I_O)         1.411    11.411 r  CLK100MHZ_IBUF_inst/O
                         net (fo=1, unplaced)         0.763    12.174    CLK100MHZ_IBUF
                         BUFG (Prop_bufg_I_O)         0.091    12.265 r  CLK100MHZ_IBUF_BUFG_inst/O
                         net (fo=5149, unplaced)      0.439    12.704    u_q/clk
                         DSP48E1                                      r  u_q/m2_r_reg/CLK
                         clock pessimism              0.116    12.820    <hidden>
                         clock uncertainty           -0.035    12.784    <hidden>
                         DSP48E1 (Setup_dsp48e1_CLK_PCIN[15])
                                                     -1.400    11.384    u_q/m2_r_reg
  -------------------------------------------------------------------
                         required time                         11.384    <hidden>
                         arrival time                          -9.778    <hidden>
  -------------------------------------------------------------------
                         slack                                  1.607    <hidden>

Slack (MET) :             1.607ns  (required time - arrival time)
  Source:                 u_q/feat_r_reg[63]/C
                            (rising edge-triggered cell FDRE clocked by sys_clk_pin  {rise@0.000ns fall@5.000ns period=10.000ns})
  Destination:            u_q/m2_r_reg/PCIN[16]
                            (rising edge-triggered cell DSP48E1 clocked by sys_clk_pin  {rise@0.000ns fall@5.000ns period=10.000ns})
  Path Group:             sys_clk_pin
  Path Type:              Setup (Max at Slow Process Corner)
  Requirement:            10.000ns  (sys_clk_pin rise@10.000ns - sys_clk_pin rise@0.000ns)
  Data Path Delay:        6.813ns  (logic 5.045ns (74.051%)  route 1.768ns (25.949%))
  Logic Levels:           3  (DSP48E1=1 LUT6=1 MUXF7=1)
  Clock Path Skew:        -0.145ns (DCD - SCD + CPR)
    Destination Clock Delay (DCD):    2.704ns = ( 12.704 - 10.000 ) 
    Source Clock Delay      (SCD):    2.965ns
    Clock Pessimism Removal (CPR):    0.116ns
  Clock Uncertainty:      0.035ns  ((TSJ^2 + TIJ^2)^1/2 + DJ) / 2 + PE
    Total System Jitter     (TSJ):    0.071ns
    Total Input Jitter      (TIJ):    0.000ns
    Discrete Jitter          (DJ):    0.000ns
    Phase Error              (PE):    0.000ns

    Location             Delay type                Incr(ns)  Path(ns)    Netlist Resource(s)
  -------------------------------------------------------------------    -------------------
                         (clock sys_clk_pin rise edge)
                                                      0.000     0.000 r  <hidden>
    E3                                                0.000     0.000 r  CLK100MHZ
                         net (fo=0)                   0.000     0.000    CLK100MHZ
    E3                   IBUF (Prop_ibuf_I_O)         1.482     1.482 r  CLK100MHZ_IBUF_inst/O
                         net (fo=1, unplaced)         0.803     2.285    CLK100MHZ_IBUF
                         BUFG (Prop_bufg_I_O)         0.096     2.381 r  CLK100MHZ_IBUF_BUFG_inst/O
                         net (fo=5149, unplaced)      0.584     2.965    u_q/clk
                         FDRE                                         r  u_q/feat_r_reg[63]/C
  -------------------------------------------------------------------    -------------------
                         FDRE (Prop_fdre_C_Q)         0.478     3.443 r  u_q/feat_r_reg[63]/Q
                         net (fo=1, unplaced)         0.965     4.408    u_q/data7[7]
                         LUT6 (Prop_lut6_I0_O)        0.295     4.703 r  u_q/m2_i_11/O
                         net (fo=1, unplaced)         0.000     4.703    u_q/m2_i_11_n_0
                         MUXF7 (Prop_muxf7_I1_O)      0.247     4.950 r  u_q/m2_i_2/O
                         net (fo=33, unplaced)        0.803     5.753    u_q/m2_i_2_n_0
                         DSP48E1 (Prop_dsp48e1_B[17]_PCOUT[16])
                                                      4.025     9.778 r  u_q/m2/PCOUT[16]
                         net (fo=1, unplaced)         0.000     9.778    u_q/m2_n_137
                         DSP48E1                                      r  u_q/m2_r_reg/PCIN[16]
  -------------------------------------------------------------------    -------------------

                         (clock sys_clk_pin rise edge)
                                                     10.000    10.000 r  <hidden>
    E3                                                0.000    10.000 r  CLK100MHZ
                         net (fo=0)                   0.000    10.000    CLK100MHZ
    E3                   IBUF (Prop_ibuf_I_O)         1.411    11.411 r  CLK100MHZ_IBUF_inst/O
                         net (fo=1, unplaced)         0.763    12.174    CLK100MHZ_IBUF
                         BUFG (Prop_bufg_I_O)         0.091    12.265 r  CLK100MHZ_IBUF_BUFG_inst/O
                         net (fo=5149, unplaced)      0.439    12.704    u_q/clk
                         DSP48E1                                      r  u_q/m2_r_reg/CLK
                         clock pessimism              0.116    12.820    <hidden>
                         clock uncertainty           -0.035    12.784    <hidden>
                         DSP48E1 (Setup_dsp48e1_CLK_PCIN[16])
                                                     -1.400    11.384    u_q/m2_r_reg
  -------------------------------------------------------------------
                         required time                         11.384    <hidden>
                         arrival time                          -9.778    <hidden>
  -------------------------------------------------------------------
                         slack                                  1.607    <hidden>

Slack (MET) :             1.607ns  (required time - arrival time)
  Source:                 u_q/feat_r_reg[63]/C
                            (rising edge-triggered cell FDRE clocked by sys_clk_pin  {rise@0.000ns fall@5.000ns period=10.000ns})
  Destination:            u_q/m2_r_reg/PCIN[17]
                            (rising edge-triggered cell DSP48E1 clocked by sys_clk_pin  {rise@0.000ns fall@5.000ns period=10.000ns})
  Path Group:             sys_clk_pin
  Path Type:              Setup (Max at Slow Process Corner)
  Requirement:            10.000ns  (sys_clk_pin rise@10.000ns - sys_clk_pin rise@0.000ns)
  Data Path Delay:        6.813ns  (logic 5.045ns (74.051%)  route 1.768ns (25.949%))
  Logic Levels:           3  (DSP48E1=1 LUT6=1 MUXF7=1)
  Clock Path Skew:        -0.145ns (DCD - SCD + CPR)
    Destination Clock Delay (DCD):    2.704ns = ( 12.704 - 10.000 ) 
    Source Clock Delay      (SCD):    2.965ns
    Clock Pessimism Removal (CPR):    0.116ns
  Clock Uncertainty:      0.035ns  ((TSJ^2 + TIJ^2)^1/2 + DJ) / 2 + PE
    Total System Jitter     (TSJ):    0.071ns
    Total Input Jitter      (TIJ):    0.000ns
    Discrete Jitter          (DJ):    0.000ns
    Phase Error              (PE):    0.000ns

    Location             Delay type                Incr(ns)  Path(ns)    Netlist Resource(s)
  -------------------------------------------------------------------    -------------------
                         (clock sys_clk_pin rise edge)
                                                      0.000     0.000 r  <hidden>
    E3                                                0.000     0.000 r  CLK100MHZ
                         net (fo=0)                   0.000     0.000    CLK100MHZ
    E3                   IBUF (Prop_ibuf_I_O)         1.482     1.482 r  CLK100MHZ_IBUF_inst/O
                         net (fo=1, unplaced)         0.803     2.285    CLK100MHZ_IBUF
                         BUFG (Prop_bufg_I_O)         0.096     2.381 r  CLK100MHZ_IBUF_BUFG_inst/O
                         net (fo=5149, unplaced)      0.584     2.965    u_q/clk
                         FDRE                                         r  u_q/feat_r_reg[63]/C
  -------------------------------------------------------------------    -------------------
                         FDRE (Prop_fdre_C_Q)         0.478     3.443 r  u_q/feat_r_reg[63]/Q
                         net (fo=1, unplaced)         0.965     4.408    u_q/data7[7]
                         LUT6 (Prop_lut6_I0_O)        0.295     4.703 r  u_q/m2_i_11/O
                         net (fo=1, unplaced)         0.000     4.703    u_q/m2_i_11_n_0
                         MUXF7 (Prop_muxf7_I1_O)      0.247     4.950 r  u_q/m2_i_2/O
                         net (fo=33, unplaced)        0.803     5.753    u_q/m2_i_2_n_0
                         DSP48E1 (Prop_dsp48e1_B[17]_PCOUT[17])
                                                      4.025     9.778 r  u_q/m2/PCOUT[17]
                         net (fo=1, unplaced)         0.000     9.778    u_q/m2_n_136
                         DSP48E1                                      r  u_q/m2_r_reg/PCIN[17]
  -------------------------------------------------------------------    -------------------

                         (clock sys_clk_pin rise edge)
                                                     10.000    10.000 r  <hidden>
    E3                                                0.000    10.000 r  CLK100MHZ
                         net (fo=0)                   0.000    10.000    CLK100MHZ
    E3                   IBUF (Prop_ibuf_I_O)         1.411    11.411 r  CLK100MHZ_IBUF_inst/O
                         net (fo=1, unplaced)         0.763    12.174    CLK100MHZ_IBUF
                         BUFG (Prop_bufg_I_O)         0.091    12.265 r  CLK100MHZ_IBUF_BUFG_inst/O
                         net (fo=5149, unplaced)      0.439    12.704    u_q/clk
                         DSP48E1                                      r  u_q/m2_r_reg/CLK
                         clock pessimism              0.116    12.820    <hidden>
                         clock uncertainty           -0.035    12.784    <hidden>
                         DSP48E1 (Setup_dsp48e1_CLK_PCIN[17])
                                                     -1.400    11.384    u_q/m2_r_reg
  -------------------------------------------------------------------
                         required time                         11.384    <hidden>
                         arrival time                          -9.778    <hidden>
  -------------------------------------------------------------------
                         slack                                  1.607    <hidden>





Min Delay Paths
--------------------------------------------------------------------------------------
Slack (MET) :             0.070ns  (arrival time - required time)
  Source:                 u_fem/u_ui/u_ui/out_r_reg[0]/C
                            (rising edge-triggered cell FDCE clocked by sys_clk_pin  {rise@0.000ns fall@5.000ns period=10.000ns})
  Destination:            u_fem/u_ui/u_ui/out_r_reg[1]/D
                            (rising edge-triggered cell FDCE clocked by sys_clk_pin  {rise@0.000ns fall@5.000ns period=10.000ns})
  Path Group:             sys_clk_pin
  Path Type:              Hold (Min at Fast Process Corner)
  Requirement:            0.000ns  (sys_clk_pin rise@0.000ns - sys_clk_pin rise@0.000ns)
  Data Path Delay:        0.328ns  (logic 0.239ns (72.973%)  route 0.089ns (27.027%))
  Logic Levels:           1  (CARRY4=1)
  Clock Path Skew:        0.145ns (DCD - SCD - CPR)
    Destination Clock Delay (DCD):    1.082ns
    Source Clock Delay      (SCD):    0.728ns
    Clock Pessimism Removal (CPR):    0.209ns

    Location             Delay type                Incr(ns)  Path(ns)    Netlist Resource(s)
  -------------------------------------------------------------------    -------------------
                         (clock sys_clk_pin rise edge)
                                                      0.000     0.000 r  <hidden>
    E3                                                0.000     0.000 r  CLK100MHZ
                         net (fo=0)                   0.000     0.000    CLK100MHZ
    E3                   IBUF (Prop_ibuf_I_O)         0.250     0.250 r  CLK100MHZ_IBUF_inst/O
                         net (fo=1, unplaced)         0.338     0.588    CLK100MHZ_IBUF
                         BUFG (Prop_bufg_I_O)         0.026     0.614 r  CLK100MHZ_IBUF_BUFG_inst/O
                         net (fo=5149, unplaced)      0.114     0.728    u_fem/u_ui/u_ui/clk
                         FDCE                                         r  u_fem/u_ui/u_ui/out_r_reg[0]/C
  -------------------------------------------------------------------    -------------------
                         FDCE (Prop_fdce_C_Q)         0.147     0.875 r  u_fem/u_ui/u_ui/out_r_reg[0]/Q
                         net (fo=3, unplaced)         0.089     0.964    u_fem/u_ui/u_ui/DI[0]
                         CARRY4 (Prop_carry4_DI[0]_O[1])
                                                      0.092     1.056 r  u_fem/u_ui/u_ui/out_r_reg[3]_i_1/O[1]
                         net (fo=1, unplaced)         0.000     1.056    u_fem/u_ui/u_ui/out_r_reg[3]_i_1_n_6
                         FDCE                                         r  u_fem/u_ui/u_ui/out_r_reg[1]/D
  -------------------------------------------------------------------    -------------------

                         (clock sys_clk_pin rise edge)
                                                      0.000     0.000 r  <hidden>
    E3                                                0.000     0.000 r  CLK100MHZ
                         net (fo=0)                   0.000     0.000    CLK100MHZ
    E3                   IBUF (Prop_ibuf_I_O)         0.438     0.438 r  CLK100MHZ_IBUF_inst/O
                         net (fo=1, unplaced)         0.356     0.794    CLK100MHZ_IBUF
                         BUFG (Prop_bufg_I_O)         0.029     0.823 r  CLK100MHZ_IBUF_BUFG_inst/O
                         net (fo=5149, unplaced)      0.259     1.082    u_fem/u_ui/u_ui/clk
                         FDCE                                         r  u_fem/u_ui/u_ui/out_r_reg[1]/C
                         clock pessimism             -0.209     0.873    <hidden>
                         FDCE (Hold_fdce_C_D)         0.113     0.986    u_fem/u_ui/u_ui/out_r_reg[1]
  -------------------------------------------------------------------
                         required time                         -0.986    <hidden>
                         arrival time                           1.056    <hidden>
  -------------------------------------------------------------------
                         slack                                  0.070    <hidden>

Slack (MET) :             0.070ns  (arrival time - required time)
  Source:                 u_ld/u_ui/out_r_reg[0]/C
                            (rising edge-triggered cell FDCE clocked by sys_clk_pin  {rise@0.000ns fall@5.000ns period=10.000ns})
  Destination:            u_ld/u_ui/out_r_reg[1]/D
                            (rising edge-triggered cell FDCE clocked by sys_clk_pin  {rise@0.000ns fall@5.000ns period=10.000ns})
  Path Group:             sys_clk_pin
  Path Type:              Hold (Min at Fast Process Corner)
  Requirement:            0.000ns  (sys_clk_pin rise@0.000ns - sys_clk_pin rise@0.000ns)
  Data Path Delay:        0.328ns  (logic 0.239ns (72.973%)  route 0.089ns (27.027%))
  Logic Levels:           1  (CARRY4=1)
  Clock Path Skew:        0.145ns (DCD - SCD - CPR)
    Destination Clock Delay (DCD):    1.082ns
    Source Clock Delay      (SCD):    0.728ns
    Clock Pessimism Removal (CPR):    0.209ns

    Location             Delay type                Incr(ns)  Path(ns)    Netlist Resource(s)
  -------------------------------------------------------------------    -------------------
                         (clock sys_clk_pin rise edge)
                                                      0.000     0.000 r  <hidden>
    E3                                                0.000     0.000 r  CLK100MHZ
                         net (fo=0)                   0.000     0.000    CLK100MHZ
    E3                   IBUF (Prop_ibuf_I_O)         0.250     0.250 r  CLK100MHZ_IBUF_inst/O
                         net (fo=1, unplaced)         0.338     0.588    CLK100MHZ_IBUF
                         BUFG (Prop_bufg_I_O)         0.026     0.614 r  CLK100MHZ_IBUF_BUFG_inst/O
                         net (fo=5149, unplaced)      0.114     0.728    u_ld/u_ui/clk
                         FDCE                                         r  u_ld/u_ui/out_r_reg[0]/C
  -------------------------------------------------------------------    -------------------
                         FDCE (Prop_fdce_C_Q)         0.147     0.875 r  u_ld/u_ui/out_r_reg[0]/Q
                         net (fo=3, unplaced)         0.089     0.964    u_ld/u_ui/out_r_reg_n_0_[0]
                         CARRY4 (Prop_carry4_DI[0]_O[1])
                                                      0.092     1.056 r  u_ld/u_ui/out_r_reg[0]_i_2/O[1]
                         net (fo=1, unplaced)         0.000     1.056    u_ld/u_ui/out_r_reg[0]_i_2_n_6
                         FDCE                                         r  u_ld/u_ui/out_r_reg[1]/D
  -------------------------------------------------------------------    -------------------

                         (clock sys_clk_pin rise edge)
                                                      0.000     0.000 r  <hidden>
    E3                                                0.000     0.000 r  CLK100MHZ
                         net (fo=0)                   0.000     0.000    CLK100MHZ
    E3                   IBUF (Prop_ibuf_I_O)         0.438     0.438 r  CLK100MHZ_IBUF_inst/O
                         net (fo=1, unplaced)         0.356     0.794    CLK100MHZ_IBUF
                         BUFG (Prop_bufg_I_O)         0.029     0.823 r  CLK100MHZ_IBUF_BUFG_inst/O
                         net (fo=5149, unplaced)      0.259     1.082    u_ld/u_ui/clk
                         FDCE                                         r  u_ld/u_ui/out_r_reg[1]/C
                         clock pessimism             -0.209     0.873    <hidden>
                         FDCE (Hold_fdce_C_D)         0.113     0.986    u_ld/u_ui/out_r_reg[1]
  -------------------------------------------------------------------
                         required time                         -0.986    <hidden>
                         arrival time                           1.056    <hidden>
  -------------------------------------------------------------------
                         slack                                  0.070    <hidden>

Slack (MET) :             0.070ns  (arrival time - required time)
  Source:                 u_rx/div_reg[11]/C
                            (rising edge-triggered cell FDRE clocked by sys_clk_pin  {rise@0.000ns fall@5.000ns period=10.000ns})
  Destination:            u_rx/div_reg[12]/D
                            (rising edge-triggered cell FDRE clocked by sys_clk_pin  {rise@0.000ns fall@5.000ns period=10.000ns})
  Path Group:             sys_clk_pin
  Path Type:              Hold (Min at Fast Process Corner)
  Requirement:            0.000ns  (sys_clk_pin rise@0.000ns - sys_clk_pin rise@0.000ns)
  Data Path Delay:        0.328ns  (logic 0.239ns (72.973%)  route 0.089ns (27.027%))
  Logic Levels:           1  (CARRY4=1)
  Clock Path Skew:        0.145ns (DCD - SCD - CPR)
    Destination Clock Delay (DCD):    1.082ns
    Source Clock Delay      (SCD):    0.728ns
    Clock Pessimism Removal (CPR):    0.209ns

    Location             Delay type                Incr(ns)  Path(ns)    Netlist Resource(s)
  -------------------------------------------------------------------    -------------------
                         (clock sys_clk_pin rise edge)
                                                      0.000     0.000 r  <hidden>
    E3                                                0.000     0.000 r  CLK100MHZ
                         net (fo=0)                   0.000     0.000    CLK100MHZ
    E3                   IBUF (Prop_ibuf_I_O)         0.250     0.250 r  CLK100MHZ_IBUF_inst/O
                         net (fo=1, unplaced)         0.338     0.588    CLK100MHZ_IBUF
                         BUFG (Prop_bufg_I_O)         0.026     0.614 r  CLK100MHZ_IBUF_BUFG_inst/O
                         net (fo=5149, unplaced)      0.114     0.728    u_rx/CLK100MHZ_IBUF_BUFG
                         FDRE                                         r  u_rx/div_reg[11]/C
  -------------------------------------------------------------------    -------------------
                         FDRE (Prop_fdre_C_Q)         0.147     0.875 r  u_rx/div_reg[11]/Q
                         net (fo=3, unplaced)         0.089     0.964    u_rx/div_reg_n_0_[11]
                         CARRY4 (Prop_carry4_DI[2]_O[3])
                                                      0.092     1.056 r  u_rx/div0_carry__1/O[3]
                         net (fo=1, unplaced)         0.000     1.056    u_rx/div0_carry__1_n_4
                         FDRE                                         r  u_rx/div_reg[12]/D
  -------------------------------------------------------------------    -------------------

                         (clock sys_clk_pin rise edge)
                                                      0.000     0.000 r  <hidden>
    E3                                                0.000     0.000 r  CLK100MHZ
                         net (fo=0)                   0.000     0.000    CLK100MHZ
    E3                   IBUF (Prop_ibuf_I_O)         0.438     0.438 r  CLK100MHZ_IBUF_inst/O
                         net (fo=1, unplaced)         0.356     0.794    CLK100MHZ_IBUF
                         BUFG (Prop_bufg_I_O)         0.029     0.823 r  CLK100MHZ_IBUF_BUFG_inst/O
                         net (fo=5149, unplaced)      0.259     1.082    u_rx/CLK100MHZ_IBUF_BUFG
                         FDRE                                         r  u_rx/div_reg[12]/C
                         clock pessimism             -0.209     0.873    <hidden>
                         FDRE (Hold_fdre_C_D)         0.113     0.986    u_rx/div_reg[12]
  -------------------------------------------------------------------
                         required time                         -0.986    <hidden>
                         arrival time                           1.056    <hidden>
  -------------------------------------------------------------------
                         slack                                  0.070    <hidden>

Slack (MET) :             0.070ns  (arrival time - required time)
  Source:                 u_rx/div_reg[13]/C
                            (rising edge-triggered cell FDRE clocked by sys_clk_pin  {rise@0.000ns fall@5.000ns period=10.000ns})
  Destination:            u_rx/div_reg[14]/D
                            (rising edge-triggered cell FDRE clocked by sys_clk_pin  {rise@0.000ns fall@5.000ns period=10.000ns})
  Path Group:             sys_clk_pin
  Path Type:              Hold (Min at Fast Process Corner)
  Requirement:            0.000ns  (sys_clk_pin rise@0.000ns - sys_clk_pin rise@0.000ns)
  Data Path Delay:        0.328ns  (logic 0.239ns (72.973%)  route 0.089ns (27.027%))
  Logic Levels:           1  (CARRY4=1)
  Clock Path Skew:        0.145ns (DCD - SCD - CPR)
    Destination Clock Delay (DCD):    1.082ns
    Source Clock Delay      (SCD):    0.728ns
    Clock Pessimism Removal (CPR):    0.209ns

    Location             Delay type                Incr(ns)  Path(ns)    Netlist Resource(s)
  -------------------------------------------------------------------    -------------------
                         (clock sys_clk_pin rise edge)
                                                      0.000     0.000 r  <hidden>
    E3                                                0.000     0.000 r  CLK100MHZ
                         net (fo=0)                   0.000     0.000    CLK100MHZ
    E3                   IBUF (Prop_ibuf_I_O)         0.250     0.250 r  CLK100MHZ_IBUF_inst/O
                         net (fo=1, unplaced)         0.338     0.588    CLK100MHZ_IBUF
                         BUFG (Prop_bufg_I_O)         0.026     0.614 r  CLK100MHZ_IBUF_BUFG_inst/O
                         net (fo=5149, unplaced)      0.114     0.728    u_rx/CLK100MHZ_IBUF_BUFG
                         FDRE                                         r  u_rx/div_reg[13]/C
  -------------------------------------------------------------------    -------------------
                         FDRE (Prop_fdre_C_Q)         0.147     0.875 r  u_rx/div_reg[13]/Q
                         net (fo=3, unplaced)         0.089     0.964    u_rx/div_reg_n_0_[13]
                         CARRY4 (Prop_carry4_DI[0]_O[1])
                                                      0.092     1.056 r  u_rx/div0_carry__2/O[1]
                         net (fo=1, unplaced)         0.000     1.056    u_rx/div0_carry__2_n_6
                         FDRE                                         r  u_rx/div_reg[14]/D
  -------------------------------------------------------------------    -------------------

                         (clock sys_clk_pin rise edge)
                                                      0.000     0.000 r  <hidden>
    E3                                                0.000     0.000 r  CLK100MHZ
                         net (fo=0)                   0.000     0.000    CLK100MHZ
    E3                   IBUF (Prop_ibuf_I_O)         0.438     0.438 r  CLK100MHZ_IBUF_inst/O
                         net (fo=1, unplaced)         0.356     0.794    CLK100MHZ_IBUF
                         BUFG (Prop_bufg_I_O)         0.029     0.823 r  CLK100MHZ_IBUF_BUFG_inst/O
                         net (fo=5149, unplaced)      0.259     1.082    u_rx/CLK100MHZ_IBUF_BUFG
                         FDRE                                         r  u_rx/div_reg[14]/C
                         clock pessimism             -0.209     0.873    <hidden>
                         FDRE (Hold_fdre_C_D)         0.113     0.986    u_rx/div_reg[14]
  -------------------------------------------------------------------
                         required time                         -0.986    <hidden>
                         arrival time                           1.056    <hidden>
  -------------------------------------------------------------------
                         slack                                  0.070    <hidden>

Slack (MET) :             0.086ns  (arrival time - required time)
  Source:                 u_rx/div_reg[10]/C
                            (rising edge-triggered cell FDRE clocked by sys_clk_pin  {rise@0.000ns fall@5.000ns period=10.000ns})
  Destination:            u_rx/div_reg[11]/D
                            (rising edge-triggered cell FDRE clocked by sys_clk_pin  {rise@0.000ns fall@5.000ns period=10.000ns})
  Path Group:             sys_clk_pin
  Path Type:              Hold (Min at Fast Process Corner)
  Requirement:            0.000ns  (sys_clk_pin rise@0.000ns - sys_clk_pin rise@0.000ns)
  Data Path Delay:        0.344ns  (logic 0.255ns (74.232%)  route 0.089ns (25.768%))
  Logic Levels:           1  (CARRY4=1)
  Clock Path Skew:        0.145ns (DCD - SCD - CPR)
    Destination Clock Delay (DCD):    1.082ns
    Source Clock Delay      (SCD):    0.728ns
    Clock Pessimism Removal (CPR):    0.209ns

    Location             Delay type                Incr(ns)  Path(ns)    Netlist Resource(s)
  -------------------------------------------------------------------    -------------------
                         (clock sys_clk_pin rise edge)
                                                      0.000     0.000 r  <hidden>
    E3                                                0.000     0.000 r  CLK100MHZ
                         net (fo=0)                   0.000     0.000    CLK100MHZ
    E3                   IBUF (Prop_ibuf_I_O)         0.250     0.250 r  CLK100MHZ_IBUF_inst/O
                         net (fo=1, unplaced)         0.338     0.588    CLK100MHZ_IBUF
                         BUFG (Prop_bufg_I_O)         0.026     0.614 r  CLK100MHZ_IBUF_BUFG_inst/O
                         net (fo=5149, unplaced)      0.114     0.728    u_rx/CLK100MHZ_IBUF_BUFG
                         FDRE                                         r  u_rx/div_reg[10]/C
  -------------------------------------------------------------------    -------------------
                         FDRE (Prop_fdre_C_Q)         0.147     0.875 r  u_rx/div_reg[10]/Q
                         net (fo=3, unplaced)         0.089     0.964    u_rx/div_reg_n_0_[10]
                         CARRY4 (Prop_carry4_DI[1]_O[2])
                                                      0.108     1.072 r  u_rx/div0_carry__1/O[2]
                         net (fo=1, unplaced)         0.000     1.072    u_rx/div0_carry__1_n_5
                         FDRE                                         r  u_rx/div_reg[11]/D
  -------------------------------------------------------------------    -------------------

                         (clock sys_clk_pin rise edge)
                                                      0.000     0.000 r  <hidden>
    E3                                                0.000     0.000 r  CLK100MHZ
                         net (fo=0)                   0.000     0.000    CLK100MHZ
    E3                   IBUF (Prop_ibuf_I_O)         0.438     0.438 r  CLK100MHZ_IBUF_inst/O
                         net (fo=1, unplaced)         0.356     0.794    CLK100MHZ_IBUF
                         BUFG (Prop_bufg_I_O)         0.029     0.823 r  CLK100MHZ_IBUF_BUFG_inst/O
                         net (fo=5149, unplaced)      0.259     1.082    u_rx/CLK100MHZ_IBUF_BUFG
                         FDRE                                         r  u_rx/div_reg[11]/C
                         clock pessimism             -0.209     0.873    <hidden>
                         FDRE (Hold_fdre_C_D)         0.113     0.986    u_rx/div_reg[11]
  -------------------------------------------------------------------
                         required time                         -0.986    <hidden>
                         arrival time                           1.072    <hidden>
  -------------------------------------------------------------------
                         slack                                  0.086    <hidden>

Slack (MET) :             0.088ns  (arrival time - required time)
  Source:                 u_rx/div_reg[14]/C
                            (rising edge-triggered cell FDRE clocked by sys_clk_pin  {rise@0.000ns fall@5.000ns period=10.000ns})
  Destination:            u_rx/div_reg[15]/D
                            (rising edge-triggered cell FDRE clocked by sys_clk_pin  {rise@0.000ns fall@5.000ns period=10.000ns})
  Path Group:             sys_clk_pin
  Path Type:              Hold (Min at Fast Process Corner)
  Requirement:            0.000ns  (sys_clk_pin rise@0.000ns - sys_clk_pin rise@0.000ns)
  Data Path Delay:        0.346ns  (logic 0.255ns (73.689%)  route 0.091ns (26.311%))
  Logic Levels:           1  (CARRY4=1)
  Clock Path Skew:        0.145ns (DCD - SCD - CPR)
    Destination Clock Delay (DCD):    1.082ns
    Source Clock Delay      (SCD):    0.728ns
    Clock Pessimism Removal (CPR):    0.209ns

    Location             Delay type                Incr(ns)  Path(ns)    Netlist Resource(s)
  -------------------------------------------------------------------    -------------------
                         (clock sys_clk_pin rise edge)
                                                      0.000     0.000 r  <hidden>
    E3                                                0.000     0.000 r  CLK100MHZ
                         net (fo=0)                   0.000     0.000    CLK100MHZ
    E3                   IBUF (Prop_ibuf_I_O)         0.250     0.250 r  CLK100MHZ_IBUF_inst/O
                         net (fo=1, unplaced)         0.338     0.588    CLK100MHZ_IBUF
                         BUFG (Prop_bufg_I_O)         0.026     0.614 r  CLK100MHZ_IBUF_BUFG_inst/O
                         net (fo=5149, unplaced)      0.114     0.728    u_rx/CLK100MHZ_IBUF_BUFG
                         FDRE                                         r  u_rx/div_reg[14]/C
  -------------------------------------------------------------------    -------------------
                         FDRE (Prop_fdre_C_Q)         0.147     0.875 r  u_rx/div_reg[14]/Q
                         net (fo=4, unplaced)         0.091     0.966    u_rx/div_reg_n_0_[14]
                         CARRY4 (Prop_carry4_DI[1]_O[2])
                                                      0.108     1.074 r  u_rx/div0_carry__2/O[2]
                         net (fo=1, unplaced)         0.000     1.074    u_rx/div0_carry__2_n_5
                         FDRE                                         r  u_rx/div_reg[15]/D
  -------------------------------------------------------------------    -------------------

                         (clock sys_clk_pin rise edge)
                                                      0.000     0.000 r  <hidden>
    E3                                                0.000     0.000 r  CLK100MHZ
                         net (fo=0)                   0.000     0.000    CLK100MHZ
    E3                   IBUF (Prop_ibuf_I_O)         0.438     0.438 r  CLK100MHZ_IBUF_inst/O
                         net (fo=1, unplaced)         0.356     0.794    CLK100MHZ_IBUF
                         BUFG (Prop_bufg_I_O)         0.029     0.823 r  CLK100MHZ_IBUF_BUFG_inst/O
                         net (fo=5149, unplaced)      0.259     1.082    u_rx/CLK100MHZ_IBUF_BUFG
                         FDRE                                         r  u_rx/div_reg[15]/C
                         clock pessimism             -0.209     0.873    <hidden>
                         FDRE (Hold_fdre_C_D)         0.113     0.986    u_rx/div_reg[15]
  -------------------------------------------------------------------
                         required time                         -0.986    <hidden>
                         arrival time                           1.074    <hidden>
  -------------------------------------------------------------------
                         slack                                  0.088    <hidden>

Slack (MET) :             0.101ns  (arrival time - required time)
  Source:                 u_fem/u_ui/u_ui/out_r_reg[0]/C
                            (rising edge-triggered cell FDCE clocked by sys_clk_pin  {rise@0.000ns fall@5.000ns period=10.000ns})
  Destination:            u_fem/u_ui/u_ui/out_r_reg[2]/D
                            (rising edge-triggered cell FDCE clocked by sys_clk_pin  {rise@0.000ns fall@5.000ns period=10.000ns})
  Path Group:             sys_clk_pin
  Path Type:              Hold (Min at Fast Process Corner)
  Requirement:            0.000ns  (sys_clk_pin rise@0.000ns - sys_clk_pin rise@0.000ns)
  Data Path Delay:        0.359ns  (logic 0.270ns (75.310%)  route 0.089ns (24.690%))
  Logic Levels:           1  (CARRY4=1)
  Clock Path Skew:        0.145ns (DCD - SCD - CPR)
    Destination Clock Delay (DCD):    1.082ns
    Source Clock Delay      (SCD):    0.728ns
    Clock Pessimism Removal (CPR):    0.209ns

    Location             Delay type                Incr(ns)  Path(ns)    Netlist Resource(s)
  -------------------------------------------------------------------    -------------------
                         (clock sys_clk_pin rise edge)
                                                      0.000     0.000 r  <hidden>
    E3                                                0.000     0.000 r  CLK100MHZ
                         net (fo=0)                   0.000     0.000    CLK100MHZ
    E3                   IBUF (Prop_ibuf_I_O)         0.250     0.250 r  CLK100MHZ_IBUF_inst/O
                         net (fo=1, unplaced)         0.338     0.588    CLK100MHZ_IBUF
                         BUFG (Prop_bufg_I_O)         0.026     0.614 r  CLK100MHZ_IBUF_BUFG_inst/O
                         net (fo=5149, unplaced)      0.114     0.728    u_fem/u_ui/u_ui/clk
                         FDCE                                         r  u_fem/u_ui/u_ui/out_r_reg[0]/C
  -------------------------------------------------------------------    -------------------
                         FDCE (Prop_fdce_C_Q)         0.147     0.875 r  u_fem/u_ui/u_ui/out_r_reg[0]/Q
                         net (fo=3, unplaced)         0.089     0.964    u_fem/u_ui/u_ui/DI[0]
                         CARRY4 (Prop_carry4_DI[0]_O[2])
                                                      0.123     1.087 r  u_fem/u_ui/u_ui/out_r_reg[3]_i_1/O[2]
                         net (fo=1, unplaced)         0.000     1.087    u_fem/u_ui/u_ui/out_r_reg[3]_i_1_n_5
                         FDCE                                         r  u_fem/u_ui/u_ui/out_r_reg[2]/D
  -------------------------------------------------------------------    -------------------

                         (clock sys_clk_pin rise edge)
                                                      0.000     0.000 r  <hidden>
    E3                                                0.000     0.000 r  CLK100MHZ
                         net (fo=0)                   0.000     0.000    CLK100MHZ
    E3                   IBUF (Prop_ibuf_I_O)         0.438     0.438 r  CLK100MHZ_IBUF_inst/O
                         net (fo=1, unplaced)         0.356     0.794    CLK100MHZ_IBUF
                         BUFG (Prop_bufg_I_O)         0.029     0.823 r  CLK100MHZ_IBUF_BUFG_inst/O
                         net (fo=5149, unplaced)      0.259     1.082    u_fem/u_ui/u_ui/clk
                         FDCE                                         r  u_fem/u_ui/u_ui/out_r_reg[2]/C
                         clock pessimism             -0.209     0.873    <hidden>
                         FDCE (Hold_fdce_C_D)         0.113     0.986    u_fem/u_ui/u_ui/out_r_reg[2]
  -------------------------------------------------------------------
                         required time                         -0.986    <hidden>
                         arrival time                           1.087    <hidden>
  -------------------------------------------------------------------
                         slack                                  0.101    <hidden>

Slack (MET) :             0.101ns  (arrival time - required time)
  Source:                 u_ld/u_ui/out_r_reg[0]/C
                            (rising edge-triggered cell FDCE clocked by sys_clk_pin  {rise@0.000ns fall@5.000ns period=10.000ns})
  Destination:            u_ld/u_ui/out_r_reg[2]/D
                            (rising edge-triggered cell FDCE clocked by sys_clk_pin  {rise@0.000ns fall@5.000ns period=10.000ns})
  Path Group:             sys_clk_pin
  Path Type:              Hold (Min at Fast Process Corner)
  Requirement:            0.000ns  (sys_clk_pin rise@0.000ns - sys_clk_pin rise@0.000ns)
  Data Path Delay:        0.359ns  (logic 0.270ns (75.310%)  route 0.089ns (24.690%))
  Logic Levels:           1  (CARRY4=1)
  Clock Path Skew:        0.145ns (DCD - SCD - CPR)
    Destination Clock Delay (DCD):    1.082ns
    Source Clock Delay      (SCD):    0.728ns
    Clock Pessimism Removal (CPR):    0.209ns

    Location             Delay type                Incr(ns)  Path(ns)    Netlist Resource(s)
  -------------------------------------------------------------------    -------------------
                         (clock sys_clk_pin rise edge)
                                                      0.000     0.000 r  <hidden>
    E3                                                0.000     0.000 r  CLK100MHZ
                         net (fo=0)                   0.000     0.000    CLK100MHZ
    E3                   IBUF (Prop_ibuf_I_O)         0.250     0.250 r  CLK100MHZ_IBUF_inst/O
                         net (fo=1, unplaced)         0.338     0.588    CLK100MHZ_IBUF
                         BUFG (Prop_bufg_I_O)         0.026     0.614 r  CLK100MHZ_IBUF_BUFG_inst/O
                         net (fo=5149, unplaced)      0.114     0.728    u_ld/u_ui/clk
                         FDCE                                         r  u_ld/u_ui/out_r_reg[0]/C
  -------------------------------------------------------------------    -------------------
                         FDCE (Prop_fdce_C_Q)         0.147     0.875 r  u_ld/u_ui/out_r_reg[0]/Q
                         net (fo=3, unplaced)         0.089     0.964    u_ld/u_ui/out_r_reg_n_0_[0]
                         CARRY4 (Prop_carry4_DI[0]_O[2])
                                                      0.123     1.087 r  u_ld/u_ui/out_r_reg[0]_i_2/O[2]
                         net (fo=1, unplaced)         0.000     1.087    u_ld/u_ui/out_r_reg[0]_i_2_n_5
                         FDCE                                         r  u_ld/u_ui/out_r_reg[2]/D
  -------------------------------------------------------------------    -------------------

                         (clock sys_clk_pin rise edge)
                                                      0.000     0.000 r  <hidden>
    E3                                                0.000     0.000 r  CLK100MHZ
                         net (fo=0)                   0.000     0.000    CLK100MHZ
    E3                   IBUF (Prop_ibuf_I_O)         0.438     0.438 r  CLK100MHZ_IBUF_inst/O
                         net (fo=1, unplaced)         0.356     0.794    CLK100MHZ_IBUF
                         BUFG (Prop_bufg_I_O)         0.029     0.823 r  CLK100MHZ_IBUF_BUFG_inst/O
                         net (fo=5149, unplaced)      0.259     1.082    u_ld/u_ui/clk
                         FDCE                                         r  u_ld/u_ui/out_r_reg[2]/C
                         clock pessimism             -0.209     0.873    <hidden>
                         FDCE (Hold_fdce_C_D)         0.113     0.986    u_ld/u_ui/out_r_reg[2]
  -------------------------------------------------------------------
                         required time                         -0.986    <hidden>
                         arrival time                           1.087    <hidden>
  -------------------------------------------------------------------
                         slack                                  0.101    <hidden>

Slack (MET) :             0.111ns  (arrival time - required time)
  Source:                 u_rx/div_reg[11]/C
                            (rising edge-triggered cell FDRE clocked by sys_clk_pin  {rise@0.000ns fall@5.000ns period=10.000ns})
  Destination:            u_rx/div_reg[13]/D
                            (rising edge-triggered cell FDRE clocked by sys_clk_pin  {rise@0.000ns fall@5.000ns period=10.000ns})
  Path Group:             sys_clk_pin
  Path Type:              Hold (Min at Fast Process Corner)
  Requirement:            0.000ns  (sys_clk_pin rise@0.000ns - sys_clk_pin rise@0.000ns)
  Data Path Delay:        0.369ns  (logic 0.280ns (75.980%)  route 0.089ns (24.020%))
  Logic Levels:           2  (CARRY4=2)
  Clock Path Skew:        0.145ns (DCD - SCD - CPR)
    Destination Clock Delay (DCD):    1.082ns
    Source Clock Delay      (SCD):    0.728ns
    Clock Pessimism Removal (CPR):    0.209ns

    Location             Delay type                Incr(ns)  Path(ns)    Netlist Resource(s)
  -------------------------------------------------------------------    -------------------
                         (clock sys_clk_pin rise edge)
                                                      0.000     0.000 r  <hidden>
    E3                                                0.000     0.000 r  CLK100MHZ
                         net (fo=0)                   0.000     0.000    CLK100MHZ
    E3                   IBUF (Prop_ibuf_I_O)         0.250     0.250 r  CLK100MHZ_IBUF_inst/O
                         net (fo=1, unplaced)         0.338     0.588    CLK100MHZ_IBUF
                         BUFG (Prop_bufg_I_O)         0.026     0.614 r  CLK100MHZ_IBUF_BUFG_inst/O
                         net (fo=5149, unplaced)      0.114     0.728    u_rx/CLK100MHZ_IBUF_BUFG
                         FDRE                                         r  u_rx/div_reg[11]/C
  -------------------------------------------------------------------    -------------------
                         FDRE (Prop_fdre_C_Q)         0.147     0.875 r  u_rx/div_reg[11]/Q
                         net (fo=3, unplaced)         0.089     0.964    u_rx/div_reg_n_0_[11]
                         CARRY4 (Prop_carry4_DI[2]_CO[3])
                                                      0.080     1.044 r  u_rx/div0_carry__1/CO[3]
                         net (fo=1, unplaced)         0.000     1.044    u_rx/div0_carry__1_n_0
                         CARRY4 (Prop_carry4_CI_O[0])
                                                      0.053     1.097 r  u_rx/div0_carry__2/O[0]
                         net (fo=1, unplaced)         0.000     1.097    u_rx/div0_carry__2_n_7
                         FDRE                                         r  u_rx/div_reg[13]/D
  -------------------------------------------------------------------    -------------------

                         (clock sys_clk_pin rise edge)
                                                      0.000     0.000 r  <hidden>
    E3                                                0.000     0.000 r  CLK100MHZ
                         net (fo=0)                   0.000     0.000    CLK100MHZ
    E3                   IBUF (Prop_ibuf_I_O)         0.438     0.438 r  CLK100MHZ_IBUF_inst/O
                         net (fo=1, unplaced)         0.356     0.794    CLK100MHZ_IBUF
                         BUFG (Prop_bufg_I_O)         0.029     0.823 r  CLK100MHZ_IBUF_BUFG_inst/O
                         net (fo=5149, unplaced)      0.259     1.082    u_rx/CLK100MHZ_IBUF_BUFG
                         FDRE                                         r  u_rx/div_reg[13]/C
                         clock pessimism             -0.209     0.873    <hidden>
                         FDRE (Hold_fdre_C_D)         0.113     0.986    u_rx/div_reg[13]
  -------------------------------------------------------------------
                         required time                         -0.986    <hidden>
                         arrival time                           1.097    <hidden>
  -------------------------------------------------------------------
                         slack                                  0.111    <hidden>

Slack (MET) :             0.123ns  (arrival time - required time)
  Source:                 u_fem/u_ui/u_ui/out_r_reg[0]/C
                            (rising edge-triggered cell FDCE clocked by sys_clk_pin  {rise@0.000ns fall@5.000ns period=10.000ns})
  Destination:            u_fem/u_ui/u_ui/out_r_reg[3]/D
                            (rising edge-triggered cell FDCE clocked by sys_clk_pin  {rise@0.000ns fall@5.000ns period=10.000ns})
  Path Group:             sys_clk_pin
  Path Type:              Hold (Min at Fast Process Corner)
  Requirement:            0.000ns  (sys_clk_pin rise@0.000ns - sys_clk_pin rise@0.000ns)
  Data Path Delay:        0.381ns  (logic 0.292ns (76.737%)  route 0.089ns (23.263%))
  Logic Levels:           1  (CARRY4=1)
  Clock Path Skew:        0.145ns (DCD - SCD - CPR)
    Destination Clock Delay (DCD):    1.082ns
    Source Clock Delay      (SCD):    0.728ns
    Clock Pessimism Removal (CPR):    0.209ns

    Location             Delay type                Incr(ns)  Path(ns)    Netlist Resource(s)
  -------------------------------------------------------------------    -------------------
                         (clock sys_clk_pin rise edge)
                                                      0.000     0.000 r  <hidden>
    E3                                                0.000     0.000 r  CLK100MHZ
                         net (fo=0)                   0.000     0.000    CLK100MHZ
    E3                   IBUF (Prop_ibuf_I_O)         0.250     0.250 r  CLK100MHZ_IBUF_inst/O
                         net (fo=1, unplaced)         0.338     0.588    CLK100MHZ_IBUF
                         BUFG (Prop_bufg_I_O)         0.026     0.614 r  CLK100MHZ_IBUF_BUFG_inst/O
                         net (fo=5149, unplaced)      0.114     0.728    u_fem/u_ui/u_ui/clk
                         FDCE                                         r  u_fem/u_ui/u_ui/out_r_reg[0]/C
  -------------------------------------------------------------------    -------------------
                         FDCE (Prop_fdce_C_Q)         0.147     0.875 r  u_fem/u_ui/u_ui/out_r_reg[0]/Q
                         net (fo=3, unplaced)         0.089     0.964    u_fem/u_ui/u_ui/DI[0]
                         CARRY4 (Prop_carry4_DI[0]_O[3])
                                                      0.145     1.109 r  u_fem/u_ui/u_ui/out_r_reg[3]_i_1/O[3]
                         net (fo=1, unplaced)         0.000     1.109    u_fem/u_ui/u_ui/out_r_reg[3]_i_1_n_4
                         FDCE                                         r  u_fem/u_ui/u_ui/out_r_reg[3]/D
  -------------------------------------------------------------------    -------------------

                         (clock sys_clk_pin rise edge)
                                                      0.000     0.000 r  <hidden>
    E3                                                0.000     0.000 r  CLK100MHZ
                         net (fo=0)                   0.000     0.000    CLK100MHZ
    E3                   IBUF (Prop_ibuf_I_O)         0.438     0.438 r  CLK100MHZ_IBUF_inst/O
                         net (fo=1, unplaced)         0.356     0.794    CLK100MHZ_IBUF
                         BUFG (Prop_bufg_I_O)         0.029     0.823 r  CLK100MHZ_IBUF_BUFG_inst/O
                         net (fo=5149, unplaced)      0.259     1.082    u_fem/u_ui/u_ui/clk
                         FDCE                                         r  u_fem/u_ui/u_ui/out_r_reg[3]/C
                         clock pessimism             -0.209     0.873    <hidden>
                         FDCE (Hold_fdce_C_D)         0.113     0.986    u_fem/u_ui/u_ui/out_r_reg[3]
  -------------------------------------------------------------------
                         required time                         -0.986    <hidden>
                         arrival time                           1.109    <hidden>
  -------------------------------------------------------------------
                         slack                                  0.123    <hidden>





Pulse Width Checks
--------------------------------------------------------------------------------------
Clock Name:         sys_clk_pin
Waveform(ns):       { 0.000 5.000 }
Period(ns):         10.000
Sources:            { CLK100MHZ }

Check Type        Corner  Lib Pin             Reference Pin  Required(ns)  Actual(ns)  Slack(ns)  Location  Pin
Min Period        n/a     DSP48E1/CLK         n/a            3.884         10.000      6.116                u_q/da_r_reg/CLK
Min Period        n/a     RAMB36E1/CLKARDCLK  n/a            2.944         10.000      7.056                u_dest/dest_reg_0/CLKARDCLK
Min Period        n/a     RAMB36E1/CLKARDCLK  n/a            2.944         10.000      7.056                u_dest/dest_reg_1/CLKARDCLK
Min Period        n/a     RAMB36E1/CLKARDCLK  n/a            2.944         10.000      7.056                u_dest/dest_reg_10/CLKARDCLK
Min Period        n/a     RAMB36E1/CLKARDCLK  n/a            2.944         10.000      7.056                u_dest/dest_reg_11/CLKARDCLK
Min Period        n/a     RAMB36E1/CLKARDCLK  n/a            2.944         10.000      7.056                u_dest/dest_reg_12/CLKARDCLK
Min Period        n/a     RAMB36E1/CLKARDCLK  n/a            2.944         10.000      7.056                u_dest/dest_reg_13/CLKARDCLK
Min Period        n/a     RAMB36E1/CLKARDCLK  n/a            2.944         10.000      7.056                u_dest/dest_reg_14/CLKARDCLK
Min Period        n/a     RAMB36E1/CLKARDCLK  n/a            2.944         10.000      7.056                u_dest/dest_reg_15/CLKARDCLK
Min Period        n/a     RAMB36E1/CLKARDCLK  n/a            2.944         10.000      7.056                u_dest/dest_reg_2/CLKARDCLK
Low Pulse Width   Slow    FDCE/C              n/a            0.500         5.000       4.500                u_bw/FSM_sequential_state_reg[0]/C
Low Pulse Width   Fast    FDCE/C              n/a            0.500         5.000       4.500                u_bw/FSM_sequential_state_reg[0]/C
Low Pulse Width   Slow    FDCE/C              n/a            0.500         5.000       4.500                u_bw/FSM_sequential_state_reg[1]/C
Low Pulse Width   Fast    FDCE/C              n/a            0.500         5.000       4.500                u_bw/FSM_sequential_state_reg[1]/C
Low Pulse Width   Slow    FDRE/C              n/a            0.500         5.000       4.500                u_bw/budget_reg[0]/C
Low Pulse Width   Fast    FDRE/C              n/a            0.500         5.000       4.500                u_bw/budget_reg[0]/C
Low Pulse Width   Slow    FDRE/C              n/a            0.500         5.000       4.500                u_bw/budget_reg[1]/C
Low Pulse Width   Fast    FDRE/C              n/a            0.500         5.000       4.500                u_bw/budget_reg[1]/C
Low Pulse Width   Slow    FDRE/C              n/a            0.500         5.000       4.500                u_bw/budget_reg[2]/C
Low Pulse Width   Fast    FDRE/C              n/a            0.500         5.000       4.500                u_bw/budget_reg[2]/C
High Pulse Width  Slow    FDCE/C              n/a            0.500         5.000       4.500                u_bw/FSM_sequential_state_reg[0]/C
High Pulse Width  Fast    FDCE/C              n/a            0.500         5.000       4.500                u_bw/FSM_sequential_state_reg[0]/C
High Pulse Width  Slow    FDCE/C              n/a            0.500         5.000       4.500                u_bw/FSM_sequential_state_reg[1]/C
High Pulse Width  Fast    FDCE/C              n/a            0.500         5.000       4.500                u_bw/FSM_sequential_state_reg[1]/C
High Pulse Width  Slow    FDRE/C              n/a            0.500         5.000       4.500                u_bw/budget_reg[0]/C
High Pulse Width  Fast    FDRE/C              n/a            0.500         5.000       4.500                u_bw/budget_reg[0]/C
High Pulse Width  Slow    FDRE/C              n/a            0.500         5.000       4.500                u_bw/budget_reg[1]/C
High Pulse Width  Fast    FDRE/C              n/a            0.500         5.000       4.500                u_bw/budget_reg[1]/C
High Pulse Width  Slow    FDRE/C              n/a            0.500         5.000       4.500                u_bw/budget_reg[2]/C
High Pulse Width  Fast    FDRE/C              n/a            0.500         5.000       4.500                u_bw/budget_reg[2]/C



