Copyright 1986-2022 Xilinx, Inc. All Rights Reserved. Copyright 2022-2026 Advanced Micro Devices, Inc. All Rights Reserved.
---------------------------------------------------------------------------------------------------------------------------------------------
| Tool Version : Vivado v.2026.1 (win64) Build 6511674 Tue Jun 16 11:02:23 MDT 2026
| Date         : Thu Sep 17 13:41:27 2026
| Host         : laptop-Quan running 64-bit major release  (build 9200)
| Command      : report_cdc -details -file D:/FPGA/arty_d/AUDIT_TRANSPORT_CDC_MIG_R1/STATIC_IMPLEMENTATION_DIAGNOSTICS/cdc_details.rpt
| Design       : arty_a7_r2_top_m4_mig_candidate
| Device       : 7a100t-csg324
| Speed File   : -1  PRODUCTION 1.23 2018-06-13
| Design State : Routed
---------------------------------------------------------------------------------------------------------------------------------------------

CDC Report

ID      Severity  Count  Description
------  --------  -----  ---------------------------------------------------------------
CDC-1   Critical   3549  1-bit unknown CDC circuitry
CDC-3   Info         12  1-bit synchronized with ASYNC_REG property
CDC-7   Critical    505  Asynchronous reset unknown CDC circuitry
CDC-8   Warning       2  Asynchronous reset synchronized with missing ASYNC_REG property
CDC-13  Critical    103  1-bit CDC path on a non-FD primitive
CDC-15  Warning      38  Clock enable controlled CDC structure detected

Source Clock: clk_pll_i
Destination Clock: clk200_u
CDC Type: Safely Timed

Row  ID     Severity  Description                                 Depth  Exception                Source (From)                                                     Destination (To)
---  -----  --------  ------------------------------------------  -----  -----------------------  ----------------------------------------------------------------  ----------------------------------------------------------------------------------
  1  CDC-3  Info      1-bit synchronized with ASYNC_REG property      2  Max Delay Datapath Only  u_mig/u_mig0_mig/u_ddr3_infrastructure/rstdiv0_sync_r1_reg_rep/C  u_mig/u_mig0_mig/temp_mon_enabled.u_tempmon/xadc_supplied_temperature.rst_r1_reg/D

Source Clock: input port clock
Destination Clock: clk200_u
CDC Type: No Common Primary Clock

Row  ID     Severity  Description                                                      Depth  Exception   Source (From)  Destination (To)
---  -----  --------  ---------------------------------------------------------------  -----  ----------  -------------  ------------------------------------------------------------
  1  CDC-8  Warning   Asynchronous reset synchronized with missing ASYNC_REG property     15  False Path  ck_rst         u_mig/u_mig0_mig/u_iodelay_ctrl/rst_ref_sync_r_reg[0][0]/PRE

Source Clock: input port clock
Destination Clock: clk_pll_i
CDC Type: No Common Primary Clock

Row  ID     Severity  Description                                                      Depth  Exception   Source (From)  Destination (To)
---  -----  --------  ---------------------------------------------------------------  -----  ----------  -------------  ----------------------------------------------------------------
  1  CDC-8  Warning   Asynchronous reset synchronized with missing ASYNC_REG property     12  False Path  ck_rst         u_mig/u_mig0_mig/u_ddr3_infrastructure/rstdiv0_sync_r_reg[0]/PRE

Source Clock: mem_refclk
Destination Clock: clk_pll_i
CDC Type: User Ignored

Row  ID     Severity  Description                                 Depth  Exception   Source (From)                                                                                                                                                                                     Destination (To)
---  -----  --------  ------------------------------------------  -----  ----------  ------------------------------------------------------------------------------------------------------------------------------------------------------------------------------------------------  -------------------------------------------------------------------------------------------------------------------------------------------------------
  1  CDC-3  Info      1-bit synchronized with ASYNC_REG property      3  False Path  u_mig/u_mig0_mig/u_memc_ui_top_std/mem_intfc0/ddr_phy_top0/u_ddr_mc_phy_wrapper/u_ddr_mc_phy/ddr_phy_4lanes_0.u_ddr_phy_4lanes/ddr_byte_lane_C.ddr_byte_lane_C/phaser_in_gen.phaser_in/MEMREFCLK  u_mig/u_mig0_mig/u_memc_ui_top_std/mem_intfc0/ddr_phy_top0/u_ddr_calib_top/dqsfind_calib_left.u_ddr_phy_dqs_found_cal_hr/pi_dqs_found_lanes_r1_reg[2]/D
  2  CDC-3  Info      1-bit synchronized with ASYNC_REG property      3  False Path  u_mig/u_mig0_mig/u_memc_ui_top_std/mem_intfc0/ddr_phy_top0/u_ddr_mc_phy_wrapper/u_ddr_mc_phy/ddr_phy_4lanes_0.u_ddr_phy_4lanes/ddr_byte_lane_D.ddr_byte_lane_D/phaser_in_gen.phaser_in/MEMREFCLK  u_mig/u_mig0_mig/u_memc_ui_top_std/mem_intfc0/ddr_phy_top0/u_ddr_calib_top/dqsfind_calib_left.u_ddr_phy_dqs_found_cal_hr/pi_dqs_found_lanes_r1_reg[3]/D

Source Clock: sys_clk_pin
Destination Clock: clk_pll_i
CDC Type: Safely Timed

Row  ID      Severity  Description                                     Depth  Exception                Source (From)         Destination (To)
---  ------  --------  ----------------------------------------------  -----  -----------------------  --------------------  ----------------------
  1  CDC-3   Info      1-bit synchronized with ASYNC_REG property          2  Max Delay Datapath Only  u_clr/ui_req_r_reg/C  req_u0_reg/D
  2  CDC-15  Warning   Clock enable controlled CDC structure detected      0  Max Delay Datapath Only  u_cdc/hold_reg[0]/C   u_cdc/b_data_reg[0]/D
  3  CDC-15  Warning   Clock enable controlled CDC structure detected      0  Max Delay Datapath Only  u_cdc/hold_reg[1]/C   u_cdc/b_data_reg[1]/D
  4  CDC-15  Warning   Clock enable controlled CDC structure detected      0  Max Delay Datapath Only  u_cdc/hold_reg[2]/C   u_cdc/b_data_reg[2]/D
  5  CDC-15  Warning   Clock enable controlled CDC structure detected      0  Max Delay Datapath Only  u_cdc/hold_reg[3]/C   u_cdc/b_data_reg[3]/D
  6  CDC-15  Warning   Clock enable controlled CDC structure detected      0  Max Delay Datapath Only  u_cdc/hold_reg[4]/C   u_cdc/b_data_reg[4]/D
  7  CDC-15  Warning   Clock enable controlled CDC structure detected      0  Max Delay Datapath Only  u_cdc/hold_reg[5]/C   u_cdc/b_data_reg[5]/D
  8  CDC-15  Warning   Clock enable controlled CDC structure detected      0  Max Delay Datapath Only  u_cdc/hold_reg[6]/C   u_cdc/b_data_reg[6]/D
  9  CDC-15  Warning   Clock enable controlled CDC structure detected      0  Max Delay Datapath Only  u_cdc/hold_reg[7]/C   u_cdc/b_data_reg[7]/D
 10  CDC-15  Warning   Clock enable controlled CDC structure detected      0  Max Delay Datapath Only  u_cdc/hold_reg[8]/C   u_cdc/b_data_reg[8]/D
 11  CDC-15  Warning   Clock enable controlled CDC structure detected      0  Max Delay Datapath Only  u_cdc/hold_reg[9]/C   u_cdc/b_data_reg[9]/D
 12  CDC-15  Warning   Clock enable controlled CDC structure detected      0  Max Delay Datapath Only  u_cdc/hold_reg[10]/C  u_cdc/b_data_reg[10]/D
 13  CDC-15  Warning   Clock enable controlled CDC structure detected      0  Max Delay Datapath Only  u_cdc/hold_reg[11]/C  u_cdc/b_data_reg[11]/D
 14  CDC-15  Warning   Clock enable controlled CDC structure detected      0  Max Delay Datapath Only  u_cdc/hold_reg[12]/C  u_cdc/b_data_reg[12]/D
 15  CDC-15  Warning   Clock enable controlled CDC structure detected      0  Max Delay Datapath Only  u_cdc/hold_reg[13]/C  u_cdc/b_data_reg[13]/D
 16  CDC-15  Warning   Clock enable controlled CDC structure detected      0  Max Delay Datapath Only  u_cdc/hold_reg[14]/C  u_cdc/b_data_reg[14]/D
 17  CDC-15  Warning   Clock enable controlled CDC structure detected      0  Max Delay Datapath Only  u_cdc/hold_reg[15]/C  u_cdc/b_data_reg[15]/D
 18  CDC-15  Warning   Clock enable controlled CDC structure detected      0  Max Delay Datapath Only  u_cdc/hold_reg[16]/C  u_cdc/b_data_reg[16]/D
 19  CDC-15  Warning   Clock enable controlled CDC structure detected      0  Max Delay Datapath Only  u_cdc/hold_reg[17]/C  u_cdc/b_data_reg[17]/D
 20  CDC-15  Warning   Clock enable controlled CDC structure detected      0  Max Delay Datapath Only  u_cdc/hold_reg[18]/C  u_cdc/b_data_reg[18]/D
 21  CDC-15  Warning   Clock enable controlled CDC structure detected      0  Max Delay Datapath Only  u_cdc/hold_reg[19]/C  u_cdc/b_data_reg[19]/D
 22  CDC-15  Warning   Clock enable controlled CDC structure detected      0  Max Delay Datapath Only  u_cdc/hold_reg[20]/C  u_cdc/b_data_reg[20]/D
 23  CDC-15  Warning   Clock enable controlled CDC structure detected      0  Max Delay Datapath Only  u_cdc/hold_reg[21]/C  u_cdc/b_data_reg[21]/D
 24  CDC-15  Warning   Clock enable controlled CDC structure detected      0  Max Delay Datapath Only  u_cdc/hold_reg[22]/C  u_cdc/b_data_reg[22]/D
 25  CDC-15  Warning   Clock enable controlled CDC structure detected      0  Max Delay Datapath Only  u_cdc/hold_reg[23]/C  u_cdc/b_data_reg[23]/D
 26  CDC-15  Warning   Clock enable controlled CDC structure detected      0  Max Delay Datapath Only  u_cdc/hold_reg[24]/C  u_cdc/b_data_reg[24]/D
 27  CDC-15  Warning   Clock enable controlled CDC structure detected      0  Max Delay Datapath Only  u_cdc/hold_reg[25]/C  u_cdc/b_data_reg[25]/D
 28  CDC-15  Warning   Clock enable controlled CDC structure detected      0  Max Delay Datapath Only  u_cdc/hold_reg[26]/C  u_cdc/b_data_reg[26]/D
 29  CDC-15  Warning   Clock enable controlled CDC structure detected      0  Max Delay Datapath Only  u_cdc/hold_reg[27]/C  u_cdc/b_data_reg[27]/D
 30  CDC-15  Warning   Clock enable controlled CDC structure detected      0  Max Delay Datapath Only  u_cdc/hold_reg[28]/C  u_cdc/b_data_reg[28]/D
 31  CDC-15  Warning   Clock enable controlled CDC structure detected      0  Max Delay Datapath Only  u_cdc/hold_reg[29]/C  u_cdc/b_data_reg[29]/D
 32  CDC-15  Warning   Clock enable controlled CDC structure detected      0  Max Delay Datapath Only  u_cdc/hold_reg[30]/C  u_cdc/b_data_reg[30]/D
 33  CDC-15  Warning   Clock enable controlled CDC structure detected      0  Max Delay Datapath Only  u_cdc/hold_reg[31]/C  u_cdc/b_data_reg[31]/D
 34  CDC-3   Info      1-bit synchronized with ASYNC_REG property          3  Max Delay Datapath Only  u_cdc/req_a_reg/C     u_cdc/req_b0_reg/D
 35  CDC-3   Info      1-bit synchronized with ASYNC_REG property          2  Max Delay Datapath Only  u_cdc_tx/ack_b_reg/C  u_cdc_tx/ack_a0_reg/D

Source Clock: clk_pll_i
Destination Clock: sys_clk_pin
CDC Type: Safely Timed

Row  ID      Severity  Description                                     Depth  Exception                Source (From)            Destination (To)
---  ------  --------  ----------------------------------------------  -----  -----------------------  -----------------------  -------------------------
  1  CDC-3   Info      1-bit synchronized with ASYNC_REG property          2  Max Delay Datapath Only  u_uiclr/ack_reg/C        ack_c0_reg/D
  2  CDC-3   Info      1-bit synchronized with ASYNC_REG property          2  Max Delay Datapath Only  u_uiclr/nack_reg/C       nack_c0_reg/D
  3  CDC-3   Info      1-bit synchronized with ASYNC_REG property          2  Max Delay Datapath Only  qsc_ui_r_reg/C           qsc_c0_reg/D
  4  CDC-3   Info      1-bit synchronized with ASYNC_REG property          2  Max Delay Datapath Only  u_cdc/ack_b_reg/C        u_cdc/ack_a0_reg/D
  5  CDC-15  Warning   Clock enable controlled CDC structure detected      0  Max Delay Datapath Only  u_cdc_tx/hold_reg[0]/C   u_cdc_tx/b_data_reg[0]/D
  6  CDC-15  Warning   Clock enable controlled CDC structure detected      0  Max Delay Datapath Only  u_cdc_tx/hold_reg[1]/C   u_cdc_tx/b_data_reg[1]/D
  7  CDC-15  Warning   Clock enable controlled CDC structure detected      0  Max Delay Datapath Only  u_cdc_tx/hold_reg[8]/C   u_cdc_tx/b_data_reg[8]/D
  8  CDC-15  Warning   Clock enable controlled CDC structure detected      0  Max Delay Datapath Only  u_cdc_tx/hold_reg[9]/C   u_cdc_tx/b_data_reg[9]/D
  9  CDC-15  Warning   Clock enable controlled CDC structure detected      0  Max Delay Datapath Only  u_cdc_tx/hold_reg[10]/C  u_cdc_tx/b_data_reg[10]/D
 10  CDC-15  Warning   Clock enable controlled CDC structure detected      0  Max Delay Datapath Only  u_cdc_tx/hold_reg[11]/C  u_cdc_tx/b_data_reg[11]/D
 11  CDC-3   Info      1-bit synchronized with ASYNC_REG property          3  Max Delay Datapath Only  u_cdc_tx/req_a_reg/C     u_cdc_tx/req_b0_reg/D

Source Clock: input port clock
Destination Clock: sys_clk_pin
CDC Type: No Common Primary Clock

 Row  ID      Severity  Description                                 Depth  Exception   Source (From)  Destination (To)
----  ------  --------  ------------------------------------------  -----  ----------  -------------  -------------------------------------------------------
   1  CDC-7   Critical  Asynchronous reset unknown CDC circuitry        0  False Path  ck_rst         pack_lock_reg/CLR
   2  CDC-1   Critical  1-bit unknown CDC circuitry                     0  False Path  ck_rst         pack_lock_reg/D
   3  CDC-7   Critical  Asynchronous reset unknown CDC circuitry        0  False Path  ck_rst         rst100_pack_n_reg/CLR
   4  CDC-1   Critical  1-bit unknown CDC circuitry                     0  False Path  ck_rst         u_cdc/hold_reg[0]/CE
   5  CDC-1   Critical  1-bit unknown CDC circuitry                     0  False Path  ck_rst         u_cdc/hold_reg[1]/CE
   6  CDC-1   Critical  1-bit unknown CDC circuitry                     0  False Path  ck_rst         u_cdc/hold_reg[2]/CE
   7  CDC-1   Critical  1-bit unknown CDC circuitry                     0  False Path  ck_rst         u_cdc/hold_reg[3]/CE
   8  CDC-1   Critical  1-bit unknown CDC circuitry                     0  False Path  ck_rst         u_cdc/hold_reg[4]/CE
   9  CDC-1   Critical  1-bit unknown CDC circuitry                     0  False Path  ck_rst         u_cdc/hold_reg[5]/CE
  10  CDC-1   Critical  1-bit unknown CDC circuitry                     0  False Path  ck_rst         u_cdc/hold_reg[6]/CE
  11  CDC-1   Critical  1-bit unknown CDC circuitry                     0  False Path  ck_rst         u_cdc/hold_reg[7]/CE
  12  CDC-1   Critical  1-bit unknown CDC circuitry                     0  False Path  ck_rst         u_cdc/hold_reg[8]/CE
  13  CDC-1   Critical  1-bit unknown CDC circuitry                     0  False Path  ck_rst         u_cdc/hold_reg[9]/CE
  14  CDC-1   Critical  1-bit unknown CDC circuitry                     0  False Path  ck_rst         u_cdc/hold_reg[10]/CE
  15  CDC-1   Critical  1-bit unknown CDC circuitry                     0  False Path  ck_rst         u_cdc/hold_reg[11]/CE
  16  CDC-1   Critical  1-bit unknown CDC circuitry                     0  False Path  ck_rst         u_cdc/hold_reg[12]/CE
  17  CDC-1   Critical  1-bit unknown CDC circuitry                     0  False Path  ck_rst         u_cdc/hold_reg[13]/CE
  18  CDC-1   Critical  1-bit unknown CDC circuitry                     0  False Path  ck_rst         u_cdc/hold_reg[14]/CE
  19  CDC-1   Critical  1-bit unknown CDC circuitry                     0  False Path  ck_rst         u_cdc/hold_reg[15]/CE
  20  CDC-1   Critical  1-bit unknown CDC circuitry                     0  False Path  ck_rst         u_cdc/hold_reg[16]/CE
  21  CDC-1   Critical  1-bit unknown CDC circuitry                     0  False Path  ck_rst         u_cdc/hold_reg[17]/CE
  22  CDC-1   Critical  1-bit unknown CDC circuitry                     0  False Path  ck_rst         u_cdc/hold_reg[18]/CE
  23  CDC-1   Critical  1-bit unknown CDC circuitry                     0  False Path  ck_rst         u_cdc/hold_reg[19]/CE
  24  CDC-1   Critical  1-bit unknown CDC circuitry                     0  False Path  ck_rst         u_cdc/hold_reg[20]/CE
  25  CDC-1   Critical  1-bit unknown CDC circuitry                     0  False Path  ck_rst         u_cdc/hold_reg[21]/CE
  26  CDC-1   Critical  1-bit unknown CDC circuitry                     0  False Path  ck_rst         u_cdc/hold_reg[22]/CE
  27  CDC-1   Critical  1-bit unknown CDC circuitry                     0  False Path  ck_rst         u_cdc/hold_reg[23]/CE
  28  CDC-1   Critical  1-bit unknown CDC circuitry                     0  False Path  ck_rst         u_cdc/hold_reg[24]/CE
  29  CDC-1   Critical  1-bit unknown CDC circuitry                     0  False Path  ck_rst         u_cdc/hold_reg[25]/CE
  30  CDC-1   Critical  1-bit unknown CDC circuitry                     0  False Path  ck_rst         u_cdc/hold_reg[26]/CE
  31  CDC-1   Critical  1-bit unknown CDC circuitry                     0  False Path  ck_rst         u_cdc/hold_reg[27]/CE
  32  CDC-1   Critical  1-bit unknown CDC circuitry                     0  False Path  ck_rst         u_cdc/hold_reg[28]/CE
  33  CDC-1   Critical  1-bit unknown CDC circuitry                     0  False Path  ck_rst         u_cdc/hold_reg[29]/CE
  34  CDC-1   Critical  1-bit unknown CDC circuitry                     0  False Path  ck_rst         u_cdc/hold_reg[30]/CE
  35  CDC-1   Critical  1-bit unknown CDC circuitry                     0  False Path  ck_rst         u_cdc/hold_reg[31]/CE
  36  CDC-1   Critical  1-bit unknown CDC circuitry                     0  False Path  ck_rst         u_cdc/req_a_reg/CE
  37  CDC-1   Critical  1-bit unknown CDC circuitry                     0  False Path  ck_rst         u_clr/FSM_onehot_st_reg[0]/CE
  38  CDC-7   Critical  Asynchronous reset unknown CDC circuitry        0  False Path  ck_rst         u_clr/FSM_onehot_st_reg[0]/CLR
  39  CDC-1   Critical  1-bit unknown CDC circuitry                     0  False Path  ck_rst         u_clr/FSM_onehot_st_reg[1]/CE
  40  CDC-1   Critical  1-bit unknown CDC circuitry                     0  False Path  ck_rst         u_clr/FSM_onehot_st_reg[2]/CE
  41  CDC-1   Critical  1-bit unknown CDC circuitry                     0  False Path  ck_rst         u_clr/FSM_onehot_st_reg[3]/CE
  42  CDC-7   Critical  Asynchronous reset unknown CDC circuitry        0  False Path  ck_rst         u_clr/FSM_onehot_st_reg[3]/CLR
  43  CDC-1   Critical  1-bit unknown CDC circuitry                     0  False Path  ck_rst         u_clr/FSM_onehot_st_reg[4]/CE
  44  CDC-7   Critical  Asynchronous reset unknown CDC circuitry        0  False Path  ck_rst         u_clr/FSM_onehot_st_reg[4]/CLR
  45  CDC-1   Critical  1-bit unknown CDC circuitry                     0  False Path  ck_rst         u_clr/FSM_onehot_st_reg[5]/CE
  46  CDC-7   Critical  Asynchronous reset unknown CDC circuitry        0  False Path  ck_rst         u_clr/FSM_onehot_st_reg[5]/CLR
  47  CDC-1   Critical  1-bit unknown CDC circuitry                     0  False Path  ck_rst         u_clr/FSM_onehot_st_reg[6]/CE
  48  CDC-7   Critical  Asynchronous reset unknown CDC circuitry        0  False Path  ck_rst         u_clr/FSM_onehot_st_reg[6]/PRE
  49  CDC-1   Critical  1-bit unknown CDC circuitry                     0  False Path  ck_rst         u_clr/FSM_onehot_st_reg[7]/CE
  50  CDC-7   Critical  Asynchronous reset unknown CDC circuitry        0  False Path  ck_rst         u_clr/FSM_onehot_st_reg[7]/CLR
  51  CDC-1   Critical  1-bit unknown CDC circuitry                     0  False Path  ck_rst         u_clr/FSM_onehot_st_reg[8]/CE
  52  CDC-7   Critical  Asynchronous reset unknown CDC circuitry        0  False Path  ck_rst         u_clr/FSM_onehot_st_reg[8]/CLR
  53  CDC-1   Critical  1-bit unknown CDC circuitry                     0  False Path  ck_rst         u_clr/FSM_onehot_st_reg[9]/CE
  54  CDC-7   Critical  Asynchronous reset unknown CDC circuitry        0  False Path  ck_rst         u_clr/cnt_reg[0]/CLR
  55  CDC-1   Critical  1-bit unknown CDC circuitry                     0  False Path  ck_rst         u_clr/cnt_reg[0]/D
  56  CDC-7   Critical  Asynchronous reset unknown CDC circuitry        0  False Path  ck_rst         u_clr/cnt_reg[1]/CLR
  57  CDC-1   Critical  1-bit unknown CDC circuitry                     0  False Path  ck_rst         u_clr/cnt_reg[1]/D
  58  CDC-7   Critical  Asynchronous reset unknown CDC circuitry        0  False Path  ck_rst         u_clr/cnt_reg[2]/CLR
  59  CDC-1   Critical  1-bit unknown CDC circuitry                     0  False Path  ck_rst         u_clr/cnt_reg[2]/D
  60  CDC-7   Critical  Asynchronous reset unknown CDC circuitry        0  False Path  ck_rst         u_clr/cnt_reg[3]/CLR
  61  CDC-1   Critical  1-bit unknown CDC circuitry                     0  False Path  ck_rst         u_clr/cnt_reg[3]/D
  62  CDC-7   Critical  Asynchronous reset unknown CDC circuitry        0  False Path  ck_rst         u_clr/cnt_reg[4]/CLR
  63  CDC-1   Critical  1-bit unknown CDC circuitry                     0  False Path  ck_rst         u_clr/cnt_reg[4]/D
  64  CDC-7   Critical  Asynchronous reset unknown CDC circuitry        0  False Path  ck_rst         u_clr/cnt_reg[5]/CLR
  65  CDC-1   Critical  1-bit unknown CDC circuitry                     0  False Path  ck_rst         u_clr/cnt_reg[5]/D
  66  CDC-7   Critical  Asynchronous reset unknown CDC circuitry        0  False Path  ck_rst         u_clr/cnt_reg[6]/CLR
  67  CDC-1   Critical  1-bit unknown CDC circuitry                     0  False Path  ck_rst         u_clr/cnt_reg[6]/D
  68  CDC-7   Critical  Asynchronous reset unknown CDC circuitry        0  False Path  ck_rst         u_clr/cnt_reg[7]/CLR
  69  CDC-1   Critical  1-bit unknown CDC circuitry                     0  False Path  ck_rst         u_clr/cnt_reg[7]/D
  70  CDC-7   Critical  Asynchronous reset unknown CDC circuitry        0  False Path  ck_rst         u_clr/cnt_reg[8]/CLR
  71  CDC-1   Critical  1-bit unknown CDC circuitry                     0  False Path  ck_rst         u_clr/cnt_reg[8]/D
  72  CDC-7   Critical  Asynchronous reset unknown CDC circuitry        0  False Path  ck_rst         u_clr/cnt_reg[9]/CLR
  73  CDC-1   Critical  1-bit unknown CDC circuitry                     0  False Path  ck_rst         u_clr/cnt_reg[9]/D
  74  CDC-7   Critical  Asynchronous reset unknown CDC circuitry        0  False Path  ck_rst         u_clr/cnt_reg[10]/CLR
  75  CDC-1   Critical  1-bit unknown CDC circuitry                     0  False Path  ck_rst         u_clr/cnt_reg[10]/D
  76  CDC-7   Critical  Asynchronous reset unknown CDC circuitry        0  False Path  ck_rst         u_clr/cnt_reg[11]/CLR
  77  CDC-1   Critical  1-bit unknown CDC circuitry                     0  False Path  ck_rst         u_clr/cnt_reg[11]/D
  78  CDC-7   Critical  Asynchronous reset unknown CDC circuitry        0  False Path  ck_rst         u_clr/cnt_reg[12]/CLR
  79  CDC-1   Critical  1-bit unknown CDC circuitry                     0  False Path  ck_rst         u_clr/cnt_reg[12]/D
  80  CDC-7   Critical  Asynchronous reset unknown CDC circuitry        0  False Path  ck_rst         u_clr/cnt_reg[13]/CLR
  81  CDC-1   Critical  1-bit unknown CDC circuitry                     0  False Path  ck_rst         u_clr/cnt_reg[13]/D
  82  CDC-7   Critical  Asynchronous reset unknown CDC circuitry        0  False Path  ck_rst         u_clr/cnt_reg[14]/CLR
  83  CDC-1   Critical  1-bit unknown CDC circuitry                     0  False Path  ck_rst         u_clr/cnt_reg[14]/D
  84  CDC-7   Critical  Asynchronous reset unknown CDC circuitry        0  False Path  ck_rst         u_clr/cnt_reg[15]/CLR
  85  CDC-1   Critical  1-bit unknown CDC circuitry                     0  False Path  ck_rst         u_clr/cnt_reg[15]/D
  86  CDC-7   Critical  Asynchronous reset unknown CDC circuitry        0  False Path  ck_rst         u_clr/flush_r_reg/CLR
  87  CDC-7   Critical  Asynchronous reset unknown CDC circuitry        0  False Path  ck_rst         u_clr/reply_reg[0]/PRE
  88  CDC-7   Critical  Asynchronous reset unknown CDC circuitry        0  False Path  ck_rst         u_clr/reply_reg[4]/CLR
  89  CDC-7   Critical  Asynchronous reset unknown CDC circuitry        0  False Path  ck_rst         u_clr/reply_reg[6]/CLR
  90  CDC-7   Critical  Asynchronous reset unknown CDC circuitry        0  False Path  ck_rst         u_clr/ui_req_r_reg/CLR
  91  CDC-7   Critical  Asynchronous reset unknown CDC circuitry        0  False Path  ck_rst         u_clr/wall_reg[0]/CLR
  92  CDC-1   Critical  1-bit unknown CDC circuitry                     0  False Path  ck_rst         u_clr/wall_reg[0]/D
  93  CDC-7   Critical  Asynchronous reset unknown CDC circuitry        0  False Path  ck_rst         u_clr/wall_reg[1]/CLR
  94  CDC-1   Critical  1-bit unknown CDC circuitry                     0  False Path  ck_rst         u_clr/wall_reg[1]/D
  95  CDC-7   Critical  Asynchronous reset unknown CDC circuitry        0  False Path  ck_rst         u_clr/wall_reg[2]/CLR
  96  CDC-1   Critical  1-bit unknown CDC circuitry                     0  False Path  ck_rst         u_clr/wall_reg[2]/D
  97  CDC-7   Critical  Asynchronous reset unknown CDC circuitry        0  False Path  ck_rst         u_clr/wall_reg[3]/CLR
  98  CDC-1   Critical  1-bit unknown CDC circuitry                     0  False Path  ck_rst         u_clr/wall_reg[3]/D
  99  CDC-7   Critical  Asynchronous reset unknown CDC circuitry        0  False Path  ck_rst         u_clr/wall_reg[4]/CLR
 100  CDC-1   Critical  1-bit unknown CDC circuitry                     0  False Path  ck_rst         u_clr/wall_reg[4]/D
 101  CDC-7   Critical  Asynchronous reset unknown CDC circuitry        0  False Path  ck_rst         u_clr/wall_reg[5]/CLR
 102  CDC-1   Critical  1-bit unknown CDC circuitry                     0  False Path  ck_rst         u_clr/wall_reg[5]/D
 103  CDC-7   Critical  Asynchronous reset unknown CDC circuitry        0  False Path  ck_rst         u_clr/wall_reg[6]/CLR
 104  CDC-1   Critical  1-bit unknown CDC circuitry                     0  False Path  ck_rst         u_clr/wall_reg[6]/D
 105  CDC-7   Critical  Asynchronous reset unknown CDC circuitry        0  False Path  ck_rst         u_clr/wall_reg[7]/CLR
 106  CDC-1   Critical  1-bit unknown CDC circuitry                     0  False Path  ck_rst         u_clr/wall_reg[7]/D
 107  CDC-7   Critical  Asynchronous reset unknown CDC circuitry        0  False Path  ck_rst         u_clr/wall_reg[8]/CLR
 108  CDC-1   Critical  1-bit unknown CDC circuitry                     0  False Path  ck_rst         u_clr/wall_reg[8]/D
 109  CDC-7   Critical  Asynchronous reset unknown CDC circuitry        0  False Path  ck_rst         u_clr/wall_reg[9]/CLR
 110  CDC-1   Critical  1-bit unknown CDC circuitry                     0  False Path  ck_rst         u_clr/wall_reg[9]/D
 111  CDC-7   Critical  Asynchronous reset unknown CDC circuitry        0  False Path  ck_rst         u_clr/wall_reg[10]/CLR
 112  CDC-1   Critical  1-bit unknown CDC circuitry                     0  False Path  ck_rst         u_clr/wall_reg[10]/D
 113  CDC-7   Critical  Asynchronous reset unknown CDC circuitry        0  False Path  ck_rst         u_clr/wall_reg[11]/CLR
 114  CDC-1   Critical  1-bit unknown CDC circuitry                     0  False Path  ck_rst         u_clr/wall_reg[11]/D
 115  CDC-7   Critical  Asynchronous reset unknown CDC circuitry        0  False Path  ck_rst         u_clr/wall_reg[12]/CLR
 116  CDC-1   Critical  1-bit unknown CDC circuitry                     0  False Path  ck_rst         u_clr/wall_reg[12]/D
 117  CDC-7   Critical  Asynchronous reset unknown CDC circuitry        0  False Path  ck_rst         u_clr/wall_reg[13]/CLR
 118  CDC-1   Critical  1-bit unknown CDC circuitry                     0  False Path  ck_rst         u_clr/wall_reg[13]/D
 119  CDC-7   Critical  Asynchronous reset unknown CDC circuitry        0  False Path  ck_rst         u_clr/wall_reg[14]/CLR
 120  CDC-1   Critical  1-bit unknown CDC circuitry                     0  False Path  ck_rst         u_clr/wall_reg[14]/D
 121  CDC-7   Critical  Asynchronous reset unknown CDC circuitry        0  False Path  ck_rst         u_clr/wall_reg[15]/CLR
 122  CDC-1   Critical  1-bit unknown CDC circuitry                     0  False Path  ck_rst         u_clr/wall_reg[15]/D
 123  CDC-7   Critical  Asynchronous reset unknown CDC circuitry        0  False Path  ck_rst         u_cr/FSM_sequential_state_reg[0]/CLR
 124  CDC-7   Critical  Asynchronous reset unknown CDC circuitry        0  False Path  ck_rst         u_cr/FSM_sequential_state_reg[1]/CLR
 125  CDC-1   Critical  1-bit unknown CDC circuitry                     0  False Path  ck_rst         u_cr/qb_reg[0][0]/CE
 126  CDC-1   Critical  1-bit unknown CDC circuitry                     0  False Path  ck_rst         u_cr/qb_reg[0][1]/CE
 127  CDC-1   Critical  1-bit unknown CDC circuitry                     0  False Path  ck_rst         u_cr/qb_reg[0][2]/CE
 128  CDC-1   Critical  1-bit unknown CDC circuitry                     0  False Path  ck_rst         u_cr/qb_reg[0][3]/CE
 129  CDC-1   Critical  1-bit unknown CDC circuitry                     0  False Path  ck_rst         u_cr/qb_reg[0][4]/CE
 130  CDC-1   Critical  1-bit unknown CDC circuitry                     0  False Path  ck_rst         u_cr/qb_reg[0][5]/CE
 131  CDC-1   Critical  1-bit unknown CDC circuitry                     0  False Path  ck_rst         u_cr/qb_reg[0][6]/CE
 132  CDC-1   Critical  1-bit unknown CDC circuitry                     0  False Path  ck_rst         u_cr/qb_reg[0][7]/CE
 133  CDC-1   Critical  1-bit unknown CDC circuitry                     0  False Path  ck_rst         u_cr/qb_reg[10][0]/CE
 134  CDC-1   Critical  1-bit unknown CDC circuitry                     0  False Path  ck_rst         u_cr/qb_reg[10][1]/CE
 135  CDC-1   Critical  1-bit unknown CDC circuitry                     0  False Path  ck_rst         u_cr/qb_reg[10][2]/CE
 136  CDC-1   Critical  1-bit unknown CDC circuitry                     0  False Path  ck_rst         u_cr/qb_reg[10][3]/CE
 137  CDC-1   Critical  1-bit unknown CDC circuitry                     0  False Path  ck_rst         u_cr/qb_reg[10][4]/CE
 138  CDC-1   Critical  1-bit unknown CDC circuitry                     0  False Path  ck_rst         u_cr/qb_reg[10][5]/CE
 139  CDC-1   Critical  1-bit unknown CDC circuitry                     0  False Path  ck_rst         u_cr/qb_reg[10][6]/CE
 140  CDC-1   Critical  1-bit unknown CDC circuitry                     0  False Path  ck_rst         u_cr/qb_reg[10][7]/CE
 141  CDC-1   Critical  1-bit unknown CDC circuitry                     0  False Path  ck_rst         u_cr/qb_reg[11][0]/CE
 142  CDC-1   Critical  1-bit unknown CDC circuitry                     0  False Path  ck_rst         u_cr/qb_reg[11][1]/CE
 143  CDC-1   Critical  1-bit unknown CDC circuitry                     0  False Path  ck_rst         u_cr/qb_reg[11][2]/CE
 144  CDC-1   Critical  1-bit unknown CDC circuitry                     0  False Path  ck_rst         u_cr/qb_reg[11][3]/CE
 145  CDC-1   Critical  1-bit unknown CDC circuitry                     0  False Path  ck_rst         u_cr/qb_reg[11][4]/CE
 146  CDC-1   Critical  1-bit unknown CDC circuitry                     0  False Path  ck_rst         u_cr/qb_reg[11][5]/CE
 147  CDC-1   Critical  1-bit unknown CDC circuitry                     0  False Path  ck_rst         u_cr/qb_reg[11][6]/CE
 148  CDC-1   Critical  1-bit unknown CDC circuitry                     0  False Path  ck_rst         u_cr/qb_reg[11][7]/CE
 149  CDC-1   Critical  1-bit unknown CDC circuitry                     0  False Path  ck_rst         u_cr/qb_reg[12][0]/CE
 150  CDC-1   Critical  1-bit unknown CDC circuitry                     0  False Path  ck_rst         u_cr/qb_reg[12][1]/CE
 151  CDC-1   Critical  1-bit unknown CDC circuitry                     0  False Path  ck_rst         u_cr/qb_reg[12][2]/CE
 152  CDC-1   Critical  1-bit unknown CDC circuitry                     0  False Path  ck_rst         u_cr/qb_reg[12][3]/CE
 153  CDC-1   Critical  1-bit unknown CDC circuitry                     0  False Path  ck_rst         u_cr/qb_reg[12][4]/CE
 154  CDC-1   Critical  1-bit unknown CDC circuitry                     0  False Path  ck_rst         u_cr/qb_reg[12][5]/CE
 155  CDC-1   Critical  1-bit unknown CDC circuitry                     0  False Path  ck_rst         u_cr/qb_reg[12][6]/CE
 156  CDC-1   Critical  1-bit unknown CDC circuitry                     0  False Path  ck_rst         u_cr/qb_reg[12][7]/CE
 157  CDC-1   Critical  1-bit unknown CDC circuitry                     0  False Path  ck_rst         u_cr/qb_reg[13][0]/CE
 158  CDC-1   Critical  1-bit unknown CDC circuitry                     0  False Path  ck_rst         u_cr/qb_reg[13][1]/CE
 159  CDC-1   Critical  1-bit unknown CDC circuitry                     0  False Path  ck_rst         u_cr/qb_reg[13][2]/CE
 160  CDC-1   Critical  1-bit unknown CDC circuitry                     0  False Path  ck_rst         u_cr/qb_reg[13][3]/CE
 161  CDC-1   Critical  1-bit unknown CDC circuitry                     0  False Path  ck_rst         u_cr/qb_reg[13][4]/CE
 162  CDC-1   Critical  1-bit unknown CDC circuitry                     0  False Path  ck_rst         u_cr/qb_reg[13][5]/CE
 163  CDC-1   Critical  1-bit unknown CDC circuitry                     0  False Path  ck_rst         u_cr/qb_reg[13][6]/CE
 164  CDC-1   Critical  1-bit unknown CDC circuitry                     0  False Path  ck_rst         u_cr/qb_reg[13][7]/CE
 165  CDC-1   Critical  1-bit unknown CDC circuitry                     0  False Path  ck_rst         u_cr/qb_reg[14][0]/CE
 166  CDC-1   Critical  1-bit unknown CDC circuitry                     0  False Path  ck_rst         u_cr/qb_reg[14][1]/CE
 167  CDC-1   Critical  1-bit unknown CDC circuitry                     0  False Path  ck_rst         u_cr/qb_reg[14][2]/CE
 168  CDC-1   Critical  1-bit unknown CDC circuitry                     0  False Path  ck_rst         u_cr/qb_reg[14][3]/CE
 169  CDC-1   Critical  1-bit unknown CDC circuitry                     0  False Path  ck_rst         u_cr/qb_reg[14][4]/CE
 170  CDC-1   Critical  1-bit unknown CDC circuitry                     0  False Path  ck_rst         u_cr/qb_reg[14][5]/CE
 171  CDC-1   Critical  1-bit unknown CDC circuitry                     0  False Path  ck_rst         u_cr/qb_reg[14][6]/CE
 172  CDC-1   Critical  1-bit unknown CDC circuitry                     0  False Path  ck_rst         u_cr/qb_reg[14][7]/CE
 173  CDC-1   Critical  1-bit unknown CDC circuitry                     0  False Path  ck_rst         u_cr/qb_reg[15][0]/CE
 174  CDC-1   Critical  1-bit unknown CDC circuitry                     0  False Path  ck_rst         u_cr/qb_reg[15][1]/CE
 175  CDC-1   Critical  1-bit unknown CDC circuitry                     0  False Path  ck_rst         u_cr/qb_reg[15][2]/CE
 176  CDC-1   Critical  1-bit unknown CDC circuitry                     0  False Path  ck_rst         u_cr/qb_reg[15][3]/CE
 177  CDC-1   Critical  1-bit unknown CDC circuitry                     0  False Path  ck_rst         u_cr/qb_reg[15][4]/CE
 178  CDC-1   Critical  1-bit unknown CDC circuitry                     0  False Path  ck_rst         u_cr/qb_reg[15][5]/CE
 179  CDC-1   Critical  1-bit unknown CDC circuitry                     0  False Path  ck_rst         u_cr/qb_reg[15][6]/CE
 180  CDC-1   Critical  1-bit unknown CDC circuitry                     0  False Path  ck_rst         u_cr/qb_reg[15][7]/CE
 181  CDC-1   Critical  1-bit unknown CDC circuitry                     0  False Path  ck_rst         u_cr/qb_reg[16][0]/CE
 182  CDC-1   Critical  1-bit unknown CDC circuitry                     0  False Path  ck_rst         u_cr/qb_reg[16][1]/CE
 183  CDC-1   Critical  1-bit unknown CDC circuitry                     0  False Path  ck_rst         u_cr/qb_reg[16][2]/CE
 184  CDC-1   Critical  1-bit unknown CDC circuitry                     0  False Path  ck_rst         u_cr/qb_reg[16][3]/CE
 185  CDC-1   Critical  1-bit unknown CDC circuitry                     0  False Path  ck_rst         u_cr/qb_reg[16][4]/CE
 186  CDC-1   Critical  1-bit unknown CDC circuitry                     0  False Path  ck_rst         u_cr/qb_reg[16][5]/CE
 187  CDC-1   Critical  1-bit unknown CDC circuitry                     0  False Path  ck_rst         u_cr/qb_reg[16][6]/CE
 188  CDC-1   Critical  1-bit unknown CDC circuitry                     0  False Path  ck_rst         u_cr/qb_reg[16][7]/CE
 189  CDC-1   Critical  1-bit unknown CDC circuitry                     0  False Path  ck_rst         u_cr/qb_reg[17][0]/CE
 190  CDC-1   Critical  1-bit unknown CDC circuitry                     0  False Path  ck_rst         u_cr/qb_reg[17][1]/CE
 191  CDC-1   Critical  1-bit unknown CDC circuitry                     0  False Path  ck_rst         u_cr/qb_reg[17][2]/CE
 192  CDC-1   Critical  1-bit unknown CDC circuitry                     0  False Path  ck_rst         u_cr/qb_reg[17][3]/CE
 193  CDC-1   Critical  1-bit unknown CDC circuitry                     0  False Path  ck_rst         u_cr/qb_reg[17][4]/CE
 194  CDC-1   Critical  1-bit unknown CDC circuitry                     0  False Path  ck_rst         u_cr/qb_reg[17][5]/CE
 195  CDC-1   Critical  1-bit unknown CDC circuitry                     0  False Path  ck_rst         u_cr/qb_reg[17][6]/CE
 196  CDC-1   Critical  1-bit unknown CDC circuitry                     0  False Path  ck_rst         u_cr/qb_reg[17][7]/CE
 197  CDC-1   Critical  1-bit unknown CDC circuitry                     0  False Path  ck_rst         u_cr/qb_reg[18][0]/CE
 198  CDC-1   Critical  1-bit unknown CDC circuitry                     0  False Path  ck_rst         u_cr/qb_reg[18][1]/CE
 199  CDC-1   Critical  1-bit unknown CDC circuitry                     0  False Path  ck_rst         u_cr/qb_reg[18][2]/CE
 200  CDC-1   Critical  1-bit unknown CDC circuitry                     0  False Path  ck_rst         u_cr/qb_reg[18][3]/CE
 201  CDC-1   Critical  1-bit unknown CDC circuitry                     0  False Path  ck_rst         u_cr/qb_reg[18][4]/CE
 202  CDC-1   Critical  1-bit unknown CDC circuitry                     0  False Path  ck_rst         u_cr/qb_reg[18][5]/CE
 203  CDC-1   Critical  1-bit unknown CDC circuitry                     0  False Path  ck_rst         u_cr/qb_reg[18][6]/CE
 204  CDC-1   Critical  1-bit unknown CDC circuitry                     0  False Path  ck_rst         u_cr/qb_reg[18][7]/CE
 205  CDC-1   Critical  1-bit unknown CDC circuitry                     0  False Path  ck_rst         u_cr/qb_reg[19][0]/CE
 206  CDC-1   Critical  1-bit unknown CDC circuitry                     0  False Path  ck_rst         u_cr/qb_reg[19][1]/CE
 207  CDC-1   Critical  1-bit unknown CDC circuitry                     0  False Path  ck_rst         u_cr/qb_reg[19][2]/CE
 208  CDC-1   Critical  1-bit unknown CDC circuitry                     0  False Path  ck_rst         u_cr/qb_reg[19][3]/CE
 209  CDC-1   Critical  1-bit unknown CDC circuitry                     0  False Path  ck_rst         u_cr/qb_reg[19][4]/CE
 210  CDC-1   Critical  1-bit unknown CDC circuitry                     0  False Path  ck_rst         u_cr/qb_reg[19][5]/CE
 211  CDC-1   Critical  1-bit unknown CDC circuitry                     0  False Path  ck_rst         u_cr/qb_reg[19][6]/CE
 212  CDC-1   Critical  1-bit unknown CDC circuitry                     0  False Path  ck_rst         u_cr/qb_reg[19][7]/CE
 213  CDC-1   Critical  1-bit unknown CDC circuitry                     0  False Path  ck_rst         u_cr/qb_reg[1][0]/CE
 214  CDC-1   Critical  1-bit unknown CDC circuitry                     0  False Path  ck_rst         u_cr/qb_reg[1][1]/CE
 215  CDC-1   Critical  1-bit unknown CDC circuitry                     0  False Path  ck_rst         u_cr/qb_reg[1][2]/CE
 216  CDC-1   Critical  1-bit unknown CDC circuitry                     0  False Path  ck_rst         u_cr/qb_reg[1][3]/CE
 217  CDC-1   Critical  1-bit unknown CDC circuitry                     0  False Path  ck_rst         u_cr/qb_reg[1][4]/CE
 218  CDC-1   Critical  1-bit unknown CDC circuitry                     0  False Path  ck_rst         u_cr/qb_reg[1][5]/CE
 219  CDC-1   Critical  1-bit unknown CDC circuitry                     0  False Path  ck_rst         u_cr/qb_reg[1][6]/CE
 220  CDC-1   Critical  1-bit unknown CDC circuitry                     0  False Path  ck_rst         u_cr/qb_reg[1][7]/CE
 221  CDC-1   Critical  1-bit unknown CDC circuitry                     0  False Path  ck_rst         u_cr/qb_reg[20][0]/CE
 222  CDC-1   Critical  1-bit unknown CDC circuitry                     0  False Path  ck_rst         u_cr/qb_reg[20][1]/CE
 223  CDC-1   Critical  1-bit unknown CDC circuitry                     0  False Path  ck_rst         u_cr/qb_reg[20][2]/CE
 224  CDC-1   Critical  1-bit unknown CDC circuitry                     0  False Path  ck_rst         u_cr/qb_reg[20][3]/CE
 225  CDC-1   Critical  1-bit unknown CDC circuitry                     0  False Path  ck_rst         u_cr/qb_reg[20][4]/CE
 226  CDC-1   Critical  1-bit unknown CDC circuitry                     0  False Path  ck_rst         u_cr/qb_reg[20][5]/CE
 227  CDC-1   Critical  1-bit unknown CDC circuitry                     0  False Path  ck_rst         u_cr/qb_reg[20][6]/CE
 228  CDC-1   Critical  1-bit unknown CDC circuitry                     0  False Path  ck_rst         u_cr/qb_reg[20][7]/CE
 229  CDC-1   Critical  1-bit unknown CDC circuitry                     0  False Path  ck_rst         u_cr/qb_reg[21][0]/CE
 230  CDC-1   Critical  1-bit unknown CDC circuitry                     0  False Path  ck_rst         u_cr/qb_reg[21][1]/CE
 231  CDC-1   Critical  1-bit unknown CDC circuitry                     0  False Path  ck_rst         u_cr/qb_reg[21][2]/CE
 232  CDC-1   Critical  1-bit unknown CDC circuitry                     0  False Path  ck_rst         u_cr/qb_reg[21][3]/CE
 233  CDC-1   Critical  1-bit unknown CDC circuitry                     0  False Path  ck_rst         u_cr/qb_reg[21][4]/CE
 234  CDC-1   Critical  1-bit unknown CDC circuitry                     0  False Path  ck_rst         u_cr/qb_reg[21][5]/CE
 235  CDC-1   Critical  1-bit unknown CDC circuitry                     0  False Path  ck_rst         u_cr/qb_reg[21][6]/CE
 236  CDC-1   Critical  1-bit unknown CDC circuitry                     0  False Path  ck_rst         u_cr/qb_reg[21][7]/CE
 237  CDC-1   Critical  1-bit unknown CDC circuitry                     0  False Path  ck_rst         u_cr/qb_reg[22][0]/CE
 238  CDC-1   Critical  1-bit unknown CDC circuitry                     0  False Path  ck_rst         u_cr/qb_reg[22][1]/CE
 239  CDC-1   Critical  1-bit unknown CDC circuitry                     0  False Path  ck_rst         u_cr/qb_reg[22][2]/CE
 240  CDC-1   Critical  1-bit unknown CDC circuitry                     0  False Path  ck_rst         u_cr/qb_reg[22][3]/CE
 241  CDC-1   Critical  1-bit unknown CDC circuitry                     0  False Path  ck_rst         u_cr/qb_reg[22][4]/CE
 242  CDC-1   Critical  1-bit unknown CDC circuitry                     0  False Path  ck_rst         u_cr/qb_reg[22][5]/CE
 243  CDC-1   Critical  1-bit unknown CDC circuitry                     0  False Path  ck_rst         u_cr/qb_reg[22][6]/CE
 244  CDC-1   Critical  1-bit unknown CDC circuitry                     0  False Path  ck_rst         u_cr/qb_reg[22][7]/CE
 245  CDC-1   Critical  1-bit unknown CDC circuitry                     0  False Path  ck_rst         u_cr/qb_reg[23][0]/CE
 246  CDC-1   Critical  1-bit unknown CDC circuitry                     0  False Path  ck_rst         u_cr/qb_reg[23][1]/CE
 247  CDC-1   Critical  1-bit unknown CDC circuitry                     0  False Path  ck_rst         u_cr/qb_reg[23][2]/CE
 248  CDC-1   Critical  1-bit unknown CDC circuitry                     0  False Path  ck_rst         u_cr/qb_reg[23][3]/CE
 249  CDC-1   Critical  1-bit unknown CDC circuitry                     0  False Path  ck_rst         u_cr/qb_reg[23][4]/CE
 250  CDC-1   Critical  1-bit unknown CDC circuitry                     0  False Path  ck_rst         u_cr/qb_reg[23][5]/CE
 251  CDC-1   Critical  1-bit unknown CDC circuitry                     0  False Path  ck_rst         u_cr/qb_reg[23][6]/CE
 252  CDC-1   Critical  1-bit unknown CDC circuitry                     0  False Path  ck_rst         u_cr/qb_reg[23][7]/CE
 253  CDC-1   Critical  1-bit unknown CDC circuitry                     0  False Path  ck_rst         u_cr/qb_reg[24][0]/CE
 254  CDC-1   Critical  1-bit unknown CDC circuitry                     0  False Path  ck_rst         u_cr/qb_reg[24][1]/CE
 255  CDC-1   Critical  1-bit unknown CDC circuitry                     0  False Path  ck_rst         u_cr/qb_reg[24][2]/CE
 256  CDC-1   Critical  1-bit unknown CDC circuitry                     0  False Path  ck_rst         u_cr/qb_reg[24][3]/CE
 257  CDC-1   Critical  1-bit unknown CDC circuitry                     0  False Path  ck_rst         u_cr/qb_reg[24][4]/CE
 258  CDC-1   Critical  1-bit unknown CDC circuitry                     0  False Path  ck_rst         u_cr/qb_reg[24][5]/CE
 259  CDC-1   Critical  1-bit unknown CDC circuitry                     0  False Path  ck_rst         u_cr/qb_reg[24][6]/CE
 260  CDC-1   Critical  1-bit unknown CDC circuitry                     0  False Path  ck_rst         u_cr/qb_reg[24][7]/CE
 261  CDC-1   Critical  1-bit unknown CDC circuitry                     0  False Path  ck_rst         u_cr/qb_reg[25][0]/CE
 262  CDC-1   Critical  1-bit unknown CDC circuitry                     0  False Path  ck_rst         u_cr/qb_reg[25][1]/CE
 263  CDC-1   Critical  1-bit unknown CDC circuitry                     0  False Path  ck_rst         u_cr/qb_reg[25][2]/CE
 264  CDC-1   Critical  1-bit unknown CDC circuitry                     0  False Path  ck_rst         u_cr/qb_reg[25][3]/CE
 265  CDC-1   Critical  1-bit unknown CDC circuitry                     0  False Path  ck_rst         u_cr/qb_reg[25][4]/CE
 266  CDC-1   Critical  1-bit unknown CDC circuitry                     0  False Path  ck_rst         u_cr/qb_reg[25][5]/CE
 267  CDC-1   Critical  1-bit unknown CDC circuitry                     0  False Path  ck_rst         u_cr/qb_reg[25][6]/CE
 268  CDC-1   Critical  1-bit unknown CDC circuitry                     0  False Path  ck_rst         u_cr/qb_reg[25][7]/CE
 269  CDC-1   Critical  1-bit unknown CDC circuitry                     0  False Path  ck_rst         u_cr/qb_reg[26][0]/CE
 270  CDC-1   Critical  1-bit unknown CDC circuitry                     0  False Path  ck_rst         u_cr/qb_reg[26][1]/CE
 271  CDC-1   Critical  1-bit unknown CDC circuitry                     0  False Path  ck_rst         u_cr/qb_reg[26][2]/CE
 272  CDC-1   Critical  1-bit unknown CDC circuitry                     0  False Path  ck_rst         u_cr/qb_reg[26][3]/CE
 273  CDC-1   Critical  1-bit unknown CDC circuitry                     0  False Path  ck_rst         u_cr/qb_reg[26][4]/CE
 274  CDC-1   Critical  1-bit unknown CDC circuitry                     0  False Path  ck_rst         u_cr/qb_reg[26][5]/CE
 275  CDC-1   Critical  1-bit unknown CDC circuitry                     0  False Path  ck_rst         u_cr/qb_reg[26][6]/CE
 276  CDC-1   Critical  1-bit unknown CDC circuitry                     0  False Path  ck_rst         u_cr/qb_reg[26][7]/CE
 277  CDC-1   Critical  1-bit unknown CDC circuitry                     0  False Path  ck_rst         u_cr/qb_reg[27][0]/CE
 278  CDC-1   Critical  1-bit unknown CDC circuitry                     0  False Path  ck_rst         u_cr/qb_reg[27][1]/CE
 279  CDC-1   Critical  1-bit unknown CDC circuitry                     0  False Path  ck_rst         u_cr/qb_reg[27][2]/CE
 280  CDC-1   Critical  1-bit unknown CDC circuitry                     0  False Path  ck_rst         u_cr/qb_reg[27][3]/CE
 281  CDC-1   Critical  1-bit unknown CDC circuitry                     0  False Path  ck_rst         u_cr/qb_reg[27][4]/CE
 282  CDC-1   Critical  1-bit unknown CDC circuitry                     0  False Path  ck_rst         u_cr/qb_reg[27][5]/CE
 283  CDC-1   Critical  1-bit unknown CDC circuitry                     0  False Path  ck_rst         u_cr/qb_reg[27][6]/CE
 284  CDC-1   Critical  1-bit unknown CDC circuitry                     0  False Path  ck_rst         u_cr/qb_reg[27][7]/CE
 285  CDC-1   Critical  1-bit unknown CDC circuitry                     0  False Path  ck_rst         u_cr/qb_reg[28][0]/CE
 286  CDC-1   Critical  1-bit unknown CDC circuitry                     0  False Path  ck_rst         u_cr/qb_reg[28][1]/CE
 287  CDC-1   Critical  1-bit unknown CDC circuitry                     0  False Path  ck_rst         u_cr/qb_reg[28][2]/CE
 288  CDC-1   Critical  1-bit unknown CDC circuitry                     0  False Path  ck_rst         u_cr/qb_reg[28][3]/CE
 289  CDC-1   Critical  1-bit unknown CDC circuitry                     0  False Path  ck_rst         u_cr/qb_reg[28][4]/CE
 290  CDC-1   Critical  1-bit unknown CDC circuitry                     0  False Path  ck_rst         u_cr/qb_reg[28][5]/CE
 291  CDC-1   Critical  1-bit unknown CDC circuitry                     0  False Path  ck_rst         u_cr/qb_reg[28][6]/CE
 292  CDC-1   Critical  1-bit unknown CDC circuitry                     0  False Path  ck_rst         u_cr/qb_reg[28][7]/CE
 293  CDC-1   Critical  1-bit unknown CDC circuitry                     0  False Path  ck_rst         u_cr/qb_reg[29][0]/CE
 294  CDC-1   Critical  1-bit unknown CDC circuitry                     0  False Path  ck_rst         u_cr/qb_reg[29][1]/CE
 295  CDC-1   Critical  1-bit unknown CDC circuitry                     0  False Path  ck_rst         u_cr/qb_reg[29][2]/CE
 296  CDC-1   Critical  1-bit unknown CDC circuitry                     0  False Path  ck_rst         u_cr/qb_reg[29][3]/CE
 297  CDC-1   Critical  1-bit unknown CDC circuitry                     0  False Path  ck_rst         u_cr/qb_reg[29][4]/CE
 298  CDC-1   Critical  1-bit unknown CDC circuitry                     0  False Path  ck_rst         u_cr/qb_reg[29][5]/CE
 299  CDC-1   Critical  1-bit unknown CDC circuitry                     0  False Path  ck_rst         u_cr/qb_reg[29][6]/CE
 300  CDC-1   Critical  1-bit unknown CDC circuitry                     0  False Path  ck_rst         u_cr/qb_reg[29][7]/CE
 301  CDC-1   Critical  1-bit unknown CDC circuitry                     0  False Path  ck_rst         u_cr/qb_reg[2][0]/CE
 302  CDC-1   Critical  1-bit unknown CDC circuitry                     0  False Path  ck_rst         u_cr/qb_reg[2][1]/CE
 303  CDC-1   Critical  1-bit unknown CDC circuitry                     0  False Path  ck_rst         u_cr/qb_reg[2][2]/CE
 304  CDC-1   Critical  1-bit unknown CDC circuitry                     0  False Path  ck_rst         u_cr/qb_reg[2][3]/CE
 305  CDC-1   Critical  1-bit unknown CDC circuitry                     0  False Path  ck_rst         u_cr/qb_reg[2][4]/CE
 306  CDC-1   Critical  1-bit unknown CDC circuitry                     0  False Path  ck_rst         u_cr/qb_reg[2][5]/CE
 307  CDC-1   Critical  1-bit unknown CDC circuitry                     0  False Path  ck_rst         u_cr/qb_reg[2][6]/CE
 308  CDC-1   Critical  1-bit unknown CDC circuitry                     0  False Path  ck_rst         u_cr/qb_reg[2][7]/CE
 309  CDC-1   Critical  1-bit unknown CDC circuitry                     0  False Path  ck_rst         u_cr/qb_reg[30][0]/CE
 310  CDC-1   Critical  1-bit unknown CDC circuitry                     0  False Path  ck_rst         u_cr/qb_reg[30][1]/CE
 311  CDC-1   Critical  1-bit unknown CDC circuitry                     0  False Path  ck_rst         u_cr/qb_reg[30][2]/CE
 312  CDC-1   Critical  1-bit unknown CDC circuitry                     0  False Path  ck_rst         u_cr/qb_reg[30][3]/CE
 313  CDC-1   Critical  1-bit unknown CDC circuitry                     0  False Path  ck_rst         u_cr/qb_reg[30][4]/CE
 314  CDC-1   Critical  1-bit unknown CDC circuitry                     0  False Path  ck_rst         u_cr/qb_reg[30][5]/CE
 315  CDC-1   Critical  1-bit unknown CDC circuitry                     0  False Path  ck_rst         u_cr/qb_reg[30][6]/CE
 316  CDC-1   Critical  1-bit unknown CDC circuitry                     0  False Path  ck_rst         u_cr/qb_reg[30][7]/CE
 317  CDC-1   Critical  1-bit unknown CDC circuitry                     0  False Path  ck_rst         u_cr/qb_reg[31][0]/CE
 318  CDC-1   Critical  1-bit unknown CDC circuitry                     0  False Path  ck_rst         u_cr/qb_reg[31][1]/CE
 319  CDC-1   Critical  1-bit unknown CDC circuitry                     0  False Path  ck_rst         u_cr/qb_reg[31][2]/CE
 320  CDC-1   Critical  1-bit unknown CDC circuitry                     0  False Path  ck_rst         u_cr/qb_reg[31][3]/CE
 321  CDC-1   Critical  1-bit unknown CDC circuitry                     0  False Path  ck_rst         u_cr/qb_reg[31][4]/CE
 322  CDC-1   Critical  1-bit unknown CDC circuitry                     0  False Path  ck_rst         u_cr/qb_reg[31][5]/CE
 323  CDC-1   Critical  1-bit unknown CDC circuitry                     0  False Path  ck_rst         u_cr/qb_reg[31][6]/CE
 324  CDC-1   Critical  1-bit unknown CDC circuitry                     0  False Path  ck_rst         u_cr/qb_reg[31][7]/CE
 325  CDC-1   Critical  1-bit unknown CDC circuitry                     0  False Path  ck_rst         u_cr/qb_reg[3][0]/CE
 326  CDC-1   Critical  1-bit unknown CDC circuitry                     0  False Path  ck_rst         u_cr/qb_reg[3][1]/CE
 327  CDC-1   Critical  1-bit unknown CDC circuitry                     0  False Path  ck_rst         u_cr/qb_reg[3][2]/CE
 328  CDC-1   Critical  1-bit unknown CDC circuitry                     0  False Path  ck_rst         u_cr/qb_reg[3][3]/CE
 329  CDC-1   Critical  1-bit unknown CDC circuitry                     0  False Path  ck_rst         u_cr/qb_reg[3][4]/CE
 330  CDC-1   Critical  1-bit unknown CDC circuitry                     0  False Path  ck_rst         u_cr/qb_reg[3][5]/CE
 331  CDC-1   Critical  1-bit unknown CDC circuitry                     0  False Path  ck_rst         u_cr/qb_reg[3][6]/CE
 332  CDC-1   Critical  1-bit unknown CDC circuitry                     0  False Path  ck_rst         u_cr/qb_reg[3][7]/CE
 333  CDC-1   Critical  1-bit unknown CDC circuitry                     0  False Path  ck_rst         u_cr/qb_reg[4][0]/CE
 334  CDC-1   Critical  1-bit unknown CDC circuitry                     0  False Path  ck_rst         u_cr/qb_reg[4][1]/CE
 335  CDC-1   Critical  1-bit unknown CDC circuitry                     0  False Path  ck_rst         u_cr/qb_reg[4][2]/CE
 336  CDC-1   Critical  1-bit unknown CDC circuitry                     0  False Path  ck_rst         u_cr/qb_reg[4][3]/CE
 337  CDC-1   Critical  1-bit unknown CDC circuitry                     0  False Path  ck_rst         u_cr/qb_reg[4][4]/CE
 338  CDC-1   Critical  1-bit unknown CDC circuitry                     0  False Path  ck_rst         u_cr/qb_reg[4][5]/CE
 339  CDC-1   Critical  1-bit unknown CDC circuitry                     0  False Path  ck_rst         u_cr/qb_reg[4][6]/CE
 340  CDC-1   Critical  1-bit unknown CDC circuitry                     0  False Path  ck_rst         u_cr/qb_reg[4][7]/CE
 341  CDC-1   Critical  1-bit unknown CDC circuitry                     0  False Path  ck_rst         u_cr/qb_reg[5][0]/CE
 342  CDC-1   Critical  1-bit unknown CDC circuitry                     0  False Path  ck_rst         u_cr/qb_reg[5][1]/CE
 343  CDC-1   Critical  1-bit unknown CDC circuitry                     0  False Path  ck_rst         u_cr/qb_reg[5][2]/CE
 344  CDC-1   Critical  1-bit unknown CDC circuitry                     0  False Path  ck_rst         u_cr/qb_reg[5][3]/CE
 345  CDC-1   Critical  1-bit unknown CDC circuitry                     0  False Path  ck_rst         u_cr/qb_reg[5][4]/CE
 346  CDC-1   Critical  1-bit unknown CDC circuitry                     0  False Path  ck_rst         u_cr/qb_reg[5][5]/CE
 347  CDC-1   Critical  1-bit unknown CDC circuitry                     0  False Path  ck_rst         u_cr/qb_reg[5][6]/CE
 348  CDC-1   Critical  1-bit unknown CDC circuitry                     0  False Path  ck_rst         u_cr/qb_reg[5][7]/CE
 349  CDC-1   Critical  1-bit unknown CDC circuitry                     0  False Path  ck_rst         u_cr/qb_reg[6][0]/CE
 350  CDC-1   Critical  1-bit unknown CDC circuitry                     0  False Path  ck_rst         u_cr/qb_reg[6][1]/CE
 351  CDC-1   Critical  1-bit unknown CDC circuitry                     0  False Path  ck_rst         u_cr/qb_reg[6][2]/CE
 352  CDC-1   Critical  1-bit unknown CDC circuitry                     0  False Path  ck_rst         u_cr/qb_reg[6][3]/CE
 353  CDC-1   Critical  1-bit unknown CDC circuitry                     0  False Path  ck_rst         u_cr/qb_reg[6][4]/CE
 354  CDC-1   Critical  1-bit unknown CDC circuitry                     0  False Path  ck_rst         u_cr/qb_reg[6][5]/CE
 355  CDC-1   Critical  1-bit unknown CDC circuitry                     0  False Path  ck_rst         u_cr/qb_reg[6][6]/CE
 356  CDC-1   Critical  1-bit unknown CDC circuitry                     0  False Path  ck_rst         u_cr/qb_reg[6][7]/CE
 357  CDC-1   Critical  1-bit unknown CDC circuitry                     0  False Path  ck_rst         u_cr/qb_reg[7][0]/CE
 358  CDC-1   Critical  1-bit unknown CDC circuitry                     0  False Path  ck_rst         u_cr/qb_reg[7][1]/CE
 359  CDC-1   Critical  1-bit unknown CDC circuitry                     0  False Path  ck_rst         u_cr/qb_reg[7][2]/CE
 360  CDC-1   Critical  1-bit unknown CDC circuitry                     0  False Path  ck_rst         u_cr/qb_reg[7][3]/CE
 361  CDC-1   Critical  1-bit unknown CDC circuitry                     0  False Path  ck_rst         u_cr/qb_reg[7][4]/CE
 362  CDC-1   Critical  1-bit unknown CDC circuitry                     0  False Path  ck_rst         u_cr/qb_reg[7][5]/CE
 363  CDC-1   Critical  1-bit unknown CDC circuitry                     0  False Path  ck_rst         u_cr/qb_reg[7][6]/CE
 364  CDC-1   Critical  1-bit unknown CDC circuitry                     0  False Path  ck_rst         u_cr/qb_reg[7][7]/CE
 365  CDC-1   Critical  1-bit unknown CDC circuitry                     0  False Path  ck_rst         u_cr/qb_reg[8][0]/CE
 366  CDC-1   Critical  1-bit unknown CDC circuitry                     0  False Path  ck_rst         u_cr/qb_reg[8][1]/CE
 367  CDC-1   Critical  1-bit unknown CDC circuitry                     0  False Path  ck_rst         u_cr/qb_reg[8][2]/CE
 368  CDC-1   Critical  1-bit unknown CDC circuitry                     0  False Path  ck_rst         u_cr/qb_reg[8][3]/CE
 369  CDC-1   Critical  1-bit unknown CDC circuitry                     0  False Path  ck_rst         u_cr/qb_reg[8][4]/CE
 370  CDC-1   Critical  1-bit unknown CDC circuitry                     0  False Path  ck_rst         u_cr/qb_reg[8][5]/CE
 371  CDC-1   Critical  1-bit unknown CDC circuitry                     0  False Path  ck_rst         u_cr/qb_reg[8][6]/CE
 372  CDC-1   Critical  1-bit unknown CDC circuitry                     0  False Path  ck_rst         u_cr/qb_reg[8][7]/CE
 373  CDC-1   Critical  1-bit unknown CDC circuitry                     0  False Path  ck_rst         u_cr/qb_reg[9][0]/CE
 374  CDC-1   Critical  1-bit unknown CDC circuitry                     0  False Path  ck_rst         u_cr/qb_reg[9][1]/CE
 375  CDC-1   Critical  1-bit unknown CDC circuitry                     0  False Path  ck_rst         u_cr/qb_reg[9][2]/CE
 376  CDC-1   Critical  1-bit unknown CDC circuitry                     0  False Path  ck_rst         u_cr/qb_reg[9][3]/CE
 377  CDC-1   Critical  1-bit unknown CDC circuitry                     0  False Path  ck_rst         u_cr/qb_reg[9][4]/CE
 378  CDC-1   Critical  1-bit unknown CDC circuitry                     0  False Path  ck_rst         u_cr/qb_reg[9][5]/CE
 379  CDC-1   Critical  1-bit unknown CDC circuitry                     0  False Path  ck_rst         u_cr/qb_reg[9][6]/CE
 380  CDC-1   Critical  1-bit unknown CDC circuitry                     0  False Path  ck_rst         u_cr/qb_reg[9][7]/CE
 381  CDC-7   Critical  Asynchronous reset unknown CDC circuitry        0  False Path  ck_rst         u_cr/rb_reg[0][6]/CLR
 382  CDC-7   Critical  Asynchronous reset unknown CDC circuitry        0  False Path  ck_rst         u_cr/rb_reg[10][0]/CLR
 383  CDC-7   Critical  Asynchronous reset unknown CDC circuitry        0  False Path  ck_rst         u_cr/rb_reg[10][1]/CLR
 384  CDC-7   Critical  Asynchronous reset unknown CDC circuitry        0  False Path  ck_rst         u_cr/rb_reg[10][2]/CLR
 385  CDC-7   Critical  Asynchronous reset unknown CDC circuitry        0  False Path  ck_rst         u_cr/rb_reg[10][3]/CLR
 386  CDC-7   Critical  Asynchronous reset unknown CDC circuitry        0  False Path  ck_rst         u_cr/rb_reg[10][4]/CLR
 387  CDC-7   Critical  Asynchronous reset unknown CDC circuitry        0  False Path  ck_rst         u_cr/rb_reg[10][5]/CLR
 388  CDC-7   Critical  Asynchronous reset unknown CDC circuitry        0  False Path  ck_rst         u_cr/rb_reg[10][6]/CLR
 389  CDC-7   Critical  Asynchronous reset unknown CDC circuitry        0  False Path  ck_rst         u_cr/rb_reg[10][7]/CLR
 390  CDC-7   Critical  Asynchronous reset unknown CDC circuitry        0  False Path  ck_rst         u_cr/rb_reg[11][0]/CLR
 391  CDC-7   Critical  Asynchronous reset unknown CDC circuitry        0  False Path  ck_rst         u_cr/rb_reg[11][1]/CLR
 392  CDC-7   Critical  Asynchronous reset unknown CDC circuitry        0  False Path  ck_rst         u_cr/rb_reg[11][2]/CLR
 393  CDC-7   Critical  Asynchronous reset unknown CDC circuitry        0  False Path  ck_rst         u_cr/rb_reg[11][3]/CLR
 394  CDC-7   Critical  Asynchronous reset unknown CDC circuitry        0  False Path  ck_rst         u_cr/rb_reg[11][4]/CLR
 395  CDC-7   Critical  Asynchronous reset unknown CDC circuitry        0  False Path  ck_rst         u_cr/rb_reg[11][5]/CLR
 396  CDC-7   Critical  Asynchronous reset unknown CDC circuitry        0  False Path  ck_rst         u_cr/rb_reg[11][6]/CLR
 397  CDC-7   Critical  Asynchronous reset unknown CDC circuitry        0  False Path  ck_rst         u_cr/rb_reg[11][7]/CLR
 398  CDC-7   Critical  Asynchronous reset unknown CDC circuitry        0  False Path  ck_rst         u_cr/rb_reg[12][0]/CLR
 399  CDC-7   Critical  Asynchronous reset unknown CDC circuitry        0  False Path  ck_rst         u_cr/rb_reg[12][1]/CLR
 400  CDC-7   Critical  Asynchronous reset unknown CDC circuitry        0  False Path  ck_rst         u_cr/rb_reg[12][2]/CLR
 401  CDC-7   Critical  Asynchronous reset unknown CDC circuitry        0  False Path  ck_rst         u_cr/rb_reg[12][3]/CLR
 402  CDC-7   Critical  Asynchronous reset unknown CDC circuitry        0  False Path  ck_rst         u_cr/rb_reg[12][4]/CLR
 403  CDC-7   Critical  Asynchronous reset unknown CDC circuitry        0  False Path  ck_rst         u_cr/rb_reg[12][5]/CLR
 404  CDC-7   Critical  Asynchronous reset unknown CDC circuitry        0  False Path  ck_rst         u_cr/rb_reg[12][6]/CLR
 405  CDC-7   Critical  Asynchronous reset unknown CDC circuitry        0  False Path  ck_rst         u_cr/rb_reg[12][7]/CLR
 406  CDC-7   Critical  Asynchronous reset unknown CDC circuitry        0  False Path  ck_rst         u_cr/rb_reg[13][0]/CLR
 407  CDC-7   Critical  Asynchronous reset unknown CDC circuitry        0  False Path  ck_rst         u_cr/rb_reg[13][1]/CLR
 408  CDC-7   Critical  Asynchronous reset unknown CDC circuitry        0  False Path  ck_rst         u_cr/rb_reg[13][2]/CLR
 409  CDC-7   Critical  Asynchronous reset unknown CDC circuitry        0  False Path  ck_rst         u_cr/rb_reg[13][3]/CLR
 410  CDC-7   Critical  Asynchronous reset unknown CDC circuitry        0  False Path  ck_rst         u_cr/rb_reg[13][4]/CLR
 411  CDC-7   Critical  Asynchronous reset unknown CDC circuitry        0  False Path  ck_rst         u_cr/rb_reg[13][5]/CLR
 412  CDC-7   Critical  Asynchronous reset unknown CDC circuitry        0  False Path  ck_rst         u_cr/rb_reg[13][6]/CLR
 413  CDC-7   Critical  Asynchronous reset unknown CDC circuitry        0  False Path  ck_rst         u_cr/rb_reg[13][7]/CLR
 414  CDC-7   Critical  Asynchronous reset unknown CDC circuitry        0  False Path  ck_rst         u_cr/rb_reg[14][0]/CLR
 415  CDC-7   Critical  Asynchronous reset unknown CDC circuitry        0  False Path  ck_rst         u_cr/rb_reg[14][1]/CLR
 416  CDC-7   Critical  Asynchronous reset unknown CDC circuitry        0  False Path  ck_rst         u_cr/rb_reg[14][2]/CLR
 417  CDC-7   Critical  Asynchronous reset unknown CDC circuitry        0  False Path  ck_rst         u_cr/rb_reg[14][3]/CLR
 418  CDC-7   Critical  Asynchronous reset unknown CDC circuitry        0  False Path  ck_rst         u_cr/rb_reg[14][4]/CLR
 419  CDC-7   Critical  Asynchronous reset unknown CDC circuitry        0  False Path  ck_rst         u_cr/rb_reg[14][5]/CLR
 420  CDC-7   Critical  Asynchronous reset unknown CDC circuitry        0  False Path  ck_rst         u_cr/rb_reg[14][6]/CLR
 421  CDC-7   Critical  Asynchronous reset unknown CDC circuitry        0  False Path  ck_rst         u_cr/rb_reg[14][7]/CLR
 422  CDC-7   Critical  Asynchronous reset unknown CDC circuitry        0  False Path  ck_rst         u_cr/rb_reg[15][0]/CLR
 423  CDC-7   Critical  Asynchronous reset unknown CDC circuitry        0  False Path  ck_rst         u_cr/rb_reg[15][1]/CLR
 424  CDC-7   Critical  Asynchronous reset unknown CDC circuitry        0  False Path  ck_rst         u_cr/rb_reg[15][2]/CLR
 425  CDC-7   Critical  Asynchronous reset unknown CDC circuitry        0  False Path  ck_rst         u_cr/rb_reg[15][3]/CLR
 426  CDC-7   Critical  Asynchronous reset unknown CDC circuitry        0  False Path  ck_rst         u_cr/rb_reg[15][4]/CLR
 427  CDC-7   Critical  Asynchronous reset unknown CDC circuitry        0  False Path  ck_rst         u_cr/rb_reg[15][5]/CLR
 428  CDC-7   Critical  Asynchronous reset unknown CDC circuitry        0  False Path  ck_rst         u_cr/rb_reg[15][6]/CLR
 429  CDC-7   Critical  Asynchronous reset unknown CDC circuitry        0  False Path  ck_rst         u_cr/rb_reg[15][7]/CLR
 430  CDC-7   Critical  Asynchronous reset unknown CDC circuitry        0  False Path  ck_rst         u_cr/rb_reg[3][1]/CLR
 431  CDC-7   Critical  Asynchronous reset unknown CDC circuitry        0  False Path  ck_rst         u_cr/rb_reg[46][0]/CLR
 432  CDC-7   Critical  Asynchronous reset unknown CDC circuitry        0  False Path  ck_rst         u_cr/rb_reg[46][1]/CLR
 433  CDC-7   Critical  Asynchronous reset unknown CDC circuitry        0  False Path  ck_rst         u_cr/rb_reg[46][2]/CLR
 434  CDC-7   Critical  Asynchronous reset unknown CDC circuitry        0  False Path  ck_rst         u_cr/rb_reg[46][3]/CLR
 435  CDC-7   Critical  Asynchronous reset unknown CDC circuitry        0  False Path  ck_rst         u_cr/rb_reg[46][4]/CLR
 436  CDC-7   Critical  Asynchronous reset unknown CDC circuitry        0  False Path  ck_rst         u_cr/rb_reg[46][5]/CLR
 437  CDC-7   Critical  Asynchronous reset unknown CDC circuitry        0  False Path  ck_rst         u_cr/rb_reg[46][6]/CLR
 438  CDC-7   Critical  Asynchronous reset unknown CDC circuitry        0  False Path  ck_rst         u_cr/rb_reg[46][7]/CLR
 439  CDC-7   Critical  Asynchronous reset unknown CDC circuitry        0  False Path  ck_rst         u_cr/rb_reg[47][0]/CLR
 440  CDC-7   Critical  Asynchronous reset unknown CDC circuitry        0  False Path  ck_rst         u_cr/rb_reg[47][1]/CLR
 441  CDC-7   Critical  Asynchronous reset unknown CDC circuitry        0  False Path  ck_rst         u_cr/rb_reg[47][2]/CLR
 442  CDC-7   Critical  Asynchronous reset unknown CDC circuitry        0  False Path  ck_rst         u_cr/rb_reg[47][3]/CLR
 443  CDC-7   Critical  Asynchronous reset unknown CDC circuitry        0  False Path  ck_rst         u_cr/rb_reg[47][4]/CLR
 444  CDC-7   Critical  Asynchronous reset unknown CDC circuitry        0  False Path  ck_rst         u_cr/rb_reg[47][5]/CLR
 445  CDC-7   Critical  Asynchronous reset unknown CDC circuitry        0  False Path  ck_rst         u_cr/rb_reg[47][6]/CLR
 446  CDC-7   Critical  Asynchronous reset unknown CDC circuitry        0  False Path  ck_rst         u_cr/rb_reg[47][7]/CLR
 447  CDC-7   Critical  Asynchronous reset unknown CDC circuitry        0  False Path  ck_rst         u_cr/rb_reg[4][5]/CLR
 448  CDC-7   Critical  Asynchronous reset unknown CDC circuitry        0  False Path  ck_rst         u_cr/rb_reg[8][0]/CLR
 449  CDC-7   Critical  Asynchronous reset unknown CDC circuitry        0  False Path  ck_rst         u_cr/rb_reg[8][1]/CLR
 450  CDC-7   Critical  Asynchronous reset unknown CDC circuitry        0  False Path  ck_rst         u_cr/rb_reg[8][2]/CLR
 451  CDC-7   Critical  Asynchronous reset unknown CDC circuitry        0  False Path  ck_rst         u_cr/rb_reg[8][3]/CLR
 452  CDC-7   Critical  Asynchronous reset unknown CDC circuitry        0  False Path  ck_rst         u_cr/rb_reg[8][4]/CLR
 453  CDC-7   Critical  Asynchronous reset unknown CDC circuitry        0  False Path  ck_rst         u_cr/rb_reg[8][5]/CLR
 454  CDC-7   Critical  Asynchronous reset unknown CDC circuitry        0  False Path  ck_rst         u_cr/rb_reg[8][6]/CLR
 455  CDC-7   Critical  Asynchronous reset unknown CDC circuitry        0  False Path  ck_rst         u_cr/rb_reg[8][7]/CLR
 456  CDC-7   Critical  Asynchronous reset unknown CDC circuitry        0  False Path  ck_rst         u_cr/rb_reg[9][0]/CLR
 457  CDC-7   Critical  Asynchronous reset unknown CDC circuitry        0  False Path  ck_rst         u_cr/rb_reg[9][1]/CLR
 458  CDC-7   Critical  Asynchronous reset unknown CDC circuitry        0  False Path  ck_rst         u_cr/rb_reg[9][2]/CLR
 459  CDC-7   Critical  Asynchronous reset unknown CDC circuitry        0  False Path  ck_rst         u_cr/rb_reg[9][3]/CLR
 460  CDC-7   Critical  Asynchronous reset unknown CDC circuitry        0  False Path  ck_rst         u_cr/rb_reg[9][4]/CLR
 461  CDC-7   Critical  Asynchronous reset unknown CDC circuitry        0  False Path  ck_rst         u_cr/rb_reg[9][5]/CLR
 462  CDC-7   Critical  Asynchronous reset unknown CDC circuitry        0  False Path  ck_rst         u_cr/rb_reg[9][6]/CLR
 463  CDC-7   Critical  Asynchronous reset unknown CDC circuitry        0  False Path  ck_rst         u_cr/rb_reg[9][7]/CLR
 464  CDC-7   Critical  Asynchronous reset unknown CDC circuitry        0  False Path  ck_rst         u_cr/u_walk/FSM_sequential_state_reg[0]/CLR
 465  CDC-7   Critical  Asynchronous reset unknown CDC circuitry        0  False Path  ck_rst         u_cr/u_walk/FSM_sequential_state_reg[1]/CLR
 466  CDC-7   Critical  Asynchronous reset unknown CDC circuitry        0  False Path  ck_rst         u_cr/u_walk/cf_reg/CLR
 467  CDC-7   Critical  Asynchronous reset unknown CDC circuitry        0  False Path  ck_rst         u_cr/u_walk/hops_i_reg[0]/CLR
 468  CDC-7   Critical  Asynchronous reset unknown CDC circuitry        0  False Path  ck_rst         u_cr/u_walk/hops_i_reg[1]/CLR
 469  CDC-7   Critical  Asynchronous reset unknown CDC circuitry        0  False Path  ck_rst         u_cr/u_walk/hops_i_reg[2]/CLR
 470  CDC-7   Critical  Asynchronous reset unknown CDC circuitry        0  False Path  ck_rst         u_cr/u_walk/hops_i_reg[3]/CLR
 471  CDC-7   Critical  Asynchronous reset unknown CDC circuitry        0  False Path  ck_rst         u_cr/u_walk/mf_reg/CLR
 472  CDC-1   Critical  1-bit unknown CDC circuitry                     0  False Path  ck_rst         u_cr/u_walk/qb_reg[0][0]/CE
 473  CDC-1   Critical  1-bit unknown CDC circuitry                     0  False Path  ck_rst         u_cr/u_walk/qb_reg[0][1]/CE
 474  CDC-1   Critical  1-bit unknown CDC circuitry                     0  False Path  ck_rst         u_cr/u_walk/qb_reg[0][2]/CE
 475  CDC-1   Critical  1-bit unknown CDC circuitry                     0  False Path  ck_rst         u_cr/u_walk/qb_reg[0][3]/CE
 476  CDC-1   Critical  1-bit unknown CDC circuitry                     0  False Path  ck_rst         u_cr/u_walk/qb_reg[0][4]/CE
 477  CDC-1   Critical  1-bit unknown CDC circuitry                     0  False Path  ck_rst         u_cr/u_walk/qb_reg[0][5]/CE
 478  CDC-1   Critical  1-bit unknown CDC circuitry                     0  False Path  ck_rst         u_cr/u_walk/qb_reg[0][6]/CE
 479  CDC-1   Critical  1-bit unknown CDC circuitry                     0  False Path  ck_rst         u_cr/u_walk/qb_reg[0][7]/CE
 480  CDC-1   Critical  1-bit unknown CDC circuitry                     0  False Path  ck_rst         u_cr/u_walk/qb_reg[10][0]/CE
 481  CDC-1   Critical  1-bit unknown CDC circuitry                     0  False Path  ck_rst         u_cr/u_walk/qb_reg[10][1]/CE
 482  CDC-1   Critical  1-bit unknown CDC circuitry                     0  False Path  ck_rst         u_cr/u_walk/qb_reg[10][2]/CE
 483  CDC-1   Critical  1-bit unknown CDC circuitry                     0  False Path  ck_rst         u_cr/u_walk/qb_reg[10][3]/CE
 484  CDC-1   Critical  1-bit unknown CDC circuitry                     0  False Path  ck_rst         u_cr/u_walk/qb_reg[10][4]/CE
 485  CDC-1   Critical  1-bit unknown CDC circuitry                     0  False Path  ck_rst         u_cr/u_walk/qb_reg[10][5]/CE
 486  CDC-1   Critical  1-bit unknown CDC circuitry                     0  False Path  ck_rst         u_cr/u_walk/qb_reg[10][6]/CE
 487  CDC-1   Critical  1-bit unknown CDC circuitry                     0  False Path  ck_rst         u_cr/u_walk/qb_reg[10][7]/CE
 488  CDC-1   Critical  1-bit unknown CDC circuitry                     0  False Path  ck_rst         u_cr/u_walk/qb_reg[11][0]/CE
 489  CDC-1   Critical  1-bit unknown CDC circuitry                     0  False Path  ck_rst         u_cr/u_walk/qb_reg[11][1]/CE
 490  CDC-1   Critical  1-bit unknown CDC circuitry                     0  False Path  ck_rst         u_cr/u_walk/qb_reg[11][2]/CE
 491  CDC-1   Critical  1-bit unknown CDC circuitry                     0  False Path  ck_rst         u_cr/u_walk/qb_reg[11][3]/CE
 492  CDC-1   Critical  1-bit unknown CDC circuitry                     0  False Path  ck_rst         u_cr/u_walk/qb_reg[11][4]/CE
 493  CDC-1   Critical  1-bit unknown CDC circuitry                     0  False Path  ck_rst         u_cr/u_walk/qb_reg[11][5]/CE
 494  CDC-1   Critical  1-bit unknown CDC circuitry                     0  False Path  ck_rst         u_cr/u_walk/qb_reg[11][6]/CE
 495  CDC-1   Critical  1-bit unknown CDC circuitry                     0  False Path  ck_rst         u_cr/u_walk/qb_reg[11][7]/CE
 496  CDC-1   Critical  1-bit unknown CDC circuitry                     0  False Path  ck_rst         u_cr/u_walk/qb_reg[12][0]/CE
 497  CDC-1   Critical  1-bit unknown CDC circuitry                     0  False Path  ck_rst         u_cr/u_walk/qb_reg[12][1]/CE
 498  CDC-1   Critical  1-bit unknown CDC circuitry                     0  False Path  ck_rst         u_cr/u_walk/qb_reg[12][2]/CE
 499  CDC-1   Critical  1-bit unknown CDC circuitry                     0  False Path  ck_rst         u_cr/u_walk/qb_reg[12][3]/CE
 500  CDC-1   Critical  1-bit unknown CDC circuitry                     0  False Path  ck_rst         u_cr/u_walk/qb_reg[12][4]/CE
 501  CDC-1   Critical  1-bit unknown CDC circuitry                     0  False Path  ck_rst         u_cr/u_walk/qb_reg[12][5]/CE
 502  CDC-1   Critical  1-bit unknown CDC circuitry                     0  False Path  ck_rst         u_cr/u_walk/qb_reg[12][6]/CE
 503  CDC-1   Critical  1-bit unknown CDC circuitry                     0  False Path  ck_rst         u_cr/u_walk/qb_reg[12][7]/CE
 504  CDC-1   Critical  1-bit unknown CDC circuitry                     0  False Path  ck_rst         u_cr/u_walk/qb_reg[13][0]/CE
 505  CDC-1   Critical  1-bit unknown CDC circuitry                     0  False Path  ck_rst         u_cr/u_walk/qb_reg[13][1]/CE
 506  CDC-1   Critical  1-bit unknown CDC circuitry                     0  False Path  ck_rst         u_cr/u_walk/qb_reg[13][2]/CE
 507  CDC-1   Critical  1-bit unknown CDC circuitry                     0  False Path  ck_rst         u_cr/u_walk/qb_reg[13][3]/CE
 508  CDC-1   Critical  1-bit unknown CDC circuitry                     0  False Path  ck_rst         u_cr/u_walk/qb_reg[13][4]/CE
 509  CDC-1   Critical  1-bit unknown CDC circuitry                     0  False Path  ck_rst         u_cr/u_walk/qb_reg[13][5]/CE
 510  CDC-1   Critical  1-bit unknown CDC circuitry                     0  False Path  ck_rst         u_cr/u_walk/qb_reg[13][6]/CE
 511  CDC-1   Critical  1-bit unknown CDC circuitry                     0  False Path  ck_rst         u_cr/u_walk/qb_reg[13][7]/CE
 512  CDC-1   Critical  1-bit unknown CDC circuitry                     0  False Path  ck_rst         u_cr/u_walk/qb_reg[14][0]/CE
 513  CDC-1   Critical  1-bit unknown CDC circuitry                     0  False Path  ck_rst         u_cr/u_walk/qb_reg[14][1]/CE
 514  CDC-1   Critical  1-bit unknown CDC circuitry                     0  False Path  ck_rst         u_cr/u_walk/qb_reg[14][2]/CE
 515  CDC-1   Critical  1-bit unknown CDC circuitry                     0  False Path  ck_rst         u_cr/u_walk/qb_reg[14][3]/CE
 516  CDC-1   Critical  1-bit unknown CDC circuitry                     0  False Path  ck_rst         u_cr/u_walk/qb_reg[14][4]/CE
 517  CDC-1   Critical  1-bit unknown CDC circuitry                     0  False Path  ck_rst         u_cr/u_walk/qb_reg[14][5]/CE
 518  CDC-1   Critical  1-bit unknown CDC circuitry                     0  False Path  ck_rst         u_cr/u_walk/qb_reg[14][6]/CE
 519  CDC-1   Critical  1-bit unknown CDC circuitry                     0  False Path  ck_rst         u_cr/u_walk/qb_reg[14][7]/CE
 520  CDC-1   Critical  1-bit unknown CDC circuitry                     0  False Path  ck_rst         u_cr/u_walk/qb_reg[15][0]/CE
 521  CDC-1   Critical  1-bit unknown CDC circuitry                     0  False Path  ck_rst         u_cr/u_walk/qb_reg[15][1]/CE
 522  CDC-1   Critical  1-bit unknown CDC circuitry                     0  False Path  ck_rst         u_cr/u_walk/qb_reg[15][2]/CE
 523  CDC-1   Critical  1-bit unknown CDC circuitry                     0  False Path  ck_rst         u_cr/u_walk/qb_reg[15][3]/CE
 524  CDC-1   Critical  1-bit unknown CDC circuitry                     0  False Path  ck_rst         u_cr/u_walk/qb_reg[15][4]/CE
 525  CDC-1   Critical  1-bit unknown CDC circuitry                     0  False Path  ck_rst         u_cr/u_walk/qb_reg[15][5]/CE
 526  CDC-1   Critical  1-bit unknown CDC circuitry                     0  False Path  ck_rst         u_cr/u_walk/qb_reg[15][6]/CE
 527  CDC-1   Critical  1-bit unknown CDC circuitry                     0  False Path  ck_rst         u_cr/u_walk/qb_reg[15][7]/CE
 528  CDC-1   Critical  1-bit unknown CDC circuitry                     0  False Path  ck_rst         u_cr/u_walk/qb_reg[16][0]/CE
 529  CDC-1   Critical  1-bit unknown CDC circuitry                     0  False Path  ck_rst         u_cr/u_walk/qb_reg[16][1]/CE
 530  CDC-1   Critical  1-bit unknown CDC circuitry                     0  False Path  ck_rst         u_cr/u_walk/qb_reg[16][2]/CE
 531  CDC-1   Critical  1-bit unknown CDC circuitry                     0  False Path  ck_rst         u_cr/u_walk/qb_reg[16][3]/CE
 532  CDC-1   Critical  1-bit unknown CDC circuitry                     0  False Path  ck_rst         u_cr/u_walk/qb_reg[16][4]/CE
 533  CDC-1   Critical  1-bit unknown CDC circuitry                     0  False Path  ck_rst         u_cr/u_walk/qb_reg[16][5]/CE
 534  CDC-1   Critical  1-bit unknown CDC circuitry                     0  False Path  ck_rst         u_cr/u_walk/qb_reg[16][6]/CE
 535  CDC-1   Critical  1-bit unknown CDC circuitry                     0  False Path  ck_rst         u_cr/u_walk/qb_reg[16][7]/CE
 536  CDC-1   Critical  1-bit unknown CDC circuitry                     0  False Path  ck_rst         u_cr/u_walk/qb_reg[17][0]/CE
 537  CDC-1   Critical  1-bit unknown CDC circuitry                     0  False Path  ck_rst         u_cr/u_walk/qb_reg[17][1]/CE
 538  CDC-1   Critical  1-bit unknown CDC circuitry                     0  False Path  ck_rst         u_cr/u_walk/qb_reg[17][2]/CE
 539  CDC-1   Critical  1-bit unknown CDC circuitry                     0  False Path  ck_rst         u_cr/u_walk/qb_reg[17][3]/CE
 540  CDC-1   Critical  1-bit unknown CDC circuitry                     0  False Path  ck_rst         u_cr/u_walk/qb_reg[17][4]/CE
 541  CDC-1   Critical  1-bit unknown CDC circuitry                     0  False Path  ck_rst         u_cr/u_walk/qb_reg[17][5]/CE
 542  CDC-1   Critical  1-bit unknown CDC circuitry                     0  False Path  ck_rst         u_cr/u_walk/qb_reg[17][6]/CE
 543  CDC-1   Critical  1-bit unknown CDC circuitry                     0  False Path  ck_rst         u_cr/u_walk/qb_reg[17][7]/CE
 544  CDC-1   Critical  1-bit unknown CDC circuitry                     0  False Path  ck_rst         u_cr/u_walk/qb_reg[18][0]/CE
 545  CDC-1   Critical  1-bit unknown CDC circuitry                     0  False Path  ck_rst         u_cr/u_walk/qb_reg[18][1]/CE
 546  CDC-1   Critical  1-bit unknown CDC circuitry                     0  False Path  ck_rst         u_cr/u_walk/qb_reg[18][2]/CE
 547  CDC-1   Critical  1-bit unknown CDC circuitry                     0  False Path  ck_rst         u_cr/u_walk/qb_reg[18][3]/CE
 548  CDC-1   Critical  1-bit unknown CDC circuitry                     0  False Path  ck_rst         u_cr/u_walk/qb_reg[18][4]/CE
 549  CDC-1   Critical  1-bit unknown CDC circuitry                     0  False Path  ck_rst         u_cr/u_walk/qb_reg[18][5]/CE
 550  CDC-1   Critical  1-bit unknown CDC circuitry                     0  False Path  ck_rst         u_cr/u_walk/qb_reg[18][6]/CE
 551  CDC-1   Critical  1-bit unknown CDC circuitry                     0  False Path  ck_rst         u_cr/u_walk/qb_reg[18][7]/CE
 552  CDC-1   Critical  1-bit unknown CDC circuitry                     0  False Path  ck_rst         u_cr/u_walk/qb_reg[19][0]/CE
 553  CDC-1   Critical  1-bit unknown CDC circuitry                     0  False Path  ck_rst         u_cr/u_walk/qb_reg[19][1]/CE
 554  CDC-1   Critical  1-bit unknown CDC circuitry                     0  False Path  ck_rst         u_cr/u_walk/qb_reg[19][2]/CE
 555  CDC-1   Critical  1-bit unknown CDC circuitry                     0  False Path  ck_rst         u_cr/u_walk/qb_reg[19][3]/CE
 556  CDC-1   Critical  1-bit unknown CDC circuitry                     0  False Path  ck_rst         u_cr/u_walk/qb_reg[19][4]/CE
 557  CDC-1   Critical  1-bit unknown CDC circuitry                     0  False Path  ck_rst         u_cr/u_walk/qb_reg[19][5]/CE
 558  CDC-1   Critical  1-bit unknown CDC circuitry                     0  False Path  ck_rst         u_cr/u_walk/qb_reg[19][6]/CE
 559  CDC-1   Critical  1-bit unknown CDC circuitry                     0  False Path  ck_rst         u_cr/u_walk/qb_reg[19][7]/CE
 560  CDC-1   Critical  1-bit unknown CDC circuitry                     0  False Path  ck_rst         u_cr/u_walk/qb_reg[1][0]/CE
 561  CDC-1   Critical  1-bit unknown CDC circuitry                     0  False Path  ck_rst         u_cr/u_walk/qb_reg[1][1]/CE
 562  CDC-1   Critical  1-bit unknown CDC circuitry                     0  False Path  ck_rst         u_cr/u_walk/qb_reg[1][2]/CE
 563  CDC-1   Critical  1-bit unknown CDC circuitry                     0  False Path  ck_rst         u_cr/u_walk/qb_reg[1][3]/CE
 564  CDC-1   Critical  1-bit unknown CDC circuitry                     0  False Path  ck_rst         u_cr/u_walk/qb_reg[1][4]/CE
 565  CDC-1   Critical  1-bit unknown CDC circuitry                     0  False Path  ck_rst         u_cr/u_walk/qb_reg[1][5]/CE
 566  CDC-1   Critical  1-bit unknown CDC circuitry                     0  False Path  ck_rst         u_cr/u_walk/qb_reg[1][6]/CE
 567  CDC-1   Critical  1-bit unknown CDC circuitry                     0  False Path  ck_rst         u_cr/u_walk/qb_reg[1][7]/CE
 568  CDC-1   Critical  1-bit unknown CDC circuitry                     0  False Path  ck_rst         u_cr/u_walk/qb_reg[20][0]/CE
 569  CDC-1   Critical  1-bit unknown CDC circuitry                     0  False Path  ck_rst         u_cr/u_walk/qb_reg[20][1]/CE
 570  CDC-1   Critical  1-bit unknown CDC circuitry                     0  False Path  ck_rst         u_cr/u_walk/qb_reg[20][2]/CE
 571  CDC-1   Critical  1-bit unknown CDC circuitry                     0  False Path  ck_rst         u_cr/u_walk/qb_reg[20][3]/CE
 572  CDC-1   Critical  1-bit unknown CDC circuitry                     0  False Path  ck_rst         u_cr/u_walk/qb_reg[20][4]/CE
 573  CDC-1   Critical  1-bit unknown CDC circuitry                     0  False Path  ck_rst         u_cr/u_walk/qb_reg[20][5]/CE
 574  CDC-1   Critical  1-bit unknown CDC circuitry                     0  False Path  ck_rst         u_cr/u_walk/qb_reg[20][6]/CE
 575  CDC-1   Critical  1-bit unknown CDC circuitry                     0  False Path  ck_rst         u_cr/u_walk/qb_reg[20][7]/CE
 576  CDC-1   Critical  1-bit unknown CDC circuitry                     0  False Path  ck_rst         u_cr/u_walk/qb_reg[21][0]/CE
 577  CDC-1   Critical  1-bit unknown CDC circuitry                     0  False Path  ck_rst         u_cr/u_walk/qb_reg[21][1]/CE
 578  CDC-1   Critical  1-bit unknown CDC circuitry                     0  False Path  ck_rst         u_cr/u_walk/qb_reg[21][2]/CE
 579  CDC-1   Critical  1-bit unknown CDC circuitry                     0  False Path  ck_rst         u_cr/u_walk/qb_reg[21][3]/CE
 580  CDC-1   Critical  1-bit unknown CDC circuitry                     0  False Path  ck_rst         u_cr/u_walk/qb_reg[21][4]/CE
 581  CDC-1   Critical  1-bit unknown CDC circuitry                     0  False Path  ck_rst         u_cr/u_walk/qb_reg[21][5]/CE
 582  CDC-1   Critical  1-bit unknown CDC circuitry                     0  False Path  ck_rst         u_cr/u_walk/qb_reg[21][6]/CE
 583  CDC-1   Critical  1-bit unknown CDC circuitry                     0  False Path  ck_rst         u_cr/u_walk/qb_reg[21][7]/CE
 584  CDC-1   Critical  1-bit unknown CDC circuitry                     0  False Path  ck_rst         u_cr/u_walk/qb_reg[22][0]/CE
 585  CDC-1   Critical  1-bit unknown CDC circuitry                     0  False Path  ck_rst         u_cr/u_walk/qb_reg[22][1]/CE
 586  CDC-1   Critical  1-bit unknown CDC circuitry                     0  False Path  ck_rst         u_cr/u_walk/qb_reg[22][2]/CE
 587  CDC-1   Critical  1-bit unknown CDC circuitry                     0  False Path  ck_rst         u_cr/u_walk/qb_reg[22][3]/CE
 588  CDC-1   Critical  1-bit unknown CDC circuitry                     0  False Path  ck_rst         u_cr/u_walk/qb_reg[22][4]/CE
 589  CDC-1   Critical  1-bit unknown CDC circuitry                     0  False Path  ck_rst         u_cr/u_walk/qb_reg[22][5]/CE
 590  CDC-1   Critical  1-bit unknown CDC circuitry                     0  False Path  ck_rst         u_cr/u_walk/qb_reg[22][6]/CE
 591  CDC-1   Critical  1-bit unknown CDC circuitry                     0  False Path  ck_rst         u_cr/u_walk/qb_reg[22][7]/CE
 592  CDC-1   Critical  1-bit unknown CDC circuitry                     0  False Path  ck_rst         u_cr/u_walk/qb_reg[23][0]/CE
 593  CDC-1   Critical  1-bit unknown CDC circuitry                     0  False Path  ck_rst         u_cr/u_walk/qb_reg[23][1]/CE
 594  CDC-1   Critical  1-bit unknown CDC circuitry                     0  False Path  ck_rst         u_cr/u_walk/qb_reg[23][2]/CE
 595  CDC-1   Critical  1-bit unknown CDC circuitry                     0  False Path  ck_rst         u_cr/u_walk/qb_reg[23][3]/CE
 596  CDC-1   Critical  1-bit unknown CDC circuitry                     0  False Path  ck_rst         u_cr/u_walk/qb_reg[23][4]/CE
 597  CDC-1   Critical  1-bit unknown CDC circuitry                     0  False Path  ck_rst         u_cr/u_walk/qb_reg[23][5]/CE
 598  CDC-1   Critical  1-bit unknown CDC circuitry                     0  False Path  ck_rst         u_cr/u_walk/qb_reg[23][6]/CE
 599  CDC-1   Critical  1-bit unknown CDC circuitry                     0  False Path  ck_rst         u_cr/u_walk/qb_reg[23][7]/CE
 600  CDC-1   Critical  1-bit unknown CDC circuitry                     0  False Path  ck_rst         u_cr/u_walk/qb_reg[24][0]/CE
 601  CDC-1   Critical  1-bit unknown CDC circuitry                     0  False Path  ck_rst         u_cr/u_walk/qb_reg[24][1]/CE
 602  CDC-1   Critical  1-bit unknown CDC circuitry                     0  False Path  ck_rst         u_cr/u_walk/qb_reg[24][2]/CE
 603  CDC-1   Critical  1-bit unknown CDC circuitry                     0  False Path  ck_rst         u_cr/u_walk/qb_reg[24][3]/CE
 604  CDC-1   Critical  1-bit unknown CDC circuitry                     0  False Path  ck_rst         u_cr/u_walk/qb_reg[24][4]/CE
 605  CDC-1   Critical  1-bit unknown CDC circuitry                     0  False Path  ck_rst         u_cr/u_walk/qb_reg[24][5]/CE
 606  CDC-1   Critical  1-bit unknown CDC circuitry                     0  False Path  ck_rst         u_cr/u_walk/qb_reg[24][6]/CE
 607  CDC-1   Critical  1-bit unknown CDC circuitry                     0  False Path  ck_rst         u_cr/u_walk/qb_reg[24][7]/CE
 608  CDC-1   Critical  1-bit unknown CDC circuitry                     0  False Path  ck_rst         u_cr/u_walk/qb_reg[25][0]/CE
 609  CDC-1   Critical  1-bit unknown CDC circuitry                     0  False Path  ck_rst         u_cr/u_walk/qb_reg[25][1]/CE
 610  CDC-1   Critical  1-bit unknown CDC circuitry                     0  False Path  ck_rst         u_cr/u_walk/qb_reg[25][2]/CE
 611  CDC-1   Critical  1-bit unknown CDC circuitry                     0  False Path  ck_rst         u_cr/u_walk/qb_reg[25][3]/CE
 612  CDC-1   Critical  1-bit unknown CDC circuitry                     0  False Path  ck_rst         u_cr/u_walk/qb_reg[25][4]/CE
 613  CDC-1   Critical  1-bit unknown CDC circuitry                     0  False Path  ck_rst         u_cr/u_walk/qb_reg[25][5]/CE
 614  CDC-1   Critical  1-bit unknown CDC circuitry                     0  False Path  ck_rst         u_cr/u_walk/qb_reg[25][6]/CE
 615  CDC-1   Critical  1-bit unknown CDC circuitry                     0  False Path  ck_rst         u_cr/u_walk/qb_reg[25][7]/CE
 616  CDC-1   Critical  1-bit unknown CDC circuitry                     0  False Path  ck_rst         u_cr/u_walk/qb_reg[26][0]/CE
 617  CDC-1   Critical  1-bit unknown CDC circuitry                     0  False Path  ck_rst         u_cr/u_walk/qb_reg[26][1]/CE
 618  CDC-1   Critical  1-bit unknown CDC circuitry                     0  False Path  ck_rst         u_cr/u_walk/qb_reg[26][2]/CE
 619  CDC-1   Critical  1-bit unknown CDC circuitry                     0  False Path  ck_rst         u_cr/u_walk/qb_reg[26][3]/CE
 620  CDC-1   Critical  1-bit unknown CDC circuitry                     0  False Path  ck_rst         u_cr/u_walk/qb_reg[26][4]/CE
 621  CDC-1   Critical  1-bit unknown CDC circuitry                     0  False Path  ck_rst         u_cr/u_walk/qb_reg[26][5]/CE
 622  CDC-1   Critical  1-bit unknown CDC circuitry                     0  False Path  ck_rst         u_cr/u_walk/qb_reg[26][6]/CE
 623  CDC-1   Critical  1-bit unknown CDC circuitry                     0  False Path  ck_rst         u_cr/u_walk/qb_reg[26][7]/CE
 624  CDC-1   Critical  1-bit unknown CDC circuitry                     0  False Path  ck_rst         u_cr/u_walk/qb_reg[27][0]/CE
 625  CDC-1   Critical  1-bit unknown CDC circuitry                     0  False Path  ck_rst         u_cr/u_walk/qb_reg[27][1]/CE
 626  CDC-1   Critical  1-bit unknown CDC circuitry                     0  False Path  ck_rst         u_cr/u_walk/qb_reg[27][2]/CE
 627  CDC-1   Critical  1-bit unknown CDC circuitry                     0  False Path  ck_rst         u_cr/u_walk/qb_reg[27][3]/CE
 628  CDC-1   Critical  1-bit unknown CDC circuitry                     0  False Path  ck_rst         u_cr/u_walk/qb_reg[27][4]/CE
 629  CDC-1   Critical  1-bit unknown CDC circuitry                     0  False Path  ck_rst         u_cr/u_walk/qb_reg[27][5]/CE
 630  CDC-1   Critical  1-bit unknown CDC circuitry                     0  False Path  ck_rst         u_cr/u_walk/qb_reg[27][6]/CE
 631  CDC-1   Critical  1-bit unknown CDC circuitry                     0  False Path  ck_rst         u_cr/u_walk/qb_reg[27][7]/CE
 632  CDC-1   Critical  1-bit unknown CDC circuitry                     0  False Path  ck_rst         u_cr/u_walk/qb_reg[28][0]/CE
 633  CDC-1   Critical  1-bit unknown CDC circuitry                     0  False Path  ck_rst         u_cr/u_walk/qb_reg[28][1]/CE
 634  CDC-1   Critical  1-bit unknown CDC circuitry                     0  False Path  ck_rst         u_cr/u_walk/qb_reg[28][2]/CE
 635  CDC-1   Critical  1-bit unknown CDC circuitry                     0  False Path  ck_rst         u_cr/u_walk/qb_reg[28][3]/CE
 636  CDC-1   Critical  1-bit unknown CDC circuitry                     0  False Path  ck_rst         u_cr/u_walk/qb_reg[28][4]/CE
 637  CDC-1   Critical  1-bit unknown CDC circuitry                     0  False Path  ck_rst         u_cr/u_walk/qb_reg[28][5]/CE
 638  CDC-1   Critical  1-bit unknown CDC circuitry                     0  False Path  ck_rst         u_cr/u_walk/qb_reg[28][6]/CE
 639  CDC-1   Critical  1-bit unknown CDC circuitry                     0  False Path  ck_rst         u_cr/u_walk/qb_reg[28][7]/CE
 640  CDC-1   Critical  1-bit unknown CDC circuitry                     0  False Path  ck_rst         u_cr/u_walk/qb_reg[29][0]/CE
 641  CDC-1   Critical  1-bit unknown CDC circuitry                     0  False Path  ck_rst         u_cr/u_walk/qb_reg[29][1]/CE
 642  CDC-1   Critical  1-bit unknown CDC circuitry                     0  False Path  ck_rst         u_cr/u_walk/qb_reg[29][2]/CE
 643  CDC-1   Critical  1-bit unknown CDC circuitry                     0  False Path  ck_rst         u_cr/u_walk/qb_reg[29][3]/CE
 644  CDC-1   Critical  1-bit unknown CDC circuitry                     0  False Path  ck_rst         u_cr/u_walk/qb_reg[29][4]/CE
 645  CDC-1   Critical  1-bit unknown CDC circuitry                     0  False Path  ck_rst         u_cr/u_walk/qb_reg[29][5]/CE
 646  CDC-1   Critical  1-bit unknown CDC circuitry                     0  False Path  ck_rst         u_cr/u_walk/qb_reg[29][6]/CE
 647  CDC-1   Critical  1-bit unknown CDC circuitry                     0  False Path  ck_rst         u_cr/u_walk/qb_reg[29][7]/CE
 648  CDC-1   Critical  1-bit unknown CDC circuitry                     0  False Path  ck_rst         u_cr/u_walk/qb_reg[2][0]/CE
 649  CDC-1   Critical  1-bit unknown CDC circuitry                     0  False Path  ck_rst         u_cr/u_walk/qb_reg[2][1]/CE
 650  CDC-1   Critical  1-bit unknown CDC circuitry                     0  False Path  ck_rst         u_cr/u_walk/qb_reg[2][2]/CE
 651  CDC-1   Critical  1-bit unknown CDC circuitry                     0  False Path  ck_rst         u_cr/u_walk/qb_reg[2][3]/CE
 652  CDC-1   Critical  1-bit unknown CDC circuitry                     0  False Path  ck_rst         u_cr/u_walk/qb_reg[2][4]/CE
 653  CDC-1   Critical  1-bit unknown CDC circuitry                     0  False Path  ck_rst         u_cr/u_walk/qb_reg[2][5]/CE
 654  CDC-1   Critical  1-bit unknown CDC circuitry                     0  False Path  ck_rst         u_cr/u_walk/qb_reg[2][6]/CE
 655  CDC-1   Critical  1-bit unknown CDC circuitry                     0  False Path  ck_rst         u_cr/u_walk/qb_reg[2][7]/CE
 656  CDC-1   Critical  1-bit unknown CDC circuitry                     0  False Path  ck_rst         u_cr/u_walk/qb_reg[30][0]/CE
 657  CDC-1   Critical  1-bit unknown CDC circuitry                     0  False Path  ck_rst         u_cr/u_walk/qb_reg[30][1]/CE
 658  CDC-1   Critical  1-bit unknown CDC circuitry                     0  False Path  ck_rst         u_cr/u_walk/qb_reg[30][2]/CE
 659  CDC-1   Critical  1-bit unknown CDC circuitry                     0  False Path  ck_rst         u_cr/u_walk/qb_reg[30][3]/CE
 660  CDC-1   Critical  1-bit unknown CDC circuitry                     0  False Path  ck_rst         u_cr/u_walk/qb_reg[30][4]/CE
 661  CDC-1   Critical  1-bit unknown CDC circuitry                     0  False Path  ck_rst         u_cr/u_walk/qb_reg[30][5]/CE
 662  CDC-1   Critical  1-bit unknown CDC circuitry                     0  False Path  ck_rst         u_cr/u_walk/qb_reg[30][6]/CE
 663  CDC-1   Critical  1-bit unknown CDC circuitry                     0  False Path  ck_rst         u_cr/u_walk/qb_reg[30][7]/CE
 664  CDC-1   Critical  1-bit unknown CDC circuitry                     0  False Path  ck_rst         u_cr/u_walk/qb_reg[31][0]/CE
 665  CDC-1   Critical  1-bit unknown CDC circuitry                     0  False Path  ck_rst         u_cr/u_walk/qb_reg[31][1]/CE
 666  CDC-1   Critical  1-bit unknown CDC circuitry                     0  False Path  ck_rst         u_cr/u_walk/qb_reg[31][2]/CE
 667  CDC-1   Critical  1-bit unknown CDC circuitry                     0  False Path  ck_rst         u_cr/u_walk/qb_reg[31][3]/CE
 668  CDC-1   Critical  1-bit unknown CDC circuitry                     0  False Path  ck_rst         u_cr/u_walk/qb_reg[31][4]/CE
 669  CDC-1   Critical  1-bit unknown CDC circuitry                     0  False Path  ck_rst         u_cr/u_walk/qb_reg[31][5]/CE
 670  CDC-1   Critical  1-bit unknown CDC circuitry                     0  False Path  ck_rst         u_cr/u_walk/qb_reg[31][6]/CE
 671  CDC-1   Critical  1-bit unknown CDC circuitry                     0  False Path  ck_rst         u_cr/u_walk/qb_reg[31][7]/CE
 672  CDC-1   Critical  1-bit unknown CDC circuitry                     0  False Path  ck_rst         u_cr/u_walk/qb_reg[3][0]/CE
 673  CDC-1   Critical  1-bit unknown CDC circuitry                     0  False Path  ck_rst         u_cr/u_walk/qb_reg[3][1]/CE
 674  CDC-1   Critical  1-bit unknown CDC circuitry                     0  False Path  ck_rst         u_cr/u_walk/qb_reg[3][2]/CE
 675  CDC-1   Critical  1-bit unknown CDC circuitry                     0  False Path  ck_rst         u_cr/u_walk/qb_reg[3][3]/CE
 676  CDC-1   Critical  1-bit unknown CDC circuitry                     0  False Path  ck_rst         u_cr/u_walk/qb_reg[3][4]/CE
 677  CDC-1   Critical  1-bit unknown CDC circuitry                     0  False Path  ck_rst         u_cr/u_walk/qb_reg[3][5]/CE
 678  CDC-1   Critical  1-bit unknown CDC circuitry                     0  False Path  ck_rst         u_cr/u_walk/qb_reg[3][6]/CE
 679  CDC-1   Critical  1-bit unknown CDC circuitry                     0  False Path  ck_rst         u_cr/u_walk/qb_reg[3][7]/CE
 680  CDC-1   Critical  1-bit unknown CDC circuitry                     0  False Path  ck_rst         u_cr/u_walk/qb_reg[4][0]/CE
 681  CDC-1   Critical  1-bit unknown CDC circuitry                     0  False Path  ck_rst         u_cr/u_walk/qb_reg[4][1]/CE
 682  CDC-1   Critical  1-bit unknown CDC circuitry                     0  False Path  ck_rst         u_cr/u_walk/qb_reg[4][2]/CE
 683  CDC-1   Critical  1-bit unknown CDC circuitry                     0  False Path  ck_rst         u_cr/u_walk/qb_reg[4][3]/CE
 684  CDC-1   Critical  1-bit unknown CDC circuitry                     0  False Path  ck_rst         u_cr/u_walk/qb_reg[4][4]/CE
 685  CDC-1   Critical  1-bit unknown CDC circuitry                     0  False Path  ck_rst         u_cr/u_walk/qb_reg[4][5]/CE
 686  CDC-1   Critical  1-bit unknown CDC circuitry                     0  False Path  ck_rst         u_cr/u_walk/qb_reg[4][6]/CE
 687  CDC-1   Critical  1-bit unknown CDC circuitry                     0  False Path  ck_rst         u_cr/u_walk/qb_reg[4][7]/CE
 688  CDC-1   Critical  1-bit unknown CDC circuitry                     0  False Path  ck_rst         u_cr/u_walk/qb_reg[5][0]/CE
 689  CDC-1   Critical  1-bit unknown CDC circuitry                     0  False Path  ck_rst         u_cr/u_walk/qb_reg[5][1]/CE
 690  CDC-1   Critical  1-bit unknown CDC circuitry                     0  False Path  ck_rst         u_cr/u_walk/qb_reg[5][2]/CE
 691  CDC-1   Critical  1-bit unknown CDC circuitry                     0  False Path  ck_rst         u_cr/u_walk/qb_reg[5][3]/CE
 692  CDC-1   Critical  1-bit unknown CDC circuitry                     0  False Path  ck_rst         u_cr/u_walk/qb_reg[5][4]/CE
 693  CDC-1   Critical  1-bit unknown CDC circuitry                     0  False Path  ck_rst         u_cr/u_walk/qb_reg[5][5]/CE
 694  CDC-1   Critical  1-bit unknown CDC circuitry                     0  False Path  ck_rst         u_cr/u_walk/qb_reg[5][6]/CE
 695  CDC-1   Critical  1-bit unknown CDC circuitry                     0  False Path  ck_rst         u_cr/u_walk/qb_reg[5][7]/CE
 696  CDC-1   Critical  1-bit unknown CDC circuitry                     0  False Path  ck_rst         u_cr/u_walk/qb_reg[6][0]/CE
 697  CDC-1   Critical  1-bit unknown CDC circuitry                     0  False Path  ck_rst         u_cr/u_walk/qb_reg[6][1]/CE
 698  CDC-1   Critical  1-bit unknown CDC circuitry                     0  False Path  ck_rst         u_cr/u_walk/qb_reg[6][2]/CE
 699  CDC-1   Critical  1-bit unknown CDC circuitry                     0  False Path  ck_rst         u_cr/u_walk/qb_reg[6][3]/CE
 700  CDC-1   Critical  1-bit unknown CDC circuitry                     0  False Path  ck_rst         u_cr/u_walk/qb_reg[6][4]/CE
 701  CDC-1   Critical  1-bit unknown CDC circuitry                     0  False Path  ck_rst         u_cr/u_walk/qb_reg[6][5]/CE
 702  CDC-1   Critical  1-bit unknown CDC circuitry                     0  False Path  ck_rst         u_cr/u_walk/qb_reg[6][6]/CE
 703  CDC-1   Critical  1-bit unknown CDC circuitry                     0  False Path  ck_rst         u_cr/u_walk/qb_reg[6][7]/CE
 704  CDC-1   Critical  1-bit unknown CDC circuitry                     0  False Path  ck_rst         u_cr/u_walk/qb_reg[7][0]/CE
 705  CDC-1   Critical  1-bit unknown CDC circuitry                     0  False Path  ck_rst         u_cr/u_walk/qb_reg[7][1]/CE
 706  CDC-1   Critical  1-bit unknown CDC circuitry                     0  False Path  ck_rst         u_cr/u_walk/qb_reg[7][2]/CE
 707  CDC-1   Critical  1-bit unknown CDC circuitry                     0  False Path  ck_rst         u_cr/u_walk/qb_reg[7][3]/CE
 708  CDC-1   Critical  1-bit unknown CDC circuitry                     0  False Path  ck_rst         u_cr/u_walk/qb_reg[7][4]/CE
 709  CDC-1   Critical  1-bit unknown CDC circuitry                     0  False Path  ck_rst         u_cr/u_walk/qb_reg[7][5]/CE
 710  CDC-1   Critical  1-bit unknown CDC circuitry                     0  False Path  ck_rst         u_cr/u_walk/qb_reg[7][6]/CE
 711  CDC-1   Critical  1-bit unknown CDC circuitry                     0  False Path  ck_rst         u_cr/u_walk/qb_reg[7][7]/CE
 712  CDC-1   Critical  1-bit unknown CDC circuitry                     0  False Path  ck_rst         u_cr/u_walk/qb_reg[8][0]/CE
 713  CDC-1   Critical  1-bit unknown CDC circuitry                     0  False Path  ck_rst         u_cr/u_walk/qb_reg[8][1]/CE
 714  CDC-1   Critical  1-bit unknown CDC circuitry                     0  False Path  ck_rst         u_cr/u_walk/qb_reg[8][2]/CE
 715  CDC-1   Critical  1-bit unknown CDC circuitry                     0  False Path  ck_rst         u_cr/u_walk/qb_reg[8][3]/CE
 716  CDC-1   Critical  1-bit unknown CDC circuitry                     0  False Path  ck_rst         u_cr/u_walk/qb_reg[8][4]/CE
 717  CDC-1   Critical  1-bit unknown CDC circuitry                     0  False Path  ck_rst         u_cr/u_walk/qb_reg[8][5]/CE
 718  CDC-1   Critical  1-bit unknown CDC circuitry                     0  False Path  ck_rst         u_cr/u_walk/qb_reg[8][6]/CE
 719  CDC-1   Critical  1-bit unknown CDC circuitry                     0  False Path  ck_rst         u_cr/u_walk/qb_reg[8][7]/CE
 720  CDC-1   Critical  1-bit unknown CDC circuitry                     0  False Path  ck_rst         u_cr/u_walk/qb_reg[9][0]/CE
 721  CDC-1   Critical  1-bit unknown CDC circuitry                     0  False Path  ck_rst         u_cr/u_walk/qb_reg[9][1]/CE
 722  CDC-1   Critical  1-bit unknown CDC circuitry                     0  False Path  ck_rst         u_cr/u_walk/qb_reg[9][2]/CE
 723  CDC-1   Critical  1-bit unknown CDC circuitry                     0  False Path  ck_rst         u_cr/u_walk/qb_reg[9][3]/CE
 724  CDC-1   Critical  1-bit unknown CDC circuitry                     0  False Path  ck_rst         u_cr/u_walk/qb_reg[9][4]/CE
 725  CDC-1   Critical  1-bit unknown CDC circuitry                     0  False Path  ck_rst         u_cr/u_walk/qb_reg[9][5]/CE
 726  CDC-1   Critical  1-bit unknown CDC circuitry                     0  False Path  ck_rst         u_cr/u_walk/qb_reg[9][6]/CE
 727  CDC-1   Critical  1-bit unknown CDC circuitry                     0  False Path  ck_rst         u_cr/u_walk/qb_reg[9][7]/CE
 728  CDC-7   Critical  Asynchronous reset unknown CDC circuitry        0  False Path  ck_rst         u_cr/u_walk/sid_reg[0]/CLR
 729  CDC-7   Critical  Asynchronous reset unknown CDC circuitry        0  False Path  ck_rst         u_cr/u_walk/sid_reg[1]/CLR
 730  CDC-7   Critical  Asynchronous reset unknown CDC circuitry        0  False Path  ck_rst         u_cr/u_walk/sid_reg[2]/CLR
 731  CDC-7   Critical  Asynchronous reset unknown CDC circuitry        0  False Path  ck_rst         u_cr/u_walk/sid_reg[3]/CLR
 732  CDC-7   Critical  Asynchronous reset unknown CDC circuitry        0  False Path  ck_rst         u_cr/u_walk/sid_reg[4]/CLR
 733  CDC-7   Critical  Asynchronous reset unknown CDC circuitry        0  False Path  ck_rst         u_cr/u_walk/sid_reg[5]/CLR
 734  CDC-7   Critical  Asynchronous reset unknown CDC circuitry        0  False Path  ck_rst         u_cr/u_walk/sid_reg[6]/CLR
 735  CDC-7   Critical  Asynchronous reset unknown CDC circuitry        0  False Path  ck_rst         u_cr/u_walk/sid_reg[7]/CLR
 736  CDC-7   Critical  Asynchronous reset unknown CDC circuitry        0  False Path  ck_rst         u_cr/u_walk/sid_reg[8]/CLR
 737  CDC-7   Critical  Asynchronous reset unknown CDC circuitry        0  False Path  ck_rst         u_cr/u_walk/sid_reg[9]/CLR
 738  CDC-7   Critical  Asynchronous reset unknown CDC circuitry        0  False Path  ck_rst         u_cr/u_walk/sid_reg[10]/CLR
 739  CDC-7   Critical  Asynchronous reset unknown CDC circuitry        0  False Path  ck_rst         u_cr/u_walk/sid_reg[11]/CLR
 740  CDC-7   Critical  Asynchronous reset unknown CDC circuitry        0  False Path  ck_rst         u_cr/u_walk/sid_reg[12]/CLR
 741  CDC-7   Critical  Asynchronous reset unknown CDC circuitry        0  False Path  ck_rst         u_cr/u_walk/sid_reg[13]/CLR
 742  CDC-7   Critical  Asynchronous reset unknown CDC circuitry        0  False Path  ck_rst         u_cr/u_walk/sid_reg[14]/CLR
 743  CDC-7   Critical  Asynchronous reset unknown CDC circuitry        0  False Path  ck_rst         u_cr/u_walk/sid_reg[15]/CLR
 744  CDC-7   Critical  Asynchronous reset unknown CDC circuitry        0  False Path  ck_rst         u_cr/u_walk/sid_reg[16]/CLR
 745  CDC-7   Critical  Asynchronous reset unknown CDC circuitry        0  False Path  ck_rst         u_cr/u_walk/sid_reg[17]/CLR
 746  CDC-7   Critical  Asynchronous reset unknown CDC circuitry        0  False Path  ck_rst         u_cr/u_walk/sid_reg[18]/CLR
 747  CDC-7   Critical  Asynchronous reset unknown CDC circuitry        0  False Path  ck_rst         u_cr/u_walk/sid_reg[19]/CLR
 748  CDC-7   Critical  Asynchronous reset unknown CDC circuitry        0  False Path  ck_rst         u_cr/u_walk/sid_reg[20]/CLR
 749  CDC-7   Critical  Asynchronous reset unknown CDC circuitry        0  False Path  ck_rst         u_cr/u_walk/sid_reg[21]/CLR
 750  CDC-7   Critical  Asynchronous reset unknown CDC circuitry        0  False Path  ck_rst         u_cr/u_walk/sid_reg[22]/CLR
 751  CDC-7   Critical  Asynchronous reset unknown CDC circuitry        0  False Path  ck_rst         u_cr/u_walk/sid_reg[23]/CLR
 752  CDC-7   Critical  Asynchronous reset unknown CDC circuitry        0  False Path  ck_rst         u_cr/u_walk/sid_reg[24]/CLR
 753  CDC-7   Critical  Asynchronous reset unknown CDC circuitry        0  False Path  ck_rst         u_cr/u_walk/sid_reg[25]/CLR
 754  CDC-7   Critical  Asynchronous reset unknown CDC circuitry        0  False Path  ck_rst         u_cr/u_walk/sid_reg[26]/CLR
 755  CDC-7   Critical  Asynchronous reset unknown CDC circuitry        0  False Path  ck_rst         u_cr/u_walk/sid_reg[27]/CLR
 756  CDC-7   Critical  Asynchronous reset unknown CDC circuitry        0  False Path  ck_rst         u_cr/u_walk/sid_reg[28]/CLR
 757  CDC-7   Critical  Asynchronous reset unknown CDC circuitry        0  False Path  ck_rst         u_cr/u_walk/sid_reg[29]/CLR
 758  CDC-7   Critical  Asynchronous reset unknown CDC circuitry        0  False Path  ck_rst         u_cr/u_walk/sid_reg[30]/CLR
 759  CDC-7   Critical  Asynchronous reset unknown CDC circuitry        0  False Path  ck_rst         u_cr/u_walk/sid_reg[31]/CLR
 760  CDC-7   Critical  Asynchronous reset unknown CDC circuitry        0  False Path  ck_rst         u_cr/u_walk/u_walk/FSM_sequential_state_reg[0]/CLR
 761  CDC-7   Critical  Asynchronous reset unknown CDC circuitry        0  False Path  ck_rst         u_cr/u_walk/u_walk/FSM_sequential_state_reg[1]/CLR
 762  CDC-1   Critical  1-bit unknown CDC circuitry                     0  False Path  ck_rst         u_cr/u_walk/u_walk/budget_reg[0]/CE
 763  CDC-1   Critical  1-bit unknown CDC circuitry                     0  False Path  ck_rst         u_cr/u_walk/u_walk/budget_reg[1]/CE
 764  CDC-1   Critical  1-bit unknown CDC circuitry                     0  False Path  ck_rst         u_cr/u_walk/u_walk/budget_reg[2]/CE
 765  CDC-1   Critical  1-bit unknown CDC circuitry                     0  False Path  ck_rst         u_cr/u_walk/u_walk/budget_reg[3]/CE
 766  CDC-1   Critical  1-bit unknown CDC circuitry                     0  False Path  ck_rst         u_cr/u_walk/u_walk/cur_reg[0]/CE
 767  CDC-1   Critical  1-bit unknown CDC circuitry                     0  False Path  ck_rst         u_cr/u_walk/u_walk/cur_reg[1]/CE
 768  CDC-1   Critical  1-bit unknown CDC circuitry                     0  False Path  ck_rst         u_cr/u_walk/u_walk/cur_reg[2]/CE
 769  CDC-1   Critical  1-bit unknown CDC circuitry                     0  False Path  ck_rst         u_cr/u_walk/u_walk/cur_reg[3]/CE
 770  CDC-1   Critical  1-bit unknown CDC circuitry                     0  False Path  ck_rst         u_cr/u_walk/u_walk/cur_reg[4]/CE
 771  CDC-1   Critical  1-bit unknown CDC circuitry                     0  False Path  ck_rst         u_cr/u_walk/u_walk/cur_reg[5]/CE
 772  CDC-1   Critical  1-bit unknown CDC circuitry                     0  False Path  ck_rst         u_cr/u_walk/u_walk/cur_reg[6]/CE
 773  CDC-1   Critical  1-bit unknown CDC circuitry                     0  False Path  ck_rst         u_cr/u_walk/u_walk/cur_reg[7]/CE
 774  CDC-1   Critical  1-bit unknown CDC circuitry                     0  False Path  ck_rst         u_cr/u_walk/u_walk/cur_reg[8]/CE
 775  CDC-1   Critical  1-bit unknown CDC circuitry                     0  False Path  ck_rst         u_cr/u_walk/u_walk/cur_reg[9]/CE
 776  CDC-1   Critical  1-bit unknown CDC circuitry                     0  False Path  ck_rst         u_cr/u_walk/u_walk/cur_reg[10]/CE
 777  CDC-1   Critical  1-bit unknown CDC circuitry                     0  False Path  ck_rst         u_cr/u_walk/u_walk/cur_reg[11]/CE
 778  CDC-1   Critical  1-bit unknown CDC circuitry                     0  False Path  ck_rst         u_cr/u_walk/u_walk/cur_reg[12]/CE
 779  CDC-1   Critical  1-bit unknown CDC circuitry                     0  False Path  ck_rst         u_cr/u_walk/u_walk/cur_reg[13]/CE
 780  CDC-1   Critical  1-bit unknown CDC circuitry                     0  False Path  ck_rst         u_cr/u_walk/u_walk/cur_reg[14]/CE
 781  CDC-1   Critical  1-bit unknown CDC circuitry                     0  False Path  ck_rst         u_cr/u_walk/u_walk/cur_reg[15]/CE
 782  CDC-1   Critical  1-bit unknown CDC circuitry                     0  False Path  ck_rst         u_cr/u_walk/u_walk/cur_reg[16]/CE
 783  CDC-1   Critical  1-bit unknown CDC circuitry                     0  False Path  ck_rst         u_cr/u_walk/u_walk/cur_reg[17]/CE
 784  CDC-1   Critical  1-bit unknown CDC circuitry                     0  False Path  ck_rst         u_cr/u_walk/u_walk/cur_reg[18]/CE
 785  CDC-1   Critical  1-bit unknown CDC circuitry                     0  False Path  ck_rst         u_cr/u_walk/u_walk/cur_reg[19]/CE
 786  CDC-1   Critical  1-bit unknown CDC circuitry                     0  False Path  ck_rst         u_cr/u_walk/u_walk/cur_reg[20]/CE
 787  CDC-1   Critical  1-bit unknown CDC circuitry                     0  False Path  ck_rst         u_cr/u_walk/u_walk/cur_reg[21]/CE
 788  CDC-1   Critical  1-bit unknown CDC circuitry                     0  False Path  ck_rst         u_cr/u_walk/u_walk/cur_reg[22]/CE
 789  CDC-1   Critical  1-bit unknown CDC circuitry                     0  False Path  ck_rst         u_cr/u_walk/u_walk/cur_reg[23]/CE
 790  CDC-1   Critical  1-bit unknown CDC circuitry                     0  False Path  ck_rst         u_cr/u_walk/u_walk/cur_reg[24]/CE
 791  CDC-1   Critical  1-bit unknown CDC circuitry                     0  False Path  ck_rst         u_cr/u_walk/u_walk/cur_reg[25]/CE
 792  CDC-1   Critical  1-bit unknown CDC circuitry                     0  False Path  ck_rst         u_cr/u_walk/u_walk/cur_reg[26]/CE
 793  CDC-1   Critical  1-bit unknown CDC circuitry                     0  False Path  ck_rst         u_cr/u_walk/u_walk/cur_reg[27]/CE
 794  CDC-1   Critical  1-bit unknown CDC circuitry                     0  False Path  ck_rst         u_cr/u_walk/u_walk/cur_reg[28]/CE
 795  CDC-1   Critical  1-bit unknown CDC circuitry                     0  False Path  ck_rst         u_cr/u_walk/u_walk/cur_reg[29]/CE
 796  CDC-1   Critical  1-bit unknown CDC circuitry                     0  False Path  ck_rst         u_cr/u_walk/u_walk/cur_reg[30]/CE
 797  CDC-1   Critical  1-bit unknown CDC circuitry                     0  False Path  ck_rst         u_cr/u_walk/u_walk/cur_reg[31]/CE
 798  CDC-1   Critical  1-bit unknown CDC circuitry                     0  False Path  ck_rst         u_cr/u_walk/u_walk/rev_r_reg/CE
 799  CDC-7   Critical  Asynchronous reset unknown CDC circuitry        0  False Path  ck_rst         u_cr/u_walk/u_walk/taken_reg[0]/CLR
 800  CDC-7   Critical  Asynchronous reset unknown CDC circuitry        0  False Path  ck_rst         u_cr/u_walk/u_walk/taken_reg[1]/CLR
 801  CDC-7   Critical  Asynchronous reset unknown CDC circuitry        0  False Path  ck_rst         u_cr/u_walk/u_walk/taken_reg[2]/CLR
 802  CDC-7   Critical  Asynchronous reset unknown CDC circuitry        0  False Path  ck_rst         u_cr/u_walk/u_walk/taken_reg[3]/CLR
 803  CDC-7   Critical  Asynchronous reset unknown CDC circuitry        0  False Path  ck_rst         u_cr/u_walk/u_walk/w_req_reg/CLR
 804  CDC-7   Critical  Asynchronous reset unknown CDC circuitry        0  False Path  ck_rst         u_cr/u_walk/u_walk/walk/cnt_reg[0]/CLR
 805  CDC-7   Critical  Asynchronous reset unknown CDC circuitry        0  False Path  ck_rst         u_cr/u_walk/u_walk/walk/cnt_reg[1]/CLR
 806  CDC-7   Critical  Asynchronous reset unknown CDC circuitry        0  False Path  ck_rst         u_cr/u_walk/u_walk/walk/cnt_reg[2]/CLR
 807  CDC-7   Critical  Asynchronous reset unknown CDC circuitry        0  False Path  ck_rst         u_cr/u_walk/u_walk/walk/cnt_reg[3]/CLR
 808  CDC-7   Critical  Asynchronous reset unknown CDC circuitry        0  False Path  ck_rst         u_cr/u_walk/u_walk/walk/cnt_reg[4]/CLR
 809  CDC-7   Critical  Asynchronous reset unknown CDC circuitry        0  False Path  ck_rst         u_cr/u_walk/u_walk/walk/cnt_reg[5]/CLR
 810  CDC-7   Critical  Asynchronous reset unknown CDC circuitry        0  False Path  ck_rst         u_cr/u_walk/u_walk/walk/cnt_reg[6]/CLR
 811  CDC-7   Critical  Asynchronous reset unknown CDC circuitry        0  False Path  ck_rst         u_cr/u_walk/u_walk/walk/cnt_reg[7]/CLR
 812  CDC-7   Critical  Asynchronous reset unknown CDC circuitry        0  False Path  ck_rst         u_cr/u_walk/u_walk/walk/cnt_reg[8]/CLR
 813  CDC-7   Critical  Asynchronous reset unknown CDC circuitry        0  False Path  ck_rst         u_cr/u_walk/u_walk/walk/cnt_reg[9]/CLR
 814  CDC-7   Critical  Asynchronous reset unknown CDC circuitry        0  False Path  ck_rst         u_cr/u_walk/u_walk/walk/cnt_reg[10]/CLR
 815  CDC-7   Critical  Asynchronous reset unknown CDC circuitry        0  False Path  ck_rst         u_cr/u_walk/u_walk/walk/cnt_reg[11]/CLR
 816  CDC-7   Critical  Asynchronous reset unknown CDC circuitry        0  False Path  ck_rst         u_cr/u_walk/u_walk/walk/cnt_reg[12]/CLR
 817  CDC-7   Critical  Asynchronous reset unknown CDC circuitry        0  False Path  ck_rst         u_cr/u_walk/u_walk/walk/cnt_reg[13]/CLR
 818  CDC-7   Critical  Asynchronous reset unknown CDC circuitry        0  False Path  ck_rst         u_cr/u_walk/u_walk/walk/cnt_reg[14]/CLR
 819  CDC-7   Critical  Asynchronous reset unknown CDC circuitry        0  False Path  ck_rst         u_cr/u_walk/u_walk/walk/cnt_reg[15]/CLR
 820  CDC-7   Critical  Asynchronous reset unknown CDC circuitry        0  False Path  ck_rst         u_cr/u_walk/u_walk/walk/d_req_reg/CLR
 821  CDC-7   Critical  Asynchronous reset unknown CDC circuitry        0  False Path  ck_rst         u_cr/u_walk/u_walk/walk/dir/FSM_onehot_state_reg[0]/PRE
 822  CDC-7   Critical  Asynchronous reset unknown CDC circuitry        0  False Path  ck_rst         u_cr/u_walk/u_walk/walk/dir/FSM_onehot_state_reg[1]/CLR
 823  CDC-7   Critical  Asynchronous reset unknown CDC circuitry        0  False Path  ck_rst         u_cr/u_walk/u_walk/walk/dir/FSM_onehot_state_reg[3]/CLR
 824  CDC-7   Critical  Asynchronous reset unknown CDC circuitry        0  False Path  ck_rst         u_cr/u_walk/u_walk/walk/dir/found_reg/CLR
 825  CDC-7   Critical  Asynchronous reset unknown CDC circuitry        0  False Path  ck_rst         u_cr/u_walk/u_walk/walk/dir/fptr_reg[0]/CLR
 826  CDC-7   Critical  Asynchronous reset unknown CDC circuitry        0  False Path  ck_rst         u_cr/u_walk/u_walk/walk/dir/fptr_reg[1]/CLR
 827  CDC-7   Critical  Asynchronous reset unknown CDC circuitry        0  False Path  ck_rst         u_cr/u_walk/u_walk/walk/dir/fptr_reg[2]/CLR
 828  CDC-7   Critical  Asynchronous reset unknown CDC circuitry        0  False Path  ck_rst         u_cr/u_walk/u_walk/walk/dir/fptr_reg[3]/CLR
 829  CDC-7   Critical  Asynchronous reset unknown CDC circuitry        0  False Path  ck_rst         u_cr/u_walk/u_walk/walk/dir/fptr_reg[4]/CLR
 830  CDC-7   Critical  Asynchronous reset unknown CDC circuitry        0  False Path  ck_rst         u_cr/u_walk/u_walk/walk/dir/fptr_reg[5]/CLR
 831  CDC-7   Critical  Asynchronous reset unknown CDC circuitry        0  False Path  ck_rst         u_cr/u_walk/u_walk/walk/dir/fptr_reg[6]/CLR
 832  CDC-7   Critical  Asynchronous reset unknown CDC circuitry        0  False Path  ck_rst         u_cr/u_walk/u_walk/walk/dir/fptr_reg[7]/CLR
 833  CDC-7   Critical  Asynchronous reset unknown CDC circuitry        0  False Path  ck_rst         u_cr/u_walk/u_walk/walk/dir/fptr_reg[8]/CLR
 834  CDC-7   Critical  Asynchronous reset unknown CDC circuitry        0  False Path  ck_rst         u_cr/u_walk/u_walk/walk/dir/fptr_reg[9]/CLR
 835  CDC-7   Critical  Asynchronous reset unknown CDC circuitry        0  False Path  ck_rst         u_cr/u_walk/u_walk/walk/dir/fptr_reg[10]/CLR
 836  CDC-7   Critical  Asynchronous reset unknown CDC circuitry        0  False Path  ck_rst         u_cr/u_walk/u_walk/walk/dir/fptr_reg[11]/CLR
 837  CDC-7   Critical  Asynchronous reset unknown CDC circuitry        0  False Path  ck_rst         u_cr/u_walk/u_walk/walk/dir/fptr_reg[12]/CLR
 838  CDC-7   Critical  Asynchronous reset unknown CDC circuitry        0  False Path  ck_rst         u_cr/u_walk/u_walk/walk/dir/fptr_reg[13]/CLR
 839  CDC-7   Critical  Asynchronous reset unknown CDC circuitry        0  False Path  ck_rst         u_cr/u_walk/u_walk/walk/dir/fptr_reg[14]/CLR
 840  CDC-7   Critical  Asynchronous reset unknown CDC circuitry        0  False Path  ck_rst         u_cr/u_walk/u_walk/walk/dir/fptr_reg[15]/CLR
 841  CDC-7   Critical  Asynchronous reset unknown CDC circuitry        0  False Path  ck_rst         u_cr/u_walk/u_walk/walk/dir/fptr_reg[16]/CLR
 842  CDC-7   Critical  Asynchronous reset unknown CDC circuitry        0  False Path  ck_rst         u_cr/u_walk/u_walk/walk/dir/fptr_reg[17]/CLR
 843  CDC-7   Critical  Asynchronous reset unknown CDC circuitry        0  False Path  ck_rst         u_cr/u_walk/u_walk/walk/dir/fptr_reg[18]/CLR
 844  CDC-7   Critical  Asynchronous reset unknown CDC circuitry        0  False Path  ck_rst         u_cr/u_walk/u_walk/walk/dir/fptr_reg[19]/CLR
 845  CDC-7   Critical  Asynchronous reset unknown CDC circuitry        0  False Path  ck_rst         u_cr/u_walk/u_walk/walk/dir/fptr_reg[20]/CLR
 846  CDC-7   Critical  Asynchronous reset unknown CDC circuitry        0  False Path  ck_rst         u_cr/u_walk/u_walk/walk/dir/fptr_reg[21]/CLR
 847  CDC-7   Critical  Asynchronous reset unknown CDC circuitry        0  False Path  ck_rst         u_cr/u_walk/u_walk/walk/dir/fptr_reg[22]/CLR
 848  CDC-7   Critical  Asynchronous reset unknown CDC circuitry        0  False Path  ck_rst         u_cr/u_walk/u_walk/walk/dir/fptr_reg[23]/CLR
 849  CDC-7   Critical  Asynchronous reset unknown CDC circuitry        0  False Path  ck_rst         u_cr/u_walk/u_walk/walk/dir/fptr_reg[24]/CLR
 850  CDC-7   Critical  Asynchronous reset unknown CDC circuitry        0  False Path  ck_rst         u_cr/u_walk/u_walk/walk/dir/fptr_reg[25]/CLR
 851  CDC-7   Critical  Asynchronous reset unknown CDC circuitry        0  False Path  ck_rst         u_cr/u_walk/u_walk/walk/dir/fptr_reg[26]/CLR
 852  CDC-7   Critical  Asynchronous reset unknown CDC circuitry        0  False Path  ck_rst         u_cr/u_walk/u_walk/walk/dir/fptr_reg[27]/CLR
 853  CDC-7   Critical  Asynchronous reset unknown CDC circuitry        0  False Path  ck_rst         u_cr/u_walk/u_walk/walk/dir/fptr_reg[28]/CLR
 854  CDC-7   Critical  Asynchronous reset unknown CDC circuitry        0  False Path  ck_rst         u_cr/u_walk/u_walk/walk/dir/fptr_reg[29]/CLR
 855  CDC-7   Critical  Asynchronous reset unknown CDC circuitry        0  False Path  ck_rst         u_cr/u_walk/u_walk/walk/dir/fptr_reg[30]/CLR
 856  CDC-7   Critical  Asynchronous reset unknown CDC circuitry        0  False Path  ck_rst         u_cr/u_walk/u_walk/walk/dir/fptr_reg[31]/CLR
 857  CDC-7   Critical  Asynchronous reset unknown CDC circuitry        0  False Path  ck_rst         u_cr/u_walk/u_walk/walk/dir/idx_reg_rep[0]/CLR
 858  CDC-7   Critical  Asynchronous reset unknown CDC circuitry        0  False Path  ck_rst         u_cr/u_walk/u_walk/walk/dir/idx_reg_rep[1]/CLR
 859  CDC-7   Critical  Asynchronous reset unknown CDC circuitry        0  False Path  ck_rst         u_cr/u_walk/u_walk/walk/dir/idx_reg_rep[2]/CLR
 860  CDC-7   Critical  Asynchronous reset unknown CDC circuitry        0  False Path  ck_rst         u_cr/u_walk/u_walk/walk/dir/idx_reg_rep[3]/CLR
 861  CDC-7   Critical  Asynchronous reset unknown CDC circuitry        0  False Path  ck_rst         u_cr/u_walk/u_walk/walk/dir/idx_reg_rep[4]/CLR
 862  CDC-7   Critical  Asynchronous reset unknown CDC circuitry        0  False Path  ck_rst         u_cr/u_walk/u_walk/walk/dir/idx_reg_rep[5]/CLR
 863  CDC-7   Critical  Asynchronous reset unknown CDC circuitry        0  False Path  ck_rst         u_cr/u_walk/u_walk/walk/dir/idx_reg_rep[6]/CLR
 864  CDC-7   Critical  Asynchronous reset unknown CDC circuitry        0  False Path  ck_rst         u_cr/u_walk/u_walk/walk/dir/idx_reg_rep[7]/CLR
 865  CDC-7   Critical  Asynchronous reset unknown CDC circuitry        0  False Path  ck_rst         u_cr/u_walk/u_walk/walk/dir/oop_reg/CLR
 866  CDC-7   Critical  Asynchronous reset unknown CDC circuitry        0  False Path  ck_rst         u_cr/u_walk/u_walk/walk/dir/rptr_reg[0]/CLR
 867  CDC-7   Critical  Asynchronous reset unknown CDC circuitry        0  False Path  ck_rst         u_cr/u_walk/u_walk/walk/dir/rptr_reg[1]/CLR
 868  CDC-7   Critical  Asynchronous reset unknown CDC circuitry        0  False Path  ck_rst         u_cr/u_walk/u_walk/walk/dir/rptr_reg[2]/CLR
 869  CDC-7   Critical  Asynchronous reset unknown CDC circuitry        0  False Path  ck_rst         u_cr/u_walk/u_walk/walk/dir/rptr_reg[3]/CLR
 870  CDC-7   Critical  Asynchronous reset unknown CDC circuitry        0  False Path  ck_rst         u_cr/u_walk/u_walk/walk/dir/rptr_reg[4]/CLR
 871  CDC-7   Critical  Asynchronous reset unknown CDC circuitry        0  False Path  ck_rst         u_cr/u_walk/u_walk/walk/dir/rptr_reg[5]/CLR
 872  CDC-7   Critical  Asynchronous reset unknown CDC circuitry        0  False Path  ck_rst         u_cr/u_walk/u_walk/walk/dir/rptr_reg[6]/CLR
 873  CDC-7   Critical  Asynchronous reset unknown CDC circuitry        0  False Path  ck_rst         u_cr/u_walk/u_walk/walk/dir/rptr_reg[7]/CLR
 874  CDC-7   Critical  Asynchronous reset unknown CDC circuitry        0  False Path  ck_rst         u_cr/u_walk/u_walk/walk/dir/rptr_reg[8]/CLR
 875  CDC-7   Critical  Asynchronous reset unknown CDC circuitry        0  False Path  ck_rst         u_cr/u_walk/u_walk/walk/dir/rptr_reg[9]/CLR
 876  CDC-7   Critical  Asynchronous reset unknown CDC circuitry        0  False Path  ck_rst         u_cr/u_walk/u_walk/walk/dir/rptr_reg[10]/CLR
 877  CDC-7   Critical  Asynchronous reset unknown CDC circuitry        0  False Path  ck_rst         u_cr/u_walk/u_walk/walk/dir/rptr_reg[11]/CLR
 878  CDC-7   Critical  Asynchronous reset unknown CDC circuitry        0  False Path  ck_rst         u_cr/u_walk/u_walk/walk/dir/rptr_reg[12]/CLR
 879  CDC-7   Critical  Asynchronous reset unknown CDC circuitry        0  False Path  ck_rst         u_cr/u_walk/u_walk/walk/dir/rptr_reg[13]/CLR
 880  CDC-7   Critical  Asynchronous reset unknown CDC circuitry        0  False Path  ck_rst         u_cr/u_walk/u_walk/walk/dir/rptr_reg[14]/CLR
 881  CDC-7   Critical  Asynchronous reset unknown CDC circuitry        0  False Path  ck_rst         u_cr/u_walk/u_walk/walk/dir/rptr_reg[15]/CLR
 882  CDC-7   Critical  Asynchronous reset unknown CDC circuitry        0  False Path  ck_rst         u_cr/u_walk/u_walk/walk/dir/rptr_reg[16]/CLR
 883  CDC-7   Critical  Asynchronous reset unknown CDC circuitry        0  False Path  ck_rst         u_cr/u_walk/u_walk/walk/dir/rptr_reg[17]/CLR
 884  CDC-7   Critical  Asynchronous reset unknown CDC circuitry        0  False Path  ck_rst         u_cr/u_walk/u_walk/walk/dir/rptr_reg[18]/CLR
 885  CDC-7   Critical  Asynchronous reset unknown CDC circuitry        0  False Path  ck_rst         u_cr/u_walk/u_walk/walk/dir/rptr_reg[19]/CLR
 886  CDC-7   Critical  Asynchronous reset unknown CDC circuitry        0  False Path  ck_rst         u_cr/u_walk/u_walk/walk/dir/rptr_reg[20]/CLR
 887  CDC-7   Critical  Asynchronous reset unknown CDC circuitry        0  False Path  ck_rst         u_cr/u_walk/u_walk/walk/dir/rptr_reg[21]/CLR
 888  CDC-7   Critical  Asynchronous reset unknown CDC circuitry        0  False Path  ck_rst         u_cr/u_walk/u_walk/walk/dir/rptr_reg[22]/CLR
 889  CDC-7   Critical  Asynchronous reset unknown CDC circuitry        0  False Path  ck_rst         u_cr/u_walk/u_walk/walk/dir/rptr_reg[23]/CLR
 890  CDC-7   Critical  Asynchronous reset unknown CDC circuitry        0  False Path  ck_rst         u_cr/u_walk/u_walk/walk/dir/rptr_reg[24]/CLR
 891  CDC-7   Critical  Asynchronous reset unknown CDC circuitry        0  False Path  ck_rst         u_cr/u_walk/u_walk/walk/dir/rptr_reg[25]/CLR
 892  CDC-7   Critical  Asynchronous reset unknown CDC circuitry        0  False Path  ck_rst         u_cr/u_walk/u_walk/walk/dir/rptr_reg[26]/CLR
 893  CDC-7   Critical  Asynchronous reset unknown CDC circuitry        0  False Path  ck_rst         u_cr/u_walk/u_walk/walk/dir/rptr_reg[27]/CLR
 894  CDC-7   Critical  Asynchronous reset unknown CDC circuitry        0  False Path  ck_rst         u_cr/u_walk/u_walk/walk/dir/rptr_reg[28]/CLR
 895  CDC-7   Critical  Asynchronous reset unknown CDC circuitry        0  False Path  ck_rst         u_cr/u_walk/u_walk/walk/dir/rptr_reg[29]/CLR
 896  CDC-7   Critical  Asynchronous reset unknown CDC circuitry        0  False Path  ck_rst         u_cr/u_walk/u_walk/walk/dir/rptr_reg[30]/CLR
 897  CDC-7   Critical  Asynchronous reset unknown CDC circuitry        0  False Path  ck_rst         u_cr/u_walk/u_walk/walk/dir/rptr_reg[31]/CLR
 898  CDC-1   Critical  1-bit unknown CDC circuitry                     0  False Path  ck_rst         u_cr/u_walk/u_walk/walk/dir/sid_reg[0]/CE
 899  CDC-1   Critical  1-bit unknown CDC circuitry                     0  False Path  ck_rst         u_cr/u_walk/u_walk/walk/dir/sid_reg[1]/CE
 900  CDC-1   Critical  1-bit unknown CDC circuitry                     0  False Path  ck_rst         u_cr/u_walk/u_walk/walk/dir/sid_reg[2]/CE
 901  CDC-1   Critical  1-bit unknown CDC circuitry                     0  False Path  ck_rst         u_cr/u_walk/u_walk/walk/dir/sid_reg[3]/CE
 902  CDC-1   Critical  1-bit unknown CDC circuitry                     0  False Path  ck_rst         u_cr/u_walk/u_walk/walk/dir/sid_reg[4]/CE
 903  CDC-1   Critical  1-bit unknown CDC circuitry                     0  False Path  ck_rst         u_cr/u_walk/u_walk/walk/dir/sid_reg[5]/CE
 904  CDC-1   Critical  1-bit unknown CDC circuitry                     0  False Path  ck_rst         u_cr/u_walk/u_walk/walk/dir/sid_reg[6]/CE
 905  CDC-1   Critical  1-bit unknown CDC circuitry                     0  False Path  ck_rst         u_cr/u_walk/u_walk/walk/dir/sid_reg[7]/CE
 906  CDC-1   Critical  1-bit unknown CDC circuitry                     0  False Path  ck_rst         u_cr/u_walk/u_walk/walk/dir/sid_reg[8]/CE
 907  CDC-1   Critical  1-bit unknown CDC circuitry                     0  False Path  ck_rst         u_cr/u_walk/u_walk/walk/dir/sid_reg[9]/CE
 908  CDC-1   Critical  1-bit unknown CDC circuitry                     0  False Path  ck_rst         u_cr/u_walk/u_walk/walk/dir/sid_reg[10]/CE
 909  CDC-1   Critical  1-bit unknown CDC circuitry                     0  False Path  ck_rst         u_cr/u_walk/u_walk/walk/dir/sid_reg[11]/CE
 910  CDC-1   Critical  1-bit unknown CDC circuitry                     0  False Path  ck_rst         u_cr/u_walk/u_walk/walk/dir/sid_reg[12]/CE
 911  CDC-1   Critical  1-bit unknown CDC circuitry                     0  False Path  ck_rst         u_cr/u_walk/u_walk/walk/dir/sid_reg[13]/CE
 912  CDC-1   Critical  1-bit unknown CDC circuitry                     0  False Path  ck_rst         u_cr/u_walk/u_walk/walk/dir/sid_reg[14]/CE
 913  CDC-1   Critical  1-bit unknown CDC circuitry                     0  False Path  ck_rst         u_cr/u_walk/u_walk/walk/dir/sid_reg[15]/CE
 914  CDC-1   Critical  1-bit unknown CDC circuitry                     0  False Path  ck_rst         u_cr/u_walk/u_walk/walk/dir/sid_reg[16]/CE
 915  CDC-1   Critical  1-bit unknown CDC circuitry                     0  False Path  ck_rst         u_cr/u_walk/u_walk/walk/dir/sid_reg[17]/CE
 916  CDC-1   Critical  1-bit unknown CDC circuitry                     0  False Path  ck_rst         u_cr/u_walk/u_walk/walk/dir/sid_reg[18]/CE
 917  CDC-1   Critical  1-bit unknown CDC circuitry                     0  False Path  ck_rst         u_cr/u_walk/u_walk/walk/dir/sid_reg[19]/CE
 918  CDC-1   Critical  1-bit unknown CDC circuitry                     0  False Path  ck_rst         u_cr/u_walk/u_walk/walk/dir/sid_reg[20]/CE
 919  CDC-1   Critical  1-bit unknown CDC circuitry                     0  False Path  ck_rst         u_cr/u_walk/u_walk/walk/dir/sid_reg[21]/CE
 920  CDC-1   Critical  1-bit unknown CDC circuitry                     0  False Path  ck_rst         u_cr/u_walk/u_walk/walk/dir/sid_reg[22]/CE
 921  CDC-1   Critical  1-bit unknown CDC circuitry                     0  False Path  ck_rst         u_cr/u_walk/u_walk/walk/dir/sid_reg[23]/CE
 922  CDC-1   Critical  1-bit unknown CDC circuitry                     0  False Path  ck_rst         u_cr/u_walk/u_walk/walk/dir/sid_reg[24]/CE
 923  CDC-1   Critical  1-bit unknown CDC circuitry                     0  False Path  ck_rst         u_cr/u_walk/u_walk/walk/dir/sid_reg[25]/CE
 924  CDC-1   Critical  1-bit unknown CDC circuitry                     0  False Path  ck_rst         u_cr/u_walk/u_walk/walk/dir/sid_reg[26]/CE
 925  CDC-1   Critical  1-bit unknown CDC circuitry                     0  False Path  ck_rst         u_cr/u_walk/u_walk/walk/dir/sid_reg[27]/CE
 926  CDC-1   Critical  1-bit unknown CDC circuitry                     0  False Path  ck_rst         u_cr/u_walk/u_walk/walk/dir/sid_reg[28]/CE
 927  CDC-1   Critical  1-bit unknown CDC circuitry                     0  False Path  ck_rst         u_cr/u_walk/u_walk/walk/dir/sid_reg[29]/CE
 928  CDC-1   Critical  1-bit unknown CDC circuitry                     0  False Path  ck_rst         u_cr/u_walk/u_walk/walk/dir/sid_reg[30]/CE
 929  CDC-1   Critical  1-bit unknown CDC circuitry                     0  False Path  ck_rst         u_cr/u_walk/u_walk/walk/dir/sid_reg[31]/CE
 930  CDC-7   Critical  Asynchronous reset unknown CDC circuitry        0  False Path  ck_rst         u_cr/u_walk/u_walk/walk/found_reg/CLR
 931  CDC-7   Critical  Asynchronous reset unknown CDC circuitry        0  False Path  ck_rst         u_cr/u_walk/u_walk/walk/mism_reg/CLR
 932  CDC-7   Critical  Asynchronous reset unknown CDC circuitry        0  False Path  ck_rst         u_cr/u_walk/u_walk/walk/nb0_reg[0]/CLR
 933  CDC-7   Critical  Asynchronous reset unknown CDC circuitry        0  False Path  ck_rst         u_cr/u_walk/u_walk/walk/nb0_reg[1]/CLR
 934  CDC-7   Critical  Asynchronous reset unknown CDC circuitry        0  False Path  ck_rst         u_cr/u_walk/u_walk/walk/nb0_reg[2]/CLR
 935  CDC-7   Critical  Asynchronous reset unknown CDC circuitry        0  False Path  ck_rst         u_cr/u_walk/u_walk/walk/nb0_reg[3]/CLR
 936  CDC-7   Critical  Asynchronous reset unknown CDC circuitry        0  False Path  ck_rst         u_cr/u_walk/u_walk/walk/nb0_reg[4]/CLR
 937  CDC-7   Critical  Asynchronous reset unknown CDC circuitry        0  False Path  ck_rst         u_cr/u_walk/u_walk/walk/nb0_reg[5]/CLR
 938  CDC-7   Critical  Asynchronous reset unknown CDC circuitry        0  False Path  ck_rst         u_cr/u_walk/u_walk/walk/nb0_reg[6]/CLR
 939  CDC-7   Critical  Asynchronous reset unknown CDC circuitry        0  False Path  ck_rst         u_cr/u_walk/u_walk/walk/nb0_reg[7]/CLR
 940  CDC-7   Critical  Asynchronous reset unknown CDC circuitry        0  False Path  ck_rst         u_cr/u_walk/u_walk/walk/nb0_reg[8]/CLR
 941  CDC-7   Critical  Asynchronous reset unknown CDC circuitry        0  False Path  ck_rst         u_cr/u_walk/u_walk/walk/nb0_reg[9]/CLR
 942  CDC-7   Critical  Asynchronous reset unknown CDC circuitry        0  False Path  ck_rst         u_cr/u_walk/u_walk/walk/nb0_reg[10]/CLR
 943  CDC-7   Critical  Asynchronous reset unknown CDC circuitry        0  False Path  ck_rst         u_cr/u_walk/u_walk/walk/nb0_reg[11]/CLR
 944  CDC-7   Critical  Asynchronous reset unknown CDC circuitry        0  False Path  ck_rst         u_cr/u_walk/u_walk/walk/nb0_reg[12]/CLR
 945  CDC-7   Critical  Asynchronous reset unknown CDC circuitry        0  False Path  ck_rst         u_cr/u_walk/u_walk/walk/nb0_reg[13]/CLR
 946  CDC-7   Critical  Asynchronous reset unknown CDC circuitry        0  False Path  ck_rst         u_cr/u_walk/u_walk/walk/nb0_reg[14]/CLR
 947  CDC-7   Critical  Asynchronous reset unknown CDC circuitry        0  False Path  ck_rst         u_cr/u_walk/u_walk/walk/nb0_reg[15]/CLR
 948  CDC-7   Critical  Asynchronous reset unknown CDC circuitry        0  False Path  ck_rst         u_cr/u_walk/u_walk/walk/nb0_reg[16]/CLR
 949  CDC-7   Critical  Asynchronous reset unknown CDC circuitry        0  False Path  ck_rst         u_cr/u_walk/u_walk/walk/nb0_reg[17]/CLR
 950  CDC-7   Critical  Asynchronous reset unknown CDC circuitry        0  False Path  ck_rst         u_cr/u_walk/u_walk/walk/nb0_reg[18]/CLR
 951  CDC-7   Critical  Asynchronous reset unknown CDC circuitry        0  False Path  ck_rst         u_cr/u_walk/u_walk/walk/nb0_reg[19]/CLR
 952  CDC-7   Critical  Asynchronous reset unknown CDC circuitry        0  False Path  ck_rst         u_cr/u_walk/u_walk/walk/nb0_reg[20]/CLR
 953  CDC-7   Critical  Asynchronous reset unknown CDC circuitry        0  False Path  ck_rst         u_cr/u_walk/u_walk/walk/nb0_reg[21]/CLR
 954  CDC-7   Critical  Asynchronous reset unknown CDC circuitry        0  False Path  ck_rst         u_cr/u_walk/u_walk/walk/nb0_reg[22]/CLR
 955  CDC-7   Critical  Asynchronous reset unknown CDC circuitry        0  False Path  ck_rst         u_cr/u_walk/u_walk/walk/nb0_reg[23]/CLR
 956  CDC-7   Critical  Asynchronous reset unknown CDC circuitry        0  False Path  ck_rst         u_cr/u_walk/u_walk/walk/nb0_reg[24]/CLR
 957  CDC-7   Critical  Asynchronous reset unknown CDC circuitry        0  False Path  ck_rst         u_cr/u_walk/u_walk/walk/nb0_reg[25]/CLR
 958  CDC-7   Critical  Asynchronous reset unknown CDC circuitry        0  False Path  ck_rst         u_cr/u_walk/u_walk/walk/nb0_reg[26]/CLR
 959  CDC-7   Critical  Asynchronous reset unknown CDC circuitry        0  False Path  ck_rst         u_cr/u_walk/u_walk/walk/nb0_reg[27]/CLR
 960  CDC-7   Critical  Asynchronous reset unknown CDC circuitry        0  False Path  ck_rst         u_cr/u_walk/u_walk/walk/nb0_reg[28]/CLR
 961  CDC-7   Critical  Asynchronous reset unknown CDC circuitry        0  False Path  ck_rst         u_cr/u_walk/u_walk/walk/nb0_reg[29]/CLR
 962  CDC-7   Critical  Asynchronous reset unknown CDC circuitry        0  False Path  ck_rst         u_cr/u_walk/u_walk/walk/nb0_reg[30]/CLR
 963  CDC-7   Critical  Asynchronous reset unknown CDC circuitry        0  False Path  ck_rst         u_cr/u_walk/u_walk/walk/nb0_reg[31]/CLR
 964  CDC-7   Critical  Asynchronous reset unknown CDC circuitry        0  False Path  ck_rst         u_cr/u_walk/u_walk/walk/oop_reg/CLR
 965  CDC-7   Critical  Asynchronous reset unknown CDC circuitry        0  False Path  ck_rst         u_cr/u_walk/u_walk/walk/post_addr_reg_rep[0]/CLR
 966  CDC-7   Critical  Asynchronous reset unknown CDC circuitry        0  False Path  ck_rst         u_cr/u_walk/u_walk/walk/post_addr_reg_rep[1]/CLR
 967  CDC-7   Critical  Asynchronous reset unknown CDC circuitry        0  False Path  ck_rst         u_cr/u_walk/u_walk/walk/post_addr_reg_rep[2]/CLR
 968  CDC-7   Critical  Asynchronous reset unknown CDC circuitry        0  False Path  ck_rst         u_cr/u_walk/u_walk/walk/post_addr_reg_rep[3]/CLR
 969  CDC-7   Critical  Asynchronous reset unknown CDC circuitry        0  False Path  ck_rst         u_cr/u_walk/u_walk/walk/post_addr_reg_rep[4]/CLR
 970  CDC-7   Critical  Asynchronous reset unknown CDC circuitry        0  False Path  ck_rst         u_cr/u_walk/u_walk/walk/post_addr_reg_rep[5]/CLR
 971  CDC-7   Critical  Asynchronous reset unknown CDC circuitry        0  False Path  ck_rst         u_cr/u_walk/u_walk/walk/post_addr_reg_rep[6]/CLR
 972  CDC-7   Critical  Asynchronous reset unknown CDC circuitry        0  False Path  ck_rst         u_cr/u_walk/u_walk/walk/post_addr_reg_rep[7]/CLR
 973  CDC-7   Critical  Asynchronous reset unknown CDC circuitry        0  False Path  ck_rst         u_cr/u_walk/u_walk/walk/post_addr_reg_rep[8]/CLR
 974  CDC-7   Critical  Asynchronous reset unknown CDC circuitry        0  False Path  ck_rst         u_cr/u_walk/u_walk/walk/post_addr_reg_rep[9]/CLR
 975  CDC-1   Critical  1-bit unknown CDC circuitry                     0  False Path  ck_rst         u_cr/u_walk/u_walk/walk/rev_r_reg/CE
 976  CDC-1   Critical  1-bit unknown CDC circuitry                     0  False Path  ck_rst         u_cr/u_walk/u_walk/walk/sid_reg[0]/CE
 977  CDC-1   Critical  1-bit unknown CDC circuitry                     0  False Path  ck_rst         u_cr/u_walk/u_walk/walk/sid_reg[1]/CE
 978  CDC-1   Critical  1-bit unknown CDC circuitry                     0  False Path  ck_rst         u_cr/u_walk/u_walk/walk/sid_reg[2]/CE
 979  CDC-1   Critical  1-bit unknown CDC circuitry                     0  False Path  ck_rst         u_cr/u_walk/u_walk/walk/sid_reg[3]/CE
 980  CDC-1   Critical  1-bit unknown CDC circuitry                     0  False Path  ck_rst         u_cr/u_walk/u_walk/walk/sid_reg[4]/CE
 981  CDC-1   Critical  1-bit unknown CDC circuitry                     0  False Path  ck_rst         u_cr/u_walk/u_walk/walk/sid_reg[5]/CE
 982  CDC-1   Critical  1-bit unknown CDC circuitry                     0  False Path  ck_rst         u_cr/u_walk/u_walk/walk/sid_reg[6]/CE
 983  CDC-1   Critical  1-bit unknown CDC circuitry                     0  False Path  ck_rst         u_cr/u_walk/u_walk/walk/sid_reg[7]/CE
 984  CDC-1   Critical  1-bit unknown CDC circuitry                     0  False Path  ck_rst         u_cr/u_walk/u_walk/walk/sid_reg[8]/CE
 985  CDC-1   Critical  1-bit unknown CDC circuitry                     0  False Path  ck_rst         u_cr/u_walk/u_walk/walk/sid_reg[9]/CE
 986  CDC-1   Critical  1-bit unknown CDC circuitry                     0  False Path  ck_rst         u_cr/u_walk/u_walk/walk/sid_reg[10]/CE
 987  CDC-1   Critical  1-bit unknown CDC circuitry                     0  False Path  ck_rst         u_cr/u_walk/u_walk/walk/sid_reg[11]/CE
 988  CDC-1   Critical  1-bit unknown CDC circuitry                     0  False Path  ck_rst         u_cr/u_walk/u_walk/walk/sid_reg[12]/CE
 989  CDC-1   Critical  1-bit unknown CDC circuitry                     0  False Path  ck_rst         u_cr/u_walk/u_walk/walk/sid_reg[13]/CE
 990  CDC-1   Critical  1-bit unknown CDC circuitry                     0  False Path  ck_rst         u_cr/u_walk/u_walk/walk/sid_reg[14]/CE
 991  CDC-1   Critical  1-bit unknown CDC circuitry                     0  False Path  ck_rst         u_cr/u_walk/u_walk/walk/sid_reg[15]/CE
 992  CDC-1   Critical  1-bit unknown CDC circuitry                     0  False Path  ck_rst         u_cr/u_walk/u_walk/walk/sid_reg[16]/CE
 993  CDC-1   Critical  1-bit unknown CDC circuitry                     0  False Path  ck_rst         u_cr/u_walk/u_walk/walk/sid_reg[17]/CE
 994  CDC-1   Critical  1-bit unknown CDC circuitry                     0  False Path  ck_rst         u_cr/u_walk/u_walk/walk/sid_reg[18]/CE
 995  CDC-1   Critical  1-bit unknown CDC circuitry                     0  False Path  ck_rst         u_cr/u_walk/u_walk/walk/sid_reg[19]/CE
 996  CDC-1   Critical  1-bit unknown CDC circuitry                     0  False Path  ck_rst         u_cr/u_walk/u_walk/walk/sid_reg[20]/CE
 997  CDC-1   Critical  1-bit unknown CDC circuitry                     0  False Path  ck_rst         u_cr/u_walk/u_walk/walk/sid_reg[21]/CE
 998  CDC-1   Critical  1-bit unknown CDC circuitry                     0  False Path  ck_rst         u_cr/u_walk/u_walk/walk/sid_reg[22]/CE
 999  CDC-1   Critical  1-bit unknown CDC circuitry                     0  False Path  ck_rst         u_cr/u_walk/u_walk/walk/sid_reg[23]/CE
1000  CDC-1   Critical  1-bit unknown CDC circuitry                     0  False Path  ck_rst         u_cr/u_walk/u_walk/walk/sid_reg[24]/CE
1001  CDC-1   Critical  1-bit unknown CDC circuitry                     0  False Path  ck_rst         u_cr/u_walk/u_walk/walk/sid_reg[25]/CE
1002  CDC-1   Critical  1-bit unknown CDC circuitry                     0  False Path  ck_rst         u_cr/u_walk/u_walk/walk/sid_reg[26]/CE
1003  CDC-1   Critical  1-bit unknown CDC circuitry                     0  False Path  ck_rst         u_cr/u_walk/u_walk/walk/sid_reg[27]/CE
1004  CDC-1   Critical  1-bit unknown CDC circuitry                     0  False Path  ck_rst         u_cr/u_walk/u_walk/walk/sid_reg[28]/CE
1005  CDC-1   Critical  1-bit unknown CDC circuitry                     0  False Path  ck_rst         u_cr/u_walk/u_walk/walk/sid_reg[29]/CE
1006  CDC-1   Critical  1-bit unknown CDC circuitry                     0  False Path  ck_rst         u_cr/u_walk/u_walk/walk/sid_reg[30]/CE
1007  CDC-1   Critical  1-bit unknown CDC circuitry                     0  False Path  ck_rst         u_cr/u_walk/u_walk/walk/sid_reg[31]/CE
1008  CDC-7   Critical  Asynchronous reset unknown CDC circuitry        0  False Path  ck_rst         u_cr/u_walk/u_walk/walk/state_reg[0]/CLR
1009  CDC-7   Critical  Asynchronous reset unknown CDC circuitry        0  False Path  ck_rst         u_cr/u_walk/u_walk/walk/state_reg[1]/CLR
1010  CDC-7   Critical  Asynchronous reset unknown CDC circuitry        0  False Path  ck_rst         u_cr/u_walk/u_walk/walk/state_reg[2]/CLR
1011  CDC-7   Critical  Asynchronous reset unknown CDC circuitry        0  False Path  ck_rst         u_cr/u_walk/w_req_reg/CLR
1012  CDC-7   Critical  Asynchronous reset unknown CDC circuitry        0  False Path  ck_rst         u_cr/u_walk/w_rev_reg/CLR
1013  CDC-7   Critical  Asynchronous reset unknown CDC circuitry        0  False Path  ck_rst         u_cr/w_qv_reg/CLR
1014  CDC-7   Critical  Asynchronous reset unknown CDC circuitry        0  False Path  ck_rst         u_cr/w_rr_reg/CLR
1015  CDC-1   Critical  1-bit unknown CDC circuitry                     0  False Path  ck_rst         u_q/FSM_sequential_state_reg[0]/R
1016  CDC-1   Critical  1-bit unknown CDC circuitry                     0  False Path  ck_rst         u_q/FSM_sequential_state_reg[1]/R
1017  CDC-1   Critical  1-bit unknown CDC circuitry                     0  False Path  ck_rst         u_q/FSM_sequential_state_reg[2]/R
1018  CDC-1   Critical  1-bit unknown CDC circuitry                     0  False Path  ck_rst         u_q/FSM_sequential_state_reg[3]/R
1019  CDC-1   Critical  1-bit unknown CDC circuitry                     0  False Path  ck_rst         u_q/FSM_sequential_state_reg[4]/R
1020  CDC-1   Critical  1-bit unknown CDC circuitry                     0  False Path  ck_rst         u_q/a_expl_ok_r_reg/R
1021  CDC-1   Critical  1-bit unknown CDC circuitry                     0  False Path  ck_rst         u_q/a_expl_r_reg[0]/S
1022  CDC-1   Critical  1-bit unknown CDC circuitry                     0  False Path  ck_rst         u_q/a_expl_r_reg[1]/S
1023  CDC-1   Critical  1-bit unknown CDC circuitry                     0  False Path  ck_rst         u_q/a_expl_r_reg[2]/S
1024  CDC-1   Critical  1-bit unknown CDC circuitry                     0  False Path  ck_rst         u_q/a_i_reg[0]/R
1025  CDC-1   Critical  1-bit unknown CDC circuitry                     0  False Path  ck_rst         u_q/a_i_reg[1]/R
1026  CDC-1   Critical  1-bit unknown CDC circuitry                     0  False Path  ck_rst         u_q/a_i_reg[2]/R
1027  CDC-1   Critical  1-bit unknown CDC circuitry                     0  False Path  ck_rst         u_q/acc_reg[0]/R
1028  CDC-1   Critical  1-bit unknown CDC circuitry                     0  False Path  ck_rst         u_q/acc_reg[1]/R
1029  CDC-1   Critical  1-bit unknown CDC circuitry                     0  False Path  ck_rst         u_q/acc_reg[2]/R
1030  CDC-1   Critical  1-bit unknown CDC circuitry                     0  False Path  ck_rst         u_q/acc_reg[3]/R
1031  CDC-1   Critical  1-bit unknown CDC circuitry                     0  False Path  ck_rst         u_q/acc_reg[4]/R
1032  CDC-1   Critical  1-bit unknown CDC circuitry                     0  False Path  ck_rst         u_q/acc_reg[5]/R
1033  CDC-1   Critical  1-bit unknown CDC circuitry                     0  False Path  ck_rst         u_q/acc_reg[6]/R
1034  CDC-1   Critical  1-bit unknown CDC circuitry                     0  False Path  ck_rst         u_q/acc_reg[7]/R
1035  CDC-1   Critical  1-bit unknown CDC circuitry                     0  False Path  ck_rst         u_q/acc_reg[8]/R
1036  CDC-1   Critical  1-bit unknown CDC circuitry                     0  False Path  ck_rst         u_q/acc_reg[9]/R
1037  CDC-1   Critical  1-bit unknown CDC circuitry                     0  False Path  ck_rst         u_q/acc_reg[10]/R
1038  CDC-1   Critical  1-bit unknown CDC circuitry                     0  False Path  ck_rst         u_q/acc_reg[11]/R
1039  CDC-1   Critical  1-bit unknown CDC circuitry                     0  False Path  ck_rst         u_q/acc_reg[12]/R
1040  CDC-1   Critical  1-bit unknown CDC circuitry                     0  False Path  ck_rst         u_q/acc_reg[13]/R
1041  CDC-1   Critical  1-bit unknown CDC circuitry                     0  False Path  ck_rst         u_q/acc_reg[14]/R
1042  CDC-1   Critical  1-bit unknown CDC circuitry                     0  False Path  ck_rst         u_q/acc_reg[15]/R
1043  CDC-1   Critical  1-bit unknown CDC circuitry                     0  False Path  ck_rst         u_q/acc_reg[16]/R
1044  CDC-1   Critical  1-bit unknown CDC circuitry                     0  False Path  ck_rst         u_q/acc_reg[17]/R
1045  CDC-1   Critical  1-bit unknown CDC circuitry                     0  False Path  ck_rst         u_q/acc_reg[18]/R
1046  CDC-1   Critical  1-bit unknown CDC circuitry                     0  False Path  ck_rst         u_q/acc_reg[19]/R
1047  CDC-1   Critical  1-bit unknown CDC circuitry                     0  False Path  ck_rst         u_q/acc_reg[20]/R
1048  CDC-1   Critical  1-bit unknown CDC circuitry                     0  False Path  ck_rst         u_q/acc_reg[21]/R
1049  CDC-1   Critical  1-bit unknown CDC circuitry                     0  False Path  ck_rst         u_q/acc_reg[22]/R
1050  CDC-1   Critical  1-bit unknown CDC circuitry                     0  False Path  ck_rst         u_q/acc_reg[23]/R
1051  CDC-1   Critical  1-bit unknown CDC circuitry                     0  False Path  ck_rst         u_q/acc_reg[24]/R
1052  CDC-1   Critical  1-bit unknown CDC circuitry                     0  False Path  ck_rst         u_q/acc_reg[25]/R
1053  CDC-1   Critical  1-bit unknown CDC circuitry                     0  False Path  ck_rst         u_q/acc_reg[26]/R
1054  CDC-1   Critical  1-bit unknown CDC circuitry                     0  False Path  ck_rst         u_q/acc_reg[27]/R
1055  CDC-1   Critical  1-bit unknown CDC circuitry                     0  False Path  ck_rst         u_q/acc_reg[28]/R
1056  CDC-1   Critical  1-bit unknown CDC circuitry                     0  False Path  ck_rst         u_q/acc_reg[29]/R
1057  CDC-1   Critical  1-bit unknown CDC circuitry                     0  False Path  ck_rst         u_q/acc_reg[30]/R
1058  CDC-1   Critical  1-bit unknown CDC circuitry                     0  False Path  ck_rst         u_q/acc_reg[31]/R
1059  CDC-1   Critical  1-bit unknown CDC circuitry                     0  False Path  ck_rst         u_q/acc_sat_reg/R
1060  CDC-1   Critical  1-bit unknown CDC circuitry                     0  False Path  ck_rst         u_q/any_sat_reg/R
1061  CDC-1   Critical  1-bit unknown CDC circuitry                     0  False Path  ck_rst         u_q/best_a_reg[0]/R
1062  CDC-1   Critical  1-bit unknown CDC circuitry                     0  False Path  ck_rst         u_q/best_a_reg[1]/R
1063  CDC-1   Critical  1-bit unknown CDC circuitry                     0  False Path  ck_rst         u_q/best_a_reg[2]/R
1064  CDC-1   Critical  1-bit unknown CDC circuitry                     0  False Path  ck_rst         u_q/best_q_reg[0]/R
1065  CDC-1   Critical  1-bit unknown CDC circuitry                     0  False Path  ck_rst         u_q/best_q_reg[1]/R
1066  CDC-1   Critical  1-bit unknown CDC circuitry                     0  False Path  ck_rst         u_q/best_q_reg[2]/R
1067  CDC-1   Critical  1-bit unknown CDC circuitry                     0  False Path  ck_rst         u_q/best_q_reg[3]/R
1068  CDC-1   Critical  1-bit unknown CDC circuitry                     0  False Path  ck_rst         u_q/best_q_reg[4]/R
1069  CDC-1   Critical  1-bit unknown CDC circuitry                     0  False Path  ck_rst         u_q/best_q_reg[5]/R
1070  CDC-1   Critical  1-bit unknown CDC circuitry                     0  False Path  ck_rst         u_q/best_q_reg[6]/R
1071  CDC-1   Critical  1-bit unknown CDC circuitry                     0  False Path  ck_rst         u_q/best_q_reg[7]/R
1072  CDC-1   Critical  1-bit unknown CDC circuitry                     0  False Path  ck_rst         u_q/best_q_reg[8]/R
1073  CDC-1   Critical  1-bit unknown CDC circuitry                     0  False Path  ck_rst         u_q/best_q_reg[9]/R
1074  CDC-1   Critical  1-bit unknown CDC circuitry                     0  False Path  ck_rst         u_q/best_q_reg[10]/R
1075  CDC-1   Critical  1-bit unknown CDC circuitry                     0  False Path  ck_rst         u_q/best_q_reg[11]/R
1076  CDC-1   Critical  1-bit unknown CDC circuitry                     0  False Path  ck_rst         u_q/best_q_reg[12]/R
1077  CDC-1   Critical  1-bit unknown CDC circuitry                     0  False Path  ck_rst         u_q/best_q_reg[13]/R
1078  CDC-1   Critical  1-bit unknown CDC circuitry                     0  False Path  ck_rst         u_q/best_q_reg[14]/R
1079  CDC-1   Critical  1-bit unknown CDC circuitry                     0  False Path  ck_rst         u_q/best_q_reg[15]/R
1080  CDC-1   Critical  1-bit unknown CDC circuitry                     0  False Path  ck_rst         u_q/best_q_reg[16]/R
1081  CDC-1   Critical  1-bit unknown CDC circuitry                     0  False Path  ck_rst         u_q/best_q_reg[17]/R
1082  CDC-1   Critical  1-bit unknown CDC circuitry                     0  False Path  ck_rst         u_q/best_q_reg[18]/R
1083  CDC-1   Critical  1-bit unknown CDC circuitry                     0  False Path  ck_rst         u_q/best_q_reg[19]/R
1084  CDC-1   Critical  1-bit unknown CDC circuitry                     0  False Path  ck_rst         u_q/best_q_reg[20]/R
1085  CDC-1   Critical  1-bit unknown CDC circuitry                     0  False Path  ck_rst         u_q/best_q_reg[21]/R
1086  CDC-1   Critical  1-bit unknown CDC circuitry                     0  False Path  ck_rst         u_q/best_q_reg[22]/R
1087  CDC-1   Critical  1-bit unknown CDC circuitry                     0  False Path  ck_rst         u_q/best_q_reg[23]/R
1088  CDC-1   Critical  1-bit unknown CDC circuitry                     0  False Path  ck_rst         u_q/best_q_reg[24]/R
1089  CDC-1   Critical  1-bit unknown CDC circuitry                     0  False Path  ck_rst         u_q/best_q_reg[25]/R
1090  CDC-1   Critical  1-bit unknown CDC circuitry                     0  False Path  ck_rst         u_q/best_q_reg[26]/R
1091  CDC-1   Critical  1-bit unknown CDC circuitry                     0  False Path  ck_rst         u_q/best_q_reg[27]/R
1092  CDC-1   Critical  1-bit unknown CDC circuitry                     0  False Path  ck_rst         u_q/best_q_reg[28]/R
1093  CDC-1   Critical  1-bit unknown CDC circuitry                     0  False Path  ck_rst         u_q/best_q_reg[29]/R
1094  CDC-1   Critical  1-bit unknown CDC circuitry                     0  False Path  ck_rst         u_q/best_q_reg[30]/R
1095  CDC-1   Critical  1-bit unknown CDC circuitry                     0  False Path  ck_rst         u_q/best_q_reg[31]/R
1096  CDC-1   Critical  1-bit unknown CDC circuitry                     0  False Path  ck_rst         u_q/credit_denied_count_reg[0]/R
1097  CDC-1   Critical  1-bit unknown CDC circuitry                     0  False Path  ck_rst         u_q/credit_denied_count_reg[1]/R
1098  CDC-1   Critical  1-bit unknown CDC circuitry                     0  False Path  ck_rst         u_q/credit_denied_count_reg[2]/R
1099  CDC-1   Critical  1-bit unknown CDC circuitry                     0  False Path  ck_rst         u_q/credit_denied_count_reg[3]/R
1100  CDC-1   Critical  1-bit unknown CDC circuitry                     0  False Path  ck_rst         u_q/credit_denied_count_reg[4]/R
1101  CDC-1   Critical  1-bit unknown CDC circuitry                     0  False Path  ck_rst         u_q/credit_denied_count_reg[5]/R
1102  CDC-1   Critical  1-bit unknown CDC circuitry                     0  False Path  ck_rst         u_q/credit_denied_count_reg[6]/R
1103  CDC-1   Critical  1-bit unknown CDC circuitry                     0  False Path  ck_rst         u_q/credit_denied_count_reg[7]/R
1104  CDC-1   Critical  1-bit unknown CDC circuitry                     0  False Path  ck_rst         u_q/credit_denied_count_reg[8]/R
1105  CDC-1   Critical  1-bit unknown CDC circuitry                     0  False Path  ck_rst         u_q/credit_denied_count_reg[9]/R
1106  CDC-1   Critical  1-bit unknown CDC circuitry                     0  False Path  ck_rst         u_q/credit_denied_count_reg[10]/R
1107  CDC-1   Critical  1-bit unknown CDC circuitry                     0  False Path  ck_rst         u_q/credit_denied_count_reg[11]/R
1108  CDC-1   Critical  1-bit unknown CDC circuitry                     0  False Path  ck_rst         u_q/credit_denied_count_reg[12]/R
1109  CDC-1   Critical  1-bit unknown CDC circuitry                     0  False Path  ck_rst         u_q/credit_denied_count_reg[13]/R
1110  CDC-1   Critical  1-bit unknown CDC circuitry                     0  False Path  ck_rst         u_q/credit_denied_count_reg[14]/R
1111  CDC-1   Critical  1-bit unknown CDC circuitry                     0  False Path  ck_rst         u_q/credit_denied_count_reg[15]/R
1112  CDC-13  Critical  1-bit CDC path on a non-FD primitive            0  False Path  ck_rst         u_q/da/RSTA
1113  CDC-13  Critical  1-bit CDC path on a non-FD primitive            0  False Path  ck_rst         u_q/da/RSTB
1114  CDC-13  Critical  1-bit CDC path on a non-FD primitive            0  False Path  ck_rst         u_q/da_r_reg/RSTA
1115  CDC-13  Critical  1-bit CDC path on a non-FD primitive            0  False Path  ck_rst         u_q/da_r_reg/RSTP
1116  CDC-1   Critical  1-bit unknown CDC circuitry                     0  False Path  ck_rst         u_q/delta_out_reg[0]/R
1117  CDC-1   Critical  1-bit unknown CDC circuitry                     0  False Path  ck_rst         u_q/delta_out_reg[1]/R
1118  CDC-1   Critical  1-bit unknown CDC circuitry                     0  False Path  ck_rst         u_q/delta_out_reg[2]/R
1119  CDC-1   Critical  1-bit unknown CDC circuitry                     0  False Path  ck_rst         u_q/delta_out_reg[3]/R
1120  CDC-1   Critical  1-bit unknown CDC circuitry                     0  False Path  ck_rst         u_q/delta_out_reg[4]/R
1121  CDC-1   Critical  1-bit unknown CDC circuitry                     0  False Path  ck_rst         u_q/delta_out_reg[5]/R
1122  CDC-1   Critical  1-bit unknown CDC circuitry                     0  False Path  ck_rst         u_q/delta_out_reg[6]/R
1123  CDC-1   Critical  1-bit unknown CDC circuitry                     0  False Path  ck_rst         u_q/delta_out_reg[7]/R
1124  CDC-1   Critical  1-bit unknown CDC circuitry                     0  False Path  ck_rst         u_q/delta_out_reg[8]/R
1125  CDC-1   Critical  1-bit unknown CDC circuitry                     0  False Path  ck_rst         u_q/delta_out_reg[9]/R
1126  CDC-1   Critical  1-bit unknown CDC circuitry                     0  False Path  ck_rst         u_q/delta_out_reg[10]/R
1127  CDC-1   Critical  1-bit unknown CDC circuitry                     0  False Path  ck_rst         u_q/delta_out_reg[11]/R
1128  CDC-1   Critical  1-bit unknown CDC circuitry                     0  False Path  ck_rst         u_q/delta_out_reg[12]/R
1129  CDC-1   Critical  1-bit unknown CDC circuitry                     0  False Path  ck_rst         u_q/delta_out_reg[13]/R
1130  CDC-1   Critical  1-bit unknown CDC circuitry                     0  False Path  ck_rst         u_q/delta_out_reg[14]/R
1131  CDC-1   Critical  1-bit unknown CDC circuitry                     0  False Path  ck_rst         u_q/delta_out_reg[15]/R
1132  CDC-1   Critical  1-bit unknown CDC circuitry                     0  False Path  ck_rst         u_q/delta_out_reg[16]/R
1133  CDC-1   Critical  1-bit unknown CDC circuitry                     0  False Path  ck_rst         u_q/delta_out_reg[17]/R
1134  CDC-1   Critical  1-bit unknown CDC circuitry                     0  False Path  ck_rst         u_q/delta_out_reg[18]/R
1135  CDC-1   Critical  1-bit unknown CDC circuitry                     0  False Path  ck_rst         u_q/delta_out_reg[19]/R
1136  CDC-1   Critical  1-bit unknown CDC circuitry                     0  False Path  ck_rst         u_q/delta_out_reg[20]/R
1137  CDC-1   Critical  1-bit unknown CDC circuitry                     0  False Path  ck_rst         u_q/delta_out_reg[21]/R
1138  CDC-1   Critical  1-bit unknown CDC circuitry                     0  False Path  ck_rst         u_q/delta_out_reg[22]/R
1139  CDC-1   Critical  1-bit unknown CDC circuitry                     0  False Path  ck_rst         u_q/delta_out_reg[23]/R
1140  CDC-1   Critical  1-bit unknown CDC circuitry                     0  False Path  ck_rst         u_q/delta_out_reg[24]/R
1141  CDC-1   Critical  1-bit unknown CDC circuitry                     0  False Path  ck_rst         u_q/delta_out_reg[25]/R
1142  CDC-1   Critical  1-bit unknown CDC circuitry                     0  False Path  ck_rst         u_q/delta_out_reg[26]/R
1143  CDC-1   Critical  1-bit unknown CDC circuitry                     0  False Path  ck_rst         u_q/delta_out_reg[27]/R
1144  CDC-1   Critical  1-bit unknown CDC circuitry                     0  False Path  ck_rst         u_q/delta_out_reg[28]/R
1145  CDC-1   Critical  1-bit unknown CDC circuitry                     0  False Path  ck_rst         u_q/delta_out_reg[29]/R
1146  CDC-1   Critical  1-bit unknown CDC circuitry                     0  False Path  ck_rst         u_q/delta_out_reg[30]/R
1147  CDC-1   Critical  1-bit unknown CDC circuitry                     0  False Path  ck_rst         u_q/delta_out_reg[31]/R
1148  CDC-1   Critical  1-bit unknown CDC circuitry                     0  False Path  ck_rst         u_q/delta_r_reg[0]/R
1149  CDC-1   Critical  1-bit unknown CDC circuitry                     0  False Path  ck_rst         u_q/delta_r_reg[1]/R
1150  CDC-1   Critical  1-bit unknown CDC circuitry                     0  False Path  ck_rst         u_q/delta_r_reg[2]/R
1151  CDC-1   Critical  1-bit unknown CDC circuitry                     0  False Path  ck_rst         u_q/delta_r_reg[3]/R
1152  CDC-1   Critical  1-bit unknown CDC circuitry                     0  False Path  ck_rst         u_q/delta_r_reg[4]/R
1153  CDC-1   Critical  1-bit unknown CDC circuitry                     0  False Path  ck_rst         u_q/delta_r_reg[5]/R
1154  CDC-1   Critical  1-bit unknown CDC circuitry                     0  False Path  ck_rst         u_q/delta_r_reg[6]/R
1155  CDC-1   Critical  1-bit unknown CDC circuitry                     0  False Path  ck_rst         u_q/delta_r_reg[7]/R
1156  CDC-1   Critical  1-bit unknown CDC circuitry                     0  False Path  ck_rst         u_q/delta_r_reg[8]/R
1157  CDC-1   Critical  1-bit unknown CDC circuitry                     0  False Path  ck_rst         u_q/delta_r_reg[9]/R
1158  CDC-1   Critical  1-bit unknown CDC circuitry                     0  False Path  ck_rst         u_q/delta_r_reg[10]/R
1159  CDC-1   Critical  1-bit unknown CDC circuitry                     0  False Path  ck_rst         u_q/delta_r_reg[11]/R
1160  CDC-1   Critical  1-bit unknown CDC circuitry                     0  False Path  ck_rst         u_q/delta_r_reg[12]/R
1161  CDC-1   Critical  1-bit unknown CDC circuitry                     0  False Path  ck_rst         u_q/delta_r_reg[13]/R
1162  CDC-1   Critical  1-bit unknown CDC circuitry                     0  False Path  ck_rst         u_q/delta_r_reg[14]/R
1163  CDC-1   Critical  1-bit unknown CDC circuitry                     0  False Path  ck_rst         u_q/delta_r_reg[15]/R
1164  CDC-1   Critical  1-bit unknown CDC circuitry                     0  False Path  ck_rst         u_q/delta_r_reg[16]/R
1165  CDC-1   Critical  1-bit unknown CDC circuitry                     0  False Path  ck_rst         u_q/delta_r_reg[17]/R
1166  CDC-1   Critical  1-bit unknown CDC circuitry                     0  False Path  ck_rst         u_q/delta_r_reg[18]/R
1167  CDC-1   Critical  1-bit unknown CDC circuitry                     0  False Path  ck_rst         u_q/delta_r_reg[19]/R
1168  CDC-1   Critical  1-bit unknown CDC circuitry                     0  False Path  ck_rst         u_q/delta_r_reg[20]/R
1169  CDC-1   Critical  1-bit unknown CDC circuitry                     0  False Path  ck_rst         u_q/delta_r_reg[21]/R
1170  CDC-1   Critical  1-bit unknown CDC circuitry                     0  False Path  ck_rst         u_q/delta_r_reg[22]/R
1171  CDC-1   Critical  1-bit unknown CDC circuitry                     0  False Path  ck_rst         u_q/delta_r_reg[23]/R
1172  CDC-1   Critical  1-bit unknown CDC circuitry                     0  False Path  ck_rst         u_q/delta_r_reg[24]/R
1173  CDC-1   Critical  1-bit unknown CDC circuitry                     0  False Path  ck_rst         u_q/delta_r_reg[25]/R
1174  CDC-1   Critical  1-bit unknown CDC circuitry                     0  False Path  ck_rst         u_q/delta_r_reg[26]/R
1175  CDC-1   Critical  1-bit unknown CDC circuitry                     0  False Path  ck_rst         u_q/delta_r_reg[27]/R
1176  CDC-1   Critical  1-bit unknown CDC circuitry                     0  False Path  ck_rst         u_q/delta_r_reg[28]/R
1177  CDC-1   Critical  1-bit unknown CDC circuitry                     0  False Path  ck_rst         u_q/delta_r_reg[29]/R
1178  CDC-1   Critical  1-bit unknown CDC circuitry                     0  False Path  ck_rst         u_q/delta_r_reg[30]/R
1179  CDC-1   Critical  1-bit unknown CDC circuitry                     0  False Path  ck_rst         u_q/delta_r_reg[31]/R
1180  CDC-13  Critical  1-bit CDC path on a non-FD primitive            0  False Path  ck_rst         u_q/disc_m/RSTA
1181  CDC-13  Critical  1-bit CDC path on a non-FD primitive            0  False Path  ck_rst         u_q/disc_m/RSTB
1182  CDC-13  Critical  1-bit CDC path on a non-FD primitive            0  False Path  ck_rst         u_q/disc_m__0/RSTA
1183  CDC-1   Critical  1-bit unknown CDC circuitry                     0  False Path  ck_rst         u_q/disc_reg_reg[0]/R
1184  CDC-1   Critical  1-bit unknown CDC circuitry                     0  False Path  ck_rst         u_q/disc_reg_reg[1]/R
1185  CDC-1   Critical  1-bit unknown CDC circuitry                     0  False Path  ck_rst         u_q/disc_reg_reg[2]/R
1186  CDC-1   Critical  1-bit unknown CDC circuitry                     0  False Path  ck_rst         u_q/disc_reg_reg[3]/R
1187  CDC-1   Critical  1-bit unknown CDC circuitry                     0  False Path  ck_rst         u_q/disc_reg_reg[4]/R
1188  CDC-1   Critical  1-bit unknown CDC circuitry                     0  False Path  ck_rst         u_q/disc_reg_reg[5]/R
1189  CDC-1   Critical  1-bit unknown CDC circuitry                     0  False Path  ck_rst         u_q/disc_reg_reg[6]/R
1190  CDC-1   Critical  1-bit unknown CDC circuitry                     0  False Path  ck_rst         u_q/disc_reg_reg[7]/R
1191  CDC-1   Critical  1-bit unknown CDC circuitry                     0  False Path  ck_rst         u_q/disc_reg_reg[8]/R
1192  CDC-1   Critical  1-bit unknown CDC circuitry                     0  False Path  ck_rst         u_q/disc_reg_reg[9]/R
1193  CDC-1   Critical  1-bit unknown CDC circuitry                     0  False Path  ck_rst         u_q/disc_reg_reg[10]/R
1194  CDC-1   Critical  1-bit unknown CDC circuitry                     0  False Path  ck_rst         u_q/disc_reg_reg[11]/R
1195  CDC-1   Critical  1-bit unknown CDC circuitry                     0  False Path  ck_rst         u_q/disc_reg_reg[12]/R
1196  CDC-1   Critical  1-bit unknown CDC circuitry                     0  False Path  ck_rst         u_q/disc_reg_reg[13]/R
1197  CDC-1   Critical  1-bit unknown CDC circuitry                     0  False Path  ck_rst         u_q/disc_reg_reg[14]/R
1198  CDC-1   Critical  1-bit unknown CDC circuitry                     0  False Path  ck_rst         u_q/disc_reg_reg[15]/R
1199  CDC-1   Critical  1-bit unknown CDC circuitry                     0  False Path  ck_rst         u_q/disc_reg_reg[16]/R
1200  CDC-1   Critical  1-bit unknown CDC circuitry                     0  False Path  ck_rst         u_q/disc_reg_reg[17]/R
1201  CDC-1   Critical  1-bit unknown CDC circuitry                     0  False Path  ck_rst         u_q/disc_reg_reg[18]/R
1202  CDC-1   Critical  1-bit unknown CDC circuitry                     0  False Path  ck_rst         u_q/disc_reg_reg[19]/R
1203  CDC-1   Critical  1-bit unknown CDC circuitry                     0  False Path  ck_rst         u_q/disc_reg_reg[20]/R
1204  CDC-1   Critical  1-bit unknown CDC circuitry                     0  False Path  ck_rst         u_q/disc_reg_reg[21]/R
1205  CDC-1   Critical  1-bit unknown CDC circuitry                     0  False Path  ck_rst         u_q/disc_reg_reg[22]/R
1206  CDC-1   Critical  1-bit unknown CDC circuitry                     0  False Path  ck_rst         u_q/disc_reg_reg[23]/R
1207  CDC-1   Critical  1-bit unknown CDC circuitry                     0  False Path  ck_rst         u_q/disc_reg_reg[24]/R
1208  CDC-1   Critical  1-bit unknown CDC circuitry                     0  False Path  ck_rst         u_q/disc_reg_reg[25]/R
1209  CDC-1   Critical  1-bit unknown CDC circuitry                     0  False Path  ck_rst         u_q/disc_reg_reg[26]/R
1210  CDC-1   Critical  1-bit unknown CDC circuitry                     0  False Path  ck_rst         u_q/disc_reg_reg[27]/R
1211  CDC-1   Critical  1-bit unknown CDC circuitry                     0  False Path  ck_rst         u_q/disc_reg_reg[28]/R
1212  CDC-1   Critical  1-bit unknown CDC circuitry                     0  False Path  ck_rst         u_q/disc_reg_reg[29]/R
1213  CDC-1   Critical  1-bit unknown CDC circuitry                     0  False Path  ck_rst         u_q/disc_reg_reg[30]/R
1214  CDC-1   Critical  1-bit unknown CDC circuitry                     0  False Path  ck_rst         u_q/disc_reg_reg[32]/R
1215  CDC-1   Critical  1-bit unknown CDC circuitry                     0  False Path  ck_rst         u_q/ea_r_reg[0]/R
1216  CDC-1   Critical  1-bit unknown CDC circuitry                     0  False Path  ck_rst         u_q/ea_r_reg[1]/R
1217  CDC-1   Critical  1-bit unknown CDC circuitry                     0  False Path  ck_rst         u_q/ea_r_reg[2]/R
1218  CDC-1   Critical  1-bit unknown CDC circuitry                     0  False Path  ck_rst         u_q/eps_r_reg[0]/R
1219  CDC-1   Critical  1-bit unknown CDC circuitry                     0  False Path  ck_rst         u_q/eps_r_reg[1]/R
1220  CDC-1   Critical  1-bit unknown CDC circuitry                     0  False Path  ck_rst         u_q/eps_r_reg[2]/R
1221  CDC-1   Critical  1-bit unknown CDC circuitry                     0  False Path  ck_rst         u_q/eps_r_reg[3]/R
1222  CDC-1   Critical  1-bit unknown CDC circuitry                     0  False Path  ck_rst         u_q/eps_r_reg[4]/R
1223  CDC-1   Critical  1-bit unknown CDC circuitry                     0  False Path  ck_rst         u_q/eps_r_reg[5]/R
1224  CDC-1   Critical  1-bit unknown CDC circuitry                     0  False Path  ck_rst         u_q/eps_r_reg[6]/R
1225  CDC-1   Critical  1-bit unknown CDC circuitry                     0  False Path  ck_rst         u_q/eps_r_reg[7]/R
1226  CDC-1   Critical  1-bit unknown CDC circuitry                     0  False Path  ck_rst         u_q/eps_r_reg[8]/R
1227  CDC-1   Critical  1-bit unknown CDC circuitry                     0  False Path  ck_rst         u_q/eps_r_reg[9]/R
1228  CDC-1   Critical  1-bit unknown CDC circuitry                     0  False Path  ck_rst         u_q/eps_r_reg[10]/R
1229  CDC-1   Critical  1-bit unknown CDC circuitry                     0  False Path  ck_rst         u_q/eps_r_reg[11]/R
1230  CDC-1   Critical  1-bit unknown CDC circuitry                     0  False Path  ck_rst         u_q/eps_r_reg[12]/R
1231  CDC-1   Critical  1-bit unknown CDC circuitry                     0  False Path  ck_rst         u_q/eps_r_reg[13]/R
1232  CDC-1   Critical  1-bit unknown CDC circuitry                     0  False Path  ck_rst         u_q/eps_r_reg[14]/R
1233  CDC-1   Critical  1-bit unknown CDC circuitry                     0  False Path  ck_rst         u_q/eps_r_reg[15]/R
1234  CDC-1   Critical  1-bit unknown CDC circuitry                     0  False Path  ck_rst         u_q/ev_r_reg/R
1235  CDC-1   Critical  1-bit unknown CDC circuitry                     0  False Path  ck_rst         u_q/exam_blocked_count_reg[0]/R
1236  CDC-1   Critical  1-bit unknown CDC circuitry                     0  False Path  ck_rst         u_q/exam_blocked_count_reg[1]/R
1237  CDC-1   Critical  1-bit unknown CDC circuitry                     0  False Path  ck_rst         u_q/exam_blocked_count_reg[2]/R
1238  CDC-1   Critical  1-bit unknown CDC circuitry                     0  False Path  ck_rst         u_q/exam_blocked_count_reg[3]/R
1239  CDC-1   Critical  1-bit unknown CDC circuitry                     0  False Path  ck_rst         u_q/exam_blocked_count_reg[4]/R
1240  CDC-1   Critical  1-bit unknown CDC circuitry                     0  False Path  ck_rst         u_q/exam_blocked_count_reg[5]/R
1241  CDC-1   Critical  1-bit unknown CDC circuitry                     0  False Path  ck_rst         u_q/exam_blocked_count_reg[6]/R
1242  CDC-1   Critical  1-bit unknown CDC circuitry                     0  False Path  ck_rst         u_q/exam_blocked_count_reg[7]/R
1243  CDC-1   Critical  1-bit unknown CDC circuitry                     0  False Path  ck_rst         u_q/exam_blocked_count_reg[8]/R
1244  CDC-1   Critical  1-bit unknown CDC circuitry                     0  False Path  ck_rst         u_q/exam_blocked_count_reg[9]/R
1245  CDC-1   Critical  1-bit unknown CDC circuitry                     0  False Path  ck_rst         u_q/exam_blocked_count_reg[10]/R
1246  CDC-1   Critical  1-bit unknown CDC circuitry                     0  False Path  ck_rst         u_q/exam_blocked_count_reg[11]/R
1247  CDC-1   Critical  1-bit unknown CDC circuitry                     0  False Path  ck_rst         u_q/exam_blocked_count_reg[12]/R
1248  CDC-1   Critical  1-bit unknown CDC circuitry                     0  False Path  ck_rst         u_q/exam_blocked_count_reg[13]/R
1249  CDC-1   Critical  1-bit unknown CDC circuitry                     0  False Path  ck_rst         u_q/exam_blocked_count_reg[14]/R
1250  CDC-1   Critical  1-bit unknown CDC circuitry                     0  False Path  ck_rst         u_q/exam_blocked_count_reg[15]/R
1251  CDC-1   Critical  1-bit unknown CDC circuitry                     0  False Path  ck_rst         u_q/exam_r_reg/R
1252  CDC-1   Critical  1-bit unknown CDC circuitry                     0  False Path  ck_rst         u_q/explore_count_reg[0]/R
1253  CDC-1   Critical  1-bit unknown CDC circuitry                     0  False Path  ck_rst         u_q/explore_count_reg[1]/R
1254  CDC-1   Critical  1-bit unknown CDC circuitry                     0  False Path  ck_rst         u_q/explore_count_reg[2]/R
1255  CDC-1   Critical  1-bit unknown CDC circuitry                     0  False Path  ck_rst         u_q/explore_count_reg[3]/R
1256  CDC-1   Critical  1-bit unknown CDC circuitry                     0  False Path  ck_rst         u_q/explore_count_reg[4]/R
1257  CDC-1   Critical  1-bit unknown CDC circuitry                     0  False Path  ck_rst         u_q/explore_count_reg[5]/R
1258  CDC-1   Critical  1-bit unknown CDC circuitry                     0  False Path  ck_rst         u_q/explore_count_reg[6]/R
1259  CDC-1   Critical  1-bit unknown CDC circuitry                     0  False Path  ck_rst         u_q/explore_count_reg[7]/R
1260  CDC-1   Critical  1-bit unknown CDC circuitry                     0  False Path  ck_rst         u_q/explore_count_reg[8]/R
1261  CDC-1   Critical  1-bit unknown CDC circuitry                     0  False Path  ck_rst         u_q/explore_count_reg[9]/R
1262  CDC-1   Critical  1-bit unknown CDC circuitry                     0  False Path  ck_rst         u_q/explore_count_reg[10]/R
1263  CDC-1   Critical  1-bit unknown CDC circuitry                     0  False Path  ck_rst         u_q/explore_count_reg[11]/R
1264  CDC-1   Critical  1-bit unknown CDC circuitry                     0  False Path  ck_rst         u_q/explore_count_reg[12]/R
1265  CDC-1   Critical  1-bit unknown CDC circuitry                     0  False Path  ck_rst         u_q/explore_count_reg[13]/R
1266  CDC-1   Critical  1-bit unknown CDC circuitry                     0  False Path  ck_rst         u_q/explore_count_reg[14]/R
1267  CDC-1   Critical  1-bit unknown CDC circuitry                     0  False Path  ck_rst         u_q/explore_count_reg[15]/R
1268  CDC-1   Critical  1-bit unknown CDC circuitry                     0  False Path  ck_rst         u_q/explored_reg/R
1269  CDC-1   Critical  1-bit unknown CDC circuitry                     0  False Path  ck_rst         u_q/f_i_reg[0]/R
1270  CDC-1   Critical  1-bit unknown CDC circuitry                     0  False Path  ck_rst         u_q/f_i_reg[1]/R
1271  CDC-1   Critical  1-bit unknown CDC circuitry                     0  False Path  ck_rst         u_q/f_i_reg[2]/R
1272  CDC-1   Critical  1-bit unknown CDC circuitry                     0  False Path  ck_rst         u_q/feat_r_reg[0]/R
1273  CDC-1   Critical  1-bit unknown CDC circuitry                     0  False Path  ck_rst         u_q/feat_r_reg[1]/R
1274  CDC-1   Critical  1-bit unknown CDC circuitry                     0  False Path  ck_rst         u_q/feat_r_reg[2]/R
1275  CDC-1   Critical  1-bit unknown CDC circuitry                     0  False Path  ck_rst         u_q/feat_r_reg[3]/R
1276  CDC-1   Critical  1-bit unknown CDC circuitry                     0  False Path  ck_rst         u_q/feat_r_reg[4]/R
1277  CDC-1   Critical  1-bit unknown CDC circuitry                     0  False Path  ck_rst         u_q/feat_r_reg[5]/R
1278  CDC-1   Critical  1-bit unknown CDC circuitry                     0  False Path  ck_rst         u_q/feat_r_reg[6]/R
1279  CDC-1   Critical  1-bit unknown CDC circuitry                     0  False Path  ck_rst         u_q/feat_r_reg[7]/R
1280  CDC-1   Critical  1-bit unknown CDC circuitry                     0  False Path  ck_rst         u_q/feat_r_reg[8]/R
1281  CDC-1   Critical  1-bit unknown CDC circuitry                     0  False Path  ck_rst         u_q/feat_r_reg[9]/R
1282  CDC-1   Critical  1-bit unknown CDC circuitry                     0  False Path  ck_rst         u_q/feat_r_reg[10]/R
1283  CDC-1   Critical  1-bit unknown CDC circuitry                     0  False Path  ck_rst         u_q/feat_r_reg[11]/R
1284  CDC-1   Critical  1-bit unknown CDC circuitry                     0  False Path  ck_rst         u_q/feat_r_reg[12]/R
1285  CDC-1   Critical  1-bit unknown CDC circuitry                     0  False Path  ck_rst         u_q/feat_r_reg[13]/R
1286  CDC-1   Critical  1-bit unknown CDC circuitry                     0  False Path  ck_rst         u_q/feat_r_reg[14]/R
1287  CDC-1   Critical  1-bit unknown CDC circuitry                     0  False Path  ck_rst         u_q/feat_r_reg[15]/R
1288  CDC-1   Critical  1-bit unknown CDC circuitry                     0  False Path  ck_rst         u_q/feat_r_reg[16]/R
1289  CDC-1   Critical  1-bit unknown CDC circuitry                     0  False Path  ck_rst         u_q/feat_r_reg[17]/R
1290  CDC-1   Critical  1-bit unknown CDC circuitry                     0  False Path  ck_rst         u_q/feat_r_reg[18]/R
1291  CDC-1   Critical  1-bit unknown CDC circuitry                     0  False Path  ck_rst         u_q/feat_r_reg[19]/R
1292  CDC-1   Critical  1-bit unknown CDC circuitry                     0  False Path  ck_rst         u_q/feat_r_reg[20]/R
1293  CDC-1   Critical  1-bit unknown CDC circuitry                     0  False Path  ck_rst         u_q/feat_r_reg[21]/R
1294  CDC-1   Critical  1-bit unknown CDC circuitry                     0  False Path  ck_rst         u_q/feat_r_reg[22]/R
1295  CDC-1   Critical  1-bit unknown CDC circuitry                     0  False Path  ck_rst         u_q/feat_r_reg[23]/R
1296  CDC-1   Critical  1-bit unknown CDC circuitry                     0  False Path  ck_rst         u_q/feat_r_reg[24]/R
1297  CDC-1   Critical  1-bit unknown CDC circuitry                     0  False Path  ck_rst         u_q/feat_r_reg[25]/R
1298  CDC-1   Critical  1-bit unknown CDC circuitry                     0  False Path  ck_rst         u_q/feat_r_reg[26]/R
1299  CDC-1   Critical  1-bit unknown CDC circuitry                     0  False Path  ck_rst         u_q/feat_r_reg[27]/R
1300  CDC-1   Critical  1-bit unknown CDC circuitry                     0  False Path  ck_rst         u_q/feat_r_reg[28]/R
1301  CDC-1   Critical  1-bit unknown CDC circuitry                     0  False Path  ck_rst         u_q/feat_r_reg[29]/R
1302  CDC-1   Critical  1-bit unknown CDC circuitry                     0  False Path  ck_rst         u_q/feat_r_reg[30]/R
1303  CDC-1   Critical  1-bit unknown CDC circuitry                     0  False Path  ck_rst         u_q/feat_r_reg[31]/R
1304  CDC-1   Critical  1-bit unknown CDC circuitry                     0  False Path  ck_rst         u_q/feat_r_reg[32]/R
1305  CDC-1   Critical  1-bit unknown CDC circuitry                     0  False Path  ck_rst         u_q/feat_r_reg[33]/R
1306  CDC-1   Critical  1-bit unknown CDC circuitry                     0  False Path  ck_rst         u_q/feat_r_reg[34]/R
1307  CDC-1   Critical  1-bit unknown CDC circuitry                     0  False Path  ck_rst         u_q/feat_r_reg[35]/R
1308  CDC-1   Critical  1-bit unknown CDC circuitry                     0  False Path  ck_rst         u_q/feat_r_reg[36]/R
1309  CDC-1   Critical  1-bit unknown CDC circuitry                     0  False Path  ck_rst         u_q/feat_r_reg[37]/R
1310  CDC-1   Critical  1-bit unknown CDC circuitry                     0  False Path  ck_rst         u_q/feat_r_reg[38]/R
1311  CDC-1   Critical  1-bit unknown CDC circuitry                     0  False Path  ck_rst         u_q/feat_r_reg[39]/R
1312  CDC-1   Critical  1-bit unknown CDC circuitry                     0  False Path  ck_rst         u_q/feat_r_reg[40]/R
1313  CDC-1   Critical  1-bit unknown CDC circuitry                     0  False Path  ck_rst         u_q/feat_r_reg[41]/R
1314  CDC-1   Critical  1-bit unknown CDC circuitry                     0  False Path  ck_rst         u_q/feat_r_reg[42]/R
1315  CDC-1   Critical  1-bit unknown CDC circuitry                     0  False Path  ck_rst         u_q/feat_r_reg[43]/R
1316  CDC-1   Critical  1-bit unknown CDC circuitry                     0  False Path  ck_rst         u_q/feat_r_reg[44]/R
1317  CDC-1   Critical  1-bit unknown CDC circuitry                     0  False Path  ck_rst         u_q/feat_r_reg[45]/R
1318  CDC-1   Critical  1-bit unknown CDC circuitry                     0  False Path  ck_rst         u_q/feat_r_reg[46]/R
1319  CDC-1   Critical  1-bit unknown CDC circuitry                     0  False Path  ck_rst         u_q/feat_r_reg[47]/R
1320  CDC-1   Critical  1-bit unknown CDC circuitry                     0  False Path  ck_rst         u_q/feat_r_reg[48]/R
1321  CDC-1   Critical  1-bit unknown CDC circuitry                     0  False Path  ck_rst         u_q/feat_r_reg[49]/R
1322  CDC-1   Critical  1-bit unknown CDC circuitry                     0  False Path  ck_rst         u_q/feat_r_reg[50]/R
1323  CDC-1   Critical  1-bit unknown CDC circuitry                     0  False Path  ck_rst         u_q/feat_r_reg[51]/R
1324  CDC-1   Critical  1-bit unknown CDC circuitry                     0  False Path  ck_rst         u_q/feat_r_reg[52]/R
1325  CDC-1   Critical  1-bit unknown CDC circuitry                     0  False Path  ck_rst         u_q/feat_r_reg[53]/R
1326  CDC-1   Critical  1-bit unknown CDC circuitry                     0  False Path  ck_rst         u_q/feat_r_reg[54]/R
1327  CDC-1   Critical  1-bit unknown CDC circuitry                     0  False Path  ck_rst         u_q/feat_r_reg[55]/R
1328  CDC-1   Critical  1-bit unknown CDC circuitry                     0  False Path  ck_rst         u_q/feat_r_reg[56]/R
1329  CDC-1   Critical  1-bit unknown CDC circuitry                     0  False Path  ck_rst         u_q/feat_r_reg[57]/R
1330  CDC-1   Critical  1-bit unknown CDC circuitry                     0  False Path  ck_rst         u_q/feat_r_reg[58]/R
1331  CDC-1   Critical  1-bit unknown CDC circuitry                     0  False Path  ck_rst         u_q/feat_r_reg[59]/R
1332  CDC-1   Critical  1-bit unknown CDC circuitry                     0  False Path  ck_rst         u_q/feat_r_reg[60]/R
1333  CDC-1   Critical  1-bit unknown CDC circuitry                     0  False Path  ck_rst         u_q/feat_r_reg[61]/R
1334  CDC-1   Critical  1-bit unknown CDC circuitry                     0  False Path  ck_rst         u_q/feat_r_reg[62]/R
1335  CDC-1   Critical  1-bit unknown CDC circuitry                     0  False Path  ck_rst         u_q/feat_r_reg[63]/R
1336  CDC-1   Critical  1-bit unknown CDC circuitry                     0  False Path  ck_rst         u_q/greedy_action_reg[0]/S
1337  CDC-1   Critical  1-bit unknown CDC circuitry                     0  False Path  ck_rst         u_q/greedy_action_reg[1]/S
1338  CDC-1   Critical  1-bit unknown CDC circuitry                     0  False Path  ck_rst         u_q/greedy_action_reg[2]/S
1339  CDC-1   Critical  1-bit unknown CDC circuitry                     0  False Path  ck_rst         u_q/have_best_reg/R
1340  CDC-1   Critical  1-bit unknown CDC circuitry                     0  False Path  ck_rst         u_q/have_prop_reg/R
1341  CDC-1   Critical  1-bit unknown CDC circuitry                     0  False Path  ck_rst         u_q/hit_r_reg/R
1342  CDC-1   Critical  1-bit unknown CDC circuitry                     0  False Path  ck_rst         u_q/illegal_exec_count_reg[0]/R
1343  CDC-1   Critical  1-bit unknown CDC circuitry                     0  False Path  ck_rst         u_q/illegal_exec_count_reg[1]/R
1344  CDC-1   Critical  1-bit unknown CDC circuitry                     0  False Path  ck_rst         u_q/illegal_exec_count_reg[2]/R
1345  CDC-1   Critical  1-bit unknown CDC circuitry                     0  False Path  ck_rst         u_q/illegal_exec_count_reg[3]/R
1346  CDC-1   Critical  1-bit unknown CDC circuitry                     0  False Path  ck_rst         u_q/illegal_exec_count_reg[4]/R
1347  CDC-1   Critical  1-bit unknown CDC circuitry                     0  False Path  ck_rst         u_q/illegal_exec_count_reg[5]/R
1348  CDC-1   Critical  1-bit unknown CDC circuitry                     0  False Path  ck_rst         u_q/illegal_exec_count_reg[6]/R
1349  CDC-1   Critical  1-bit unknown CDC circuitry                     0  False Path  ck_rst         u_q/illegal_exec_count_reg[7]/R
1350  CDC-1   Critical  1-bit unknown CDC circuitry                     0  False Path  ck_rst         u_q/illegal_exec_count_reg[8]/R
1351  CDC-1   Critical  1-bit unknown CDC circuitry                     0  False Path  ck_rst         u_q/illegal_exec_count_reg[9]/R
1352  CDC-1   Critical  1-bit unknown CDC circuitry                     0  False Path  ck_rst         u_q/illegal_exec_count_reg[10]/R
1353  CDC-1   Critical  1-bit unknown CDC circuitry                     0  False Path  ck_rst         u_q/illegal_exec_count_reg[11]/R
1354  CDC-1   Critical  1-bit unknown CDC circuitry                     0  False Path  ck_rst         u_q/illegal_exec_count_reg[12]/R
1355  CDC-1   Critical  1-bit unknown CDC circuitry                     0  False Path  ck_rst         u_q/illegal_exec_count_reg[13]/R
1356  CDC-1   Critical  1-bit unknown CDC circuitry                     0  False Path  ck_rst         u_q/illegal_exec_count_reg[14]/R
1357  CDC-1   Critical  1-bit unknown CDC circuitry                     0  False Path  ck_rst         u_q/illegal_exec_count_reg[15]/R
1358  CDC-1   Critical  1-bit unknown CDC circuitry                     0  False Path  ck_rst         u_q/illegal_selection_count_reg[0]/R
1359  CDC-1   Critical  1-bit unknown CDC circuitry                     0  False Path  ck_rst         u_q/illegal_selection_count_reg[1]/R
1360  CDC-1   Critical  1-bit unknown CDC circuitry                     0  False Path  ck_rst         u_q/illegal_selection_count_reg[2]/R
1361  CDC-1   Critical  1-bit unknown CDC circuitry                     0  False Path  ck_rst         u_q/illegal_selection_count_reg[3]/R
1362  CDC-1   Critical  1-bit unknown CDC circuitry                     0  False Path  ck_rst         u_q/illegal_selection_count_reg[4]/R
1363  CDC-1   Critical  1-bit unknown CDC circuitry                     0  False Path  ck_rst         u_q/illegal_selection_count_reg[5]/R
1364  CDC-1   Critical  1-bit unknown CDC circuitry                     0  False Path  ck_rst         u_q/illegal_selection_count_reg[6]/R
1365  CDC-1   Critical  1-bit unknown CDC circuitry                     0  False Path  ck_rst         u_q/illegal_selection_count_reg[7]/R
1366  CDC-1   Critical  1-bit unknown CDC circuitry                     0  False Path  ck_rst         u_q/illegal_selection_count_reg[8]/R
1367  CDC-1   Critical  1-bit unknown CDC circuitry                     0  False Path  ck_rst         u_q/illegal_selection_count_reg[9]/R
1368  CDC-1   Critical  1-bit unknown CDC circuitry                     0  False Path  ck_rst         u_q/illegal_selection_count_reg[10]/R
1369  CDC-1   Critical  1-bit unknown CDC circuitry                     0  False Path  ck_rst         u_q/illegal_selection_count_reg[11]/R
1370  CDC-1   Critical  1-bit unknown CDC circuitry                     0  False Path  ck_rst         u_q/illegal_selection_count_reg[12]/R
1371  CDC-1   Critical  1-bit unknown CDC circuitry                     0  False Path  ck_rst         u_q/illegal_selection_count_reg[13]/R
1372  CDC-1   Critical  1-bit unknown CDC circuitry                     0  False Path  ck_rst         u_q/illegal_selection_count_reg[14]/R
1373  CDC-1   Critical  1-bit unknown CDC circuitry                     0  False Path  ck_rst         u_q/illegal_selection_count_reg[15]/R
1374  CDC-1   Critical  1-bit unknown CDC circuitry                     0  False Path  ck_rst         u_q/k_expl_r_reg[0]/R
1375  CDC-1   Critical  1-bit unknown CDC circuitry                     0  False Path  ck_rst         u_q/k_expl_r_reg[1]/R
1376  CDC-1   Critical  1-bit unknown CDC circuitry                     0  False Path  ck_rst         u_q/k_expl_r_reg[2]/R
1377  CDC-1   Critical  1-bit unknown CDC circuitry                     0  False Path  ck_rst         u_q/lfsr_state_reg[0]/S
1378  CDC-1   Critical  1-bit unknown CDC circuitry                     0  False Path  ck_rst         u_q/lfsr_state_reg[1]/R
1379  CDC-1   Critical  1-bit unknown CDC circuitry                     0  False Path  ck_rst         u_q/lfsr_state_reg[2]/R
1380  CDC-1   Critical  1-bit unknown CDC circuitry                     0  False Path  ck_rst         u_q/lfsr_state_reg[3]/R
1381  CDC-1   Critical  1-bit unknown CDC circuitry                     0  False Path  ck_rst         u_q/lfsr_state_reg[4]/R
1382  CDC-1   Critical  1-bit unknown CDC circuitry                     0  False Path  ck_rst         u_q/lfsr_state_reg[5]/S
1383  CDC-1   Critical  1-bit unknown CDC circuitry                     0  False Path  ck_rst         u_q/lfsr_state_reg[6]/S
1384  CDC-1   Critical  1-bit unknown CDC circuitry                     0  False Path  ck_rst         u_q/lfsr_state_reg[7]/S
1385  CDC-1   Critical  1-bit unknown CDC circuitry                     0  False Path  ck_rst         u_q/lfsr_state_reg[8]/R
1386  CDC-1   Critical  1-bit unknown CDC circuitry                     0  False Path  ck_rst         u_q/lfsr_state_reg[9]/R
1387  CDC-1   Critical  1-bit unknown CDC circuitry                     0  False Path  ck_rst         u_q/lfsr_state_reg[10]/S
1388  CDC-1   Critical  1-bit unknown CDC circuitry                     0  False Path  ck_rst         u_q/lfsr_state_reg[11]/S
1389  CDC-1   Critical  1-bit unknown CDC circuitry                     0  False Path  ck_rst         u_q/lfsr_state_reg[12]/R
1390  CDC-1   Critical  1-bit unknown CDC circuitry                     0  False Path  ck_rst         u_q/lfsr_state_reg[13]/S
1391  CDC-1   Critical  1-bit unknown CDC circuitry                     0  False Path  ck_rst         u_q/lfsr_state_reg[14]/R
1392  CDC-1   Critical  1-bit unknown CDC circuitry                     0  False Path  ck_rst         u_q/lfsr_state_reg[15]/S
1393  CDC-13  Critical  1-bit CDC path on a non-FD primitive            0  False Path  ck_rst         u_q/m2/RSTA
1394  CDC-13  Critical  1-bit CDC path on a non-FD primitive            0  False Path  ck_rst         u_q/m2_r_reg/RSTP
1395  CDC-1   Critical  1-bit unknown CDC circuitry                     0  False Path  ck_rst         u_q/mask_r_reg[0]/R
1396  CDC-1   Critical  1-bit unknown CDC circuitry                     0  False Path  ck_rst         u_q/mask_r_reg[1]/R
1397  CDC-1   Critical  1-bit unknown CDC circuitry                     0  False Path  ck_rst         u_q/mask_r_reg[2]/R
1398  CDC-1   Critical  1-bit unknown CDC circuitry                     0  False Path  ck_rst         u_q/mask_r_reg[3]/R
1399  CDC-1   Critical  1-bit unknown CDC circuitry                     0  False Path  ck_rst         u_q/mask_r_reg[4]/R
1400  CDC-1   Critical  1-bit unknown CDC circuitry                     0  False Path  ck_rst         u_q/mask_r_reg[5]/R
1401  CDC-1   Critical  1-bit unknown CDC circuitry                     0  False Path  ck_rst         u_q/mask_r_reg[6]/R
1402  CDC-1   Critical  1-bit unknown CDC circuitry                     0  False Path  ck_rst         u_q/no_legal_count_reg[0]/R
1403  CDC-1   Critical  1-bit unknown CDC circuitry                     0  False Path  ck_rst         u_q/no_legal_count_reg[1]/R
1404  CDC-1   Critical  1-bit unknown CDC circuitry                     0  False Path  ck_rst         u_q/no_legal_count_reg[2]/R
1405  CDC-1   Critical  1-bit unknown CDC circuitry                     0  False Path  ck_rst         u_q/no_legal_count_reg[3]/R
1406  CDC-1   Critical  1-bit unknown CDC circuitry                     0  False Path  ck_rst         u_q/no_legal_count_reg[4]/R
1407  CDC-1   Critical  1-bit unknown CDC circuitry                     0  False Path  ck_rst         u_q/no_legal_count_reg[5]/R
1408  CDC-1   Critical  1-bit unknown CDC circuitry                     0  False Path  ck_rst         u_q/no_legal_count_reg[6]/R
1409  CDC-1   Critical  1-bit unknown CDC circuitry                     0  False Path  ck_rst         u_q/no_legal_count_reg[7]/R
1410  CDC-1   Critical  1-bit unknown CDC circuitry                     0  False Path  ck_rst         u_q/no_legal_count_reg[8]/R
1411  CDC-1   Critical  1-bit unknown CDC circuitry                     0  False Path  ck_rst         u_q/no_legal_count_reg[9]/R
1412  CDC-1   Critical  1-bit unknown CDC circuitry                     0  False Path  ck_rst         u_q/no_legal_count_reg[10]/R
1413  CDC-1   Critical  1-bit unknown CDC circuitry                     0  False Path  ck_rst         u_q/no_legal_count_reg[11]/R
1414  CDC-1   Critical  1-bit unknown CDC circuitry                     0  False Path  ck_rst         u_q/no_legal_count_reg[12]/R
1415  CDC-1   Critical  1-bit unknown CDC circuitry                     0  False Path  ck_rst         u_q/no_legal_count_reg[13]/R
1416  CDC-1   Critical  1-bit unknown CDC circuitry                     0  False Path  ck_rst         u_q/no_legal_count_reg[14]/R
1417  CDC-1   Critical  1-bit unknown CDC circuitry                     0  False Path  ck_rst         u_q/no_legal_count_reg[15]/R
1418  CDC-1   Critical  1-bit unknown CDC circuitry                     0  False Path  ck_rst         u_q/no_legal_reg/R
1419  CDC-1   Critical  1-bit unknown CDC circuitry                     0  False Path  ck_rst         u_q/prop_done_reg/R
1420  CDC-1   Critical  1-bit unknown CDC circuitry                     0  False Path  ck_rst         u_q/prop_refused_count_reg[0]/R
1421  CDC-1   Critical  1-bit unknown CDC circuitry                     0  False Path  ck_rst         u_q/prop_refused_count_reg[1]/R
1422  CDC-1   Critical  1-bit unknown CDC circuitry                     0  False Path  ck_rst         u_q/prop_refused_count_reg[2]/R
1423  CDC-1   Critical  1-bit unknown CDC circuitry                     0  False Path  ck_rst         u_q/prop_refused_count_reg[3]/R
1424  CDC-1   Critical  1-bit unknown CDC circuitry                     0  False Path  ck_rst         u_q/prop_refused_count_reg[4]/R
1425  CDC-1   Critical  1-bit unknown CDC circuitry                     0  False Path  ck_rst         u_q/prop_refused_count_reg[5]/R
1426  CDC-1   Critical  1-bit unknown CDC circuitry                     0  False Path  ck_rst         u_q/prop_refused_count_reg[6]/R
1427  CDC-1   Critical  1-bit unknown CDC circuitry                     0  False Path  ck_rst         u_q/prop_refused_count_reg[7]/R
1428  CDC-1   Critical  1-bit unknown CDC circuitry                     0  False Path  ck_rst         u_q/prop_refused_count_reg[8]/R
1429  CDC-1   Critical  1-bit unknown CDC circuitry                     0  False Path  ck_rst         u_q/prop_refused_count_reg[9]/R
1430  CDC-1   Critical  1-bit unknown CDC circuitry                     0  False Path  ck_rst         u_q/prop_refused_count_reg[10]/R
1431  CDC-1   Critical  1-bit unknown CDC circuitry                     0  False Path  ck_rst         u_q/prop_refused_count_reg[11]/R
1432  CDC-1   Critical  1-bit unknown CDC circuitry                     0  False Path  ck_rst         u_q/prop_refused_count_reg[12]/R
1433  CDC-1   Critical  1-bit unknown CDC circuitry                     0  False Path  ck_rst         u_q/prop_refused_count_reg[13]/R
1434  CDC-1   Critical  1-bit unknown CDC circuitry                     0  False Path  ck_rst         u_q/prop_refused_count_reg[14]/R
1435  CDC-1   Critical  1-bit unknown CDC circuitry                     0  False Path  ck_rst         u_q/prop_refused_count_reg[15]/R
1436  CDC-1   Critical  1-bit unknown CDC circuitry                     0  False Path  ck_rst         u_q/prop_refused_reg/R
1437  CDC-1   Critical  1-bit unknown CDC circuitry                     0  False Path  ck_rst         u_q/prop_valid_reg/R
1438  CDC-1   Critical  1-bit unknown CDC circuitry                     0  False Path  ck_rst         u_q/proposed_action_reg[0]/S
1439  CDC-1   Critical  1-bit unknown CDC circuitry                     0  False Path  ck_rst         u_q/proposed_action_reg[1]/S
1440  CDC-1   Critical  1-bit unknown CDC circuitry                     0  False Path  ck_rst         u_q/proposed_action_reg[2]/S
1441  CDC-1   Critical  1-bit unknown CDC circuitry                     0  False Path  ck_rst         u_q/q_exec_r_reg[0]/R
1442  CDC-1   Critical  1-bit unknown CDC circuitry                     0  False Path  ck_rst         u_q/q_exec_r_reg[1]/R
1443  CDC-1   Critical  1-bit unknown CDC circuitry                     0  False Path  ck_rst         u_q/q_exec_r_reg[2]/R
1444  CDC-1   Critical  1-bit unknown CDC circuitry                     0  False Path  ck_rst         u_q/q_exec_r_reg[3]/R
1445  CDC-1   Critical  1-bit unknown CDC circuitry                     0  False Path  ck_rst         u_q/q_exec_r_reg[4]/R
1446  CDC-1   Critical  1-bit unknown CDC circuitry                     0  False Path  ck_rst         u_q/q_exec_r_reg[5]/R
1447  CDC-1   Critical  1-bit unknown CDC circuitry                     0  False Path  ck_rst         u_q/q_exec_r_reg[6]/R
1448  CDC-1   Critical  1-bit unknown CDC circuitry                     0  False Path  ck_rst         u_q/q_exec_r_reg[7]/R
1449  CDC-1   Critical  1-bit unknown CDC circuitry                     0  False Path  ck_rst         u_q/q_exec_r_reg[8]/R
1450  CDC-1   Critical  1-bit unknown CDC circuitry                     0  False Path  ck_rst         u_q/q_exec_r_reg[9]/R
1451  CDC-1   Critical  1-bit unknown CDC circuitry                     0  False Path  ck_rst         u_q/q_exec_r_reg[10]/R
1452  CDC-1   Critical  1-bit unknown CDC circuitry                     0  False Path  ck_rst         u_q/q_exec_r_reg[11]/R
1453  CDC-1   Critical  1-bit unknown CDC circuitry                     0  False Path  ck_rst         u_q/q_exec_r_reg[12]/R
1454  CDC-1   Critical  1-bit unknown CDC circuitry                     0  False Path  ck_rst         u_q/q_exec_r_reg[13]/R
1455  CDC-1   Critical  1-bit unknown CDC circuitry                     0  False Path  ck_rst         u_q/q_exec_r_reg[14]/R
1456  CDC-1   Critical  1-bit unknown CDC circuitry                     0  False Path  ck_rst         u_q/q_exec_r_reg[15]/R
1457  CDC-1   Critical  1-bit unknown CDC circuitry                     0  False Path  ck_rst         u_q/q_exec_r_reg[16]/R
1458  CDC-1   Critical  1-bit unknown CDC circuitry                     0  False Path  ck_rst         u_q/q_exec_r_reg[17]/R
1459  CDC-1   Critical  1-bit unknown CDC circuitry                     0  False Path  ck_rst         u_q/q_exec_r_reg[18]/R
1460  CDC-1   Critical  1-bit unknown CDC circuitry                     0  False Path  ck_rst         u_q/q_exec_r_reg[19]/R
1461  CDC-1   Critical  1-bit unknown CDC circuitry                     0  False Path  ck_rst         u_q/q_exec_r_reg[20]/R
1462  CDC-1   Critical  1-bit unknown CDC circuitry                     0  False Path  ck_rst         u_q/q_exec_r_reg[21]/R
1463  CDC-1   Critical  1-bit unknown CDC circuitry                     0  False Path  ck_rst         u_q/q_exec_r_reg[22]/R
1464  CDC-1   Critical  1-bit unknown CDC circuitry                     0  False Path  ck_rst         u_q/q_exec_r_reg[23]/R
1465  CDC-1   Critical  1-bit unknown CDC circuitry                     0  False Path  ck_rst         u_q/q_exec_r_reg[24]/R
1466  CDC-1   Critical  1-bit unknown CDC circuitry                     0  False Path  ck_rst         u_q/q_exec_r_reg[25]/R
1467  CDC-1   Critical  1-bit unknown CDC circuitry                     0  False Path  ck_rst         u_q/q_exec_r_reg[26]/R
1468  CDC-1   Critical  1-bit unknown CDC circuitry                     0  False Path  ck_rst         u_q/q_exec_r_reg[27]/R
1469  CDC-1   Critical  1-bit unknown CDC circuitry                     0  False Path  ck_rst         u_q/q_exec_r_reg[28]/R
1470  CDC-1   Critical  1-bit unknown CDC circuitry                     0  False Path  ck_rst         u_q/q_exec_r_reg[29]/R
1471  CDC-1   Critical  1-bit unknown CDC circuitry                     0  False Path  ck_rst         u_q/q_exec_r_reg[30]/R
1472  CDC-1   Critical  1-bit unknown CDC circuitry                     0  False Path  ck_rst         u_q/q_exec_r_reg[31]/R
1473  CDC-1   Critical  1-bit unknown CDC circuitry                     0  False Path  ck_rst         u_q/q_policy_version_reg[0]/R
1474  CDC-1   Critical  1-bit unknown CDC circuitry                     0  False Path  ck_rst         u_q/q_policy_version_reg[1]/R
1475  CDC-1   Critical  1-bit unknown CDC circuitry                     0  False Path  ck_rst         u_q/q_policy_version_reg[2]/R
1476  CDC-1   Critical  1-bit unknown CDC circuitry                     0  False Path  ck_rst         u_q/q_policy_version_reg[3]/R
1477  CDC-1   Critical  1-bit unknown CDC circuitry                     0  False Path  ck_rst         u_q/q_policy_version_reg[4]/R
1478  CDC-1   Critical  1-bit unknown CDC circuitry                     0  False Path  ck_rst         u_q/q_policy_version_reg[5]/R
1479  CDC-1   Critical  1-bit unknown CDC circuitry                     0  False Path  ck_rst         u_q/q_policy_version_reg[6]/R
1480  CDC-1   Critical  1-bit unknown CDC circuitry                     0  False Path  ck_rst         u_q/q_policy_version_reg[7]/R
1481  CDC-1   Critical  1-bit unknown CDC circuitry                     0  False Path  ck_rst         u_q/q_policy_version_reg[8]/R
1482  CDC-1   Critical  1-bit unknown CDC circuitry                     0  False Path  ck_rst         u_q/q_policy_version_reg[9]/R
1483  CDC-1   Critical  1-bit unknown CDC circuitry                     0  False Path  ck_rst         u_q/q_policy_version_reg[10]/R
1484  CDC-1   Critical  1-bit unknown CDC circuitry                     0  False Path  ck_rst         u_q/q_policy_version_reg[11]/R
1485  CDC-1   Critical  1-bit unknown CDC circuitry                     0  False Path  ck_rst         u_q/q_policy_version_reg[12]/R
1486  CDC-1   Critical  1-bit unknown CDC circuitry                     0  False Path  ck_rst         u_q/q_policy_version_reg[13]/R
1487  CDC-1   Critical  1-bit unknown CDC circuitry                     0  False Path  ck_rst         u_q/q_policy_version_reg[14]/R
1488  CDC-1   Critical  1-bit unknown CDC circuitry                     0  False Path  ck_rst         u_q/q_policy_version_reg[15]/R
1489  CDC-1   Critical  1-bit unknown CDC circuitry                     0  False Path  ck_rst         u_q/q_row_reg[0][0]/R
1490  CDC-1   Critical  1-bit unknown CDC circuitry                     0  False Path  ck_rst         u_q/q_row_reg[0][1]/R
1491  CDC-1   Critical  1-bit unknown CDC circuitry                     0  False Path  ck_rst         u_q/q_row_reg[0][2]/R
1492  CDC-1   Critical  1-bit unknown CDC circuitry                     0  False Path  ck_rst         u_q/q_row_reg[0][3]/R
1493  CDC-1   Critical  1-bit unknown CDC circuitry                     0  False Path  ck_rst         u_q/q_row_reg[0][4]/R
1494  CDC-1   Critical  1-bit unknown CDC circuitry                     0  False Path  ck_rst         u_q/q_row_reg[0][5]/R
1495  CDC-1   Critical  1-bit unknown CDC circuitry                     0  False Path  ck_rst         u_q/q_row_reg[0][6]/R
1496  CDC-1   Critical  1-bit unknown CDC circuitry                     0  False Path  ck_rst         u_q/q_row_reg[0][7]/R
1497  CDC-1   Critical  1-bit unknown CDC circuitry                     0  False Path  ck_rst         u_q/q_row_reg[0][8]/R
1498  CDC-1   Critical  1-bit unknown CDC circuitry                     0  False Path  ck_rst         u_q/q_row_reg[0][9]/R
1499  CDC-1   Critical  1-bit unknown CDC circuitry                     0  False Path  ck_rst         u_q/q_row_reg[0][10]/R
1500  CDC-1   Critical  1-bit unknown CDC circuitry                     0  False Path  ck_rst         u_q/q_row_reg[0][11]/R
1501  CDC-1   Critical  1-bit unknown CDC circuitry                     0  False Path  ck_rst         u_q/q_row_reg[0][12]/R
1502  CDC-1   Critical  1-bit unknown CDC circuitry                     0  False Path  ck_rst         u_q/q_row_reg[0][13]/R
1503  CDC-1   Critical  1-bit unknown CDC circuitry                     0  False Path  ck_rst         u_q/q_row_reg[0][14]/R
1504  CDC-1   Critical  1-bit unknown CDC circuitry                     0  False Path  ck_rst         u_q/q_row_reg[0][15]/R
1505  CDC-1   Critical  1-bit unknown CDC circuitry                     0  False Path  ck_rst         u_q/q_row_reg[0][16]/R
1506  CDC-1   Critical  1-bit unknown CDC circuitry                     0  False Path  ck_rst         u_q/q_row_reg[0][17]/R
1507  CDC-1   Critical  1-bit unknown CDC circuitry                     0  False Path  ck_rst         u_q/q_row_reg[0][18]/R
1508  CDC-1   Critical  1-bit unknown CDC circuitry                     0  False Path  ck_rst         u_q/q_row_reg[0][19]/R
1509  CDC-1   Critical  1-bit unknown CDC circuitry                     0  False Path  ck_rst         u_q/q_row_reg[0][20]/R
1510  CDC-1   Critical  1-bit unknown CDC circuitry                     0  False Path  ck_rst         u_q/q_row_reg[0][21]/R
1511  CDC-1   Critical  1-bit unknown CDC circuitry                     0  False Path  ck_rst         u_q/q_row_reg[0][22]/R
1512  CDC-1   Critical  1-bit unknown CDC circuitry                     0  False Path  ck_rst         u_q/q_row_reg[0][23]/R
1513  CDC-1   Critical  1-bit unknown CDC circuitry                     0  False Path  ck_rst         u_q/q_row_reg[0][24]/R
1514  CDC-1   Critical  1-bit unknown CDC circuitry                     0  False Path  ck_rst         u_q/q_row_reg[0][25]/R
1515  CDC-1   Critical  1-bit unknown CDC circuitry                     0  False Path  ck_rst         u_q/q_row_reg[0][26]/R
1516  CDC-1   Critical  1-bit unknown CDC circuitry                     0  False Path  ck_rst         u_q/q_row_reg[0][27]/R
1517  CDC-1   Critical  1-bit unknown CDC circuitry                     0  False Path  ck_rst         u_q/q_row_reg[0][28]/R
1518  CDC-1   Critical  1-bit unknown CDC circuitry                     0  False Path  ck_rst         u_q/q_row_reg[0][29]/R
1519  CDC-1   Critical  1-bit unknown CDC circuitry                     0  False Path  ck_rst         u_q/q_row_reg[0][30]/R
1520  CDC-1   Critical  1-bit unknown CDC circuitry                     0  False Path  ck_rst         u_q/q_row_reg[0][31]/R
1521  CDC-1   Critical  1-bit unknown CDC circuitry                     0  False Path  ck_rst         u_q/q_row_reg[1][0]/R
1522  CDC-1   Critical  1-bit unknown CDC circuitry                     0  False Path  ck_rst         u_q/q_row_reg[1][1]/R
1523  CDC-1   Critical  1-bit unknown CDC circuitry                     0  False Path  ck_rst         u_q/q_row_reg[1][2]/R
1524  CDC-1   Critical  1-bit unknown CDC circuitry                     0  False Path  ck_rst         u_q/q_row_reg[1][3]/R
1525  CDC-1   Critical  1-bit unknown CDC circuitry                     0  False Path  ck_rst         u_q/q_row_reg[1][4]/R
1526  CDC-1   Critical  1-bit unknown CDC circuitry                     0  False Path  ck_rst         u_q/q_row_reg[1][5]/R
1527  CDC-1   Critical  1-bit unknown CDC circuitry                     0  False Path  ck_rst         u_q/q_row_reg[1][6]/R
1528  CDC-1   Critical  1-bit unknown CDC circuitry                     0  False Path  ck_rst         u_q/q_row_reg[1][7]/R
1529  CDC-1   Critical  1-bit unknown CDC circuitry                     0  False Path  ck_rst         u_q/q_row_reg[1][8]/R
1530  CDC-1   Critical  1-bit unknown CDC circuitry                     0  False Path  ck_rst         u_q/q_row_reg[1][9]/R
1531  CDC-1   Critical  1-bit unknown CDC circuitry                     0  False Path  ck_rst         u_q/q_row_reg[1][10]/R
1532  CDC-1   Critical  1-bit unknown CDC circuitry                     0  False Path  ck_rst         u_q/q_row_reg[1][11]/R
1533  CDC-1   Critical  1-bit unknown CDC circuitry                     0  False Path  ck_rst         u_q/q_row_reg[1][12]/R
1534  CDC-1   Critical  1-bit unknown CDC circuitry                     0  False Path  ck_rst         u_q/q_row_reg[1][13]/R
1535  CDC-1   Critical  1-bit unknown CDC circuitry                     0  False Path  ck_rst         u_q/q_row_reg[1][14]/R
1536  CDC-1   Critical  1-bit unknown CDC circuitry                     0  False Path  ck_rst         u_q/q_row_reg[1][15]/R
1537  CDC-1   Critical  1-bit unknown CDC circuitry                     0  False Path  ck_rst         u_q/q_row_reg[1][16]/R
1538  CDC-1   Critical  1-bit unknown CDC circuitry                     0  False Path  ck_rst         u_q/q_row_reg[1][17]/R
1539  CDC-1   Critical  1-bit unknown CDC circuitry                     0  False Path  ck_rst         u_q/q_row_reg[1][18]/R
1540  CDC-1   Critical  1-bit unknown CDC circuitry                     0  False Path  ck_rst         u_q/q_row_reg[1][19]/R
1541  CDC-1   Critical  1-bit unknown CDC circuitry                     0  False Path  ck_rst         u_q/q_row_reg[1][20]/R
1542  CDC-1   Critical  1-bit unknown CDC circuitry                     0  False Path  ck_rst         u_q/q_row_reg[1][21]/R
1543  CDC-1   Critical  1-bit unknown CDC circuitry                     0  False Path  ck_rst         u_q/q_row_reg[1][22]/R
1544  CDC-1   Critical  1-bit unknown CDC circuitry                     0  False Path  ck_rst         u_q/q_row_reg[1][23]/R
1545  CDC-1   Critical  1-bit unknown CDC circuitry                     0  False Path  ck_rst         u_q/q_row_reg[1][24]/R
1546  CDC-1   Critical  1-bit unknown CDC circuitry                     0  False Path  ck_rst         u_q/q_row_reg[1][25]/R
1547  CDC-1   Critical  1-bit unknown CDC circuitry                     0  False Path  ck_rst         u_q/q_row_reg[1][26]/R
1548  CDC-1   Critical  1-bit unknown CDC circuitry                     0  False Path  ck_rst         u_q/q_row_reg[1][27]/R
1549  CDC-1   Critical  1-bit unknown CDC circuitry                     0  False Path  ck_rst         u_q/q_row_reg[1][28]/R
1550  CDC-1   Critical  1-bit unknown CDC circuitry                     0  False Path  ck_rst         u_q/q_row_reg[1][29]/R
1551  CDC-1   Critical  1-bit unknown CDC circuitry                     0  False Path  ck_rst         u_q/q_row_reg[1][30]/R
1552  CDC-1   Critical  1-bit unknown CDC circuitry                     0  False Path  ck_rst         u_q/q_row_reg[1][31]/R
1553  CDC-1   Critical  1-bit unknown CDC circuitry                     0  False Path  ck_rst         u_q/q_row_reg[2][0]/R
1554  CDC-1   Critical  1-bit unknown CDC circuitry                     0  False Path  ck_rst         u_q/q_row_reg[2][1]/R
1555  CDC-1   Critical  1-bit unknown CDC circuitry                     0  False Path  ck_rst         u_q/q_row_reg[2][2]/R
1556  CDC-1   Critical  1-bit unknown CDC circuitry                     0  False Path  ck_rst         u_q/q_row_reg[2][3]/R
1557  CDC-1   Critical  1-bit unknown CDC circuitry                     0  False Path  ck_rst         u_q/q_row_reg[2][4]/R
1558  CDC-1   Critical  1-bit unknown CDC circuitry                     0  False Path  ck_rst         u_q/q_row_reg[2][5]/R
1559  CDC-1   Critical  1-bit unknown CDC circuitry                     0  False Path  ck_rst         u_q/q_row_reg[2][6]/R
1560  CDC-1   Critical  1-bit unknown CDC circuitry                     0  False Path  ck_rst         u_q/q_row_reg[2][7]/R
1561  CDC-1   Critical  1-bit unknown CDC circuitry                     0  False Path  ck_rst         u_q/q_row_reg[2][8]/R
1562  CDC-1   Critical  1-bit unknown CDC circuitry                     0  False Path  ck_rst         u_q/q_row_reg[2][9]/R
1563  CDC-1   Critical  1-bit unknown CDC circuitry                     0  False Path  ck_rst         u_q/q_row_reg[2][10]/R
1564  CDC-1   Critical  1-bit unknown CDC circuitry                     0  False Path  ck_rst         u_q/q_row_reg[2][11]/R
1565  CDC-1   Critical  1-bit unknown CDC circuitry                     0  False Path  ck_rst         u_q/q_row_reg[2][12]/R
1566  CDC-1   Critical  1-bit unknown CDC circuitry                     0  False Path  ck_rst         u_q/q_row_reg[2][13]/R
1567  CDC-1   Critical  1-bit unknown CDC circuitry                     0  False Path  ck_rst         u_q/q_row_reg[2][14]/R
1568  CDC-1   Critical  1-bit unknown CDC circuitry                     0  False Path  ck_rst         u_q/q_row_reg[2][15]/R
1569  CDC-1   Critical  1-bit unknown CDC circuitry                     0  False Path  ck_rst         u_q/q_row_reg[2][16]/R
1570  CDC-1   Critical  1-bit unknown CDC circuitry                     0  False Path  ck_rst         u_q/q_row_reg[2][17]/R
1571  CDC-1   Critical  1-bit unknown CDC circuitry                     0  False Path  ck_rst         u_q/q_row_reg[2][18]/R
1572  CDC-1   Critical  1-bit unknown CDC circuitry                     0  False Path  ck_rst         u_q/q_row_reg[2][19]/R
1573  CDC-1   Critical  1-bit unknown CDC circuitry                     0  False Path  ck_rst         u_q/q_row_reg[2][20]/R
1574  CDC-1   Critical  1-bit unknown CDC circuitry                     0  False Path  ck_rst         u_q/q_row_reg[2][21]/R
1575  CDC-1   Critical  1-bit unknown CDC circuitry                     0  False Path  ck_rst         u_q/q_row_reg[2][22]/R
1576  CDC-1   Critical  1-bit unknown CDC circuitry                     0  False Path  ck_rst         u_q/q_row_reg[2][23]/R
1577  CDC-1   Critical  1-bit unknown CDC circuitry                     0  False Path  ck_rst         u_q/q_row_reg[2][24]/R
1578  CDC-1   Critical  1-bit unknown CDC circuitry                     0  False Path  ck_rst         u_q/q_row_reg[2][25]/R
1579  CDC-1   Critical  1-bit unknown CDC circuitry                     0  False Path  ck_rst         u_q/q_row_reg[2][26]/R
1580  CDC-1   Critical  1-bit unknown CDC circuitry                     0  False Path  ck_rst         u_q/q_row_reg[2][27]/R
1581  CDC-1   Critical  1-bit unknown CDC circuitry                     0  False Path  ck_rst         u_q/q_row_reg[2][28]/R
1582  CDC-1   Critical  1-bit unknown CDC circuitry                     0  False Path  ck_rst         u_q/q_row_reg[2][29]/R
1583  CDC-1   Critical  1-bit unknown CDC circuitry                     0  False Path  ck_rst         u_q/q_row_reg[2][30]/R
1584  CDC-1   Critical  1-bit unknown CDC circuitry                     0  False Path  ck_rst         u_q/q_row_reg[2][31]/R
1585  CDC-1   Critical  1-bit unknown CDC circuitry                     0  False Path  ck_rst         u_q/q_row_reg[3][0]/R
1586  CDC-1   Critical  1-bit unknown CDC circuitry                     0  False Path  ck_rst         u_q/q_row_reg[3][1]/R
1587  CDC-1   Critical  1-bit unknown CDC circuitry                     0  False Path  ck_rst         u_q/q_row_reg[3][2]/R
1588  CDC-1   Critical  1-bit unknown CDC circuitry                     0  False Path  ck_rst         u_q/q_row_reg[3][3]/R
1589  CDC-1   Critical  1-bit unknown CDC circuitry                     0  False Path  ck_rst         u_q/q_row_reg[3][4]/R
1590  CDC-1   Critical  1-bit unknown CDC circuitry                     0  False Path  ck_rst         u_q/q_row_reg[3][5]/R
1591  CDC-1   Critical  1-bit unknown CDC circuitry                     0  False Path  ck_rst         u_q/q_row_reg[3][6]/R
1592  CDC-1   Critical  1-bit unknown CDC circuitry                     0  False Path  ck_rst         u_q/q_row_reg[3][7]/R
1593  CDC-1   Critical  1-bit unknown CDC circuitry                     0  False Path  ck_rst         u_q/q_row_reg[3][8]/R
1594  CDC-1   Critical  1-bit unknown CDC circuitry                     0  False Path  ck_rst         u_q/q_row_reg[3][9]/R
1595  CDC-1   Critical  1-bit unknown CDC circuitry                     0  False Path  ck_rst         u_q/q_row_reg[3][10]/R
1596  CDC-1   Critical  1-bit unknown CDC circuitry                     0  False Path  ck_rst         u_q/q_row_reg[3][11]/R
1597  CDC-1   Critical  1-bit unknown CDC circuitry                     0  False Path  ck_rst         u_q/q_row_reg[3][12]/R
1598  CDC-1   Critical  1-bit unknown CDC circuitry                     0  False Path  ck_rst         u_q/q_row_reg[3][13]/R
1599  CDC-1   Critical  1-bit unknown CDC circuitry                     0  False Path  ck_rst         u_q/q_row_reg[3][14]/R
1600  CDC-1   Critical  1-bit unknown CDC circuitry                     0  False Path  ck_rst         u_q/q_row_reg[3][15]/R
1601  CDC-1   Critical  1-bit unknown CDC circuitry                     0  False Path  ck_rst         u_q/q_row_reg[3][16]/R
1602  CDC-1   Critical  1-bit unknown CDC circuitry                     0  False Path  ck_rst         u_q/q_row_reg[3][17]/R
1603  CDC-1   Critical  1-bit unknown CDC circuitry                     0  False Path  ck_rst         u_q/q_row_reg[3][18]/R
1604  CDC-1   Critical  1-bit unknown CDC circuitry                     0  False Path  ck_rst         u_q/q_row_reg[3][19]/R
1605  CDC-1   Critical  1-bit unknown CDC circuitry                     0  False Path  ck_rst         u_q/q_row_reg[3][20]/R
1606  CDC-1   Critical  1-bit unknown CDC circuitry                     0  False Path  ck_rst         u_q/q_row_reg[3][21]/R
1607  CDC-1   Critical  1-bit unknown CDC circuitry                     0  False Path  ck_rst         u_q/q_row_reg[3][22]/R
1608  CDC-1   Critical  1-bit unknown CDC circuitry                     0  False Path  ck_rst         u_q/q_row_reg[3][23]/R
1609  CDC-1   Critical  1-bit unknown CDC circuitry                     0  False Path  ck_rst         u_q/q_row_reg[3][24]/R
1610  CDC-1   Critical  1-bit unknown CDC circuitry                     0  False Path  ck_rst         u_q/q_row_reg[3][25]/R
1611  CDC-1   Critical  1-bit unknown CDC circuitry                     0  False Path  ck_rst         u_q/q_row_reg[3][26]/R
1612  CDC-1   Critical  1-bit unknown CDC circuitry                     0  False Path  ck_rst         u_q/q_row_reg[3][27]/R
1613  CDC-1   Critical  1-bit unknown CDC circuitry                     0  False Path  ck_rst         u_q/q_row_reg[3][28]/R
1614  CDC-1   Critical  1-bit unknown CDC circuitry                     0  False Path  ck_rst         u_q/q_row_reg[3][29]/R
1615  CDC-1   Critical  1-bit unknown CDC circuitry                     0  False Path  ck_rst         u_q/q_row_reg[3][30]/R
1616  CDC-1   Critical  1-bit unknown CDC circuitry                     0  False Path  ck_rst         u_q/q_row_reg[3][31]/R
1617  CDC-1   Critical  1-bit unknown CDC circuitry                     0  False Path  ck_rst         u_q/q_row_reg[4][0]/R
1618  CDC-1   Critical  1-bit unknown CDC circuitry                     0  False Path  ck_rst         u_q/q_row_reg[4][1]/R
1619  CDC-1   Critical  1-bit unknown CDC circuitry                     0  False Path  ck_rst         u_q/q_row_reg[4][2]/R
1620  CDC-1   Critical  1-bit unknown CDC circuitry                     0  False Path  ck_rst         u_q/q_row_reg[4][3]/R
1621  CDC-1   Critical  1-bit unknown CDC circuitry                     0  False Path  ck_rst         u_q/q_row_reg[4][4]/R
1622  CDC-1   Critical  1-bit unknown CDC circuitry                     0  False Path  ck_rst         u_q/q_row_reg[4][5]/R
1623  CDC-1   Critical  1-bit unknown CDC circuitry                     0  False Path  ck_rst         u_q/q_row_reg[4][6]/R
1624  CDC-1   Critical  1-bit unknown CDC circuitry                     0  False Path  ck_rst         u_q/q_row_reg[4][7]/R
1625  CDC-1   Critical  1-bit unknown CDC circuitry                     0  False Path  ck_rst         u_q/q_row_reg[4][8]/R
1626  CDC-1   Critical  1-bit unknown CDC circuitry                     0  False Path  ck_rst         u_q/q_row_reg[4][9]/R
1627  CDC-1   Critical  1-bit unknown CDC circuitry                     0  False Path  ck_rst         u_q/q_row_reg[4][10]/R
1628  CDC-1   Critical  1-bit unknown CDC circuitry                     0  False Path  ck_rst         u_q/q_row_reg[4][11]/R
1629  CDC-1   Critical  1-bit unknown CDC circuitry                     0  False Path  ck_rst         u_q/q_row_reg[4][12]/R
1630  CDC-1   Critical  1-bit unknown CDC circuitry                     0  False Path  ck_rst         u_q/q_row_reg[4][13]/R
1631  CDC-1   Critical  1-bit unknown CDC circuitry                     0  False Path  ck_rst         u_q/q_row_reg[4][14]/R
1632  CDC-1   Critical  1-bit unknown CDC circuitry                     0  False Path  ck_rst         u_q/q_row_reg[4][15]/R
1633  CDC-1   Critical  1-bit unknown CDC circuitry                     0  False Path  ck_rst         u_q/q_row_reg[4][16]/R
1634  CDC-1   Critical  1-bit unknown CDC circuitry                     0  False Path  ck_rst         u_q/q_row_reg[4][17]/R
1635  CDC-1   Critical  1-bit unknown CDC circuitry                     0  False Path  ck_rst         u_q/q_row_reg[4][18]/R
1636  CDC-1   Critical  1-bit unknown CDC circuitry                     0  False Path  ck_rst         u_q/q_row_reg[4][19]/R
1637  CDC-1   Critical  1-bit unknown CDC circuitry                     0  False Path  ck_rst         u_q/q_row_reg[4][20]/R
1638  CDC-1   Critical  1-bit unknown CDC circuitry                     0  False Path  ck_rst         u_q/q_row_reg[4][21]/R
1639  CDC-1   Critical  1-bit unknown CDC circuitry                     0  False Path  ck_rst         u_q/q_row_reg[4][22]/R
1640  CDC-1   Critical  1-bit unknown CDC circuitry                     0  False Path  ck_rst         u_q/q_row_reg[4][23]/R
1641  CDC-1   Critical  1-bit unknown CDC circuitry                     0  False Path  ck_rst         u_q/q_row_reg[4][24]/R
1642  CDC-1   Critical  1-bit unknown CDC circuitry                     0  False Path  ck_rst         u_q/q_row_reg[4][25]/R
1643  CDC-1   Critical  1-bit unknown CDC circuitry                     0  False Path  ck_rst         u_q/q_row_reg[4][26]/R
1644  CDC-1   Critical  1-bit unknown CDC circuitry                     0  False Path  ck_rst         u_q/q_row_reg[4][27]/R
1645  CDC-1   Critical  1-bit unknown CDC circuitry                     0  False Path  ck_rst         u_q/q_row_reg[4][28]/R
1646  CDC-1   Critical  1-bit unknown CDC circuitry                     0  False Path  ck_rst         u_q/q_row_reg[4][29]/R
1647  CDC-1   Critical  1-bit unknown CDC circuitry                     0  False Path  ck_rst         u_q/q_row_reg[4][30]/R
1648  CDC-1   Critical  1-bit unknown CDC circuitry                     0  False Path  ck_rst         u_q/q_row_reg[4][31]/R
1649  CDC-1   Critical  1-bit unknown CDC circuitry                     0  False Path  ck_rst         u_q/q_row_reg[5][0]/R
1650  CDC-1   Critical  1-bit unknown CDC circuitry                     0  False Path  ck_rst         u_q/q_row_reg[5][1]/R
1651  CDC-1   Critical  1-bit unknown CDC circuitry                     0  False Path  ck_rst         u_q/q_row_reg[5][2]/R
1652  CDC-1   Critical  1-bit unknown CDC circuitry                     0  False Path  ck_rst         u_q/q_row_reg[5][3]/R
1653  CDC-1   Critical  1-bit unknown CDC circuitry                     0  False Path  ck_rst         u_q/q_row_reg[5][4]/R
1654  CDC-1   Critical  1-bit unknown CDC circuitry                     0  False Path  ck_rst         u_q/q_row_reg[5][5]/R
1655  CDC-1   Critical  1-bit unknown CDC circuitry                     0  False Path  ck_rst         u_q/q_row_reg[5][6]/R
1656  CDC-1   Critical  1-bit unknown CDC circuitry                     0  False Path  ck_rst         u_q/q_row_reg[5][7]/R
1657  CDC-1   Critical  1-bit unknown CDC circuitry                     0  False Path  ck_rst         u_q/q_row_reg[5][8]/R
1658  CDC-1   Critical  1-bit unknown CDC circuitry                     0  False Path  ck_rst         u_q/q_row_reg[5][9]/R
1659  CDC-1   Critical  1-bit unknown CDC circuitry                     0  False Path  ck_rst         u_q/q_row_reg[5][10]/R
1660  CDC-1   Critical  1-bit unknown CDC circuitry                     0  False Path  ck_rst         u_q/q_row_reg[5][11]/R
1661  CDC-1   Critical  1-bit unknown CDC circuitry                     0  False Path  ck_rst         u_q/q_row_reg[5][12]/R
1662  CDC-1   Critical  1-bit unknown CDC circuitry                     0  False Path  ck_rst         u_q/q_row_reg[5][13]/R
1663  CDC-1   Critical  1-bit unknown CDC circuitry                     0  False Path  ck_rst         u_q/q_row_reg[5][14]/R
1664  CDC-1   Critical  1-bit unknown CDC circuitry                     0  False Path  ck_rst         u_q/q_row_reg[5][15]/R
1665  CDC-1   Critical  1-bit unknown CDC circuitry                     0  False Path  ck_rst         u_q/q_row_reg[5][16]/R
1666  CDC-1   Critical  1-bit unknown CDC circuitry                     0  False Path  ck_rst         u_q/q_row_reg[5][17]/R
1667  CDC-1   Critical  1-bit unknown CDC circuitry                     0  False Path  ck_rst         u_q/q_row_reg[5][18]/R
1668  CDC-1   Critical  1-bit unknown CDC circuitry                     0  False Path  ck_rst         u_q/q_row_reg[5][19]/R
1669  CDC-1   Critical  1-bit unknown CDC circuitry                     0  False Path  ck_rst         u_q/q_row_reg[5][20]/R
1670  CDC-1   Critical  1-bit unknown CDC circuitry                     0  False Path  ck_rst         u_q/q_row_reg[5][21]/R
1671  CDC-1   Critical  1-bit unknown CDC circuitry                     0  False Path  ck_rst         u_q/q_row_reg[5][22]/R
1672  CDC-1   Critical  1-bit unknown CDC circuitry                     0  False Path  ck_rst         u_q/q_row_reg[5][23]/R
1673  CDC-1   Critical  1-bit unknown CDC circuitry                     0  False Path  ck_rst         u_q/q_row_reg[5][24]/R
1674  CDC-1   Critical  1-bit unknown CDC circuitry                     0  False Path  ck_rst         u_q/q_row_reg[5][25]/R
1675  CDC-1   Critical  1-bit unknown CDC circuitry                     0  False Path  ck_rst         u_q/q_row_reg[5][26]/R
1676  CDC-1   Critical  1-bit unknown CDC circuitry                     0  False Path  ck_rst         u_q/q_row_reg[5][27]/R
1677  CDC-1   Critical  1-bit unknown CDC circuitry                     0  False Path  ck_rst         u_q/q_row_reg[5][28]/R
1678  CDC-1   Critical  1-bit unknown CDC circuitry                     0  False Path  ck_rst         u_q/q_row_reg[5][29]/R
1679  CDC-1   Critical  1-bit unknown CDC circuitry                     0  False Path  ck_rst         u_q/q_row_reg[5][30]/R
1680  CDC-1   Critical  1-bit unknown CDC circuitry                     0  False Path  ck_rst         u_q/q_row_reg[5][31]/R
1681  CDC-1   Critical  1-bit unknown CDC circuitry                     0  False Path  ck_rst         u_q/q_row_reg[6][0]/R
1682  CDC-1   Critical  1-bit unknown CDC circuitry                     0  False Path  ck_rst         u_q/q_row_reg[6][1]/R
1683  CDC-1   Critical  1-bit unknown CDC circuitry                     0  False Path  ck_rst         u_q/q_row_reg[6][2]/R
1684  CDC-1   Critical  1-bit unknown CDC circuitry                     0  False Path  ck_rst         u_q/q_row_reg[6][3]/R
1685  CDC-1   Critical  1-bit unknown CDC circuitry                     0  False Path  ck_rst         u_q/q_row_reg[6][4]/R
1686  CDC-1   Critical  1-bit unknown CDC circuitry                     0  False Path  ck_rst         u_q/q_row_reg[6][5]/R
1687  CDC-1   Critical  1-bit unknown CDC circuitry                     0  False Path  ck_rst         u_q/q_row_reg[6][6]/R
1688  CDC-1   Critical  1-bit unknown CDC circuitry                     0  False Path  ck_rst         u_q/q_row_reg[6][7]/R
1689  CDC-1   Critical  1-bit unknown CDC circuitry                     0  False Path  ck_rst         u_q/q_row_reg[6][8]/R
1690  CDC-1   Critical  1-bit unknown CDC circuitry                     0  False Path  ck_rst         u_q/q_row_reg[6][9]/R
1691  CDC-1   Critical  1-bit unknown CDC circuitry                     0  False Path  ck_rst         u_q/q_row_reg[6][10]/R
1692  CDC-1   Critical  1-bit unknown CDC circuitry                     0  False Path  ck_rst         u_q/q_row_reg[6][11]/R
1693  CDC-1   Critical  1-bit unknown CDC circuitry                     0  False Path  ck_rst         u_q/q_row_reg[6][12]/R
1694  CDC-1   Critical  1-bit unknown CDC circuitry                     0  False Path  ck_rst         u_q/q_row_reg[6][13]/R
1695  CDC-1   Critical  1-bit unknown CDC circuitry                     0  False Path  ck_rst         u_q/q_row_reg[6][14]/R
1696  CDC-1   Critical  1-bit unknown CDC circuitry                     0  False Path  ck_rst         u_q/q_row_reg[6][15]/R
1697  CDC-1   Critical  1-bit unknown CDC circuitry                     0  False Path  ck_rst         u_q/q_row_reg[6][16]/R
1698  CDC-1   Critical  1-bit unknown CDC circuitry                     0  False Path  ck_rst         u_q/q_row_reg[6][17]/R
1699  CDC-1   Critical  1-bit unknown CDC circuitry                     0  False Path  ck_rst         u_q/q_row_reg[6][18]/R
1700  CDC-1   Critical  1-bit unknown CDC circuitry                     0  False Path  ck_rst         u_q/q_row_reg[6][19]/R
1701  CDC-1   Critical  1-bit unknown CDC circuitry                     0  False Path  ck_rst         u_q/q_row_reg[6][20]/R
1702  CDC-1   Critical  1-bit unknown CDC circuitry                     0  False Path  ck_rst         u_q/q_row_reg[6][21]/R
1703  CDC-1   Critical  1-bit unknown CDC circuitry                     0  False Path  ck_rst         u_q/q_row_reg[6][22]/R
1704  CDC-1   Critical  1-bit unknown CDC circuitry                     0  False Path  ck_rst         u_q/q_row_reg[6][23]/R
1705  CDC-1   Critical  1-bit unknown CDC circuitry                     0  False Path  ck_rst         u_q/q_row_reg[6][24]/R
1706  CDC-1   Critical  1-bit unknown CDC circuitry                     0  False Path  ck_rst         u_q/q_row_reg[6][25]/R
1707  CDC-1   Critical  1-bit unknown CDC circuitry                     0  False Path  ck_rst         u_q/q_row_reg[6][26]/R
1708  CDC-1   Critical  1-bit unknown CDC circuitry                     0  False Path  ck_rst         u_q/q_row_reg[6][27]/R
1709  CDC-1   Critical  1-bit unknown CDC circuitry                     0  False Path  ck_rst         u_q/q_row_reg[6][28]/R
1710  CDC-1   Critical  1-bit unknown CDC circuitry                     0  False Path  ck_rst         u_q/q_row_reg[6][29]/R
1711  CDC-1   Critical  1-bit unknown CDC circuitry                     0  False Path  ck_rst         u_q/q_row_reg[6][30]/R
1712  CDC-1   Critical  1-bit unknown CDC circuitry                     0  False Path  ck_rst         u_q/q_row_reg[6][31]/R
1713  CDC-1   Critical  1-bit unknown CDC circuitry                     0  False Path  ck_rst         u_q/q_row_reg[7][0]/R
1714  CDC-1   Critical  1-bit unknown CDC circuitry                     0  False Path  ck_rst         u_q/q_row_reg[7][1]/R
1715  CDC-1   Critical  1-bit unknown CDC circuitry                     0  False Path  ck_rst         u_q/q_row_reg[7][2]/R
1716  CDC-1   Critical  1-bit unknown CDC circuitry                     0  False Path  ck_rst         u_q/q_row_reg[7][3]/R
1717  CDC-1   Critical  1-bit unknown CDC circuitry                     0  False Path  ck_rst         u_q/q_row_reg[7][4]/R
1718  CDC-1   Critical  1-bit unknown CDC circuitry                     0  False Path  ck_rst         u_q/q_row_reg[7][5]/R
1719  CDC-1   Critical  1-bit unknown CDC circuitry                     0  False Path  ck_rst         u_q/q_row_reg[7][6]/R
1720  CDC-1   Critical  1-bit unknown CDC circuitry                     0  False Path  ck_rst         u_q/q_row_reg[7][7]/R
1721  CDC-1   Critical  1-bit unknown CDC circuitry                     0  False Path  ck_rst         u_q/q_row_reg[7][8]/R
1722  CDC-1   Critical  1-bit unknown CDC circuitry                     0  False Path  ck_rst         u_q/q_row_reg[7][9]/R
1723  CDC-1   Critical  1-bit unknown CDC circuitry                     0  False Path  ck_rst         u_q/q_row_reg[7][10]/R
1724  CDC-1   Critical  1-bit unknown CDC circuitry                     0  False Path  ck_rst         u_q/q_row_reg[7][11]/R
1725  CDC-1   Critical  1-bit unknown CDC circuitry                     0  False Path  ck_rst         u_q/q_row_reg[7][12]/R
1726  CDC-1   Critical  1-bit unknown CDC circuitry                     0  False Path  ck_rst         u_q/q_row_reg[7][13]/R
1727  CDC-1   Critical  1-bit unknown CDC circuitry                     0  False Path  ck_rst         u_q/q_row_reg[7][14]/R
1728  CDC-1   Critical  1-bit unknown CDC circuitry                     0  False Path  ck_rst         u_q/q_row_reg[7][15]/R
1729  CDC-1   Critical  1-bit unknown CDC circuitry                     0  False Path  ck_rst         u_q/q_row_reg[7][16]/R
1730  CDC-1   Critical  1-bit unknown CDC circuitry                     0  False Path  ck_rst         u_q/q_row_reg[7][17]/R
1731  CDC-1   Critical  1-bit unknown CDC circuitry                     0  False Path  ck_rst         u_q/q_row_reg[7][18]/R
1732  CDC-1   Critical  1-bit unknown CDC circuitry                     0  False Path  ck_rst         u_q/q_row_reg[7][19]/R
1733  CDC-1   Critical  1-bit unknown CDC circuitry                     0  False Path  ck_rst         u_q/q_row_reg[7][20]/R
1734  CDC-1   Critical  1-bit unknown CDC circuitry                     0  False Path  ck_rst         u_q/q_row_reg[7][21]/R
1735  CDC-1   Critical  1-bit unknown CDC circuitry                     0  False Path  ck_rst         u_q/q_row_reg[7][22]/R
1736  CDC-1   Critical  1-bit unknown CDC circuitry                     0  False Path  ck_rst         u_q/q_row_reg[7][23]/R
1737  CDC-1   Critical  1-bit unknown CDC circuitry                     0  False Path  ck_rst         u_q/q_row_reg[7][24]/R
1738  CDC-1   Critical  1-bit unknown CDC circuitry                     0  False Path  ck_rst         u_q/q_row_reg[7][25]/R
1739  CDC-1   Critical  1-bit unknown CDC circuitry                     0  False Path  ck_rst         u_q/q_row_reg[7][26]/R
1740  CDC-1   Critical  1-bit unknown CDC circuitry                     0  False Path  ck_rst         u_q/q_row_reg[7][27]/R
1741  CDC-1   Critical  1-bit unknown CDC circuitry                     0  False Path  ck_rst         u_q/q_row_reg[7][28]/R
1742  CDC-1   Critical  1-bit unknown CDC circuitry                     0  False Path  ck_rst         u_q/q_row_reg[7][29]/R
1743  CDC-1   Critical  1-bit unknown CDC circuitry                     0  False Path  ck_rst         u_q/q_row_reg[7][30]/R
1744  CDC-1   Critical  1-bit unknown CDC circuitry                     0  False Path  ck_rst         u_q/q_row_reg[7][31]/R
1745  CDC-1   Critical  1-bit unknown CDC circuitry                     0  False Path  ck_rst         u_q/q_sat_reg/R
1746  CDC-1   Critical  1-bit unknown CDC circuitry                     0  False Path  ck_rst         u_q/q_sel_reg[0]/R
1747  CDC-1   Critical  1-bit unknown CDC circuitry                     0  False Path  ck_rst         u_q/q_sel_reg[1]/R
1748  CDC-1   Critical  1-bit unknown CDC circuitry                     0  False Path  ck_rst         u_q/q_sel_reg[2]/R
1749  CDC-1   Critical  1-bit unknown CDC circuitry                     0  False Path  ck_rst         u_q/q_sel_reg[3]/R
1750  CDC-1   Critical  1-bit unknown CDC circuitry                     0  False Path  ck_rst         u_q/q_sel_reg[4]/R
1751  CDC-1   Critical  1-bit unknown CDC circuitry                     0  False Path  ck_rst         u_q/q_sel_reg[5]/R
1752  CDC-1   Critical  1-bit unknown CDC circuitry                     0  False Path  ck_rst         u_q/q_sel_reg[6]/R
1753  CDC-1   Critical  1-bit unknown CDC circuitry                     0  False Path  ck_rst         u_q/q_sel_reg[7]/R
1754  CDC-1   Critical  1-bit unknown CDC circuitry                     0  False Path  ck_rst         u_q/q_sel_reg[8]/R
1755  CDC-1   Critical  1-bit unknown CDC circuitry                     0  False Path  ck_rst         u_q/q_sel_reg[9]/R
1756  CDC-1   Critical  1-bit unknown CDC circuitry                     0  False Path  ck_rst         u_q/q_sel_reg[10]/R
1757  CDC-1   Critical  1-bit unknown CDC circuitry                     0  False Path  ck_rst         u_q/q_sel_reg[11]/R
1758  CDC-1   Critical  1-bit unknown CDC circuitry                     0  False Path  ck_rst         u_q/q_sel_reg[12]/R
1759  CDC-1   Critical  1-bit unknown CDC circuitry                     0  False Path  ck_rst         u_q/q_sel_reg[13]/R
1760  CDC-1   Critical  1-bit unknown CDC circuitry                     0  False Path  ck_rst         u_q/q_sel_reg[14]/R
1761  CDC-1   Critical  1-bit unknown CDC circuitry                     0  False Path  ck_rst         u_q/q_sel_reg[15]/R
1762  CDC-1   Critical  1-bit unknown CDC circuitry                     0  False Path  ck_rst         u_q/q_sel_reg[16]/R
1763  CDC-1   Critical  1-bit unknown CDC circuitry                     0  False Path  ck_rst         u_q/q_sel_reg[17]/R
1764  CDC-1   Critical  1-bit unknown CDC circuitry                     0  False Path  ck_rst         u_q/q_sel_reg[18]/R
1765  CDC-1   Critical  1-bit unknown CDC circuitry                     0  False Path  ck_rst         u_q/q_sel_reg[19]/R
1766  CDC-1   Critical  1-bit unknown CDC circuitry                     0  False Path  ck_rst         u_q/q_sel_reg[20]/R
1767  CDC-1   Critical  1-bit unknown CDC circuitry                     0  False Path  ck_rst         u_q/q_sel_reg[21]/R
1768  CDC-1   Critical  1-bit unknown CDC circuitry                     0  False Path  ck_rst         u_q/q_sel_reg[22]/R
1769  CDC-1   Critical  1-bit unknown CDC circuitry                     0  False Path  ck_rst         u_q/q_sel_reg[23]/R
1770  CDC-1   Critical  1-bit unknown CDC circuitry                     0  False Path  ck_rst         u_q/q_sel_reg[24]/R
1771  CDC-1   Critical  1-bit unknown CDC circuitry                     0  False Path  ck_rst         u_q/q_sel_reg[25]/R
1772  CDC-1   Critical  1-bit unknown CDC circuitry                     0  False Path  ck_rst         u_q/q_sel_reg[26]/R
1773  CDC-1   Critical  1-bit unknown CDC circuitry                     0  False Path  ck_rst         u_q/q_sel_reg[27]/R
1774  CDC-1   Critical  1-bit unknown CDC circuitry                     0  False Path  ck_rst         u_q/q_sel_reg[28]/R
1775  CDC-1   Critical  1-bit unknown CDC circuitry                     0  False Path  ck_rst         u_q/q_sel_reg[29]/R
1776  CDC-1   Critical  1-bit unknown CDC circuitry                     0  False Path  ck_rst         u_q/q_sel_reg[30]/R
1777  CDC-1   Critical  1-bit unknown CDC circuitry                     0  False Path  ck_rst         u_q/q_sel_reg[31]/R
1778  CDC-1   Critical  1-bit unknown CDC circuitry                     0  False Path  ck_rst         u_q/ra_r_reg/R
1779  CDC-1   Critical  1-bit unknown CDC circuitry                     0  False Path  ck_rst         u_q/rew_r_reg[0]/R
1780  CDC-1   Critical  1-bit unknown CDC circuitry                     0  False Path  ck_rst         u_q/rew_r_reg[1]/R
1781  CDC-1   Critical  1-bit unknown CDC circuitry                     0  False Path  ck_rst         u_q/rew_r_reg[2]/R
1782  CDC-1   Critical  1-bit unknown CDC circuitry                     0  False Path  ck_rst         u_q/rew_r_reg[3]/R
1783  CDC-1   Critical  1-bit unknown CDC circuitry                     0  False Path  ck_rst         u_q/rew_r_reg[4]/R
1784  CDC-1   Critical  1-bit unknown CDC circuitry                     0  False Path  ck_rst         u_q/rew_r_reg[5]/R
1785  CDC-1   Critical  1-bit unknown CDC circuitry                     0  False Path  ck_rst         u_q/rew_r_reg[6]/R
1786  CDC-1   Critical  1-bit unknown CDC circuitry                     0  False Path  ck_rst         u_q/rew_r_reg[7]/R
1787  CDC-1   Critical  1-bit unknown CDC circuitry                     0  False Path  ck_rst         u_q/rew_r_reg[8]/R
1788  CDC-1   Critical  1-bit unknown CDC circuitry                     0  False Path  ck_rst         u_q/rew_r_reg[9]/R
1789  CDC-1   Critical  1-bit unknown CDC circuitry                     0  False Path  ck_rst         u_q/rew_r_reg[10]/R
1790  CDC-1   Critical  1-bit unknown CDC circuitry                     0  False Path  ck_rst         u_q/rew_r_reg[11]/R
1791  CDC-1   Critical  1-bit unknown CDC circuitry                     0  False Path  ck_rst         u_q/rew_r_reg[12]/R
1792  CDC-1   Critical  1-bit unknown CDC circuitry                     0  False Path  ck_rst         u_q/rew_r_reg[13]/R
1793  CDC-1   Critical  1-bit unknown CDC circuitry                     0  False Path  ck_rst         u_q/rew_r_reg[14]/R
1794  CDC-1   Critical  1-bit unknown CDC circuitry                     0  False Path  ck_rst         u_q/rew_r_reg[15]/R
1795  CDC-13  Critical  1-bit CDC path on a non-FD primitive            0  False Path  ck_rst         u_q/sum/RSTA
1796  CDC-13  Critical  1-bit CDC path on a non-FD primitive            0  False Path  ck_rst         u_q/sum/RSTB
1797  CDC-13  Critical  1-bit CDC path on a non-FD primitive            0  False Path  ck_rst         u_q/sum/RSTC
1798  CDC-1   Critical  1-bit unknown CDC circuitry                     0  False Path  ck_rst         u_q/t_r_reg[0]/R
1799  CDC-1   Critical  1-bit unknown CDC circuitry                     0  False Path  ck_rst         u_q/t_r_reg[1]/R
1800  CDC-1   Critical  1-bit unknown CDC circuitry                     0  False Path  ck_rst         u_q/t_r_reg[2]/R
1801  CDC-1   Critical  1-bit unknown CDC circuitry                     0  False Path  ck_rst         u_q/t_r_reg[3]/R
1802  CDC-1   Critical  1-bit unknown CDC circuitry                     0  False Path  ck_rst         u_q/t_r_reg[4]/R
1803  CDC-1   Critical  1-bit unknown CDC circuitry                     0  False Path  ck_rst         u_q/t_r_reg[5]/R
1804  CDC-1   Critical  1-bit unknown CDC circuitry                     0  False Path  ck_rst         u_q/t_r_reg[6]/R
1805  CDC-1   Critical  1-bit unknown CDC circuitry                     0  False Path  ck_rst         u_q/t_r_reg[7]/R
1806  CDC-1   Critical  1-bit unknown CDC circuitry                     0  False Path  ck_rst         u_q/t_r_reg[8]/R
1807  CDC-1   Critical  1-bit unknown CDC circuitry                     0  False Path  ck_rst         u_q/t_r_reg[9]/R
1808  CDC-1   Critical  1-bit unknown CDC circuitry                     0  False Path  ck_rst         u_q/t_r_reg[10]/R
1809  CDC-1   Critical  1-bit unknown CDC circuitry                     0  False Path  ck_rst         u_q/t_r_reg[11]/R
1810  CDC-1   Critical  1-bit unknown CDC circuitry                     0  False Path  ck_rst         u_q/t_r_reg[12]/R
1811  CDC-1   Critical  1-bit unknown CDC circuitry                     0  False Path  ck_rst         u_q/t_r_reg[13]/R
1812  CDC-1   Critical  1-bit unknown CDC circuitry                     0  False Path  ck_rst         u_q/t_r_reg[14]/R
1813  CDC-1   Critical  1-bit unknown CDC circuitry                     0  False Path  ck_rst         u_q/t_r_reg[15]/R
1814  CDC-1   Critical  1-bit unknown CDC circuitry                     0  False Path  ck_rst         u_q/target_r_reg[0]/R
1815  CDC-1   Critical  1-bit unknown CDC circuitry                     0  False Path  ck_rst         u_q/target_r_reg[1]/R
1816  CDC-1   Critical  1-bit unknown CDC circuitry                     0  False Path  ck_rst         u_q/target_r_reg[2]/R
1817  CDC-1   Critical  1-bit unknown CDC circuitry                     0  False Path  ck_rst         u_q/target_r_reg[3]/R
1818  CDC-1   Critical  1-bit unknown CDC circuitry                     0  False Path  ck_rst         u_q/target_r_reg[4]/R
1819  CDC-1   Critical  1-bit unknown CDC circuitry                     0  False Path  ck_rst         u_q/target_r_reg[5]/R
1820  CDC-1   Critical  1-bit unknown CDC circuitry                     0  False Path  ck_rst         u_q/target_r_reg[6]/R
1821  CDC-1   Critical  1-bit unknown CDC circuitry                     0  False Path  ck_rst         u_q/target_r_reg[7]/R
1822  CDC-1   Critical  1-bit unknown CDC circuitry                     0  False Path  ck_rst         u_q/target_r_reg[8]/R
1823  CDC-1   Critical  1-bit unknown CDC circuitry                     0  False Path  ck_rst         u_q/target_r_reg[9]/R
1824  CDC-1   Critical  1-bit unknown CDC circuitry                     0  False Path  ck_rst         u_q/target_r_reg[10]/R
1825  CDC-1   Critical  1-bit unknown CDC circuitry                     0  False Path  ck_rst         u_q/target_r_reg[11]/R
1826  CDC-1   Critical  1-bit unknown CDC circuitry                     0  False Path  ck_rst         u_q/target_r_reg[12]/R
1827  CDC-1   Critical  1-bit unknown CDC circuitry                     0  False Path  ck_rst         u_q/target_r_reg[13]/R
1828  CDC-1   Critical  1-bit unknown CDC circuitry                     0  False Path  ck_rst         u_q/target_r_reg[14]/R
1829  CDC-1   Critical  1-bit unknown CDC circuitry                     0  False Path  ck_rst         u_q/target_r_reg[15]/R
1830  CDC-1   Critical  1-bit unknown CDC circuitry                     0  False Path  ck_rst         u_q/target_r_reg[16]/R
1831  CDC-1   Critical  1-bit unknown CDC circuitry                     0  False Path  ck_rst         u_q/target_r_reg[17]/R
1832  CDC-1   Critical  1-bit unknown CDC circuitry                     0  False Path  ck_rst         u_q/target_r_reg[18]/R
1833  CDC-1   Critical  1-bit unknown CDC circuitry                     0  False Path  ck_rst         u_q/target_r_reg[19]/R
1834  CDC-1   Critical  1-bit unknown CDC circuitry                     0  False Path  ck_rst         u_q/target_r_reg[20]/R
1835  CDC-1   Critical  1-bit unknown CDC circuitry                     0  False Path  ck_rst         u_q/target_r_reg[21]/R
1836  CDC-1   Critical  1-bit unknown CDC circuitry                     0  False Path  ck_rst         u_q/target_r_reg[22]/R
1837  CDC-1   Critical  1-bit unknown CDC circuitry                     0  False Path  ck_rst         u_q/target_r_reg[23]/R
1838  CDC-1   Critical  1-bit unknown CDC circuitry                     0  False Path  ck_rst         u_q/target_r_reg[24]/R
1839  CDC-1   Critical  1-bit unknown CDC circuitry                     0  False Path  ck_rst         u_q/target_r_reg[25]/R
1840  CDC-1   Critical  1-bit unknown CDC circuitry                     0  False Path  ck_rst         u_q/target_r_reg[26]/R
1841  CDC-1   Critical  1-bit unknown CDC circuitry                     0  False Path  ck_rst         u_q/target_r_reg[27]/R
1842  CDC-1   Critical  1-bit unknown CDC circuitry                     0  False Path  ck_rst         u_q/target_r_reg[28]/R
1843  CDC-1   Critical  1-bit unknown CDC circuitry                     0  False Path  ck_rst         u_q/target_r_reg[29]/R
1844  CDC-1   Critical  1-bit unknown CDC circuitry                     0  False Path  ck_rst         u_q/target_r_reg[30]/R
1845  CDC-1   Critical  1-bit unknown CDC circuitry                     0  False Path  ck_rst         u_q/target_r_reg[31]/R
1846  CDC-1   Critical  1-bit unknown CDC circuitry                     0  False Path  ck_rst         u_q/theta_reg[0][0]/R
1847  CDC-1   Critical  1-bit unknown CDC circuitry                     0  False Path  ck_rst         u_q/theta_reg[0][1]/R
1848  CDC-1   Critical  1-bit unknown CDC circuitry                     0  False Path  ck_rst         u_q/theta_reg[0][2]/R
1849  CDC-1   Critical  1-bit unknown CDC circuitry                     0  False Path  ck_rst         u_q/theta_reg[0][3]/R
1850  CDC-1   Critical  1-bit unknown CDC circuitry                     0  False Path  ck_rst         u_q/theta_reg[0][4]/R
1851  CDC-1   Critical  1-bit unknown CDC circuitry                     0  False Path  ck_rst         u_q/theta_reg[0][5]/R
1852  CDC-1   Critical  1-bit unknown CDC circuitry                     0  False Path  ck_rst         u_q/theta_reg[0][6]/R
1853  CDC-1   Critical  1-bit unknown CDC circuitry                     0  False Path  ck_rst         u_q/theta_reg[0][7]/R
1854  CDC-1   Critical  1-bit unknown CDC circuitry                     0  False Path  ck_rst         u_q/theta_reg[0][8]/R
1855  CDC-1   Critical  1-bit unknown CDC circuitry                     0  False Path  ck_rst         u_q/theta_reg[0][9]/R
1856  CDC-1   Critical  1-bit unknown CDC circuitry                     0  False Path  ck_rst         u_q/theta_reg[0][10]/R
1857  CDC-1   Critical  1-bit unknown CDC circuitry                     0  False Path  ck_rst         u_q/theta_reg[0][11]/R
1858  CDC-1   Critical  1-bit unknown CDC circuitry                     0  False Path  ck_rst         u_q/theta_reg[0][12]/R
1859  CDC-1   Critical  1-bit unknown CDC circuitry                     0  False Path  ck_rst         u_q/theta_reg[0][13]/R
1860  CDC-1   Critical  1-bit unknown CDC circuitry                     0  False Path  ck_rst         u_q/theta_reg[0][14]/R
1861  CDC-1   Critical  1-bit unknown CDC circuitry                     0  False Path  ck_rst         u_q/theta_reg[0][15]/R
1862  CDC-1   Critical  1-bit unknown CDC circuitry                     0  False Path  ck_rst         u_q/theta_reg[10][0]/R
1863  CDC-1   Critical  1-bit unknown CDC circuitry                     0  False Path  ck_rst         u_q/theta_reg[10][1]/R
1864  CDC-1   Critical  1-bit unknown CDC circuitry                     0  False Path  ck_rst         u_q/theta_reg[10][2]/R
1865  CDC-1   Critical  1-bit unknown CDC circuitry                     0  False Path  ck_rst         u_q/theta_reg[10][3]/R
1866  CDC-1   Critical  1-bit unknown CDC circuitry                     0  False Path  ck_rst         u_q/theta_reg[10][4]/R
1867  CDC-1   Critical  1-bit unknown CDC circuitry                     0  False Path  ck_rst         u_q/theta_reg[10][5]/R
1868  CDC-1   Critical  1-bit unknown CDC circuitry                     0  False Path  ck_rst         u_q/theta_reg[10][6]/R
1869  CDC-1   Critical  1-bit unknown CDC circuitry                     0  False Path  ck_rst         u_q/theta_reg[10][7]/R
1870  CDC-1   Critical  1-bit unknown CDC circuitry                     0  False Path  ck_rst         u_q/theta_reg[10][8]/R
1871  CDC-1   Critical  1-bit unknown CDC circuitry                     0  False Path  ck_rst         u_q/theta_reg[10][9]/R
1872  CDC-1   Critical  1-bit unknown CDC circuitry                     0  False Path  ck_rst         u_q/theta_reg[10][10]/R
1873  CDC-1   Critical  1-bit unknown CDC circuitry                     0  False Path  ck_rst         u_q/theta_reg[10][11]/R
1874  CDC-1   Critical  1-bit unknown CDC circuitry                     0  False Path  ck_rst         u_q/theta_reg[10][12]/R
1875  CDC-1   Critical  1-bit unknown CDC circuitry                     0  False Path  ck_rst         u_q/theta_reg[10][13]/R
1876  CDC-1   Critical  1-bit unknown CDC circuitry                     0  False Path  ck_rst         u_q/theta_reg[10][14]/R
1877  CDC-1   Critical  1-bit unknown CDC circuitry                     0  False Path  ck_rst         u_q/theta_reg[10][15]/R
1878  CDC-1   Critical  1-bit unknown CDC circuitry                     0  False Path  ck_rst         u_q/theta_reg[11][0]/R
1879  CDC-1   Critical  1-bit unknown CDC circuitry                     0  False Path  ck_rst         u_q/theta_reg[11][1]/R
1880  CDC-1   Critical  1-bit unknown CDC circuitry                     0  False Path  ck_rst         u_q/theta_reg[11][2]/R
1881  CDC-1   Critical  1-bit unknown CDC circuitry                     0  False Path  ck_rst         u_q/theta_reg[11][3]/R
1882  CDC-1   Critical  1-bit unknown CDC circuitry                     0  False Path  ck_rst         u_q/theta_reg[11][4]/R
1883  CDC-1   Critical  1-bit unknown CDC circuitry                     0  False Path  ck_rst         u_q/theta_reg[11][5]/R
1884  CDC-1   Critical  1-bit unknown CDC circuitry                     0  False Path  ck_rst         u_q/theta_reg[11][6]/R
1885  CDC-1   Critical  1-bit unknown CDC circuitry                     0  False Path  ck_rst         u_q/theta_reg[11][7]/R
1886  CDC-1   Critical  1-bit unknown CDC circuitry                     0  False Path  ck_rst         u_q/theta_reg[11][8]/R
1887  CDC-1   Critical  1-bit unknown CDC circuitry                     0  False Path  ck_rst         u_q/theta_reg[11][9]/R
1888  CDC-1   Critical  1-bit unknown CDC circuitry                     0  False Path  ck_rst         u_q/theta_reg[11][10]/R
1889  CDC-1   Critical  1-bit unknown CDC circuitry                     0  False Path  ck_rst         u_q/theta_reg[11][11]/R
1890  CDC-1   Critical  1-bit unknown CDC circuitry                     0  False Path  ck_rst         u_q/theta_reg[11][12]/R
1891  CDC-1   Critical  1-bit unknown CDC circuitry                     0  False Path  ck_rst         u_q/theta_reg[11][13]/R
1892  CDC-1   Critical  1-bit unknown CDC circuitry                     0  False Path  ck_rst         u_q/theta_reg[11][14]/R
1893  CDC-1   Critical  1-bit unknown CDC circuitry                     0  False Path  ck_rst         u_q/theta_reg[11][15]/R
1894  CDC-1   Critical  1-bit unknown CDC circuitry                     0  False Path  ck_rst         u_q/theta_reg[12][0]/R
1895  CDC-1   Critical  1-bit unknown CDC circuitry                     0  False Path  ck_rst         u_q/theta_reg[12][1]/R
1896  CDC-1   Critical  1-bit unknown CDC circuitry                     0  False Path  ck_rst         u_q/theta_reg[12][2]/R
1897  CDC-1   Critical  1-bit unknown CDC circuitry                     0  False Path  ck_rst         u_q/theta_reg[12][3]/R
1898  CDC-1   Critical  1-bit unknown CDC circuitry                     0  False Path  ck_rst         u_q/theta_reg[12][4]/R
1899  CDC-1   Critical  1-bit unknown CDC circuitry                     0  False Path  ck_rst         u_q/theta_reg[12][5]/R
1900  CDC-1   Critical  1-bit unknown CDC circuitry                     0  False Path  ck_rst         u_q/theta_reg[12][6]/R
1901  CDC-1   Critical  1-bit unknown CDC circuitry                     0  False Path  ck_rst         u_q/theta_reg[12][7]/R
1902  CDC-1   Critical  1-bit unknown CDC circuitry                     0  False Path  ck_rst         u_q/theta_reg[12][8]/R
1903  CDC-1   Critical  1-bit unknown CDC circuitry                     0  False Path  ck_rst         u_q/theta_reg[12][9]/R
1904  CDC-1   Critical  1-bit unknown CDC circuitry                     0  False Path  ck_rst         u_q/theta_reg[12][10]/R
1905  CDC-1   Critical  1-bit unknown CDC circuitry                     0  False Path  ck_rst         u_q/theta_reg[12][11]/R
1906  CDC-1   Critical  1-bit unknown CDC circuitry                     0  False Path  ck_rst         u_q/theta_reg[12][12]/R
1907  CDC-1   Critical  1-bit unknown CDC circuitry                     0  False Path  ck_rst         u_q/theta_reg[12][13]/R
1908  CDC-1   Critical  1-bit unknown CDC circuitry                     0  False Path  ck_rst         u_q/theta_reg[12][14]/R
1909  CDC-1   Critical  1-bit unknown CDC circuitry                     0  False Path  ck_rst         u_q/theta_reg[12][15]/R
1910  CDC-1   Critical  1-bit unknown CDC circuitry                     0  False Path  ck_rst         u_q/theta_reg[13][0]/R
1911  CDC-1   Critical  1-bit unknown CDC circuitry                     0  False Path  ck_rst         u_q/theta_reg[13][1]/R
1912  CDC-1   Critical  1-bit unknown CDC circuitry                     0  False Path  ck_rst         u_q/theta_reg[13][2]/R
1913  CDC-1   Critical  1-bit unknown CDC circuitry                     0  False Path  ck_rst         u_q/theta_reg[13][3]/R
1914  CDC-1   Critical  1-bit unknown CDC circuitry                     0  False Path  ck_rst         u_q/theta_reg[13][4]/R
1915  CDC-1   Critical  1-bit unknown CDC circuitry                     0  False Path  ck_rst         u_q/theta_reg[13][5]/R
1916  CDC-1   Critical  1-bit unknown CDC circuitry                     0  False Path  ck_rst         u_q/theta_reg[13][6]/R
1917  CDC-1   Critical  1-bit unknown CDC circuitry                     0  False Path  ck_rst         u_q/theta_reg[13][7]/R
1918  CDC-1   Critical  1-bit unknown CDC circuitry                     0  False Path  ck_rst         u_q/theta_reg[13][8]/R
1919  CDC-1   Critical  1-bit unknown CDC circuitry                     0  False Path  ck_rst         u_q/theta_reg[13][9]/R
1920  CDC-1   Critical  1-bit unknown CDC circuitry                     0  False Path  ck_rst         u_q/theta_reg[13][10]/R
1921  CDC-1   Critical  1-bit unknown CDC circuitry                     0  False Path  ck_rst         u_q/theta_reg[13][11]/R
1922  CDC-1   Critical  1-bit unknown CDC circuitry                     0  False Path  ck_rst         u_q/theta_reg[13][12]/R
1923  CDC-1   Critical  1-bit unknown CDC circuitry                     0  False Path  ck_rst         u_q/theta_reg[13][13]/R
1924  CDC-1   Critical  1-bit unknown CDC circuitry                     0  False Path  ck_rst         u_q/theta_reg[13][14]/R
1925  CDC-1   Critical  1-bit unknown CDC circuitry                     0  False Path  ck_rst         u_q/theta_reg[13][15]/R
1926  CDC-1   Critical  1-bit unknown CDC circuitry                     0  False Path  ck_rst         u_q/theta_reg[14][0]/R
1927  CDC-1   Critical  1-bit unknown CDC circuitry                     0  False Path  ck_rst         u_q/theta_reg[14][1]/R
1928  CDC-1   Critical  1-bit unknown CDC circuitry                     0  False Path  ck_rst         u_q/theta_reg[14][2]/R
1929  CDC-1   Critical  1-bit unknown CDC circuitry                     0  False Path  ck_rst         u_q/theta_reg[14][3]/R
1930  CDC-1   Critical  1-bit unknown CDC circuitry                     0  False Path  ck_rst         u_q/theta_reg[14][4]/R
1931  CDC-1   Critical  1-bit unknown CDC circuitry                     0  False Path  ck_rst         u_q/theta_reg[14][5]/R
1932  CDC-1   Critical  1-bit unknown CDC circuitry                     0  False Path  ck_rst         u_q/theta_reg[14][6]/R
1933  CDC-1   Critical  1-bit unknown CDC circuitry                     0  False Path  ck_rst         u_q/theta_reg[14][7]/R
1934  CDC-1   Critical  1-bit unknown CDC circuitry                     0  False Path  ck_rst         u_q/theta_reg[14][8]/R
1935  CDC-1   Critical  1-bit unknown CDC circuitry                     0  False Path  ck_rst         u_q/theta_reg[14][9]/R
1936  CDC-1   Critical  1-bit unknown CDC circuitry                     0  False Path  ck_rst         u_q/theta_reg[14][10]/R
1937  CDC-1   Critical  1-bit unknown CDC circuitry                     0  False Path  ck_rst         u_q/theta_reg[14][11]/R
1938  CDC-1   Critical  1-bit unknown CDC circuitry                     0  False Path  ck_rst         u_q/theta_reg[14][12]/R
1939  CDC-1   Critical  1-bit unknown CDC circuitry                     0  False Path  ck_rst         u_q/theta_reg[14][13]/R
1940  CDC-1   Critical  1-bit unknown CDC circuitry                     0  False Path  ck_rst         u_q/theta_reg[14][14]/R
1941  CDC-1   Critical  1-bit unknown CDC circuitry                     0  False Path  ck_rst         u_q/theta_reg[14][15]/R
1942  CDC-1   Critical  1-bit unknown CDC circuitry                     0  False Path  ck_rst         u_q/theta_reg[15][0]/R
1943  CDC-1   Critical  1-bit unknown CDC circuitry                     0  False Path  ck_rst         u_q/theta_reg[15][1]/R
1944  CDC-1   Critical  1-bit unknown CDC circuitry                     0  False Path  ck_rst         u_q/theta_reg[15][2]/R
1945  CDC-1   Critical  1-bit unknown CDC circuitry                     0  False Path  ck_rst         u_q/theta_reg[15][3]/R
1946  CDC-1   Critical  1-bit unknown CDC circuitry                     0  False Path  ck_rst         u_q/theta_reg[15][4]/R
1947  CDC-1   Critical  1-bit unknown CDC circuitry                     0  False Path  ck_rst         u_q/theta_reg[15][5]/R
1948  CDC-1   Critical  1-bit unknown CDC circuitry                     0  False Path  ck_rst         u_q/theta_reg[15][6]/R
1949  CDC-1   Critical  1-bit unknown CDC circuitry                     0  False Path  ck_rst         u_q/theta_reg[15][7]/R
1950  CDC-1   Critical  1-bit unknown CDC circuitry                     0  False Path  ck_rst         u_q/theta_reg[15][8]/R
1951  CDC-1   Critical  1-bit unknown CDC circuitry                     0  False Path  ck_rst         u_q/theta_reg[15][9]/R
1952  CDC-1   Critical  1-bit unknown CDC circuitry                     0  False Path  ck_rst         u_q/theta_reg[15][10]/R
1953  CDC-1   Critical  1-bit unknown CDC circuitry                     0  False Path  ck_rst         u_q/theta_reg[15][11]/R
1954  CDC-1   Critical  1-bit unknown CDC circuitry                     0  False Path  ck_rst         u_q/theta_reg[15][12]/R
1955  CDC-1   Critical  1-bit unknown CDC circuitry                     0  False Path  ck_rst         u_q/theta_reg[15][13]/R
1956  CDC-1   Critical  1-bit unknown CDC circuitry                     0  False Path  ck_rst         u_q/theta_reg[15][14]/R
1957  CDC-1   Critical  1-bit unknown CDC circuitry                     0  False Path  ck_rst         u_q/theta_reg[15][15]/R
1958  CDC-1   Critical  1-bit unknown CDC circuitry                     0  False Path  ck_rst         u_q/theta_reg[16][0]/R
1959  CDC-1   Critical  1-bit unknown CDC circuitry                     0  False Path  ck_rst         u_q/theta_reg[16][1]/R
1960  CDC-1   Critical  1-bit unknown CDC circuitry                     0  False Path  ck_rst         u_q/theta_reg[16][2]/R
1961  CDC-1   Critical  1-bit unknown CDC circuitry                     0  False Path  ck_rst         u_q/theta_reg[16][3]/R
1962  CDC-1   Critical  1-bit unknown CDC circuitry                     0  False Path  ck_rst         u_q/theta_reg[16][4]/R
1963  CDC-1   Critical  1-bit unknown CDC circuitry                     0  False Path  ck_rst         u_q/theta_reg[16][5]/R
1964  CDC-1   Critical  1-bit unknown CDC circuitry                     0  False Path  ck_rst         u_q/theta_reg[16][6]/R
1965  CDC-1   Critical  1-bit unknown CDC circuitry                     0  False Path  ck_rst         u_q/theta_reg[16][7]/R
1966  CDC-1   Critical  1-bit unknown CDC circuitry                     0  False Path  ck_rst         u_q/theta_reg[16][8]/R
1967  CDC-1   Critical  1-bit unknown CDC circuitry                     0  False Path  ck_rst         u_q/theta_reg[16][9]/R
1968  CDC-1   Critical  1-bit unknown CDC circuitry                     0  False Path  ck_rst         u_q/theta_reg[16][10]/R
1969  CDC-1   Critical  1-bit unknown CDC circuitry                     0  False Path  ck_rst         u_q/theta_reg[16][11]/R
1970  CDC-1   Critical  1-bit unknown CDC circuitry                     0  False Path  ck_rst         u_q/theta_reg[16][12]/R
1971  CDC-1   Critical  1-bit unknown CDC circuitry                     0  False Path  ck_rst         u_q/theta_reg[16][13]/R
1972  CDC-1   Critical  1-bit unknown CDC circuitry                     0  False Path  ck_rst         u_q/theta_reg[16][14]/R
1973  CDC-1   Critical  1-bit unknown CDC circuitry                     0  False Path  ck_rst         u_q/theta_reg[16][15]/R
1974  CDC-1   Critical  1-bit unknown CDC circuitry                     0  False Path  ck_rst         u_q/theta_reg[17][0]/R
1975  CDC-1   Critical  1-bit unknown CDC circuitry                     0  False Path  ck_rst         u_q/theta_reg[17][1]/R
1976  CDC-1   Critical  1-bit unknown CDC circuitry                     0  False Path  ck_rst         u_q/theta_reg[17][2]/R
1977  CDC-1   Critical  1-bit unknown CDC circuitry                     0  False Path  ck_rst         u_q/theta_reg[17][3]/R
1978  CDC-1   Critical  1-bit unknown CDC circuitry                     0  False Path  ck_rst         u_q/theta_reg[17][4]/R
1979  CDC-1   Critical  1-bit unknown CDC circuitry                     0  False Path  ck_rst         u_q/theta_reg[17][5]/R
1980  CDC-1   Critical  1-bit unknown CDC circuitry                     0  False Path  ck_rst         u_q/theta_reg[17][6]/R
1981  CDC-1   Critical  1-bit unknown CDC circuitry                     0  False Path  ck_rst         u_q/theta_reg[17][7]/R
1982  CDC-1   Critical  1-bit unknown CDC circuitry                     0  False Path  ck_rst         u_q/theta_reg[17][8]/R
1983  CDC-1   Critical  1-bit unknown CDC circuitry                     0  False Path  ck_rst         u_q/theta_reg[17][9]/R
1984  CDC-1   Critical  1-bit unknown CDC circuitry                     0  False Path  ck_rst         u_q/theta_reg[17][10]/R
1985  CDC-1   Critical  1-bit unknown CDC circuitry                     0  False Path  ck_rst         u_q/theta_reg[17][11]/R
1986  CDC-1   Critical  1-bit unknown CDC circuitry                     0  False Path  ck_rst         u_q/theta_reg[17][12]/R
1987  CDC-1   Critical  1-bit unknown CDC circuitry                     0  False Path  ck_rst         u_q/theta_reg[17][13]/R
1988  CDC-1   Critical  1-bit unknown CDC circuitry                     0  False Path  ck_rst         u_q/theta_reg[17][14]/R
1989  CDC-1   Critical  1-bit unknown CDC circuitry                     0  False Path  ck_rst         u_q/theta_reg[17][15]/R
1990  CDC-1   Critical  1-bit unknown CDC circuitry                     0  False Path  ck_rst         u_q/theta_reg[18][0]/R
1991  CDC-1   Critical  1-bit unknown CDC circuitry                     0  False Path  ck_rst         u_q/theta_reg[18][1]/R
1992  CDC-1   Critical  1-bit unknown CDC circuitry                     0  False Path  ck_rst         u_q/theta_reg[18][2]/R
1993  CDC-1   Critical  1-bit unknown CDC circuitry                     0  False Path  ck_rst         u_q/theta_reg[18][3]/R
1994  CDC-1   Critical  1-bit unknown CDC circuitry                     0  False Path  ck_rst         u_q/theta_reg[18][4]/R
1995  CDC-1   Critical  1-bit unknown CDC circuitry                     0  False Path  ck_rst         u_q/theta_reg[18][5]/R
1996  CDC-1   Critical  1-bit unknown CDC circuitry                     0  False Path  ck_rst         u_q/theta_reg[18][6]/R
1997  CDC-1   Critical  1-bit unknown CDC circuitry                     0  False Path  ck_rst         u_q/theta_reg[18][7]/R
1998  CDC-1   Critical  1-bit unknown CDC circuitry                     0  False Path  ck_rst         u_q/theta_reg[18][8]/R
1999  CDC-1   Critical  1-bit unknown CDC circuitry                     0  False Path  ck_rst         u_q/theta_reg[18][9]/R
2000  CDC-1   Critical  1-bit unknown CDC circuitry                     0  False Path  ck_rst         u_q/theta_reg[18][10]/R
2001  CDC-1   Critical  1-bit unknown CDC circuitry                     0  False Path  ck_rst         u_q/theta_reg[18][11]/R
2002  CDC-1   Critical  1-bit unknown CDC circuitry                     0  False Path  ck_rst         u_q/theta_reg[18][12]/R
2003  CDC-1   Critical  1-bit unknown CDC circuitry                     0  False Path  ck_rst         u_q/theta_reg[18][13]/R
2004  CDC-1   Critical  1-bit unknown CDC circuitry                     0  False Path  ck_rst         u_q/theta_reg[18][14]/R
2005  CDC-1   Critical  1-bit unknown CDC circuitry                     0  False Path  ck_rst         u_q/theta_reg[18][15]/R
2006  CDC-1   Critical  1-bit unknown CDC circuitry                     0  False Path  ck_rst         u_q/theta_reg[19][0]/R
2007  CDC-1   Critical  1-bit unknown CDC circuitry                     0  False Path  ck_rst         u_q/theta_reg[19][1]/R
2008  CDC-1   Critical  1-bit unknown CDC circuitry                     0  False Path  ck_rst         u_q/theta_reg[19][2]/R
2009  CDC-1   Critical  1-bit unknown CDC circuitry                     0  False Path  ck_rst         u_q/theta_reg[19][3]/R
2010  CDC-1   Critical  1-bit unknown CDC circuitry                     0  False Path  ck_rst         u_q/theta_reg[19][4]/R
2011  CDC-1   Critical  1-bit unknown CDC circuitry                     0  False Path  ck_rst         u_q/theta_reg[19][5]/R
2012  CDC-1   Critical  1-bit unknown CDC circuitry                     0  False Path  ck_rst         u_q/theta_reg[19][6]/R
2013  CDC-1   Critical  1-bit unknown CDC circuitry                     0  False Path  ck_rst         u_q/theta_reg[19][7]/R
2014  CDC-1   Critical  1-bit unknown CDC circuitry                     0  False Path  ck_rst         u_q/theta_reg[19][8]/R
2015  CDC-1   Critical  1-bit unknown CDC circuitry                     0  False Path  ck_rst         u_q/theta_reg[19][9]/R
2016  CDC-1   Critical  1-bit unknown CDC circuitry                     0  False Path  ck_rst         u_q/theta_reg[19][10]/R
2017  CDC-1   Critical  1-bit unknown CDC circuitry                     0  False Path  ck_rst         u_q/theta_reg[19][11]/R
2018  CDC-1   Critical  1-bit unknown CDC circuitry                     0  False Path  ck_rst         u_q/theta_reg[19][12]/R
2019  CDC-1   Critical  1-bit unknown CDC circuitry                     0  False Path  ck_rst         u_q/theta_reg[19][13]/R
2020  CDC-1   Critical  1-bit unknown CDC circuitry                     0  False Path  ck_rst         u_q/theta_reg[19][14]/R
2021  CDC-1   Critical  1-bit unknown CDC circuitry                     0  False Path  ck_rst         u_q/theta_reg[19][15]/R
2022  CDC-1   Critical  1-bit unknown CDC circuitry                     0  False Path  ck_rst         u_q/theta_reg[1][0]/R
2023  CDC-1   Critical  1-bit unknown CDC circuitry                     0  False Path  ck_rst         u_q/theta_reg[1][1]/R
2024  CDC-1   Critical  1-bit unknown CDC circuitry                     0  False Path  ck_rst         u_q/theta_reg[1][2]/R
2025  CDC-1   Critical  1-bit unknown CDC circuitry                     0  False Path  ck_rst         u_q/theta_reg[1][3]/R
2026  CDC-1   Critical  1-bit unknown CDC circuitry                     0  False Path  ck_rst         u_q/theta_reg[1][4]/R
2027  CDC-1   Critical  1-bit unknown CDC circuitry                     0  False Path  ck_rst         u_q/theta_reg[1][5]/R
2028  CDC-1   Critical  1-bit unknown CDC circuitry                     0  False Path  ck_rst         u_q/theta_reg[1][6]/R
2029  CDC-1   Critical  1-bit unknown CDC circuitry                     0  False Path  ck_rst         u_q/theta_reg[1][7]/R
2030  CDC-1   Critical  1-bit unknown CDC circuitry                     0  False Path  ck_rst         u_q/theta_reg[1][8]/R
2031  CDC-1   Critical  1-bit unknown CDC circuitry                     0  False Path  ck_rst         u_q/theta_reg[1][9]/R
2032  CDC-1   Critical  1-bit unknown CDC circuitry                     0  False Path  ck_rst         u_q/theta_reg[1][10]/R
2033  CDC-1   Critical  1-bit unknown CDC circuitry                     0  False Path  ck_rst         u_q/theta_reg[1][11]/R
2034  CDC-1   Critical  1-bit unknown CDC circuitry                     0  False Path  ck_rst         u_q/theta_reg[1][12]/R
2035  CDC-1   Critical  1-bit unknown CDC circuitry                     0  False Path  ck_rst         u_q/theta_reg[1][13]/R
2036  CDC-1   Critical  1-bit unknown CDC circuitry                     0  False Path  ck_rst         u_q/theta_reg[1][14]/R
2037  CDC-1   Critical  1-bit unknown CDC circuitry                     0  False Path  ck_rst         u_q/theta_reg[1][15]/R
2038  CDC-1   Critical  1-bit unknown CDC circuitry                     0  False Path  ck_rst         u_q/theta_reg[20][0]/R
2039  CDC-1   Critical  1-bit unknown CDC circuitry                     0  False Path  ck_rst         u_q/theta_reg[20][1]/R
2040  CDC-1   Critical  1-bit unknown CDC circuitry                     0  False Path  ck_rst         u_q/theta_reg[20][2]/R
2041  CDC-1   Critical  1-bit unknown CDC circuitry                     0  False Path  ck_rst         u_q/theta_reg[20][3]/R
2042  CDC-1   Critical  1-bit unknown CDC circuitry                     0  False Path  ck_rst         u_q/theta_reg[20][4]/R
2043  CDC-1   Critical  1-bit unknown CDC circuitry                     0  False Path  ck_rst         u_q/theta_reg[20][5]/R
2044  CDC-1   Critical  1-bit unknown CDC circuitry                     0  False Path  ck_rst         u_q/theta_reg[20][6]/R
2045  CDC-1   Critical  1-bit unknown CDC circuitry                     0  False Path  ck_rst         u_q/theta_reg[20][7]/R
2046  CDC-1   Critical  1-bit unknown CDC circuitry                     0  False Path  ck_rst         u_q/theta_reg[20][8]/R
2047  CDC-1   Critical  1-bit unknown CDC circuitry                     0  False Path  ck_rst         u_q/theta_reg[20][9]/R
2048  CDC-1   Critical  1-bit unknown CDC circuitry                     0  False Path  ck_rst         u_q/theta_reg[20][10]/R
2049  CDC-1   Critical  1-bit unknown CDC circuitry                     0  False Path  ck_rst         u_q/theta_reg[20][11]/R
2050  CDC-1   Critical  1-bit unknown CDC circuitry                     0  False Path  ck_rst         u_q/theta_reg[20][12]/R
2051  CDC-1   Critical  1-bit unknown CDC circuitry                     0  False Path  ck_rst         u_q/theta_reg[20][13]/R
2052  CDC-1   Critical  1-bit unknown CDC circuitry                     0  False Path  ck_rst         u_q/theta_reg[20][14]/R
2053  CDC-1   Critical  1-bit unknown CDC circuitry                     0  False Path  ck_rst         u_q/theta_reg[20][15]/R
2054  CDC-1   Critical  1-bit unknown CDC circuitry                     0  False Path  ck_rst         u_q/theta_reg[21][0]/R
2055  CDC-1   Critical  1-bit unknown CDC circuitry                     0  False Path  ck_rst         u_q/theta_reg[21][1]/R
2056  CDC-1   Critical  1-bit unknown CDC circuitry                     0  False Path  ck_rst         u_q/theta_reg[21][2]/R
2057  CDC-1   Critical  1-bit unknown CDC circuitry                     0  False Path  ck_rst         u_q/theta_reg[21][3]/R
2058  CDC-1   Critical  1-bit unknown CDC circuitry                     0  False Path  ck_rst         u_q/theta_reg[21][4]/R
2059  CDC-1   Critical  1-bit unknown CDC circuitry                     0  False Path  ck_rst         u_q/theta_reg[21][5]/R
2060  CDC-1   Critical  1-bit unknown CDC circuitry                     0  False Path  ck_rst         u_q/theta_reg[21][6]/R
2061  CDC-1   Critical  1-bit unknown CDC circuitry                     0  False Path  ck_rst         u_q/theta_reg[21][7]/R
2062  CDC-1   Critical  1-bit unknown CDC circuitry                     0  False Path  ck_rst         u_q/theta_reg[21][8]/R
2063  CDC-1   Critical  1-bit unknown CDC circuitry                     0  False Path  ck_rst         u_q/theta_reg[21][9]/R
2064  CDC-1   Critical  1-bit unknown CDC circuitry                     0  False Path  ck_rst         u_q/theta_reg[21][10]/R
2065  CDC-1   Critical  1-bit unknown CDC circuitry                     0  False Path  ck_rst         u_q/theta_reg[21][11]/R
2066  CDC-1   Critical  1-bit unknown CDC circuitry                     0  False Path  ck_rst         u_q/theta_reg[21][12]/R
2067  CDC-1   Critical  1-bit unknown CDC circuitry                     0  False Path  ck_rst         u_q/theta_reg[21][13]/R
2068  CDC-1   Critical  1-bit unknown CDC circuitry                     0  False Path  ck_rst         u_q/theta_reg[21][14]/R
2069  CDC-1   Critical  1-bit unknown CDC circuitry                     0  False Path  ck_rst         u_q/theta_reg[21][15]/R
2070  CDC-1   Critical  1-bit unknown CDC circuitry                     0  False Path  ck_rst         u_q/theta_reg[22][0]/R
2071  CDC-1   Critical  1-bit unknown CDC circuitry                     0  False Path  ck_rst         u_q/theta_reg[22][1]/R
2072  CDC-1   Critical  1-bit unknown CDC circuitry                     0  False Path  ck_rst         u_q/theta_reg[22][2]/R
2073  CDC-1   Critical  1-bit unknown CDC circuitry                     0  False Path  ck_rst         u_q/theta_reg[22][3]/R
2074  CDC-1   Critical  1-bit unknown CDC circuitry                     0  False Path  ck_rst         u_q/theta_reg[22][4]/R
2075  CDC-1   Critical  1-bit unknown CDC circuitry                     0  False Path  ck_rst         u_q/theta_reg[22][5]/R
2076  CDC-1   Critical  1-bit unknown CDC circuitry                     0  False Path  ck_rst         u_q/theta_reg[22][6]/R
2077  CDC-1   Critical  1-bit unknown CDC circuitry                     0  False Path  ck_rst         u_q/theta_reg[22][7]/R
2078  CDC-1   Critical  1-bit unknown CDC circuitry                     0  False Path  ck_rst         u_q/theta_reg[22][8]/R
2079  CDC-1   Critical  1-bit unknown CDC circuitry                     0  False Path  ck_rst         u_q/theta_reg[22][9]/R
2080  CDC-1   Critical  1-bit unknown CDC circuitry                     0  False Path  ck_rst         u_q/theta_reg[22][10]/R
2081  CDC-1   Critical  1-bit unknown CDC circuitry                     0  False Path  ck_rst         u_q/theta_reg[22][11]/R
2082  CDC-1   Critical  1-bit unknown CDC circuitry                     0  False Path  ck_rst         u_q/theta_reg[22][12]/R
2083  CDC-1   Critical  1-bit unknown CDC circuitry                     0  False Path  ck_rst         u_q/theta_reg[22][13]/R
2084  CDC-1   Critical  1-bit unknown CDC circuitry                     0  False Path  ck_rst         u_q/theta_reg[22][14]/R
2085  CDC-1   Critical  1-bit unknown CDC circuitry                     0  False Path  ck_rst         u_q/theta_reg[22][15]/R
2086  CDC-1   Critical  1-bit unknown CDC circuitry                     0  False Path  ck_rst         u_q/theta_reg[23][0]/R
2087  CDC-1   Critical  1-bit unknown CDC circuitry                     0  False Path  ck_rst         u_q/theta_reg[23][1]/R
2088  CDC-1   Critical  1-bit unknown CDC circuitry                     0  False Path  ck_rst         u_q/theta_reg[23][2]/R
2089  CDC-1   Critical  1-bit unknown CDC circuitry                     0  False Path  ck_rst         u_q/theta_reg[23][3]/R
2090  CDC-1   Critical  1-bit unknown CDC circuitry                     0  False Path  ck_rst         u_q/theta_reg[23][4]/R
2091  CDC-1   Critical  1-bit unknown CDC circuitry                     0  False Path  ck_rst         u_q/theta_reg[23][5]/R
2092  CDC-1   Critical  1-bit unknown CDC circuitry                     0  False Path  ck_rst         u_q/theta_reg[23][6]/R
2093  CDC-1   Critical  1-bit unknown CDC circuitry                     0  False Path  ck_rst         u_q/theta_reg[23][7]/R
2094  CDC-1   Critical  1-bit unknown CDC circuitry                     0  False Path  ck_rst         u_q/theta_reg[23][8]/R
2095  CDC-1   Critical  1-bit unknown CDC circuitry                     0  False Path  ck_rst         u_q/theta_reg[23][9]/R
2096  CDC-1   Critical  1-bit unknown CDC circuitry                     0  False Path  ck_rst         u_q/theta_reg[23][10]/R
2097  CDC-1   Critical  1-bit unknown CDC circuitry                     0  False Path  ck_rst         u_q/theta_reg[23][11]/R
2098  CDC-1   Critical  1-bit unknown CDC circuitry                     0  False Path  ck_rst         u_q/theta_reg[23][12]/R
2099  CDC-1   Critical  1-bit unknown CDC circuitry                     0  False Path  ck_rst         u_q/theta_reg[23][13]/R
2100  CDC-1   Critical  1-bit unknown CDC circuitry                     0  False Path  ck_rst         u_q/theta_reg[23][14]/R
2101  CDC-1   Critical  1-bit unknown CDC circuitry                     0  False Path  ck_rst         u_q/theta_reg[23][15]/R
2102  CDC-1   Critical  1-bit unknown CDC circuitry                     0  False Path  ck_rst         u_q/theta_reg[24][0]/R
2103  CDC-1   Critical  1-bit unknown CDC circuitry                     0  False Path  ck_rst         u_q/theta_reg[24][1]/R
2104  CDC-1   Critical  1-bit unknown CDC circuitry                     0  False Path  ck_rst         u_q/theta_reg[24][2]/R
2105  CDC-1   Critical  1-bit unknown CDC circuitry                     0  False Path  ck_rst         u_q/theta_reg[24][3]/R
2106  CDC-1   Critical  1-bit unknown CDC circuitry                     0  False Path  ck_rst         u_q/theta_reg[24][4]/R
2107  CDC-1   Critical  1-bit unknown CDC circuitry                     0  False Path  ck_rst         u_q/theta_reg[24][5]/R
2108  CDC-1   Critical  1-bit unknown CDC circuitry                     0  False Path  ck_rst         u_q/theta_reg[24][6]/R
2109  CDC-1   Critical  1-bit unknown CDC circuitry                     0  False Path  ck_rst         u_q/theta_reg[24][7]/R
2110  CDC-1   Critical  1-bit unknown CDC circuitry                     0  False Path  ck_rst         u_q/theta_reg[24][8]/R
2111  CDC-1   Critical  1-bit unknown CDC circuitry                     0  False Path  ck_rst         u_q/theta_reg[24][9]/R
2112  CDC-1   Critical  1-bit unknown CDC circuitry                     0  False Path  ck_rst         u_q/theta_reg[24][10]/R
2113  CDC-1   Critical  1-bit unknown CDC circuitry                     0  False Path  ck_rst         u_q/theta_reg[24][11]/R
2114  CDC-1   Critical  1-bit unknown CDC circuitry                     0  False Path  ck_rst         u_q/theta_reg[24][12]/R
2115  CDC-1   Critical  1-bit unknown CDC circuitry                     0  False Path  ck_rst         u_q/theta_reg[24][13]/R
2116  CDC-1   Critical  1-bit unknown CDC circuitry                     0  False Path  ck_rst         u_q/theta_reg[24][14]/R
2117  CDC-1   Critical  1-bit unknown CDC circuitry                     0  False Path  ck_rst         u_q/theta_reg[24][15]/R
2118  CDC-1   Critical  1-bit unknown CDC circuitry                     0  False Path  ck_rst         u_q/theta_reg[25][0]/R
2119  CDC-1   Critical  1-bit unknown CDC circuitry                     0  False Path  ck_rst         u_q/theta_reg[25][1]/R
2120  CDC-1   Critical  1-bit unknown CDC circuitry                     0  False Path  ck_rst         u_q/theta_reg[25][2]/R
2121  CDC-1   Critical  1-bit unknown CDC circuitry                     0  False Path  ck_rst         u_q/theta_reg[25][3]/R
2122  CDC-1   Critical  1-bit unknown CDC circuitry                     0  False Path  ck_rst         u_q/theta_reg[25][4]/R
2123  CDC-1   Critical  1-bit unknown CDC circuitry                     0  False Path  ck_rst         u_q/theta_reg[25][5]/R
2124  CDC-1   Critical  1-bit unknown CDC circuitry                     0  False Path  ck_rst         u_q/theta_reg[25][6]/R
2125  CDC-1   Critical  1-bit unknown CDC circuitry                     0  False Path  ck_rst         u_q/theta_reg[25][7]/R
2126  CDC-1   Critical  1-bit unknown CDC circuitry                     0  False Path  ck_rst         u_q/theta_reg[25][8]/R
2127  CDC-1   Critical  1-bit unknown CDC circuitry                     0  False Path  ck_rst         u_q/theta_reg[25][9]/R
2128  CDC-1   Critical  1-bit unknown CDC circuitry                     0  False Path  ck_rst         u_q/theta_reg[25][10]/R
2129  CDC-1   Critical  1-bit unknown CDC circuitry                     0  False Path  ck_rst         u_q/theta_reg[25][11]/R
2130  CDC-1   Critical  1-bit unknown CDC circuitry                     0  False Path  ck_rst         u_q/theta_reg[25][12]/R
2131  CDC-1   Critical  1-bit unknown CDC circuitry                     0  False Path  ck_rst         u_q/theta_reg[25][13]/R
2132  CDC-1   Critical  1-bit unknown CDC circuitry                     0  False Path  ck_rst         u_q/theta_reg[25][14]/R
2133  CDC-1   Critical  1-bit unknown CDC circuitry                     0  False Path  ck_rst         u_q/theta_reg[25][15]/R
2134  CDC-1   Critical  1-bit unknown CDC circuitry                     0  False Path  ck_rst         u_q/theta_reg[26][0]/R
2135  CDC-1   Critical  1-bit unknown CDC circuitry                     0  False Path  ck_rst         u_q/theta_reg[26][1]/R
2136  CDC-1   Critical  1-bit unknown CDC circuitry                     0  False Path  ck_rst         u_q/theta_reg[26][2]/R
2137  CDC-1   Critical  1-bit unknown CDC circuitry                     0  False Path  ck_rst         u_q/theta_reg[26][3]/R
2138  CDC-1   Critical  1-bit unknown CDC circuitry                     0  False Path  ck_rst         u_q/theta_reg[26][4]/R
2139  CDC-1   Critical  1-bit unknown CDC circuitry                     0  False Path  ck_rst         u_q/theta_reg[26][5]/R
2140  CDC-1   Critical  1-bit unknown CDC circuitry                     0  False Path  ck_rst         u_q/theta_reg[26][6]/R
2141  CDC-1   Critical  1-bit unknown CDC circuitry                     0  False Path  ck_rst         u_q/theta_reg[26][7]/R
2142  CDC-1   Critical  1-bit unknown CDC circuitry                     0  False Path  ck_rst         u_q/theta_reg[26][8]/R
2143  CDC-1   Critical  1-bit unknown CDC circuitry                     0  False Path  ck_rst         u_q/theta_reg[26][9]/R
2144  CDC-1   Critical  1-bit unknown CDC circuitry                     0  False Path  ck_rst         u_q/theta_reg[26][10]/R
2145  CDC-1   Critical  1-bit unknown CDC circuitry                     0  False Path  ck_rst         u_q/theta_reg[26][11]/R
2146  CDC-1   Critical  1-bit unknown CDC circuitry                     0  False Path  ck_rst         u_q/theta_reg[26][12]/R
2147  CDC-1   Critical  1-bit unknown CDC circuitry                     0  False Path  ck_rst         u_q/theta_reg[26][13]/R
2148  CDC-1   Critical  1-bit unknown CDC circuitry                     0  False Path  ck_rst         u_q/theta_reg[26][14]/R
2149  CDC-1   Critical  1-bit unknown CDC circuitry                     0  False Path  ck_rst         u_q/theta_reg[26][15]/R
2150  CDC-1   Critical  1-bit unknown CDC circuitry                     0  False Path  ck_rst         u_q/theta_reg[27][0]/R
2151  CDC-1   Critical  1-bit unknown CDC circuitry                     0  False Path  ck_rst         u_q/theta_reg[27][1]/R
2152  CDC-1   Critical  1-bit unknown CDC circuitry                     0  False Path  ck_rst         u_q/theta_reg[27][2]/R
2153  CDC-1   Critical  1-bit unknown CDC circuitry                     0  False Path  ck_rst         u_q/theta_reg[27][3]/R
2154  CDC-1   Critical  1-bit unknown CDC circuitry                     0  False Path  ck_rst         u_q/theta_reg[27][4]/R
2155  CDC-1   Critical  1-bit unknown CDC circuitry                     0  False Path  ck_rst         u_q/theta_reg[27][5]/R
2156  CDC-1   Critical  1-bit unknown CDC circuitry                     0  False Path  ck_rst         u_q/theta_reg[27][6]/R
2157  CDC-1   Critical  1-bit unknown CDC circuitry                     0  False Path  ck_rst         u_q/theta_reg[27][7]/R
2158  CDC-1   Critical  1-bit unknown CDC circuitry                     0  False Path  ck_rst         u_q/theta_reg[27][8]/R
2159  CDC-1   Critical  1-bit unknown CDC circuitry                     0  False Path  ck_rst         u_q/theta_reg[27][9]/R
2160  CDC-1   Critical  1-bit unknown CDC circuitry                     0  False Path  ck_rst         u_q/theta_reg[27][10]/R
2161  CDC-1   Critical  1-bit unknown CDC circuitry                     0  False Path  ck_rst         u_q/theta_reg[27][11]/R
2162  CDC-1   Critical  1-bit unknown CDC circuitry                     0  False Path  ck_rst         u_q/theta_reg[27][12]/R
2163  CDC-1   Critical  1-bit unknown CDC circuitry                     0  False Path  ck_rst         u_q/theta_reg[27][13]/R
2164  CDC-1   Critical  1-bit unknown CDC circuitry                     0  False Path  ck_rst         u_q/theta_reg[27][14]/R
2165  CDC-1   Critical  1-bit unknown CDC circuitry                     0  False Path  ck_rst         u_q/theta_reg[27][15]/R
2166  CDC-1   Critical  1-bit unknown CDC circuitry                     0  False Path  ck_rst         u_q/theta_reg[28][0]/R
2167  CDC-1   Critical  1-bit unknown CDC circuitry                     0  False Path  ck_rst         u_q/theta_reg[28][1]/R
2168  CDC-1   Critical  1-bit unknown CDC circuitry                     0  False Path  ck_rst         u_q/theta_reg[28][2]/R
2169  CDC-1   Critical  1-bit unknown CDC circuitry                     0  False Path  ck_rst         u_q/theta_reg[28][3]/R
2170  CDC-1   Critical  1-bit unknown CDC circuitry                     0  False Path  ck_rst         u_q/theta_reg[28][4]/R
2171  CDC-1   Critical  1-bit unknown CDC circuitry                     0  False Path  ck_rst         u_q/theta_reg[28][5]/R
2172  CDC-1   Critical  1-bit unknown CDC circuitry                     0  False Path  ck_rst         u_q/theta_reg[28][6]/R
2173  CDC-1   Critical  1-bit unknown CDC circuitry                     0  False Path  ck_rst         u_q/theta_reg[28][7]/R
2174  CDC-1   Critical  1-bit unknown CDC circuitry                     0  False Path  ck_rst         u_q/theta_reg[28][8]/R
2175  CDC-1   Critical  1-bit unknown CDC circuitry                     0  False Path  ck_rst         u_q/theta_reg[28][9]/R
2176  CDC-1   Critical  1-bit unknown CDC circuitry                     0  False Path  ck_rst         u_q/theta_reg[28][10]/R
2177  CDC-1   Critical  1-bit unknown CDC circuitry                     0  False Path  ck_rst         u_q/theta_reg[28][11]/R
2178  CDC-1   Critical  1-bit unknown CDC circuitry                     0  False Path  ck_rst         u_q/theta_reg[28][12]/R
2179  CDC-1   Critical  1-bit unknown CDC circuitry                     0  False Path  ck_rst         u_q/theta_reg[28][13]/R
2180  CDC-1   Critical  1-bit unknown CDC circuitry                     0  False Path  ck_rst         u_q/theta_reg[28][14]/R
2181  CDC-1   Critical  1-bit unknown CDC circuitry                     0  False Path  ck_rst         u_q/theta_reg[28][15]/R
2182  CDC-1   Critical  1-bit unknown CDC circuitry                     0  False Path  ck_rst         u_q/theta_reg[29][0]/R
2183  CDC-1   Critical  1-bit unknown CDC circuitry                     0  False Path  ck_rst         u_q/theta_reg[29][1]/R
2184  CDC-1   Critical  1-bit unknown CDC circuitry                     0  False Path  ck_rst         u_q/theta_reg[29][2]/R
2185  CDC-1   Critical  1-bit unknown CDC circuitry                     0  False Path  ck_rst         u_q/theta_reg[29][3]/R
2186  CDC-1   Critical  1-bit unknown CDC circuitry                     0  False Path  ck_rst         u_q/theta_reg[29][4]/R
2187  CDC-1   Critical  1-bit unknown CDC circuitry                     0  False Path  ck_rst         u_q/theta_reg[29][5]/R
2188  CDC-1   Critical  1-bit unknown CDC circuitry                     0  False Path  ck_rst         u_q/theta_reg[29][6]/R
2189  CDC-1   Critical  1-bit unknown CDC circuitry                     0  False Path  ck_rst         u_q/theta_reg[29][7]/R
2190  CDC-1   Critical  1-bit unknown CDC circuitry                     0  False Path  ck_rst         u_q/theta_reg[29][8]/R
2191  CDC-1   Critical  1-bit unknown CDC circuitry                     0  False Path  ck_rst         u_q/theta_reg[29][9]/R
2192  CDC-1   Critical  1-bit unknown CDC circuitry                     0  False Path  ck_rst         u_q/theta_reg[29][10]/R
2193  CDC-1   Critical  1-bit unknown CDC circuitry                     0  False Path  ck_rst         u_q/theta_reg[29][11]/R
2194  CDC-1   Critical  1-bit unknown CDC circuitry                     0  False Path  ck_rst         u_q/theta_reg[29][12]/R
2195  CDC-1   Critical  1-bit unknown CDC circuitry                     0  False Path  ck_rst         u_q/theta_reg[29][13]/R
2196  CDC-1   Critical  1-bit unknown CDC circuitry                     0  False Path  ck_rst         u_q/theta_reg[29][14]/R
2197  CDC-1   Critical  1-bit unknown CDC circuitry                     0  False Path  ck_rst         u_q/theta_reg[29][15]/R
2198  CDC-1   Critical  1-bit unknown CDC circuitry                     0  False Path  ck_rst         u_q/theta_reg[2][0]/R
2199  CDC-1   Critical  1-bit unknown CDC circuitry                     0  False Path  ck_rst         u_q/theta_reg[2][1]/R
2200  CDC-1   Critical  1-bit unknown CDC circuitry                     0  False Path  ck_rst         u_q/theta_reg[2][2]/R
2201  CDC-1   Critical  1-bit unknown CDC circuitry                     0  False Path  ck_rst         u_q/theta_reg[2][3]/R
2202  CDC-1   Critical  1-bit unknown CDC circuitry                     0  False Path  ck_rst         u_q/theta_reg[2][4]/R
2203  CDC-1   Critical  1-bit unknown CDC circuitry                     0  False Path  ck_rst         u_q/theta_reg[2][5]/R
2204  CDC-1   Critical  1-bit unknown CDC circuitry                     0  False Path  ck_rst         u_q/theta_reg[2][6]/R
2205  CDC-1   Critical  1-bit unknown CDC circuitry                     0  False Path  ck_rst         u_q/theta_reg[2][7]/R
2206  CDC-1   Critical  1-bit unknown CDC circuitry                     0  False Path  ck_rst         u_q/theta_reg[2][8]/R
2207  CDC-1   Critical  1-bit unknown CDC circuitry                     0  False Path  ck_rst         u_q/theta_reg[2][9]/R
2208  CDC-1   Critical  1-bit unknown CDC circuitry                     0  False Path  ck_rst         u_q/theta_reg[2][10]/R
2209  CDC-1   Critical  1-bit unknown CDC circuitry                     0  False Path  ck_rst         u_q/theta_reg[2][11]/R
2210  CDC-1   Critical  1-bit unknown CDC circuitry                     0  False Path  ck_rst         u_q/theta_reg[2][12]/R
2211  CDC-1   Critical  1-bit unknown CDC circuitry                     0  False Path  ck_rst         u_q/theta_reg[2][13]/R
2212  CDC-1   Critical  1-bit unknown CDC circuitry                     0  False Path  ck_rst         u_q/theta_reg[2][14]/R
2213  CDC-1   Critical  1-bit unknown CDC circuitry                     0  False Path  ck_rst         u_q/theta_reg[2][15]/R
2214  CDC-1   Critical  1-bit unknown CDC circuitry                     0  False Path  ck_rst         u_q/theta_reg[30][0]/R
2215  CDC-1   Critical  1-bit unknown CDC circuitry                     0  False Path  ck_rst         u_q/theta_reg[30][1]/R
2216  CDC-1   Critical  1-bit unknown CDC circuitry                     0  False Path  ck_rst         u_q/theta_reg[30][2]/R
2217  CDC-1   Critical  1-bit unknown CDC circuitry                     0  False Path  ck_rst         u_q/theta_reg[30][3]/R
2218  CDC-1   Critical  1-bit unknown CDC circuitry                     0  False Path  ck_rst         u_q/theta_reg[30][4]/R
2219  CDC-1   Critical  1-bit unknown CDC circuitry                     0  False Path  ck_rst         u_q/theta_reg[30][5]/R
2220  CDC-1   Critical  1-bit unknown CDC circuitry                     0  False Path  ck_rst         u_q/theta_reg[30][6]/R
2221  CDC-1   Critical  1-bit unknown CDC circuitry                     0  False Path  ck_rst         u_q/theta_reg[30][7]/R
2222  CDC-1   Critical  1-bit unknown CDC circuitry                     0  False Path  ck_rst         u_q/theta_reg[30][8]/R
2223  CDC-1   Critical  1-bit unknown CDC circuitry                     0  False Path  ck_rst         u_q/theta_reg[30][9]/R
2224  CDC-1   Critical  1-bit unknown CDC circuitry                     0  False Path  ck_rst         u_q/theta_reg[30][10]/R
2225  CDC-1   Critical  1-bit unknown CDC circuitry                     0  False Path  ck_rst         u_q/theta_reg[30][11]/R
2226  CDC-1   Critical  1-bit unknown CDC circuitry                     0  False Path  ck_rst         u_q/theta_reg[30][12]/R
2227  CDC-1   Critical  1-bit unknown CDC circuitry                     0  False Path  ck_rst         u_q/theta_reg[30][13]/R
2228  CDC-1   Critical  1-bit unknown CDC circuitry                     0  False Path  ck_rst         u_q/theta_reg[30][14]/R
2229  CDC-1   Critical  1-bit unknown CDC circuitry                     0  False Path  ck_rst         u_q/theta_reg[30][15]/R
2230  CDC-1   Critical  1-bit unknown CDC circuitry                     0  False Path  ck_rst         u_q/theta_reg[31][0]/R
2231  CDC-1   Critical  1-bit unknown CDC circuitry                     0  False Path  ck_rst         u_q/theta_reg[31][1]/R
2232  CDC-1   Critical  1-bit unknown CDC circuitry                     0  False Path  ck_rst         u_q/theta_reg[31][2]/R
2233  CDC-1   Critical  1-bit unknown CDC circuitry                     0  False Path  ck_rst         u_q/theta_reg[31][3]/R
2234  CDC-1   Critical  1-bit unknown CDC circuitry                     0  False Path  ck_rst         u_q/theta_reg[31][4]/R
2235  CDC-1   Critical  1-bit unknown CDC circuitry                     0  False Path  ck_rst         u_q/theta_reg[31][5]/R
2236  CDC-1   Critical  1-bit unknown CDC circuitry                     0  False Path  ck_rst         u_q/theta_reg[31][6]/R
2237  CDC-1   Critical  1-bit unknown CDC circuitry                     0  False Path  ck_rst         u_q/theta_reg[31][7]/R
2238  CDC-1   Critical  1-bit unknown CDC circuitry                     0  False Path  ck_rst         u_q/theta_reg[31][8]/R
2239  CDC-1   Critical  1-bit unknown CDC circuitry                     0  False Path  ck_rst         u_q/theta_reg[31][9]/R
2240  CDC-1   Critical  1-bit unknown CDC circuitry                     0  False Path  ck_rst         u_q/theta_reg[31][10]/R
2241  CDC-1   Critical  1-bit unknown CDC circuitry                     0  False Path  ck_rst         u_q/theta_reg[31][11]/R
2242  CDC-1   Critical  1-bit unknown CDC circuitry                     0  False Path  ck_rst         u_q/theta_reg[31][12]/R
2243  CDC-1   Critical  1-bit unknown CDC circuitry                     0  False Path  ck_rst         u_q/theta_reg[31][13]/R
2244  CDC-1   Critical  1-bit unknown CDC circuitry                     0  False Path  ck_rst         u_q/theta_reg[31][14]/R
2245  CDC-1   Critical  1-bit unknown CDC circuitry                     0  False Path  ck_rst         u_q/theta_reg[31][15]/R
2246  CDC-1   Critical  1-bit unknown CDC circuitry                     0  False Path  ck_rst         u_q/theta_reg[32][0]/R
2247  CDC-1   Critical  1-bit unknown CDC circuitry                     0  False Path  ck_rst         u_q/theta_reg[32][1]/R
2248  CDC-1   Critical  1-bit unknown CDC circuitry                     0  False Path  ck_rst         u_q/theta_reg[32][2]/R
2249  CDC-1   Critical  1-bit unknown CDC circuitry                     0  False Path  ck_rst         u_q/theta_reg[32][3]/R
2250  CDC-1   Critical  1-bit unknown CDC circuitry                     0  False Path  ck_rst         u_q/theta_reg[32][4]/R
2251  CDC-1   Critical  1-bit unknown CDC circuitry                     0  False Path  ck_rst         u_q/theta_reg[32][5]/R
2252  CDC-1   Critical  1-bit unknown CDC circuitry                     0  False Path  ck_rst         u_q/theta_reg[32][6]/R
2253  CDC-1   Critical  1-bit unknown CDC circuitry                     0  False Path  ck_rst         u_q/theta_reg[32][7]/R
2254  CDC-1   Critical  1-bit unknown CDC circuitry                     0  False Path  ck_rst         u_q/theta_reg[32][8]/R
2255  CDC-1   Critical  1-bit unknown CDC circuitry                     0  False Path  ck_rst         u_q/theta_reg[32][9]/R
2256  CDC-1   Critical  1-bit unknown CDC circuitry                     0  False Path  ck_rst         u_q/theta_reg[32][10]/R
2257  CDC-1   Critical  1-bit unknown CDC circuitry                     0  False Path  ck_rst         u_q/theta_reg[32][11]/R
2258  CDC-1   Critical  1-bit unknown CDC circuitry                     0  False Path  ck_rst         u_q/theta_reg[32][12]/R
2259  CDC-1   Critical  1-bit unknown CDC circuitry                     0  False Path  ck_rst         u_q/theta_reg[32][13]/R
2260  CDC-1   Critical  1-bit unknown CDC circuitry                     0  False Path  ck_rst         u_q/theta_reg[32][14]/R
2261  CDC-1   Critical  1-bit unknown CDC circuitry                     0  False Path  ck_rst         u_q/theta_reg[32][15]/R
2262  CDC-1   Critical  1-bit unknown CDC circuitry                     0  False Path  ck_rst         u_q/theta_reg[33][0]/R
2263  CDC-1   Critical  1-bit unknown CDC circuitry                     0  False Path  ck_rst         u_q/theta_reg[33][1]/R
2264  CDC-1   Critical  1-bit unknown CDC circuitry                     0  False Path  ck_rst         u_q/theta_reg[33][2]/R
2265  CDC-1   Critical  1-bit unknown CDC circuitry                     0  False Path  ck_rst         u_q/theta_reg[33][3]/R
2266  CDC-1   Critical  1-bit unknown CDC circuitry                     0  False Path  ck_rst         u_q/theta_reg[33][4]/R
2267  CDC-1   Critical  1-bit unknown CDC circuitry                     0  False Path  ck_rst         u_q/theta_reg[33][5]/R
2268  CDC-1   Critical  1-bit unknown CDC circuitry                     0  False Path  ck_rst         u_q/theta_reg[33][6]/R
2269  CDC-1   Critical  1-bit unknown CDC circuitry                     0  False Path  ck_rst         u_q/theta_reg[33][7]/R
2270  CDC-1   Critical  1-bit unknown CDC circuitry                     0  False Path  ck_rst         u_q/theta_reg[33][8]/R
2271  CDC-1   Critical  1-bit unknown CDC circuitry                     0  False Path  ck_rst         u_q/theta_reg[33][9]/R
2272  CDC-1   Critical  1-bit unknown CDC circuitry                     0  False Path  ck_rst         u_q/theta_reg[33][10]/R
2273  CDC-1   Critical  1-bit unknown CDC circuitry                     0  False Path  ck_rst         u_q/theta_reg[33][11]/R
2274  CDC-1   Critical  1-bit unknown CDC circuitry                     0  False Path  ck_rst         u_q/theta_reg[33][12]/R
2275  CDC-1   Critical  1-bit unknown CDC circuitry                     0  False Path  ck_rst         u_q/theta_reg[33][13]/R
2276  CDC-1   Critical  1-bit unknown CDC circuitry                     0  False Path  ck_rst         u_q/theta_reg[33][14]/R
2277  CDC-1   Critical  1-bit unknown CDC circuitry                     0  False Path  ck_rst         u_q/theta_reg[33][15]/R
2278  CDC-1   Critical  1-bit unknown CDC circuitry                     0  False Path  ck_rst         u_q/theta_reg[34][0]/R
2279  CDC-1   Critical  1-bit unknown CDC circuitry                     0  False Path  ck_rst         u_q/theta_reg[34][1]/R
2280  CDC-1   Critical  1-bit unknown CDC circuitry                     0  False Path  ck_rst         u_q/theta_reg[34][2]/R
2281  CDC-1   Critical  1-bit unknown CDC circuitry                     0  False Path  ck_rst         u_q/theta_reg[34][3]/R
2282  CDC-1   Critical  1-bit unknown CDC circuitry                     0  False Path  ck_rst         u_q/theta_reg[34][4]/R
2283  CDC-1   Critical  1-bit unknown CDC circuitry                     0  False Path  ck_rst         u_q/theta_reg[34][5]/R
2284  CDC-1   Critical  1-bit unknown CDC circuitry                     0  False Path  ck_rst         u_q/theta_reg[34][6]/R
2285  CDC-1   Critical  1-bit unknown CDC circuitry                     0  False Path  ck_rst         u_q/theta_reg[34][7]/R
2286  CDC-1   Critical  1-bit unknown CDC circuitry                     0  False Path  ck_rst         u_q/theta_reg[34][8]/R
2287  CDC-1   Critical  1-bit unknown CDC circuitry                     0  False Path  ck_rst         u_q/theta_reg[34][9]/R
2288  CDC-1   Critical  1-bit unknown CDC circuitry                     0  False Path  ck_rst         u_q/theta_reg[34][10]/R
2289  CDC-1   Critical  1-bit unknown CDC circuitry                     0  False Path  ck_rst         u_q/theta_reg[34][11]/R
2290  CDC-1   Critical  1-bit unknown CDC circuitry                     0  False Path  ck_rst         u_q/theta_reg[34][12]/R
2291  CDC-1   Critical  1-bit unknown CDC circuitry                     0  False Path  ck_rst         u_q/theta_reg[34][13]/R
2292  CDC-1   Critical  1-bit unknown CDC circuitry                     0  False Path  ck_rst         u_q/theta_reg[34][14]/R
2293  CDC-1   Critical  1-bit unknown CDC circuitry                     0  False Path  ck_rst         u_q/theta_reg[34][15]/R
2294  CDC-1   Critical  1-bit unknown CDC circuitry                     0  False Path  ck_rst         u_q/theta_reg[35][0]/R
2295  CDC-1   Critical  1-bit unknown CDC circuitry                     0  False Path  ck_rst         u_q/theta_reg[35][1]/R
2296  CDC-1   Critical  1-bit unknown CDC circuitry                     0  False Path  ck_rst         u_q/theta_reg[35][2]/R
2297  CDC-1   Critical  1-bit unknown CDC circuitry                     0  False Path  ck_rst         u_q/theta_reg[35][3]/R
2298  CDC-1   Critical  1-bit unknown CDC circuitry                     0  False Path  ck_rst         u_q/theta_reg[35][4]/R
2299  CDC-1   Critical  1-bit unknown CDC circuitry                     0  False Path  ck_rst         u_q/theta_reg[35][5]/R
2300  CDC-1   Critical  1-bit unknown CDC circuitry                     0  False Path  ck_rst         u_q/theta_reg[35][6]/R
2301  CDC-1   Critical  1-bit unknown CDC circuitry                     0  False Path  ck_rst         u_q/theta_reg[35][7]/R
2302  CDC-1   Critical  1-bit unknown CDC circuitry                     0  False Path  ck_rst         u_q/theta_reg[35][8]/R
2303  CDC-1   Critical  1-bit unknown CDC circuitry                     0  False Path  ck_rst         u_q/theta_reg[35][9]/R
2304  CDC-1   Critical  1-bit unknown CDC circuitry                     0  False Path  ck_rst         u_q/theta_reg[35][10]/R
2305  CDC-1   Critical  1-bit unknown CDC circuitry                     0  False Path  ck_rst         u_q/theta_reg[35][11]/R
2306  CDC-1   Critical  1-bit unknown CDC circuitry                     0  False Path  ck_rst         u_q/theta_reg[35][12]/R
2307  CDC-1   Critical  1-bit unknown CDC circuitry                     0  False Path  ck_rst         u_q/theta_reg[35][13]/R
2308  CDC-1   Critical  1-bit unknown CDC circuitry                     0  False Path  ck_rst         u_q/theta_reg[35][14]/R
2309  CDC-1   Critical  1-bit unknown CDC circuitry                     0  False Path  ck_rst         u_q/theta_reg[35][15]/R
2310  CDC-1   Critical  1-bit unknown CDC circuitry                     0  False Path  ck_rst         u_q/theta_reg[36][0]/R
2311  CDC-1   Critical  1-bit unknown CDC circuitry                     0  False Path  ck_rst         u_q/theta_reg[36][1]/R
2312  CDC-1   Critical  1-bit unknown CDC circuitry                     0  False Path  ck_rst         u_q/theta_reg[36][2]/R
2313  CDC-1   Critical  1-bit unknown CDC circuitry                     0  False Path  ck_rst         u_q/theta_reg[36][3]/R
2314  CDC-1   Critical  1-bit unknown CDC circuitry                     0  False Path  ck_rst         u_q/theta_reg[36][4]/R
2315  CDC-1   Critical  1-bit unknown CDC circuitry                     0  False Path  ck_rst         u_q/theta_reg[36][5]/R
2316  CDC-1   Critical  1-bit unknown CDC circuitry                     0  False Path  ck_rst         u_q/theta_reg[36][6]/R
2317  CDC-1   Critical  1-bit unknown CDC circuitry                     0  False Path  ck_rst         u_q/theta_reg[36][7]/R
2318  CDC-1   Critical  1-bit unknown CDC circuitry                     0  False Path  ck_rst         u_q/theta_reg[36][8]/R
2319  CDC-1   Critical  1-bit unknown CDC circuitry                     0  False Path  ck_rst         u_q/theta_reg[36][9]/R
2320  CDC-1   Critical  1-bit unknown CDC circuitry                     0  False Path  ck_rst         u_q/theta_reg[36][10]/R
2321  CDC-1   Critical  1-bit unknown CDC circuitry                     0  False Path  ck_rst         u_q/theta_reg[36][11]/R
2322  CDC-1   Critical  1-bit unknown CDC circuitry                     0  False Path  ck_rst         u_q/theta_reg[36][12]/R
2323  CDC-1   Critical  1-bit unknown CDC circuitry                     0  False Path  ck_rst         u_q/theta_reg[36][13]/R
2324  CDC-1   Critical  1-bit unknown CDC circuitry                     0  False Path  ck_rst         u_q/theta_reg[36][14]/R
2325  CDC-1   Critical  1-bit unknown CDC circuitry                     0  False Path  ck_rst         u_q/theta_reg[36][15]/R
2326  CDC-1   Critical  1-bit unknown CDC circuitry                     0  False Path  ck_rst         u_q/theta_reg[37][0]/R
2327  CDC-1   Critical  1-bit unknown CDC circuitry                     0  False Path  ck_rst         u_q/theta_reg[37][1]/R
2328  CDC-1   Critical  1-bit unknown CDC circuitry                     0  False Path  ck_rst         u_q/theta_reg[37][2]/R
2329  CDC-1   Critical  1-bit unknown CDC circuitry                     0  False Path  ck_rst         u_q/theta_reg[37][3]/R
2330  CDC-1   Critical  1-bit unknown CDC circuitry                     0  False Path  ck_rst         u_q/theta_reg[37][4]/R
2331  CDC-1   Critical  1-bit unknown CDC circuitry                     0  False Path  ck_rst         u_q/theta_reg[37][5]/R
2332  CDC-1   Critical  1-bit unknown CDC circuitry                     0  False Path  ck_rst         u_q/theta_reg[37][6]/R
2333  CDC-1   Critical  1-bit unknown CDC circuitry                     0  False Path  ck_rst         u_q/theta_reg[37][7]/R
2334  CDC-1   Critical  1-bit unknown CDC circuitry                     0  False Path  ck_rst         u_q/theta_reg[37][8]/R
2335  CDC-1   Critical  1-bit unknown CDC circuitry                     0  False Path  ck_rst         u_q/theta_reg[37][9]/R
2336  CDC-1   Critical  1-bit unknown CDC circuitry                     0  False Path  ck_rst         u_q/theta_reg[37][10]/R
2337  CDC-1   Critical  1-bit unknown CDC circuitry                     0  False Path  ck_rst         u_q/theta_reg[37][11]/R
2338  CDC-1   Critical  1-bit unknown CDC circuitry                     0  False Path  ck_rst         u_q/theta_reg[37][12]/R
2339  CDC-1   Critical  1-bit unknown CDC circuitry                     0  False Path  ck_rst         u_q/theta_reg[37][13]/R
2340  CDC-1   Critical  1-bit unknown CDC circuitry                     0  False Path  ck_rst         u_q/theta_reg[37][14]/R
2341  CDC-1   Critical  1-bit unknown CDC circuitry                     0  False Path  ck_rst         u_q/theta_reg[37][15]/R
2342  CDC-1   Critical  1-bit unknown CDC circuitry                     0  False Path  ck_rst         u_q/theta_reg[38][0]/R
2343  CDC-1   Critical  1-bit unknown CDC circuitry                     0  False Path  ck_rst         u_q/theta_reg[38][1]/R
2344  CDC-1   Critical  1-bit unknown CDC circuitry                     0  False Path  ck_rst         u_q/theta_reg[38][2]/R
2345  CDC-1   Critical  1-bit unknown CDC circuitry                     0  False Path  ck_rst         u_q/theta_reg[38][3]/R
2346  CDC-1   Critical  1-bit unknown CDC circuitry                     0  False Path  ck_rst         u_q/theta_reg[38][4]/R
2347  CDC-1   Critical  1-bit unknown CDC circuitry                     0  False Path  ck_rst         u_q/theta_reg[38][5]/R
2348  CDC-1   Critical  1-bit unknown CDC circuitry                     0  False Path  ck_rst         u_q/theta_reg[38][6]/R
2349  CDC-1   Critical  1-bit unknown CDC circuitry                     0  False Path  ck_rst         u_q/theta_reg[38][7]/R
2350  CDC-1   Critical  1-bit unknown CDC circuitry                     0  False Path  ck_rst         u_q/theta_reg[38][8]/R
2351  CDC-1   Critical  1-bit unknown CDC circuitry                     0  False Path  ck_rst         u_q/theta_reg[38][9]/R
2352  CDC-1   Critical  1-bit unknown CDC circuitry                     0  False Path  ck_rst         u_q/theta_reg[38][10]/R
2353  CDC-1   Critical  1-bit unknown CDC circuitry                     0  False Path  ck_rst         u_q/theta_reg[38][11]/R
2354  CDC-1   Critical  1-bit unknown CDC circuitry                     0  False Path  ck_rst         u_q/theta_reg[38][12]/R
2355  CDC-1   Critical  1-bit unknown CDC circuitry                     0  False Path  ck_rst         u_q/theta_reg[38][13]/R
2356  CDC-1   Critical  1-bit unknown CDC circuitry                     0  False Path  ck_rst         u_q/theta_reg[38][14]/R
2357  CDC-1   Critical  1-bit unknown CDC circuitry                     0  False Path  ck_rst         u_q/theta_reg[38][15]/R
2358  CDC-1   Critical  1-bit unknown CDC circuitry                     0  False Path  ck_rst         u_q/theta_reg[39][0]/R
2359  CDC-1   Critical  1-bit unknown CDC circuitry                     0  False Path  ck_rst         u_q/theta_reg[39][1]/R
2360  CDC-1   Critical  1-bit unknown CDC circuitry                     0  False Path  ck_rst         u_q/theta_reg[39][2]/R
2361  CDC-1   Critical  1-bit unknown CDC circuitry                     0  False Path  ck_rst         u_q/theta_reg[39][3]/R
2362  CDC-1   Critical  1-bit unknown CDC circuitry                     0  False Path  ck_rst         u_q/theta_reg[39][4]/R
2363  CDC-1   Critical  1-bit unknown CDC circuitry                     0  False Path  ck_rst         u_q/theta_reg[39][5]/R
2364  CDC-1   Critical  1-bit unknown CDC circuitry                     0  False Path  ck_rst         u_q/theta_reg[39][6]/R
2365  CDC-1   Critical  1-bit unknown CDC circuitry                     0  False Path  ck_rst         u_q/theta_reg[39][7]/R
2366  CDC-1   Critical  1-bit unknown CDC circuitry                     0  False Path  ck_rst         u_q/theta_reg[39][8]/R
2367  CDC-1   Critical  1-bit unknown CDC circuitry                     0  False Path  ck_rst         u_q/theta_reg[39][9]/R
2368  CDC-1   Critical  1-bit unknown CDC circuitry                     0  False Path  ck_rst         u_q/theta_reg[39][10]/R
2369  CDC-1   Critical  1-bit unknown CDC circuitry                     0  False Path  ck_rst         u_q/theta_reg[39][11]/R
2370  CDC-1   Critical  1-bit unknown CDC circuitry                     0  False Path  ck_rst         u_q/theta_reg[39][12]/R
2371  CDC-1   Critical  1-bit unknown CDC circuitry                     0  False Path  ck_rst         u_q/theta_reg[39][13]/R
2372  CDC-1   Critical  1-bit unknown CDC circuitry                     0  False Path  ck_rst         u_q/theta_reg[39][14]/R
2373  CDC-1   Critical  1-bit unknown CDC circuitry                     0  False Path  ck_rst         u_q/theta_reg[39][15]/R
2374  CDC-1   Critical  1-bit unknown CDC circuitry                     0  False Path  ck_rst         u_q/theta_reg[3][0]/R
2375  CDC-1   Critical  1-bit unknown CDC circuitry                     0  False Path  ck_rst         u_q/theta_reg[3][1]/R
2376  CDC-1   Critical  1-bit unknown CDC circuitry                     0  False Path  ck_rst         u_q/theta_reg[3][2]/R
2377  CDC-1   Critical  1-bit unknown CDC circuitry                     0  False Path  ck_rst         u_q/theta_reg[3][3]/R
2378  CDC-1   Critical  1-bit unknown CDC circuitry                     0  False Path  ck_rst         u_q/theta_reg[3][4]/R
2379  CDC-1   Critical  1-bit unknown CDC circuitry                     0  False Path  ck_rst         u_q/theta_reg[3][5]/R
2380  CDC-1   Critical  1-bit unknown CDC circuitry                     0  False Path  ck_rst         u_q/theta_reg[3][6]/R
2381  CDC-1   Critical  1-bit unknown CDC circuitry                     0  False Path  ck_rst         u_q/theta_reg[3][7]/R
2382  CDC-1   Critical  1-bit unknown CDC circuitry                     0  False Path  ck_rst         u_q/theta_reg[3][8]/R
2383  CDC-1   Critical  1-bit unknown CDC circuitry                     0  False Path  ck_rst         u_q/theta_reg[3][9]/R
2384  CDC-1   Critical  1-bit unknown CDC circuitry                     0  False Path  ck_rst         u_q/theta_reg[3][10]/R
2385  CDC-1   Critical  1-bit unknown CDC circuitry                     0  False Path  ck_rst         u_q/theta_reg[3][11]/R
2386  CDC-1   Critical  1-bit unknown CDC circuitry                     0  False Path  ck_rst         u_q/theta_reg[3][12]/R
2387  CDC-1   Critical  1-bit unknown CDC circuitry                     0  False Path  ck_rst         u_q/theta_reg[3][13]/R
2388  CDC-1   Critical  1-bit unknown CDC circuitry                     0  False Path  ck_rst         u_q/theta_reg[3][14]/R
2389  CDC-1   Critical  1-bit unknown CDC circuitry                     0  False Path  ck_rst         u_q/theta_reg[3][15]/R
2390  CDC-1   Critical  1-bit unknown CDC circuitry                     0  False Path  ck_rst         u_q/theta_reg[40][0]/R
2391  CDC-1   Critical  1-bit unknown CDC circuitry                     0  False Path  ck_rst         u_q/theta_reg[40][1]/R
2392  CDC-1   Critical  1-bit unknown CDC circuitry                     0  False Path  ck_rst         u_q/theta_reg[40][2]/R
2393  CDC-1   Critical  1-bit unknown CDC circuitry                     0  False Path  ck_rst         u_q/theta_reg[40][3]/R
2394  CDC-1   Critical  1-bit unknown CDC circuitry                     0  False Path  ck_rst         u_q/theta_reg[40][4]/R
2395  CDC-1   Critical  1-bit unknown CDC circuitry                     0  False Path  ck_rst         u_q/theta_reg[40][5]/R
2396  CDC-1   Critical  1-bit unknown CDC circuitry                     0  False Path  ck_rst         u_q/theta_reg[40][6]/R
2397  CDC-1   Critical  1-bit unknown CDC circuitry                     0  False Path  ck_rst         u_q/theta_reg[40][7]/R
2398  CDC-1   Critical  1-bit unknown CDC circuitry                     0  False Path  ck_rst         u_q/theta_reg[40][8]/R
2399  CDC-1   Critical  1-bit unknown CDC circuitry                     0  False Path  ck_rst         u_q/theta_reg[40][9]/R
2400  CDC-1   Critical  1-bit unknown CDC circuitry                     0  False Path  ck_rst         u_q/theta_reg[40][10]/R
2401  CDC-1   Critical  1-bit unknown CDC circuitry                     0  False Path  ck_rst         u_q/theta_reg[40][11]/R
2402  CDC-1   Critical  1-bit unknown CDC circuitry                     0  False Path  ck_rst         u_q/theta_reg[40][12]/R
2403  CDC-1   Critical  1-bit unknown CDC circuitry                     0  False Path  ck_rst         u_q/theta_reg[40][13]/R
2404  CDC-1   Critical  1-bit unknown CDC circuitry                     0  False Path  ck_rst         u_q/theta_reg[40][14]/R
2405  CDC-1   Critical  1-bit unknown CDC circuitry                     0  False Path  ck_rst         u_q/theta_reg[40][15]/R
2406  CDC-1   Critical  1-bit unknown CDC circuitry                     0  False Path  ck_rst         u_q/theta_reg[41][0]/R
2407  CDC-1   Critical  1-bit unknown CDC circuitry                     0  False Path  ck_rst         u_q/theta_reg[41][1]/R
2408  CDC-1   Critical  1-bit unknown CDC circuitry                     0  False Path  ck_rst         u_q/theta_reg[41][2]/R
2409  CDC-1   Critical  1-bit unknown CDC circuitry                     0  False Path  ck_rst         u_q/theta_reg[41][3]/R
2410  CDC-1   Critical  1-bit unknown CDC circuitry                     0  False Path  ck_rst         u_q/theta_reg[41][4]/R
2411  CDC-1   Critical  1-bit unknown CDC circuitry                     0  False Path  ck_rst         u_q/theta_reg[41][5]/R
2412  CDC-1   Critical  1-bit unknown CDC circuitry                     0  False Path  ck_rst         u_q/theta_reg[41][6]/R
2413  CDC-1   Critical  1-bit unknown CDC circuitry                     0  False Path  ck_rst         u_q/theta_reg[41][7]/R
2414  CDC-1   Critical  1-bit unknown CDC circuitry                     0  False Path  ck_rst         u_q/theta_reg[41][8]/R
2415  CDC-1   Critical  1-bit unknown CDC circuitry                     0  False Path  ck_rst         u_q/theta_reg[41][9]/R
2416  CDC-1   Critical  1-bit unknown CDC circuitry                     0  False Path  ck_rst         u_q/theta_reg[41][10]/R
2417  CDC-1   Critical  1-bit unknown CDC circuitry                     0  False Path  ck_rst         u_q/theta_reg[41][11]/R
2418  CDC-1   Critical  1-bit unknown CDC circuitry                     0  False Path  ck_rst         u_q/theta_reg[41][12]/R
2419  CDC-1   Critical  1-bit unknown CDC circuitry                     0  False Path  ck_rst         u_q/theta_reg[41][13]/R
2420  CDC-1   Critical  1-bit unknown CDC circuitry                     0  False Path  ck_rst         u_q/theta_reg[41][14]/R
2421  CDC-1   Critical  1-bit unknown CDC circuitry                     0  False Path  ck_rst         u_q/theta_reg[41][15]/R
2422  CDC-1   Critical  1-bit unknown CDC circuitry                     0  False Path  ck_rst         u_q/theta_reg[42][0]/R
2423  CDC-1   Critical  1-bit unknown CDC circuitry                     0  False Path  ck_rst         u_q/theta_reg[42][1]/R
2424  CDC-1   Critical  1-bit unknown CDC circuitry                     0  False Path  ck_rst         u_q/theta_reg[42][2]/R
2425  CDC-1   Critical  1-bit unknown CDC circuitry                     0  False Path  ck_rst         u_q/theta_reg[42][3]/R
2426  CDC-1   Critical  1-bit unknown CDC circuitry                     0  False Path  ck_rst         u_q/theta_reg[42][4]/R
2427  CDC-1   Critical  1-bit unknown CDC circuitry                     0  False Path  ck_rst         u_q/theta_reg[42][5]/R
2428  CDC-1   Critical  1-bit unknown CDC circuitry                     0  False Path  ck_rst         u_q/theta_reg[42][6]/R
2429  CDC-1   Critical  1-bit unknown CDC circuitry                     0  False Path  ck_rst         u_q/theta_reg[42][7]/R
2430  CDC-1   Critical  1-bit unknown CDC circuitry                     0  False Path  ck_rst         u_q/theta_reg[42][8]/R
2431  CDC-1   Critical  1-bit unknown CDC circuitry                     0  False Path  ck_rst         u_q/theta_reg[42][9]/R
2432  CDC-1   Critical  1-bit unknown CDC circuitry                     0  False Path  ck_rst         u_q/theta_reg[42][10]/R
2433  CDC-1   Critical  1-bit unknown CDC circuitry                     0  False Path  ck_rst         u_q/theta_reg[42][11]/R
2434  CDC-1   Critical  1-bit unknown CDC circuitry                     0  False Path  ck_rst         u_q/theta_reg[42][12]/R
2435  CDC-1   Critical  1-bit unknown CDC circuitry                     0  False Path  ck_rst         u_q/theta_reg[42][13]/R
2436  CDC-1   Critical  1-bit unknown CDC circuitry                     0  False Path  ck_rst         u_q/theta_reg[42][14]/R
2437  CDC-1   Critical  1-bit unknown CDC circuitry                     0  False Path  ck_rst         u_q/theta_reg[42][15]/R
2438  CDC-1   Critical  1-bit unknown CDC circuitry                     0  False Path  ck_rst         u_q/theta_reg[43][0]/R
2439  CDC-1   Critical  1-bit unknown CDC circuitry                     0  False Path  ck_rst         u_q/theta_reg[43][1]/R
2440  CDC-1   Critical  1-bit unknown CDC circuitry                     0  False Path  ck_rst         u_q/theta_reg[43][2]/R
2441  CDC-1   Critical  1-bit unknown CDC circuitry                     0  False Path  ck_rst         u_q/theta_reg[43][3]/R
2442  CDC-1   Critical  1-bit unknown CDC circuitry                     0  False Path  ck_rst         u_q/theta_reg[43][4]/R
2443  CDC-1   Critical  1-bit unknown CDC circuitry                     0  False Path  ck_rst         u_q/theta_reg[43][5]/R
2444  CDC-1   Critical  1-bit unknown CDC circuitry                     0  False Path  ck_rst         u_q/theta_reg[43][6]/R
2445  CDC-1   Critical  1-bit unknown CDC circuitry                     0  False Path  ck_rst         u_q/theta_reg[43][7]/R
2446  CDC-1   Critical  1-bit unknown CDC circuitry                     0  False Path  ck_rst         u_q/theta_reg[43][8]/R
2447  CDC-1   Critical  1-bit unknown CDC circuitry                     0  False Path  ck_rst         u_q/theta_reg[43][9]/R
2448  CDC-1   Critical  1-bit unknown CDC circuitry                     0  False Path  ck_rst         u_q/theta_reg[43][10]/R
2449  CDC-1   Critical  1-bit unknown CDC circuitry                     0  False Path  ck_rst         u_q/theta_reg[43][11]/R
2450  CDC-1   Critical  1-bit unknown CDC circuitry                     0  False Path  ck_rst         u_q/theta_reg[43][12]/R
2451  CDC-1   Critical  1-bit unknown CDC circuitry                     0  False Path  ck_rst         u_q/theta_reg[43][13]/R
2452  CDC-1   Critical  1-bit unknown CDC circuitry                     0  False Path  ck_rst         u_q/theta_reg[43][14]/R
2453  CDC-1   Critical  1-bit unknown CDC circuitry                     0  False Path  ck_rst         u_q/theta_reg[43][15]/R
2454  CDC-1   Critical  1-bit unknown CDC circuitry                     0  False Path  ck_rst         u_q/theta_reg[44][0]/R
2455  CDC-1   Critical  1-bit unknown CDC circuitry                     0  False Path  ck_rst         u_q/theta_reg[44][1]/R
2456  CDC-1   Critical  1-bit unknown CDC circuitry                     0  False Path  ck_rst         u_q/theta_reg[44][2]/R
2457  CDC-1   Critical  1-bit unknown CDC circuitry                     0  False Path  ck_rst         u_q/theta_reg[44][3]/R
2458  CDC-1   Critical  1-bit unknown CDC circuitry                     0  False Path  ck_rst         u_q/theta_reg[44][4]/R
2459  CDC-1   Critical  1-bit unknown CDC circuitry                     0  False Path  ck_rst         u_q/theta_reg[44][5]/R
2460  CDC-1   Critical  1-bit unknown CDC circuitry                     0  False Path  ck_rst         u_q/theta_reg[44][6]/R
2461  CDC-1   Critical  1-bit unknown CDC circuitry                     0  False Path  ck_rst         u_q/theta_reg[44][7]/R
2462  CDC-1   Critical  1-bit unknown CDC circuitry                     0  False Path  ck_rst         u_q/theta_reg[44][8]/R
2463  CDC-1   Critical  1-bit unknown CDC circuitry                     0  False Path  ck_rst         u_q/theta_reg[44][9]/R
2464  CDC-1   Critical  1-bit unknown CDC circuitry                     0  False Path  ck_rst         u_q/theta_reg[44][10]/R
2465  CDC-1   Critical  1-bit unknown CDC circuitry                     0  False Path  ck_rst         u_q/theta_reg[44][11]/R
2466  CDC-1   Critical  1-bit unknown CDC circuitry                     0  False Path  ck_rst         u_q/theta_reg[44][12]/R
2467  CDC-1   Critical  1-bit unknown CDC circuitry                     0  False Path  ck_rst         u_q/theta_reg[44][13]/R
2468  CDC-1   Critical  1-bit unknown CDC circuitry                     0  False Path  ck_rst         u_q/theta_reg[44][14]/R
2469  CDC-1   Critical  1-bit unknown CDC circuitry                     0  False Path  ck_rst         u_q/theta_reg[44][15]/R
2470  CDC-1   Critical  1-bit unknown CDC circuitry                     0  False Path  ck_rst         u_q/theta_reg[45][0]/R
2471  CDC-1   Critical  1-bit unknown CDC circuitry                     0  False Path  ck_rst         u_q/theta_reg[45][1]/R
2472  CDC-1   Critical  1-bit unknown CDC circuitry                     0  False Path  ck_rst         u_q/theta_reg[45][2]/R
2473  CDC-1   Critical  1-bit unknown CDC circuitry                     0  False Path  ck_rst         u_q/theta_reg[45][3]/R
2474  CDC-1   Critical  1-bit unknown CDC circuitry                     0  False Path  ck_rst         u_q/theta_reg[45][4]/R
2475  CDC-1   Critical  1-bit unknown CDC circuitry                     0  False Path  ck_rst         u_q/theta_reg[45][5]/R
2476  CDC-1   Critical  1-bit unknown CDC circuitry                     0  False Path  ck_rst         u_q/theta_reg[45][6]/R
2477  CDC-1   Critical  1-bit unknown CDC circuitry                     0  False Path  ck_rst         u_q/theta_reg[45][7]/R
2478  CDC-1   Critical  1-bit unknown CDC circuitry                     0  False Path  ck_rst         u_q/theta_reg[45][8]/R
2479  CDC-1   Critical  1-bit unknown CDC circuitry                     0  False Path  ck_rst         u_q/theta_reg[45][9]/R
2480  CDC-1   Critical  1-bit unknown CDC circuitry                     0  False Path  ck_rst         u_q/theta_reg[45][10]/R
2481  CDC-1   Critical  1-bit unknown CDC circuitry                     0  False Path  ck_rst         u_q/theta_reg[45][11]/R
2482  CDC-1   Critical  1-bit unknown CDC circuitry                     0  False Path  ck_rst         u_q/theta_reg[45][12]/R
2483  CDC-1   Critical  1-bit unknown CDC circuitry                     0  False Path  ck_rst         u_q/theta_reg[45][13]/R
2484  CDC-1   Critical  1-bit unknown CDC circuitry                     0  False Path  ck_rst         u_q/theta_reg[45][14]/R
2485  CDC-1   Critical  1-bit unknown CDC circuitry                     0  False Path  ck_rst         u_q/theta_reg[45][15]/R
2486  CDC-1   Critical  1-bit unknown CDC circuitry                     0  False Path  ck_rst         u_q/theta_reg[46][0]/R
2487  CDC-1   Critical  1-bit unknown CDC circuitry                     0  False Path  ck_rst         u_q/theta_reg[46][1]/R
2488  CDC-1   Critical  1-bit unknown CDC circuitry                     0  False Path  ck_rst         u_q/theta_reg[46][2]/R
2489  CDC-1   Critical  1-bit unknown CDC circuitry                     0  False Path  ck_rst         u_q/theta_reg[46][3]/R
2490  CDC-1   Critical  1-bit unknown CDC circuitry                     0  False Path  ck_rst         u_q/theta_reg[46][4]/R
2491  CDC-1   Critical  1-bit unknown CDC circuitry                     0  False Path  ck_rst         u_q/theta_reg[46][5]/R
2492  CDC-1   Critical  1-bit unknown CDC circuitry                     0  False Path  ck_rst         u_q/theta_reg[46][6]/R
2493  CDC-1   Critical  1-bit unknown CDC circuitry                     0  False Path  ck_rst         u_q/theta_reg[46][7]/R
2494  CDC-1   Critical  1-bit unknown CDC circuitry                     0  False Path  ck_rst         u_q/theta_reg[46][8]/R
2495  CDC-1   Critical  1-bit unknown CDC circuitry                     0  False Path  ck_rst         u_q/theta_reg[46][9]/R
2496  CDC-1   Critical  1-bit unknown CDC circuitry                     0  False Path  ck_rst         u_q/theta_reg[46][10]/R
2497  CDC-1   Critical  1-bit unknown CDC circuitry                     0  False Path  ck_rst         u_q/theta_reg[46][11]/R
2498  CDC-1   Critical  1-bit unknown CDC circuitry                     0  False Path  ck_rst         u_q/theta_reg[46][12]/R
2499  CDC-1   Critical  1-bit unknown CDC circuitry                     0  False Path  ck_rst         u_q/theta_reg[46][13]/R
2500  CDC-1   Critical  1-bit unknown CDC circuitry                     0  False Path  ck_rst         u_q/theta_reg[46][14]/R
2501  CDC-1   Critical  1-bit unknown CDC circuitry                     0  False Path  ck_rst         u_q/theta_reg[46][15]/R
2502  CDC-1   Critical  1-bit unknown CDC circuitry                     0  False Path  ck_rst         u_q/theta_reg[47][0]/R
2503  CDC-1   Critical  1-bit unknown CDC circuitry                     0  False Path  ck_rst         u_q/theta_reg[47][1]/R
2504  CDC-1   Critical  1-bit unknown CDC circuitry                     0  False Path  ck_rst         u_q/theta_reg[47][2]/R
2505  CDC-1   Critical  1-bit unknown CDC circuitry                     0  False Path  ck_rst         u_q/theta_reg[47][3]/R
2506  CDC-1   Critical  1-bit unknown CDC circuitry                     0  False Path  ck_rst         u_q/theta_reg[47][4]/R
2507  CDC-1   Critical  1-bit unknown CDC circuitry                     0  False Path  ck_rst         u_q/theta_reg[47][5]/R
2508  CDC-1   Critical  1-bit unknown CDC circuitry                     0  False Path  ck_rst         u_q/theta_reg[47][6]/R
2509  CDC-1   Critical  1-bit unknown CDC circuitry                     0  False Path  ck_rst         u_q/theta_reg[47][7]/R
2510  CDC-1   Critical  1-bit unknown CDC circuitry                     0  False Path  ck_rst         u_q/theta_reg[47][8]/R
2511  CDC-1   Critical  1-bit unknown CDC circuitry                     0  False Path  ck_rst         u_q/theta_reg[47][9]/R
2512  CDC-1   Critical  1-bit unknown CDC circuitry                     0  False Path  ck_rst         u_q/theta_reg[47][10]/R
2513  CDC-1   Critical  1-bit unknown CDC circuitry                     0  False Path  ck_rst         u_q/theta_reg[47][11]/R
2514  CDC-1   Critical  1-bit unknown CDC circuitry                     0  False Path  ck_rst         u_q/theta_reg[47][12]/R
2515  CDC-1   Critical  1-bit unknown CDC circuitry                     0  False Path  ck_rst         u_q/theta_reg[47][13]/R
2516  CDC-1   Critical  1-bit unknown CDC circuitry                     0  False Path  ck_rst         u_q/theta_reg[47][14]/R
2517  CDC-1   Critical  1-bit unknown CDC circuitry                     0  False Path  ck_rst         u_q/theta_reg[47][15]/R
2518  CDC-1   Critical  1-bit unknown CDC circuitry                     0  False Path  ck_rst         u_q/theta_reg[48][0]/R
2519  CDC-1   Critical  1-bit unknown CDC circuitry                     0  False Path  ck_rst         u_q/theta_reg[48][1]/R
2520  CDC-1   Critical  1-bit unknown CDC circuitry                     0  False Path  ck_rst         u_q/theta_reg[48][2]/R
2521  CDC-1   Critical  1-bit unknown CDC circuitry                     0  False Path  ck_rst         u_q/theta_reg[48][3]/R
2522  CDC-1   Critical  1-bit unknown CDC circuitry                     0  False Path  ck_rst         u_q/theta_reg[48][4]/R
2523  CDC-1   Critical  1-bit unknown CDC circuitry                     0  False Path  ck_rst         u_q/theta_reg[48][5]/R
2524  CDC-1   Critical  1-bit unknown CDC circuitry                     0  False Path  ck_rst         u_q/theta_reg[48][6]/R
2525  CDC-1   Critical  1-bit unknown CDC circuitry                     0  False Path  ck_rst         u_q/theta_reg[48][7]/R
2526  CDC-1   Critical  1-bit unknown CDC circuitry                     0  False Path  ck_rst         u_q/theta_reg[48][8]/R
2527  CDC-1   Critical  1-bit unknown CDC circuitry                     0  False Path  ck_rst         u_q/theta_reg[48][9]/R
2528  CDC-1   Critical  1-bit unknown CDC circuitry                     0  False Path  ck_rst         u_q/theta_reg[48][10]/R
2529  CDC-1   Critical  1-bit unknown CDC circuitry                     0  False Path  ck_rst         u_q/theta_reg[48][11]/R
2530  CDC-1   Critical  1-bit unknown CDC circuitry                     0  False Path  ck_rst         u_q/theta_reg[48][12]/R
2531  CDC-1   Critical  1-bit unknown CDC circuitry                     0  False Path  ck_rst         u_q/theta_reg[48][13]/R
2532  CDC-1   Critical  1-bit unknown CDC circuitry                     0  False Path  ck_rst         u_q/theta_reg[48][14]/R
2533  CDC-1   Critical  1-bit unknown CDC circuitry                     0  False Path  ck_rst         u_q/theta_reg[48][15]/R
2534  CDC-1   Critical  1-bit unknown CDC circuitry                     0  False Path  ck_rst         u_q/theta_reg[49][0]/R
2535  CDC-1   Critical  1-bit unknown CDC circuitry                     0  False Path  ck_rst         u_q/theta_reg[49][1]/R
2536  CDC-1   Critical  1-bit unknown CDC circuitry                     0  False Path  ck_rst         u_q/theta_reg[49][2]/R
2537  CDC-1   Critical  1-bit unknown CDC circuitry                     0  False Path  ck_rst         u_q/theta_reg[49][3]/R
2538  CDC-1   Critical  1-bit unknown CDC circuitry                     0  False Path  ck_rst         u_q/theta_reg[49][4]/R
2539  CDC-1   Critical  1-bit unknown CDC circuitry                     0  False Path  ck_rst         u_q/theta_reg[49][5]/R
2540  CDC-1   Critical  1-bit unknown CDC circuitry                     0  False Path  ck_rst         u_q/theta_reg[49][6]/R
2541  CDC-1   Critical  1-bit unknown CDC circuitry                     0  False Path  ck_rst         u_q/theta_reg[49][7]/R
2542  CDC-1   Critical  1-bit unknown CDC circuitry                     0  False Path  ck_rst         u_q/theta_reg[49][8]/R
2543  CDC-1   Critical  1-bit unknown CDC circuitry                     0  False Path  ck_rst         u_q/theta_reg[49][9]/R
2544  CDC-1   Critical  1-bit unknown CDC circuitry                     0  False Path  ck_rst         u_q/theta_reg[49][10]/R
2545  CDC-1   Critical  1-bit unknown CDC circuitry                     0  False Path  ck_rst         u_q/theta_reg[49][11]/R
2546  CDC-1   Critical  1-bit unknown CDC circuitry                     0  False Path  ck_rst         u_q/theta_reg[49][12]/R
2547  CDC-1   Critical  1-bit unknown CDC circuitry                     0  False Path  ck_rst         u_q/theta_reg[49][13]/R
2548  CDC-1   Critical  1-bit unknown CDC circuitry                     0  False Path  ck_rst         u_q/theta_reg[49][14]/R
2549  CDC-1   Critical  1-bit unknown CDC circuitry                     0  False Path  ck_rst         u_q/theta_reg[49][15]/R
2550  CDC-1   Critical  1-bit unknown CDC circuitry                     0  False Path  ck_rst         u_q/theta_reg[4][0]/R
2551  CDC-1   Critical  1-bit unknown CDC circuitry                     0  False Path  ck_rst         u_q/theta_reg[4][1]/R
2552  CDC-1   Critical  1-bit unknown CDC circuitry                     0  False Path  ck_rst         u_q/theta_reg[4][2]/R
2553  CDC-1   Critical  1-bit unknown CDC circuitry                     0  False Path  ck_rst         u_q/theta_reg[4][3]/R
2554  CDC-1   Critical  1-bit unknown CDC circuitry                     0  False Path  ck_rst         u_q/theta_reg[4][4]/R
2555  CDC-1   Critical  1-bit unknown CDC circuitry                     0  False Path  ck_rst         u_q/theta_reg[4][5]/R
2556  CDC-1   Critical  1-bit unknown CDC circuitry                     0  False Path  ck_rst         u_q/theta_reg[4][6]/R
2557  CDC-1   Critical  1-bit unknown CDC circuitry                     0  False Path  ck_rst         u_q/theta_reg[4][7]/R
2558  CDC-1   Critical  1-bit unknown CDC circuitry                     0  False Path  ck_rst         u_q/theta_reg[4][8]/R
2559  CDC-1   Critical  1-bit unknown CDC circuitry                     0  False Path  ck_rst         u_q/theta_reg[4][9]/R
2560  CDC-1   Critical  1-bit unknown CDC circuitry                     0  False Path  ck_rst         u_q/theta_reg[4][10]/R
2561  CDC-1   Critical  1-bit unknown CDC circuitry                     0  False Path  ck_rst         u_q/theta_reg[4][11]/R
2562  CDC-1   Critical  1-bit unknown CDC circuitry                     0  False Path  ck_rst         u_q/theta_reg[4][12]/R
2563  CDC-1   Critical  1-bit unknown CDC circuitry                     0  False Path  ck_rst         u_q/theta_reg[4][13]/R
2564  CDC-1   Critical  1-bit unknown CDC circuitry                     0  False Path  ck_rst         u_q/theta_reg[4][14]/R
2565  CDC-1   Critical  1-bit unknown CDC circuitry                     0  False Path  ck_rst         u_q/theta_reg[4][15]/R
2566  CDC-1   Critical  1-bit unknown CDC circuitry                     0  False Path  ck_rst         u_q/theta_reg[50][0]/R
2567  CDC-1   Critical  1-bit unknown CDC circuitry                     0  False Path  ck_rst         u_q/theta_reg[50][1]/R
2568  CDC-1   Critical  1-bit unknown CDC circuitry                     0  False Path  ck_rst         u_q/theta_reg[50][2]/R
2569  CDC-1   Critical  1-bit unknown CDC circuitry                     0  False Path  ck_rst         u_q/theta_reg[50][3]/R
2570  CDC-1   Critical  1-bit unknown CDC circuitry                     0  False Path  ck_rst         u_q/theta_reg[50][4]/R
2571  CDC-1   Critical  1-bit unknown CDC circuitry                     0  False Path  ck_rst         u_q/theta_reg[50][5]/R
2572  CDC-1   Critical  1-bit unknown CDC circuitry                     0  False Path  ck_rst         u_q/theta_reg[50][6]/R
2573  CDC-1   Critical  1-bit unknown CDC circuitry                     0  False Path  ck_rst         u_q/theta_reg[50][7]/R
2574  CDC-1   Critical  1-bit unknown CDC circuitry                     0  False Path  ck_rst         u_q/theta_reg[50][8]/R
2575  CDC-1   Critical  1-bit unknown CDC circuitry                     0  False Path  ck_rst         u_q/theta_reg[50][9]/R
2576  CDC-1   Critical  1-bit unknown CDC circuitry                     0  False Path  ck_rst         u_q/theta_reg[50][10]/R
2577  CDC-1   Critical  1-bit unknown CDC circuitry                     0  False Path  ck_rst         u_q/theta_reg[50][11]/R
2578  CDC-1   Critical  1-bit unknown CDC circuitry                     0  False Path  ck_rst         u_q/theta_reg[50][12]/R
2579  CDC-1   Critical  1-bit unknown CDC circuitry                     0  False Path  ck_rst         u_q/theta_reg[50][13]/R
2580  CDC-1   Critical  1-bit unknown CDC circuitry                     0  False Path  ck_rst         u_q/theta_reg[50][14]/R
2581  CDC-1   Critical  1-bit unknown CDC circuitry                     0  False Path  ck_rst         u_q/theta_reg[50][15]/R
2582  CDC-1   Critical  1-bit unknown CDC circuitry                     0  False Path  ck_rst         u_q/theta_reg[51][0]/R
2583  CDC-1   Critical  1-bit unknown CDC circuitry                     0  False Path  ck_rst         u_q/theta_reg[51][1]/R
2584  CDC-1   Critical  1-bit unknown CDC circuitry                     0  False Path  ck_rst         u_q/theta_reg[51][2]/R
2585  CDC-1   Critical  1-bit unknown CDC circuitry                     0  False Path  ck_rst         u_q/theta_reg[51][3]/R
2586  CDC-1   Critical  1-bit unknown CDC circuitry                     0  False Path  ck_rst         u_q/theta_reg[51][4]/R
2587  CDC-1   Critical  1-bit unknown CDC circuitry                     0  False Path  ck_rst         u_q/theta_reg[51][5]/R
2588  CDC-1   Critical  1-bit unknown CDC circuitry                     0  False Path  ck_rst         u_q/theta_reg[51][6]/R
2589  CDC-1   Critical  1-bit unknown CDC circuitry                     0  False Path  ck_rst         u_q/theta_reg[51][7]/R
2590  CDC-1   Critical  1-bit unknown CDC circuitry                     0  False Path  ck_rst         u_q/theta_reg[51][8]/R
2591  CDC-1   Critical  1-bit unknown CDC circuitry                     0  False Path  ck_rst         u_q/theta_reg[51][9]/R
2592  CDC-1   Critical  1-bit unknown CDC circuitry                     0  False Path  ck_rst         u_q/theta_reg[51][10]/R
2593  CDC-1   Critical  1-bit unknown CDC circuitry                     0  False Path  ck_rst         u_q/theta_reg[51][11]/R
2594  CDC-1   Critical  1-bit unknown CDC circuitry                     0  False Path  ck_rst         u_q/theta_reg[51][12]/R
2595  CDC-1   Critical  1-bit unknown CDC circuitry                     0  False Path  ck_rst         u_q/theta_reg[51][13]/R
2596  CDC-1   Critical  1-bit unknown CDC circuitry                     0  False Path  ck_rst         u_q/theta_reg[51][14]/R
2597  CDC-1   Critical  1-bit unknown CDC circuitry                     0  False Path  ck_rst         u_q/theta_reg[51][15]/R
2598  CDC-1   Critical  1-bit unknown CDC circuitry                     0  False Path  ck_rst         u_q/theta_reg[52][0]/R
2599  CDC-1   Critical  1-bit unknown CDC circuitry                     0  False Path  ck_rst         u_q/theta_reg[52][1]/R
2600  CDC-1   Critical  1-bit unknown CDC circuitry                     0  False Path  ck_rst         u_q/theta_reg[52][2]/R
2601  CDC-1   Critical  1-bit unknown CDC circuitry                     0  False Path  ck_rst         u_q/theta_reg[52][3]/R
2602  CDC-1   Critical  1-bit unknown CDC circuitry                     0  False Path  ck_rst         u_q/theta_reg[52][4]/R
2603  CDC-1   Critical  1-bit unknown CDC circuitry                     0  False Path  ck_rst         u_q/theta_reg[52][5]/R
2604  CDC-1   Critical  1-bit unknown CDC circuitry                     0  False Path  ck_rst         u_q/theta_reg[52][6]/R
2605  CDC-1   Critical  1-bit unknown CDC circuitry                     0  False Path  ck_rst         u_q/theta_reg[52][7]/R
2606  CDC-1   Critical  1-bit unknown CDC circuitry                     0  False Path  ck_rst         u_q/theta_reg[52][8]/R
2607  CDC-1   Critical  1-bit unknown CDC circuitry                     0  False Path  ck_rst         u_q/theta_reg[52][9]/R
2608  CDC-1   Critical  1-bit unknown CDC circuitry                     0  False Path  ck_rst         u_q/theta_reg[52][10]/R
2609  CDC-1   Critical  1-bit unknown CDC circuitry                     0  False Path  ck_rst         u_q/theta_reg[52][11]/R
2610  CDC-1   Critical  1-bit unknown CDC circuitry                     0  False Path  ck_rst         u_q/theta_reg[52][12]/R
2611  CDC-1   Critical  1-bit unknown CDC circuitry                     0  False Path  ck_rst         u_q/theta_reg[52][13]/R
2612  CDC-1   Critical  1-bit unknown CDC circuitry                     0  False Path  ck_rst         u_q/theta_reg[52][14]/R
2613  CDC-1   Critical  1-bit unknown CDC circuitry                     0  False Path  ck_rst         u_q/theta_reg[52][15]/R
2614  CDC-1   Critical  1-bit unknown CDC circuitry                     0  False Path  ck_rst         u_q/theta_reg[53][0]/R
2615  CDC-1   Critical  1-bit unknown CDC circuitry                     0  False Path  ck_rst         u_q/theta_reg[53][1]/R
2616  CDC-1   Critical  1-bit unknown CDC circuitry                     0  False Path  ck_rst         u_q/theta_reg[53][2]/R
2617  CDC-1   Critical  1-bit unknown CDC circuitry                     0  False Path  ck_rst         u_q/theta_reg[53][3]/R
2618  CDC-1   Critical  1-bit unknown CDC circuitry                     0  False Path  ck_rst         u_q/theta_reg[53][4]/R
2619  CDC-1   Critical  1-bit unknown CDC circuitry                     0  False Path  ck_rst         u_q/theta_reg[53][5]/R
2620  CDC-1   Critical  1-bit unknown CDC circuitry                     0  False Path  ck_rst         u_q/theta_reg[53][6]/R
2621  CDC-1   Critical  1-bit unknown CDC circuitry                     0  False Path  ck_rst         u_q/theta_reg[53][7]/R
2622  CDC-1   Critical  1-bit unknown CDC circuitry                     0  False Path  ck_rst         u_q/theta_reg[53][8]/R
2623  CDC-1   Critical  1-bit unknown CDC circuitry                     0  False Path  ck_rst         u_q/theta_reg[53][9]/R
2624  CDC-1   Critical  1-bit unknown CDC circuitry                     0  False Path  ck_rst         u_q/theta_reg[53][10]/R
2625  CDC-1   Critical  1-bit unknown CDC circuitry                     0  False Path  ck_rst         u_q/theta_reg[53][11]/R
2626  CDC-1   Critical  1-bit unknown CDC circuitry                     0  False Path  ck_rst         u_q/theta_reg[53][12]/R
2627  CDC-1   Critical  1-bit unknown CDC circuitry                     0  False Path  ck_rst         u_q/theta_reg[53][13]/R
2628  CDC-1   Critical  1-bit unknown CDC circuitry                     0  False Path  ck_rst         u_q/theta_reg[53][14]/R
2629  CDC-1   Critical  1-bit unknown CDC circuitry                     0  False Path  ck_rst         u_q/theta_reg[53][15]/R
2630  CDC-1   Critical  1-bit unknown CDC circuitry                     0  False Path  ck_rst         u_q/theta_reg[54][0]/R
2631  CDC-1   Critical  1-bit unknown CDC circuitry                     0  False Path  ck_rst         u_q/theta_reg[54][1]/R
2632  CDC-1   Critical  1-bit unknown CDC circuitry                     0  False Path  ck_rst         u_q/theta_reg[54][2]/R
2633  CDC-1   Critical  1-bit unknown CDC circuitry                     0  False Path  ck_rst         u_q/theta_reg[54][3]/R
2634  CDC-1   Critical  1-bit unknown CDC circuitry                     0  False Path  ck_rst         u_q/theta_reg[54][4]/R
2635  CDC-1   Critical  1-bit unknown CDC circuitry                     0  False Path  ck_rst         u_q/theta_reg[54][5]/R
2636  CDC-1   Critical  1-bit unknown CDC circuitry                     0  False Path  ck_rst         u_q/theta_reg[54][6]/R
2637  CDC-1   Critical  1-bit unknown CDC circuitry                     0  False Path  ck_rst         u_q/theta_reg[54][7]/R
2638  CDC-1   Critical  1-bit unknown CDC circuitry                     0  False Path  ck_rst         u_q/theta_reg[54][8]/R
2639  CDC-1   Critical  1-bit unknown CDC circuitry                     0  False Path  ck_rst         u_q/theta_reg[54][9]/R
2640  CDC-1   Critical  1-bit unknown CDC circuitry                     0  False Path  ck_rst         u_q/theta_reg[54][10]/R
2641  CDC-1   Critical  1-bit unknown CDC circuitry                     0  False Path  ck_rst         u_q/theta_reg[54][11]/R
2642  CDC-1   Critical  1-bit unknown CDC circuitry                     0  False Path  ck_rst         u_q/theta_reg[54][12]/R
2643  CDC-1   Critical  1-bit unknown CDC circuitry                     0  False Path  ck_rst         u_q/theta_reg[54][13]/R
2644  CDC-1   Critical  1-bit unknown CDC circuitry                     0  False Path  ck_rst         u_q/theta_reg[54][14]/R
2645  CDC-1   Critical  1-bit unknown CDC circuitry                     0  False Path  ck_rst         u_q/theta_reg[54][15]/R
2646  CDC-1   Critical  1-bit unknown CDC circuitry                     0  False Path  ck_rst         u_q/theta_reg[55][0]/R
2647  CDC-1   Critical  1-bit unknown CDC circuitry                     0  False Path  ck_rst         u_q/theta_reg[55][1]/R
2648  CDC-1   Critical  1-bit unknown CDC circuitry                     0  False Path  ck_rst         u_q/theta_reg[55][2]/R
2649  CDC-1   Critical  1-bit unknown CDC circuitry                     0  False Path  ck_rst         u_q/theta_reg[55][3]/R
2650  CDC-1   Critical  1-bit unknown CDC circuitry                     0  False Path  ck_rst         u_q/theta_reg[55][4]/R
2651  CDC-1   Critical  1-bit unknown CDC circuitry                     0  False Path  ck_rst         u_q/theta_reg[55][5]/R
2652  CDC-1   Critical  1-bit unknown CDC circuitry                     0  False Path  ck_rst         u_q/theta_reg[55][6]/R
2653  CDC-1   Critical  1-bit unknown CDC circuitry                     0  False Path  ck_rst         u_q/theta_reg[55][7]/R
2654  CDC-1   Critical  1-bit unknown CDC circuitry                     0  False Path  ck_rst         u_q/theta_reg[55][8]/R
2655  CDC-1   Critical  1-bit unknown CDC circuitry                     0  False Path  ck_rst         u_q/theta_reg[55][9]/R
2656  CDC-1   Critical  1-bit unknown CDC circuitry                     0  False Path  ck_rst         u_q/theta_reg[55][10]/R
2657  CDC-1   Critical  1-bit unknown CDC circuitry                     0  False Path  ck_rst         u_q/theta_reg[55][11]/R
2658  CDC-1   Critical  1-bit unknown CDC circuitry                     0  False Path  ck_rst         u_q/theta_reg[55][12]/R
2659  CDC-1   Critical  1-bit unknown CDC circuitry                     0  False Path  ck_rst         u_q/theta_reg[55][13]/R
2660  CDC-1   Critical  1-bit unknown CDC circuitry                     0  False Path  ck_rst         u_q/theta_reg[55][14]/R
2661  CDC-1   Critical  1-bit unknown CDC circuitry                     0  False Path  ck_rst         u_q/theta_reg[55][15]/R
2662  CDC-1   Critical  1-bit unknown CDC circuitry                     0  False Path  ck_rst         u_q/theta_reg[56][0]/R
2663  CDC-1   Critical  1-bit unknown CDC circuitry                     0  False Path  ck_rst         u_q/theta_reg[56][1]/R
2664  CDC-1   Critical  1-bit unknown CDC circuitry                     0  False Path  ck_rst         u_q/theta_reg[56][2]/R
2665  CDC-1   Critical  1-bit unknown CDC circuitry                     0  False Path  ck_rst         u_q/theta_reg[56][3]/R
2666  CDC-1   Critical  1-bit unknown CDC circuitry                     0  False Path  ck_rst         u_q/theta_reg[56][4]/R
2667  CDC-1   Critical  1-bit unknown CDC circuitry                     0  False Path  ck_rst         u_q/theta_reg[56][5]/R
2668  CDC-1   Critical  1-bit unknown CDC circuitry                     0  False Path  ck_rst         u_q/theta_reg[56][6]/R
2669  CDC-1   Critical  1-bit unknown CDC circuitry                     0  False Path  ck_rst         u_q/theta_reg[56][7]/R
2670  CDC-1   Critical  1-bit unknown CDC circuitry                     0  False Path  ck_rst         u_q/theta_reg[56][8]/R
2671  CDC-1   Critical  1-bit unknown CDC circuitry                     0  False Path  ck_rst         u_q/theta_reg[56][9]/R
2672  CDC-1   Critical  1-bit unknown CDC circuitry                     0  False Path  ck_rst         u_q/theta_reg[56][10]/R
2673  CDC-1   Critical  1-bit unknown CDC circuitry                     0  False Path  ck_rst         u_q/theta_reg[56][11]/R
2674  CDC-1   Critical  1-bit unknown CDC circuitry                     0  False Path  ck_rst         u_q/theta_reg[56][12]/R
2675  CDC-1   Critical  1-bit unknown CDC circuitry                     0  False Path  ck_rst         u_q/theta_reg[56][13]/R
2676  CDC-1   Critical  1-bit unknown CDC circuitry                     0  False Path  ck_rst         u_q/theta_reg[56][14]/R
2677  CDC-1   Critical  1-bit unknown CDC circuitry                     0  False Path  ck_rst         u_q/theta_reg[56][15]/R
2678  CDC-1   Critical  1-bit unknown CDC circuitry                     0  False Path  ck_rst         u_q/theta_reg[57][0]/R
2679  CDC-1   Critical  1-bit unknown CDC circuitry                     0  False Path  ck_rst         u_q/theta_reg[57][1]/R
2680  CDC-1   Critical  1-bit unknown CDC circuitry                     0  False Path  ck_rst         u_q/theta_reg[57][2]/R
2681  CDC-1   Critical  1-bit unknown CDC circuitry                     0  False Path  ck_rst         u_q/theta_reg[57][3]/R
2682  CDC-1   Critical  1-bit unknown CDC circuitry                     0  False Path  ck_rst         u_q/theta_reg[57][4]/R
2683  CDC-1   Critical  1-bit unknown CDC circuitry                     0  False Path  ck_rst         u_q/theta_reg[57][5]/R
2684  CDC-1   Critical  1-bit unknown CDC circuitry                     0  False Path  ck_rst         u_q/theta_reg[57][6]/R
2685  CDC-1   Critical  1-bit unknown CDC circuitry                     0  False Path  ck_rst         u_q/theta_reg[57][7]/R
2686  CDC-1   Critical  1-bit unknown CDC circuitry                     0  False Path  ck_rst         u_q/theta_reg[57][8]/R
2687  CDC-1   Critical  1-bit unknown CDC circuitry                     0  False Path  ck_rst         u_q/theta_reg[57][9]/R
2688  CDC-1   Critical  1-bit unknown CDC circuitry                     0  False Path  ck_rst         u_q/theta_reg[57][10]/R
2689  CDC-1   Critical  1-bit unknown CDC circuitry                     0  False Path  ck_rst         u_q/theta_reg[57][11]/R
2690  CDC-1   Critical  1-bit unknown CDC circuitry                     0  False Path  ck_rst         u_q/theta_reg[57][12]/R
2691  CDC-1   Critical  1-bit unknown CDC circuitry                     0  False Path  ck_rst         u_q/theta_reg[57][13]/R
2692  CDC-1   Critical  1-bit unknown CDC circuitry                     0  False Path  ck_rst         u_q/theta_reg[57][14]/R
2693  CDC-1   Critical  1-bit unknown CDC circuitry                     0  False Path  ck_rst         u_q/theta_reg[57][15]/R
2694  CDC-1   Critical  1-bit unknown CDC circuitry                     0  False Path  ck_rst         u_q/theta_reg[58][0]/R
2695  CDC-1   Critical  1-bit unknown CDC circuitry                     0  False Path  ck_rst         u_q/theta_reg[58][1]/R
2696  CDC-1   Critical  1-bit unknown CDC circuitry                     0  False Path  ck_rst         u_q/theta_reg[58][2]/R
2697  CDC-1   Critical  1-bit unknown CDC circuitry                     0  False Path  ck_rst         u_q/theta_reg[58][3]/R
2698  CDC-1   Critical  1-bit unknown CDC circuitry                     0  False Path  ck_rst         u_q/theta_reg[58][4]/R
2699  CDC-1   Critical  1-bit unknown CDC circuitry                     0  False Path  ck_rst         u_q/theta_reg[58][5]/R
2700  CDC-1   Critical  1-bit unknown CDC circuitry                     0  False Path  ck_rst         u_q/theta_reg[58][6]/R
2701  CDC-1   Critical  1-bit unknown CDC circuitry                     0  False Path  ck_rst         u_q/theta_reg[58][7]/R
2702  CDC-1   Critical  1-bit unknown CDC circuitry                     0  False Path  ck_rst         u_q/theta_reg[58][8]/R
2703  CDC-1   Critical  1-bit unknown CDC circuitry                     0  False Path  ck_rst         u_q/theta_reg[58][9]/R
2704  CDC-1   Critical  1-bit unknown CDC circuitry                     0  False Path  ck_rst         u_q/theta_reg[58][10]/R
2705  CDC-1   Critical  1-bit unknown CDC circuitry                     0  False Path  ck_rst         u_q/theta_reg[58][11]/R
2706  CDC-1   Critical  1-bit unknown CDC circuitry                     0  False Path  ck_rst         u_q/theta_reg[58][12]/R
2707  CDC-1   Critical  1-bit unknown CDC circuitry                     0  False Path  ck_rst         u_q/theta_reg[58][13]/R
2708  CDC-1   Critical  1-bit unknown CDC circuitry                     0  False Path  ck_rst         u_q/theta_reg[58][14]/R
2709  CDC-1   Critical  1-bit unknown CDC circuitry                     0  False Path  ck_rst         u_q/theta_reg[58][15]/R
2710  CDC-1   Critical  1-bit unknown CDC circuitry                     0  False Path  ck_rst         u_q/theta_reg[59][0]/R
2711  CDC-1   Critical  1-bit unknown CDC circuitry                     0  False Path  ck_rst         u_q/theta_reg[59][1]/R
2712  CDC-1   Critical  1-bit unknown CDC circuitry                     0  False Path  ck_rst         u_q/theta_reg[59][2]/R
2713  CDC-1   Critical  1-bit unknown CDC circuitry                     0  False Path  ck_rst         u_q/theta_reg[59][3]/R
2714  CDC-1   Critical  1-bit unknown CDC circuitry                     0  False Path  ck_rst         u_q/theta_reg[59][4]/R
2715  CDC-1   Critical  1-bit unknown CDC circuitry                     0  False Path  ck_rst         u_q/theta_reg[59][5]/R
2716  CDC-1   Critical  1-bit unknown CDC circuitry                     0  False Path  ck_rst         u_q/theta_reg[59][6]/R
2717  CDC-1   Critical  1-bit unknown CDC circuitry                     0  False Path  ck_rst         u_q/theta_reg[59][7]/R
2718  CDC-1   Critical  1-bit unknown CDC circuitry                     0  False Path  ck_rst         u_q/theta_reg[59][8]/R
2719  CDC-1   Critical  1-bit unknown CDC circuitry                     0  False Path  ck_rst         u_q/theta_reg[59][9]/R
2720  CDC-1   Critical  1-bit unknown CDC circuitry                     0  False Path  ck_rst         u_q/theta_reg[59][10]/R
2721  CDC-1   Critical  1-bit unknown CDC circuitry                     0  False Path  ck_rst         u_q/theta_reg[59][11]/R
2722  CDC-1   Critical  1-bit unknown CDC circuitry                     0  False Path  ck_rst         u_q/theta_reg[59][12]/R
2723  CDC-1   Critical  1-bit unknown CDC circuitry                     0  False Path  ck_rst         u_q/theta_reg[59][13]/R
2724  CDC-1   Critical  1-bit unknown CDC circuitry                     0  False Path  ck_rst         u_q/theta_reg[59][14]/R
2725  CDC-1   Critical  1-bit unknown CDC circuitry                     0  False Path  ck_rst         u_q/theta_reg[59][15]/R
2726  CDC-1   Critical  1-bit unknown CDC circuitry                     0  False Path  ck_rst         u_q/theta_reg[5][0]/R
2727  CDC-1   Critical  1-bit unknown CDC circuitry                     0  False Path  ck_rst         u_q/theta_reg[5][1]/R
2728  CDC-1   Critical  1-bit unknown CDC circuitry                     0  False Path  ck_rst         u_q/theta_reg[5][2]/R
2729  CDC-1   Critical  1-bit unknown CDC circuitry                     0  False Path  ck_rst         u_q/theta_reg[5][3]/R
2730  CDC-1   Critical  1-bit unknown CDC circuitry                     0  False Path  ck_rst         u_q/theta_reg[5][4]/R
2731  CDC-1   Critical  1-bit unknown CDC circuitry                     0  False Path  ck_rst         u_q/theta_reg[5][5]/R
2732  CDC-1   Critical  1-bit unknown CDC circuitry                     0  False Path  ck_rst         u_q/theta_reg[5][6]/R
2733  CDC-1   Critical  1-bit unknown CDC circuitry                     0  False Path  ck_rst         u_q/theta_reg[5][7]/R
2734  CDC-1   Critical  1-bit unknown CDC circuitry                     0  False Path  ck_rst         u_q/theta_reg[5][8]/R
2735  CDC-1   Critical  1-bit unknown CDC circuitry                     0  False Path  ck_rst         u_q/theta_reg[5][9]/R
2736  CDC-1   Critical  1-bit unknown CDC circuitry                     0  False Path  ck_rst         u_q/theta_reg[5][10]/R
2737  CDC-1   Critical  1-bit unknown CDC circuitry                     0  False Path  ck_rst         u_q/theta_reg[5][11]/R
2738  CDC-1   Critical  1-bit unknown CDC circuitry                     0  False Path  ck_rst         u_q/theta_reg[5][12]/R
2739  CDC-1   Critical  1-bit unknown CDC circuitry                     0  False Path  ck_rst         u_q/theta_reg[5][13]/R
2740  CDC-1   Critical  1-bit unknown CDC circuitry                     0  False Path  ck_rst         u_q/theta_reg[5][14]/R
2741  CDC-1   Critical  1-bit unknown CDC circuitry                     0  False Path  ck_rst         u_q/theta_reg[5][15]/R
2742  CDC-1   Critical  1-bit unknown CDC circuitry                     0  False Path  ck_rst         u_q/theta_reg[60][0]/R
2743  CDC-1   Critical  1-bit unknown CDC circuitry                     0  False Path  ck_rst         u_q/theta_reg[60][1]/R
2744  CDC-1   Critical  1-bit unknown CDC circuitry                     0  False Path  ck_rst         u_q/theta_reg[60][2]/R
2745  CDC-1   Critical  1-bit unknown CDC circuitry                     0  False Path  ck_rst         u_q/theta_reg[60][3]/R
2746  CDC-1   Critical  1-bit unknown CDC circuitry                     0  False Path  ck_rst         u_q/theta_reg[60][4]/R
2747  CDC-1   Critical  1-bit unknown CDC circuitry                     0  False Path  ck_rst         u_q/theta_reg[60][5]/R
2748  CDC-1   Critical  1-bit unknown CDC circuitry                     0  False Path  ck_rst         u_q/theta_reg[60][6]/R
2749  CDC-1   Critical  1-bit unknown CDC circuitry                     0  False Path  ck_rst         u_q/theta_reg[60][7]/R
2750  CDC-1   Critical  1-bit unknown CDC circuitry                     0  False Path  ck_rst         u_q/theta_reg[60][8]/R
2751  CDC-1   Critical  1-bit unknown CDC circuitry                     0  False Path  ck_rst         u_q/theta_reg[60][9]/R
2752  CDC-1   Critical  1-bit unknown CDC circuitry                     0  False Path  ck_rst         u_q/theta_reg[60][10]/R
2753  CDC-1   Critical  1-bit unknown CDC circuitry                     0  False Path  ck_rst         u_q/theta_reg[60][11]/R
2754  CDC-1   Critical  1-bit unknown CDC circuitry                     0  False Path  ck_rst         u_q/theta_reg[60][12]/R
2755  CDC-1   Critical  1-bit unknown CDC circuitry                     0  False Path  ck_rst         u_q/theta_reg[60][13]/R
2756  CDC-1   Critical  1-bit unknown CDC circuitry                     0  False Path  ck_rst         u_q/theta_reg[60][14]/R
2757  CDC-1   Critical  1-bit unknown CDC circuitry                     0  False Path  ck_rst         u_q/theta_reg[60][15]/R
2758  CDC-1   Critical  1-bit unknown CDC circuitry                     0  False Path  ck_rst         u_q/theta_reg[61][0]/R
2759  CDC-1   Critical  1-bit unknown CDC circuitry                     0  False Path  ck_rst         u_q/theta_reg[61][1]/R
2760  CDC-1   Critical  1-bit unknown CDC circuitry                     0  False Path  ck_rst         u_q/theta_reg[61][2]/R
2761  CDC-1   Critical  1-bit unknown CDC circuitry                     0  False Path  ck_rst         u_q/theta_reg[61][3]/R
2762  CDC-1   Critical  1-bit unknown CDC circuitry                     0  False Path  ck_rst         u_q/theta_reg[61][4]/R
2763  CDC-1   Critical  1-bit unknown CDC circuitry                     0  False Path  ck_rst         u_q/theta_reg[61][5]/R
2764  CDC-1   Critical  1-bit unknown CDC circuitry                     0  False Path  ck_rst         u_q/theta_reg[61][6]/R
2765  CDC-1   Critical  1-bit unknown CDC circuitry                     0  False Path  ck_rst         u_q/theta_reg[61][7]/R
2766  CDC-1   Critical  1-bit unknown CDC circuitry                     0  False Path  ck_rst         u_q/theta_reg[61][8]/R
2767  CDC-1   Critical  1-bit unknown CDC circuitry                     0  False Path  ck_rst         u_q/theta_reg[61][9]/R
2768  CDC-1   Critical  1-bit unknown CDC circuitry                     0  False Path  ck_rst         u_q/theta_reg[61][10]/R
2769  CDC-1   Critical  1-bit unknown CDC circuitry                     0  False Path  ck_rst         u_q/theta_reg[61][11]/R
2770  CDC-1   Critical  1-bit unknown CDC circuitry                     0  False Path  ck_rst         u_q/theta_reg[61][12]/R
2771  CDC-1   Critical  1-bit unknown CDC circuitry                     0  False Path  ck_rst         u_q/theta_reg[61][13]/R
2772  CDC-1   Critical  1-bit unknown CDC circuitry                     0  False Path  ck_rst         u_q/theta_reg[61][14]/R
2773  CDC-1   Critical  1-bit unknown CDC circuitry                     0  False Path  ck_rst         u_q/theta_reg[61][15]/R
2774  CDC-1   Critical  1-bit unknown CDC circuitry                     0  False Path  ck_rst         u_q/theta_reg[62][0]/R
2775  CDC-1   Critical  1-bit unknown CDC circuitry                     0  False Path  ck_rst         u_q/theta_reg[62][1]/R
2776  CDC-1   Critical  1-bit unknown CDC circuitry                     0  False Path  ck_rst         u_q/theta_reg[62][2]/R
2777  CDC-1   Critical  1-bit unknown CDC circuitry                     0  False Path  ck_rst         u_q/theta_reg[62][3]/R
2778  CDC-1   Critical  1-bit unknown CDC circuitry                     0  False Path  ck_rst         u_q/theta_reg[62][4]/R
2779  CDC-1   Critical  1-bit unknown CDC circuitry                     0  False Path  ck_rst         u_q/theta_reg[62][5]/R
2780  CDC-1   Critical  1-bit unknown CDC circuitry                     0  False Path  ck_rst         u_q/theta_reg[62][6]/R
2781  CDC-1   Critical  1-bit unknown CDC circuitry                     0  False Path  ck_rst         u_q/theta_reg[62][7]/R
2782  CDC-1   Critical  1-bit unknown CDC circuitry                     0  False Path  ck_rst         u_q/theta_reg[62][8]/R
2783  CDC-1   Critical  1-bit unknown CDC circuitry                     0  False Path  ck_rst         u_q/theta_reg[62][9]/R
2784  CDC-1   Critical  1-bit unknown CDC circuitry                     0  False Path  ck_rst         u_q/theta_reg[62][10]/R
2785  CDC-1   Critical  1-bit unknown CDC circuitry                     0  False Path  ck_rst         u_q/theta_reg[62][11]/R
2786  CDC-1   Critical  1-bit unknown CDC circuitry                     0  False Path  ck_rst         u_q/theta_reg[62][12]/R
2787  CDC-1   Critical  1-bit unknown CDC circuitry                     0  False Path  ck_rst         u_q/theta_reg[62][13]/R
2788  CDC-1   Critical  1-bit unknown CDC circuitry                     0  False Path  ck_rst         u_q/theta_reg[62][14]/R
2789  CDC-1   Critical  1-bit unknown CDC circuitry                     0  False Path  ck_rst         u_q/theta_reg[62][15]/R
2790  CDC-1   Critical  1-bit unknown CDC circuitry                     0  False Path  ck_rst         u_q/theta_reg[63][0]/R
2791  CDC-1   Critical  1-bit unknown CDC circuitry                     0  False Path  ck_rst         u_q/theta_reg[63][1]/R
2792  CDC-1   Critical  1-bit unknown CDC circuitry                     0  False Path  ck_rst         u_q/theta_reg[63][2]/R
2793  CDC-1   Critical  1-bit unknown CDC circuitry                     0  False Path  ck_rst         u_q/theta_reg[63][3]/R
2794  CDC-1   Critical  1-bit unknown CDC circuitry                     0  False Path  ck_rst         u_q/theta_reg[63][4]/R
2795  CDC-1   Critical  1-bit unknown CDC circuitry                     0  False Path  ck_rst         u_q/theta_reg[63][5]/R
2796  CDC-1   Critical  1-bit unknown CDC circuitry                     0  False Path  ck_rst         u_q/theta_reg[63][6]/R
2797  CDC-1   Critical  1-bit unknown CDC circuitry                     0  False Path  ck_rst         u_q/theta_reg[63][7]/R
2798  CDC-1   Critical  1-bit unknown CDC circuitry                     0  False Path  ck_rst         u_q/theta_reg[63][8]/R
2799  CDC-1   Critical  1-bit unknown CDC circuitry                     0  False Path  ck_rst         u_q/theta_reg[63][9]/R
2800  CDC-1   Critical  1-bit unknown CDC circuitry                     0  False Path  ck_rst         u_q/theta_reg[63][10]/R
2801  CDC-1   Critical  1-bit unknown CDC circuitry                     0  False Path  ck_rst         u_q/theta_reg[63][11]/R
2802  CDC-1   Critical  1-bit unknown CDC circuitry                     0  False Path  ck_rst         u_q/theta_reg[63][12]/R
2803  CDC-1   Critical  1-bit unknown CDC circuitry                     0  False Path  ck_rst         u_q/theta_reg[63][13]/R
2804  CDC-1   Critical  1-bit unknown CDC circuitry                     0  False Path  ck_rst         u_q/theta_reg[63][14]/R
2805  CDC-1   Critical  1-bit unknown CDC circuitry                     0  False Path  ck_rst         u_q/theta_reg[63][15]/R
2806  CDC-1   Critical  1-bit unknown CDC circuitry                     0  False Path  ck_rst         u_q/theta_reg[6][0]/R
2807  CDC-1   Critical  1-bit unknown CDC circuitry                     0  False Path  ck_rst         u_q/theta_reg[6][1]/R
2808  CDC-1   Critical  1-bit unknown CDC circuitry                     0  False Path  ck_rst         u_q/theta_reg[6][2]/R
2809  CDC-1   Critical  1-bit unknown CDC circuitry                     0  False Path  ck_rst         u_q/theta_reg[6][3]/R
2810  CDC-1   Critical  1-bit unknown CDC circuitry                     0  False Path  ck_rst         u_q/theta_reg[6][4]/R
2811  CDC-1   Critical  1-bit unknown CDC circuitry                     0  False Path  ck_rst         u_q/theta_reg[6][5]/R
2812  CDC-1   Critical  1-bit unknown CDC circuitry                     0  False Path  ck_rst         u_q/theta_reg[6][6]/R
2813  CDC-1   Critical  1-bit unknown CDC circuitry                     0  False Path  ck_rst         u_q/theta_reg[6][7]/R
2814  CDC-1   Critical  1-bit unknown CDC circuitry                     0  False Path  ck_rst         u_q/theta_reg[6][8]/R
2815  CDC-1   Critical  1-bit unknown CDC circuitry                     0  False Path  ck_rst         u_q/theta_reg[6][9]/R
2816  CDC-1   Critical  1-bit unknown CDC circuitry                     0  False Path  ck_rst         u_q/theta_reg[6][10]/R
2817  CDC-1   Critical  1-bit unknown CDC circuitry                     0  False Path  ck_rst         u_q/theta_reg[6][11]/R
2818  CDC-1   Critical  1-bit unknown CDC circuitry                     0  False Path  ck_rst         u_q/theta_reg[6][12]/R
2819  CDC-1   Critical  1-bit unknown CDC circuitry                     0  False Path  ck_rst         u_q/theta_reg[6][13]/R
2820  CDC-1   Critical  1-bit unknown CDC circuitry                     0  False Path  ck_rst         u_q/theta_reg[6][14]/R
2821  CDC-1   Critical  1-bit unknown CDC circuitry                     0  False Path  ck_rst         u_q/theta_reg[6][15]/R
2822  CDC-1   Critical  1-bit unknown CDC circuitry                     0  False Path  ck_rst         u_q/theta_reg[7][0]/R
2823  CDC-1   Critical  1-bit unknown CDC circuitry                     0  False Path  ck_rst         u_q/theta_reg[7][1]/R
2824  CDC-1   Critical  1-bit unknown CDC circuitry                     0  False Path  ck_rst         u_q/theta_reg[7][2]/R
2825  CDC-1   Critical  1-bit unknown CDC circuitry                     0  False Path  ck_rst         u_q/theta_reg[7][3]/R
2826  CDC-1   Critical  1-bit unknown CDC circuitry                     0  False Path  ck_rst         u_q/theta_reg[7][4]/R
2827  CDC-1   Critical  1-bit unknown CDC circuitry                     0  False Path  ck_rst         u_q/theta_reg[7][5]/R
2828  CDC-1   Critical  1-bit unknown CDC circuitry                     0  False Path  ck_rst         u_q/theta_reg[7][6]/R
2829  CDC-1   Critical  1-bit unknown CDC circuitry                     0  False Path  ck_rst         u_q/theta_reg[7][7]/R
2830  CDC-1   Critical  1-bit unknown CDC circuitry                     0  False Path  ck_rst         u_q/theta_reg[7][8]/R
2831  CDC-1   Critical  1-bit unknown CDC circuitry                     0  False Path  ck_rst         u_q/theta_reg[7][9]/R
2832  CDC-1   Critical  1-bit unknown CDC circuitry                     0  False Path  ck_rst         u_q/theta_reg[7][10]/R
2833  CDC-1   Critical  1-bit unknown CDC circuitry                     0  False Path  ck_rst         u_q/theta_reg[7][11]/R
2834  CDC-1   Critical  1-bit unknown CDC circuitry                     0  False Path  ck_rst         u_q/theta_reg[7][12]/R
2835  CDC-1   Critical  1-bit unknown CDC circuitry                     0  False Path  ck_rst         u_q/theta_reg[7][13]/R
2836  CDC-1   Critical  1-bit unknown CDC circuitry                     0  False Path  ck_rst         u_q/theta_reg[7][14]/R
2837  CDC-1   Critical  1-bit unknown CDC circuitry                     0  False Path  ck_rst         u_q/theta_reg[7][15]/R
2838  CDC-1   Critical  1-bit unknown CDC circuitry                     0  False Path  ck_rst         u_q/theta_reg[8][0]/R
2839  CDC-1   Critical  1-bit unknown CDC circuitry                     0  False Path  ck_rst         u_q/theta_reg[8][1]/R
2840  CDC-1   Critical  1-bit unknown CDC circuitry                     0  False Path  ck_rst         u_q/theta_reg[8][2]/R
2841  CDC-1   Critical  1-bit unknown CDC circuitry                     0  False Path  ck_rst         u_q/theta_reg[8][3]/R
2842  CDC-1   Critical  1-bit unknown CDC circuitry                     0  False Path  ck_rst         u_q/theta_reg[8][4]/R
2843  CDC-1   Critical  1-bit unknown CDC circuitry                     0  False Path  ck_rst         u_q/theta_reg[8][5]/R
2844  CDC-1   Critical  1-bit unknown CDC circuitry                     0  False Path  ck_rst         u_q/theta_reg[8][6]/R
2845  CDC-1   Critical  1-bit unknown CDC circuitry                     0  False Path  ck_rst         u_q/theta_reg[8][7]/R
2846  CDC-1   Critical  1-bit unknown CDC circuitry                     0  False Path  ck_rst         u_q/theta_reg[8][8]/R
2847  CDC-1   Critical  1-bit unknown CDC circuitry                     0  False Path  ck_rst         u_q/theta_reg[8][9]/R
2848  CDC-1   Critical  1-bit unknown CDC circuitry                     0  False Path  ck_rst         u_q/theta_reg[8][10]/R
2849  CDC-1   Critical  1-bit unknown CDC circuitry                     0  False Path  ck_rst         u_q/theta_reg[8][11]/R
2850  CDC-1   Critical  1-bit unknown CDC circuitry                     0  False Path  ck_rst         u_q/theta_reg[8][12]/R
2851  CDC-1   Critical  1-bit unknown CDC circuitry                     0  False Path  ck_rst         u_q/theta_reg[8][13]/R
2852  CDC-1   Critical  1-bit unknown CDC circuitry                     0  False Path  ck_rst         u_q/theta_reg[8][14]/R
2853  CDC-1   Critical  1-bit unknown CDC circuitry                     0  False Path  ck_rst         u_q/theta_reg[8][15]/R
2854  CDC-1   Critical  1-bit unknown CDC circuitry                     0  False Path  ck_rst         u_q/theta_reg[9][0]/R
2855  CDC-1   Critical  1-bit unknown CDC circuitry                     0  False Path  ck_rst         u_q/theta_reg[9][1]/R
2856  CDC-1   Critical  1-bit unknown CDC circuitry                     0  False Path  ck_rst         u_q/theta_reg[9][2]/R
2857  CDC-1   Critical  1-bit unknown CDC circuitry                     0  False Path  ck_rst         u_q/theta_reg[9][3]/R
2858  CDC-1   Critical  1-bit unknown CDC circuitry                     0  False Path  ck_rst         u_q/theta_reg[9][4]/R
2859  CDC-1   Critical  1-bit unknown CDC circuitry                     0  False Path  ck_rst         u_q/theta_reg[9][5]/R
2860  CDC-1   Critical  1-bit unknown CDC circuitry                     0  False Path  ck_rst         u_q/theta_reg[9][6]/R
2861  CDC-1   Critical  1-bit unknown CDC circuitry                     0  False Path  ck_rst         u_q/theta_reg[9][7]/R
2862  CDC-1   Critical  1-bit unknown CDC circuitry                     0  False Path  ck_rst         u_q/theta_reg[9][8]/R
2863  CDC-1   Critical  1-bit unknown CDC circuitry                     0  False Path  ck_rst         u_q/theta_reg[9][9]/R
2864  CDC-1   Critical  1-bit unknown CDC circuitry                     0  False Path  ck_rst         u_q/theta_reg[9][10]/R
2865  CDC-1   Critical  1-bit unknown CDC circuitry                     0  False Path  ck_rst         u_q/theta_reg[9][11]/R
2866  CDC-1   Critical  1-bit unknown CDC circuitry                     0  False Path  ck_rst         u_q/theta_reg[9][12]/R
2867  CDC-1   Critical  1-bit unknown CDC circuitry                     0  False Path  ck_rst         u_q/theta_reg[9][13]/R
2868  CDC-1   Critical  1-bit unknown CDC circuitry                     0  False Path  ck_rst         u_q/theta_reg[9][14]/R
2869  CDC-1   Critical  1-bit unknown CDC circuitry                     0  False Path  ck_rst         u_q/theta_reg[9][15]/R
2870  CDC-1   Critical  1-bit unknown CDC circuitry                     0  False Path  ck_rst         u_q/upd_applied_reg/R
2871  CDC-1   Critical  1-bit unknown CDC circuitry                     0  False Path  ck_rst         u_q/upd_done_reg/R
2872  CDC-1   Critical  1-bit unknown CDC circuitry                     0  False Path  ck_rst         u_q/upd_reason_reg[0]/R
2873  CDC-1   Critical  1-bit unknown CDC circuitry                     0  False Path  ck_rst         u_q/upd_reason_reg[1]/R
2874  CDC-1   Critical  1-bit unknown CDC circuitry                     0  False Path  ck_rst         u_q/upd_reason_reg[2]/R
2875  CDC-1   Critical  1-bit unknown CDC circuitry                     0  False Path  ck_rst         u_qhost/FSM_onehot_st_reg[0]/CE
2876  CDC-1   Critical  1-bit unknown CDC circuitry                     0  False Path  ck_rst         u_qhost/FSM_onehot_st_reg[1]/CE
2877  CDC-1   Critical  1-bit unknown CDC circuitry                     0  False Path  ck_rst         u_qhost/FSM_onehot_st_reg[2]/CE
2878  CDC-1   Critical  1-bit unknown CDC circuitry                     0  False Path  ck_rst         u_qhost/FSM_onehot_st_reg[3]/CE
2879  CDC-1   Critical  1-bit unknown CDC circuitry                     0  False Path  ck_rst         u_qhost/FSM_onehot_st_reg[4]/CE
2880  CDC-1   Critical  1-bit unknown CDC circuitry                     0  False Path  ck_rst         u_qhost/in_ready_reg/D
2881  CDC-1   Critical  1-bit unknown CDC circuitry                     0  False Path  ck_rst         u_qhost/q_valid_reg/D
2882  CDC-1   Critical  1-bit unknown CDC circuitry                     0  False Path  ck_rst         u_qhost/qw_reg[0][0]/CE
2883  CDC-1   Critical  1-bit unknown CDC circuitry                     0  False Path  ck_rst         u_qhost/qw_reg[0][1]/CE
2884  CDC-1   Critical  1-bit unknown CDC circuitry                     0  False Path  ck_rst         u_qhost/qw_reg[0][2]/CE
2885  CDC-1   Critical  1-bit unknown CDC circuitry                     0  False Path  ck_rst         u_qhost/qw_reg[0][3]/CE
2886  CDC-1   Critical  1-bit unknown CDC circuitry                     0  False Path  ck_rst         u_qhost/qw_reg[0][4]/CE
2887  CDC-1   Critical  1-bit unknown CDC circuitry                     0  False Path  ck_rst         u_qhost/qw_reg[0][5]/CE
2888  CDC-1   Critical  1-bit unknown CDC circuitry                     0  False Path  ck_rst         u_qhost/qw_reg[0][6]/CE
2889  CDC-1   Critical  1-bit unknown CDC circuitry                     0  False Path  ck_rst         u_qhost/qw_reg[0][7]/CE
2890  CDC-1   Critical  1-bit unknown CDC circuitry                     0  False Path  ck_rst         u_qhost/qw_reg[0][8]/CE
2891  CDC-1   Critical  1-bit unknown CDC circuitry                     0  False Path  ck_rst         u_qhost/qw_reg[0][9]/CE
2892  CDC-1   Critical  1-bit unknown CDC circuitry                     0  False Path  ck_rst         u_qhost/qw_reg[0][10]/CE
2893  CDC-1   Critical  1-bit unknown CDC circuitry                     0  False Path  ck_rst         u_qhost/qw_reg[0][11]/CE
2894  CDC-1   Critical  1-bit unknown CDC circuitry                     0  False Path  ck_rst         u_qhost/qw_reg[0][12]/CE
2895  CDC-1   Critical  1-bit unknown CDC circuitry                     0  False Path  ck_rst         u_qhost/qw_reg[0][13]/CE
2896  CDC-1   Critical  1-bit unknown CDC circuitry                     0  False Path  ck_rst         u_qhost/qw_reg[0][14]/CE
2897  CDC-1   Critical  1-bit unknown CDC circuitry                     0  False Path  ck_rst         u_qhost/qw_reg[0][15]/CE
2898  CDC-1   Critical  1-bit unknown CDC circuitry                     0  False Path  ck_rst         u_qhost/qw_reg[0][16]/CE
2899  CDC-1   Critical  1-bit unknown CDC circuitry                     0  False Path  ck_rst         u_qhost/qw_reg[0][17]/CE
2900  CDC-1   Critical  1-bit unknown CDC circuitry                     0  False Path  ck_rst         u_qhost/qw_reg[0][18]/CE
2901  CDC-1   Critical  1-bit unknown CDC circuitry                     0  False Path  ck_rst         u_qhost/qw_reg[0][19]/CE
2902  CDC-1   Critical  1-bit unknown CDC circuitry                     0  False Path  ck_rst         u_qhost/qw_reg[0][20]/CE
2903  CDC-1   Critical  1-bit unknown CDC circuitry                     0  False Path  ck_rst         u_qhost/qw_reg[0][21]/CE
2904  CDC-1   Critical  1-bit unknown CDC circuitry                     0  False Path  ck_rst         u_qhost/qw_reg[0][22]/CE
2905  CDC-1   Critical  1-bit unknown CDC circuitry                     0  False Path  ck_rst         u_qhost/qw_reg[0][23]/CE
2906  CDC-1   Critical  1-bit unknown CDC circuitry                     0  False Path  ck_rst         u_qhost/qw_reg[0][24]/CE
2907  CDC-1   Critical  1-bit unknown CDC circuitry                     0  False Path  ck_rst         u_qhost/qw_reg[0][25]/CE
2908  CDC-1   Critical  1-bit unknown CDC circuitry                     0  False Path  ck_rst         u_qhost/qw_reg[0][26]/CE
2909  CDC-1   Critical  1-bit unknown CDC circuitry                     0  False Path  ck_rst         u_qhost/qw_reg[0][27]/CE
2910  CDC-1   Critical  1-bit unknown CDC circuitry                     0  False Path  ck_rst         u_qhost/qw_reg[0][28]/CE
2911  CDC-1   Critical  1-bit unknown CDC circuitry                     0  False Path  ck_rst         u_qhost/qw_reg[0][29]/CE
2912  CDC-1   Critical  1-bit unknown CDC circuitry                     0  False Path  ck_rst         u_qhost/qw_reg[0][30]/CE
2913  CDC-1   Critical  1-bit unknown CDC circuitry                     0  False Path  ck_rst         u_qhost/qw_reg[0][31]/CE
2914  CDC-1   Critical  1-bit unknown CDC circuitry                     0  False Path  ck_rst         u_qhost/qw_reg[1][0]/CE
2915  CDC-1   Critical  1-bit unknown CDC circuitry                     0  False Path  ck_rst         u_qhost/qw_reg[1][1]/CE
2916  CDC-1   Critical  1-bit unknown CDC circuitry                     0  False Path  ck_rst         u_qhost/qw_reg[1][2]/CE
2917  CDC-1   Critical  1-bit unknown CDC circuitry                     0  False Path  ck_rst         u_qhost/qw_reg[1][3]/CE
2918  CDC-1   Critical  1-bit unknown CDC circuitry                     0  False Path  ck_rst         u_qhost/qw_reg[1][4]/CE
2919  CDC-1   Critical  1-bit unknown CDC circuitry                     0  False Path  ck_rst         u_qhost/qw_reg[1][5]/CE
2920  CDC-1   Critical  1-bit unknown CDC circuitry                     0  False Path  ck_rst         u_qhost/qw_reg[1][6]/CE
2921  CDC-1   Critical  1-bit unknown CDC circuitry                     0  False Path  ck_rst         u_qhost/qw_reg[1][7]/CE
2922  CDC-1   Critical  1-bit unknown CDC circuitry                     0  False Path  ck_rst         u_qhost/qw_reg[1][8]/CE
2923  CDC-1   Critical  1-bit unknown CDC circuitry                     0  False Path  ck_rst         u_qhost/qw_reg[1][9]/CE
2924  CDC-1   Critical  1-bit unknown CDC circuitry                     0  False Path  ck_rst         u_qhost/qw_reg[1][10]/CE
2925  CDC-1   Critical  1-bit unknown CDC circuitry                     0  False Path  ck_rst         u_qhost/qw_reg[1][11]/CE
2926  CDC-1   Critical  1-bit unknown CDC circuitry                     0  False Path  ck_rst         u_qhost/qw_reg[1][12]/CE
2927  CDC-1   Critical  1-bit unknown CDC circuitry                     0  False Path  ck_rst         u_qhost/qw_reg[1][13]/CE
2928  CDC-1   Critical  1-bit unknown CDC circuitry                     0  False Path  ck_rst         u_qhost/qw_reg[1][14]/CE
2929  CDC-1   Critical  1-bit unknown CDC circuitry                     0  False Path  ck_rst         u_qhost/qw_reg[1][15]/CE
2930  CDC-1   Critical  1-bit unknown CDC circuitry                     0  False Path  ck_rst         u_qhost/qw_reg[1][16]/CE
2931  CDC-1   Critical  1-bit unknown CDC circuitry                     0  False Path  ck_rst         u_qhost/qw_reg[1][17]/CE
2932  CDC-1   Critical  1-bit unknown CDC circuitry                     0  False Path  ck_rst         u_qhost/qw_reg[1][18]/CE
2933  CDC-1   Critical  1-bit unknown CDC circuitry                     0  False Path  ck_rst         u_qhost/qw_reg[1][19]/CE
2934  CDC-1   Critical  1-bit unknown CDC circuitry                     0  False Path  ck_rst         u_qhost/qw_reg[1][20]/CE
2935  CDC-1   Critical  1-bit unknown CDC circuitry                     0  False Path  ck_rst         u_qhost/qw_reg[1][21]/CE
2936  CDC-1   Critical  1-bit unknown CDC circuitry                     0  False Path  ck_rst         u_qhost/qw_reg[1][22]/CE
2937  CDC-1   Critical  1-bit unknown CDC circuitry                     0  False Path  ck_rst         u_qhost/qw_reg[1][23]/CE
2938  CDC-1   Critical  1-bit unknown CDC circuitry                     0  False Path  ck_rst         u_qhost/qw_reg[1][24]/CE
2939  CDC-1   Critical  1-bit unknown CDC circuitry                     0  False Path  ck_rst         u_qhost/qw_reg[1][25]/CE
2940  CDC-1   Critical  1-bit unknown CDC circuitry                     0  False Path  ck_rst         u_qhost/qw_reg[1][26]/CE
2941  CDC-1   Critical  1-bit unknown CDC circuitry                     0  False Path  ck_rst         u_qhost/qw_reg[1][27]/CE
2942  CDC-1   Critical  1-bit unknown CDC circuitry                     0  False Path  ck_rst         u_qhost/qw_reg[1][28]/CE
2943  CDC-1   Critical  1-bit unknown CDC circuitry                     0  False Path  ck_rst         u_qhost/qw_reg[1][29]/CE
2944  CDC-1   Critical  1-bit unknown CDC circuitry                     0  False Path  ck_rst         u_qhost/qw_reg[1][30]/CE
2945  CDC-1   Critical  1-bit unknown CDC circuitry                     0  False Path  ck_rst         u_qhost/qw_reg[1][31]/CE
2946  CDC-1   Critical  1-bit unknown CDC circuitry                     0  False Path  ck_rst         u_qhost/qw_reg[2][0]/CE
2947  CDC-1   Critical  1-bit unknown CDC circuitry                     0  False Path  ck_rst         u_qhost/qw_reg[2][1]/CE
2948  CDC-1   Critical  1-bit unknown CDC circuitry                     0  False Path  ck_rst         u_qhost/qw_reg[2][2]/CE
2949  CDC-1   Critical  1-bit unknown CDC circuitry                     0  False Path  ck_rst         u_qhost/qw_reg[2][3]/CE
2950  CDC-1   Critical  1-bit unknown CDC circuitry                     0  False Path  ck_rst         u_qhost/qw_reg[2][4]/CE
2951  CDC-1   Critical  1-bit unknown CDC circuitry                     0  False Path  ck_rst         u_qhost/qw_reg[2][5]/CE
2952  CDC-1   Critical  1-bit unknown CDC circuitry                     0  False Path  ck_rst         u_qhost/qw_reg[2][6]/CE
2953  CDC-1   Critical  1-bit unknown CDC circuitry                     0  False Path  ck_rst         u_qhost/qw_reg[2][7]/CE
2954  CDC-1   Critical  1-bit unknown CDC circuitry                     0  False Path  ck_rst         u_qhost/qw_reg[2][8]/CE
2955  CDC-1   Critical  1-bit unknown CDC circuitry                     0  False Path  ck_rst         u_qhost/qw_reg[2][9]/CE
2956  CDC-1   Critical  1-bit unknown CDC circuitry                     0  False Path  ck_rst         u_qhost/qw_reg[2][10]/CE
2957  CDC-1   Critical  1-bit unknown CDC circuitry                     0  False Path  ck_rst         u_qhost/qw_reg[2][11]/CE
2958  CDC-1   Critical  1-bit unknown CDC circuitry                     0  False Path  ck_rst         u_qhost/qw_reg[2][12]/CE
2959  CDC-1   Critical  1-bit unknown CDC circuitry                     0  False Path  ck_rst         u_qhost/qw_reg[2][13]/CE
2960  CDC-1   Critical  1-bit unknown CDC circuitry                     0  False Path  ck_rst         u_qhost/qw_reg[2][14]/CE
2961  CDC-1   Critical  1-bit unknown CDC circuitry                     0  False Path  ck_rst         u_qhost/qw_reg[2][15]/CE
2962  CDC-1   Critical  1-bit unknown CDC circuitry                     0  False Path  ck_rst         u_qhost/qw_reg[2][16]/CE
2963  CDC-1   Critical  1-bit unknown CDC circuitry                     0  False Path  ck_rst         u_qhost/qw_reg[2][17]/CE
2964  CDC-1   Critical  1-bit unknown CDC circuitry                     0  False Path  ck_rst         u_qhost/qw_reg[2][18]/CE
2965  CDC-1   Critical  1-bit unknown CDC circuitry                     0  False Path  ck_rst         u_qhost/qw_reg[2][19]/CE
2966  CDC-1   Critical  1-bit unknown CDC circuitry                     0  False Path  ck_rst         u_qhost/qw_reg[2][20]/CE
2967  CDC-1   Critical  1-bit unknown CDC circuitry                     0  False Path  ck_rst         u_qhost/qw_reg[2][21]/CE
2968  CDC-1   Critical  1-bit unknown CDC circuitry                     0  False Path  ck_rst         u_qhost/qw_reg[2][22]/CE
2969  CDC-1   Critical  1-bit unknown CDC circuitry                     0  False Path  ck_rst         u_qhost/qw_reg[2][23]/CE
2970  CDC-1   Critical  1-bit unknown CDC circuitry                     0  False Path  ck_rst         u_qhost/qw_reg[2][24]/CE
2971  CDC-1   Critical  1-bit unknown CDC circuitry                     0  False Path  ck_rst         u_qhost/qw_reg[2][25]/CE
2972  CDC-1   Critical  1-bit unknown CDC circuitry                     0  False Path  ck_rst         u_qhost/qw_reg[2][26]/CE
2973  CDC-1   Critical  1-bit unknown CDC circuitry                     0  False Path  ck_rst         u_qhost/qw_reg[2][27]/CE
2974  CDC-1   Critical  1-bit unknown CDC circuitry                     0  False Path  ck_rst         u_qhost/qw_reg[2][28]/CE
2975  CDC-1   Critical  1-bit unknown CDC circuitry                     0  False Path  ck_rst         u_qhost/qw_reg[2][29]/CE
2976  CDC-1   Critical  1-bit unknown CDC circuitry                     0  False Path  ck_rst         u_qhost/qw_reg[2][30]/CE
2977  CDC-1   Critical  1-bit unknown CDC circuitry                     0  False Path  ck_rst         u_qhost/qw_reg[2][31]/CE
2978  CDC-1   Critical  1-bit unknown CDC circuitry                     0  False Path  ck_rst         u_qhost/qw_reg[3][0]/CE
2979  CDC-1   Critical  1-bit unknown CDC circuitry                     0  False Path  ck_rst         u_qhost/qw_reg[3][1]/CE
2980  CDC-1   Critical  1-bit unknown CDC circuitry                     0  False Path  ck_rst         u_qhost/qw_reg[3][2]/CE
2981  CDC-1   Critical  1-bit unknown CDC circuitry                     0  False Path  ck_rst         u_qhost/qw_reg[3][3]/CE
2982  CDC-1   Critical  1-bit unknown CDC circuitry                     0  False Path  ck_rst         u_qhost/qw_reg[3][4]/CE
2983  CDC-1   Critical  1-bit unknown CDC circuitry                     0  False Path  ck_rst         u_qhost/qw_reg[3][5]/CE
2984  CDC-1   Critical  1-bit unknown CDC circuitry                     0  False Path  ck_rst         u_qhost/qw_reg[3][6]/CE
2985  CDC-1   Critical  1-bit unknown CDC circuitry                     0  False Path  ck_rst         u_qhost/qw_reg[3][7]/CE
2986  CDC-1   Critical  1-bit unknown CDC circuitry                     0  False Path  ck_rst         u_qhost/qw_reg[3][8]/CE
2987  CDC-1   Critical  1-bit unknown CDC circuitry                     0  False Path  ck_rst         u_qhost/qw_reg[3][9]/CE
2988  CDC-1   Critical  1-bit unknown CDC circuitry                     0  False Path  ck_rst         u_qhost/qw_reg[3][10]/CE
2989  CDC-1   Critical  1-bit unknown CDC circuitry                     0  False Path  ck_rst         u_qhost/qw_reg[3][11]/CE
2990  CDC-1   Critical  1-bit unknown CDC circuitry                     0  False Path  ck_rst         u_qhost/qw_reg[3][12]/CE
2991  CDC-1   Critical  1-bit unknown CDC circuitry                     0  False Path  ck_rst         u_qhost/qw_reg[3][13]/CE
2992  CDC-1   Critical  1-bit unknown CDC circuitry                     0  False Path  ck_rst         u_qhost/qw_reg[3][14]/CE
2993  CDC-1   Critical  1-bit unknown CDC circuitry                     0  False Path  ck_rst         u_qhost/qw_reg[3][15]/CE
2994  CDC-1   Critical  1-bit unknown CDC circuitry                     0  False Path  ck_rst         u_qhost/qw_reg[3][16]/CE
2995  CDC-1   Critical  1-bit unknown CDC circuitry                     0  False Path  ck_rst         u_qhost/qw_reg[3][17]/CE
2996  CDC-1   Critical  1-bit unknown CDC circuitry                     0  False Path  ck_rst         u_qhost/qw_reg[3][18]/CE
2997  CDC-1   Critical  1-bit unknown CDC circuitry                     0  False Path  ck_rst         u_qhost/qw_reg[3][19]/CE
2998  CDC-1   Critical  1-bit unknown CDC circuitry                     0  False Path  ck_rst         u_qhost/qw_reg[3][20]/CE
2999  CDC-1   Critical  1-bit unknown CDC circuitry                     0  False Path  ck_rst         u_qhost/qw_reg[3][21]/CE
3000  CDC-1   Critical  1-bit unknown CDC circuitry                     0  False Path  ck_rst         u_qhost/qw_reg[3][22]/CE
3001  CDC-1   Critical  1-bit unknown CDC circuitry                     0  False Path  ck_rst         u_qhost/qw_reg[3][23]/CE
3002  CDC-1   Critical  1-bit unknown CDC circuitry                     0  False Path  ck_rst         u_qhost/qw_reg[3][24]/CE
3003  CDC-1   Critical  1-bit unknown CDC circuitry                     0  False Path  ck_rst         u_qhost/qw_reg[3][25]/CE
3004  CDC-1   Critical  1-bit unknown CDC circuitry                     0  False Path  ck_rst         u_qhost/qw_reg[3][26]/CE
3005  CDC-1   Critical  1-bit unknown CDC circuitry                     0  False Path  ck_rst         u_qhost/qw_reg[3][27]/CE
3006  CDC-1   Critical  1-bit unknown CDC circuitry                     0  False Path  ck_rst         u_qhost/qw_reg[3][28]/CE
3007  CDC-1   Critical  1-bit unknown CDC circuitry                     0  False Path  ck_rst         u_qhost/qw_reg[3][29]/CE
3008  CDC-1   Critical  1-bit unknown CDC circuitry                     0  False Path  ck_rst         u_qhost/qw_reg[3][30]/CE
3009  CDC-1   Critical  1-bit unknown CDC circuitry                     0  False Path  ck_rst         u_qhost/qw_reg[3][31]/CE
3010  CDC-1   Critical  1-bit unknown CDC circuitry                     0  False Path  ck_rst         u_qhost/qw_reg[4][0]/CE
3011  CDC-1   Critical  1-bit unknown CDC circuitry                     0  False Path  ck_rst         u_qhost/qw_reg[4][1]/CE
3012  CDC-1   Critical  1-bit unknown CDC circuitry                     0  False Path  ck_rst         u_qhost/qw_reg[4][2]/CE
3013  CDC-1   Critical  1-bit unknown CDC circuitry                     0  False Path  ck_rst         u_qhost/qw_reg[4][3]/CE
3014  CDC-1   Critical  1-bit unknown CDC circuitry                     0  False Path  ck_rst         u_qhost/qw_reg[4][4]/CE
3015  CDC-1   Critical  1-bit unknown CDC circuitry                     0  False Path  ck_rst         u_qhost/qw_reg[4][5]/CE
3016  CDC-1   Critical  1-bit unknown CDC circuitry                     0  False Path  ck_rst         u_qhost/qw_reg[4][6]/CE
3017  CDC-1   Critical  1-bit unknown CDC circuitry                     0  False Path  ck_rst         u_qhost/qw_reg[4][7]/CE
3018  CDC-1   Critical  1-bit unknown CDC circuitry                     0  False Path  ck_rst         u_qhost/qw_reg[4][8]/CE
3019  CDC-1   Critical  1-bit unknown CDC circuitry                     0  False Path  ck_rst         u_qhost/qw_reg[4][9]/CE
3020  CDC-1   Critical  1-bit unknown CDC circuitry                     0  False Path  ck_rst         u_qhost/qw_reg[4][10]/CE
3021  CDC-1   Critical  1-bit unknown CDC circuitry                     0  False Path  ck_rst         u_qhost/qw_reg[4][11]/CE
3022  CDC-1   Critical  1-bit unknown CDC circuitry                     0  False Path  ck_rst         u_qhost/qw_reg[4][12]/CE
3023  CDC-1   Critical  1-bit unknown CDC circuitry                     0  False Path  ck_rst         u_qhost/qw_reg[4][13]/CE
3024  CDC-1   Critical  1-bit unknown CDC circuitry                     0  False Path  ck_rst         u_qhost/qw_reg[4][14]/CE
3025  CDC-1   Critical  1-bit unknown CDC circuitry                     0  False Path  ck_rst         u_qhost/qw_reg[4][15]/CE
3026  CDC-1   Critical  1-bit unknown CDC circuitry                     0  False Path  ck_rst         u_qhost/qw_reg[4][16]/CE
3027  CDC-1   Critical  1-bit unknown CDC circuitry                     0  False Path  ck_rst         u_qhost/qw_reg[4][17]/CE
3028  CDC-1   Critical  1-bit unknown CDC circuitry                     0  False Path  ck_rst         u_qhost/qw_reg[4][18]/CE
3029  CDC-1   Critical  1-bit unknown CDC circuitry                     0  False Path  ck_rst         u_qhost/qw_reg[4][19]/CE
3030  CDC-1   Critical  1-bit unknown CDC circuitry                     0  False Path  ck_rst         u_qhost/qw_reg[4][20]/CE
3031  CDC-1   Critical  1-bit unknown CDC circuitry                     0  False Path  ck_rst         u_qhost/qw_reg[4][21]/CE
3032  CDC-1   Critical  1-bit unknown CDC circuitry                     0  False Path  ck_rst         u_qhost/qw_reg[4][22]/CE
3033  CDC-1   Critical  1-bit unknown CDC circuitry                     0  False Path  ck_rst         u_qhost/qw_reg[4][23]/CE
3034  CDC-1   Critical  1-bit unknown CDC circuitry                     0  False Path  ck_rst         u_qhost/qw_reg[4][24]/CE
3035  CDC-1   Critical  1-bit unknown CDC circuitry                     0  False Path  ck_rst         u_qhost/qw_reg[4][25]/CE
3036  CDC-1   Critical  1-bit unknown CDC circuitry                     0  False Path  ck_rst         u_qhost/qw_reg[4][26]/CE
3037  CDC-1   Critical  1-bit unknown CDC circuitry                     0  False Path  ck_rst         u_qhost/qw_reg[4][27]/CE
3038  CDC-1   Critical  1-bit unknown CDC circuitry                     0  False Path  ck_rst         u_qhost/qw_reg[4][28]/CE
3039  CDC-1   Critical  1-bit unknown CDC circuitry                     0  False Path  ck_rst         u_qhost/qw_reg[4][29]/CE
3040  CDC-1   Critical  1-bit unknown CDC circuitry                     0  False Path  ck_rst         u_qhost/qw_reg[4][30]/CE
3041  CDC-1   Critical  1-bit unknown CDC circuitry                     0  False Path  ck_rst         u_qhost/qw_reg[4][31]/CE
3042  CDC-1   Critical  1-bit unknown CDC circuitry                     0  False Path  ck_rst         u_qhost/qw_reg[5][0]/CE
3043  CDC-1   Critical  1-bit unknown CDC circuitry                     0  False Path  ck_rst         u_qhost/qw_reg[5][1]/CE
3044  CDC-1   Critical  1-bit unknown CDC circuitry                     0  False Path  ck_rst         u_qhost/qw_reg[5][2]/CE
3045  CDC-1   Critical  1-bit unknown CDC circuitry                     0  False Path  ck_rst         u_qhost/qw_reg[5][3]/CE
3046  CDC-1   Critical  1-bit unknown CDC circuitry                     0  False Path  ck_rst         u_qhost/qw_reg[5][4]/CE
3047  CDC-1   Critical  1-bit unknown CDC circuitry                     0  False Path  ck_rst         u_qhost/qw_reg[5][5]/CE
3048  CDC-1   Critical  1-bit unknown CDC circuitry                     0  False Path  ck_rst         u_qhost/qw_reg[5][6]/CE
3049  CDC-1   Critical  1-bit unknown CDC circuitry                     0  False Path  ck_rst         u_qhost/qw_reg[5][7]/CE
3050  CDC-1   Critical  1-bit unknown CDC circuitry                     0  False Path  ck_rst         u_qhost/qw_reg[5][8]/CE
3051  CDC-1   Critical  1-bit unknown CDC circuitry                     0  False Path  ck_rst         u_qhost/qw_reg[5][9]/CE
3052  CDC-1   Critical  1-bit unknown CDC circuitry                     0  False Path  ck_rst         u_qhost/qw_reg[5][10]/CE
3053  CDC-1   Critical  1-bit unknown CDC circuitry                     0  False Path  ck_rst         u_qhost/qw_reg[5][11]/CE
3054  CDC-1   Critical  1-bit unknown CDC circuitry                     0  False Path  ck_rst         u_qhost/qw_reg[5][12]/CE
3055  CDC-1   Critical  1-bit unknown CDC circuitry                     0  False Path  ck_rst         u_qhost/qw_reg[5][13]/CE
3056  CDC-1   Critical  1-bit unknown CDC circuitry                     0  False Path  ck_rst         u_qhost/qw_reg[5][14]/CE
3057  CDC-1   Critical  1-bit unknown CDC circuitry                     0  False Path  ck_rst         u_qhost/qw_reg[5][15]/CE
3058  CDC-1   Critical  1-bit unknown CDC circuitry                     0  False Path  ck_rst         u_qhost/qw_reg[5][16]/CE
3059  CDC-1   Critical  1-bit unknown CDC circuitry                     0  False Path  ck_rst         u_qhost/qw_reg[5][17]/CE
3060  CDC-1   Critical  1-bit unknown CDC circuitry                     0  False Path  ck_rst         u_qhost/qw_reg[5][18]/CE
3061  CDC-1   Critical  1-bit unknown CDC circuitry                     0  False Path  ck_rst         u_qhost/qw_reg[5][19]/CE
3062  CDC-1   Critical  1-bit unknown CDC circuitry                     0  False Path  ck_rst         u_qhost/qw_reg[5][20]/CE
3063  CDC-1   Critical  1-bit unknown CDC circuitry                     0  False Path  ck_rst         u_qhost/qw_reg[5][21]/CE
3064  CDC-1   Critical  1-bit unknown CDC circuitry                     0  False Path  ck_rst         u_qhost/qw_reg[5][22]/CE
3065  CDC-1   Critical  1-bit unknown CDC circuitry                     0  False Path  ck_rst         u_qhost/qw_reg[5][23]/CE
3066  CDC-1   Critical  1-bit unknown CDC circuitry                     0  False Path  ck_rst         u_qhost/qw_reg[5][24]/CE
3067  CDC-1   Critical  1-bit unknown CDC circuitry                     0  False Path  ck_rst         u_qhost/qw_reg[5][25]/CE
3068  CDC-1   Critical  1-bit unknown CDC circuitry                     0  False Path  ck_rst         u_qhost/qw_reg[5][26]/CE
3069  CDC-1   Critical  1-bit unknown CDC circuitry                     0  False Path  ck_rst         u_qhost/qw_reg[5][27]/CE
3070  CDC-1   Critical  1-bit unknown CDC circuitry                     0  False Path  ck_rst         u_qhost/qw_reg[5][28]/CE
3071  CDC-1   Critical  1-bit unknown CDC circuitry                     0  False Path  ck_rst         u_qhost/qw_reg[5][29]/CE
3072  CDC-1   Critical  1-bit unknown CDC circuitry                     0  False Path  ck_rst         u_qhost/qw_reg[5][30]/CE
3073  CDC-1   Critical  1-bit unknown CDC circuitry                     0  False Path  ck_rst         u_qhost/qw_reg[5][31]/CE
3074  CDC-1   Critical  1-bit unknown CDC circuitry                     0  False Path  ck_rst         u_qhost/qw_reg[6][0]/CE
3075  CDC-1   Critical  1-bit unknown CDC circuitry                     0  False Path  ck_rst         u_qhost/qw_reg[6][1]/CE
3076  CDC-1   Critical  1-bit unknown CDC circuitry                     0  False Path  ck_rst         u_qhost/qw_reg[6][2]/CE
3077  CDC-1   Critical  1-bit unknown CDC circuitry                     0  False Path  ck_rst         u_qhost/qw_reg[6][3]/CE
3078  CDC-1   Critical  1-bit unknown CDC circuitry                     0  False Path  ck_rst         u_qhost/qw_reg[6][4]/CE
3079  CDC-1   Critical  1-bit unknown CDC circuitry                     0  False Path  ck_rst         u_qhost/qw_reg[6][5]/CE
3080  CDC-1   Critical  1-bit unknown CDC circuitry                     0  False Path  ck_rst         u_qhost/qw_reg[6][6]/CE
3081  CDC-1   Critical  1-bit unknown CDC circuitry                     0  False Path  ck_rst         u_qhost/qw_reg[6][7]/CE
3082  CDC-1   Critical  1-bit unknown CDC circuitry                     0  False Path  ck_rst         u_qhost/qw_reg[6][8]/CE
3083  CDC-1   Critical  1-bit unknown CDC circuitry                     0  False Path  ck_rst         u_qhost/qw_reg[6][9]/CE
3084  CDC-1   Critical  1-bit unknown CDC circuitry                     0  False Path  ck_rst         u_qhost/qw_reg[6][10]/CE
3085  CDC-1   Critical  1-bit unknown CDC circuitry                     0  False Path  ck_rst         u_qhost/qw_reg[6][11]/CE
3086  CDC-1   Critical  1-bit unknown CDC circuitry                     0  False Path  ck_rst         u_qhost/qw_reg[6][12]/CE
3087  CDC-1   Critical  1-bit unknown CDC circuitry                     0  False Path  ck_rst         u_qhost/qw_reg[6][13]/CE
3088  CDC-1   Critical  1-bit unknown CDC circuitry                     0  False Path  ck_rst         u_qhost/qw_reg[6][14]/CE
3089  CDC-1   Critical  1-bit unknown CDC circuitry                     0  False Path  ck_rst         u_qhost/qw_reg[6][15]/CE
3090  CDC-1   Critical  1-bit unknown CDC circuitry                     0  False Path  ck_rst         u_qhost/qw_reg[6][16]/CE
3091  CDC-1   Critical  1-bit unknown CDC circuitry                     0  False Path  ck_rst         u_qhost/qw_reg[6][17]/CE
3092  CDC-1   Critical  1-bit unknown CDC circuitry                     0  False Path  ck_rst         u_qhost/qw_reg[6][18]/CE
3093  CDC-1   Critical  1-bit unknown CDC circuitry                     0  False Path  ck_rst         u_qhost/qw_reg[6][19]/CE
3094  CDC-1   Critical  1-bit unknown CDC circuitry                     0  False Path  ck_rst         u_qhost/qw_reg[6][20]/CE
3095  CDC-1   Critical  1-bit unknown CDC circuitry                     0  False Path  ck_rst         u_qhost/qw_reg[6][21]/CE
3096  CDC-1   Critical  1-bit unknown CDC circuitry                     0  False Path  ck_rst         u_qhost/qw_reg[6][22]/CE
3097  CDC-1   Critical  1-bit unknown CDC circuitry                     0  False Path  ck_rst         u_qhost/qw_reg[6][23]/CE
3098  CDC-1   Critical  1-bit unknown CDC circuitry                     0  False Path  ck_rst         u_qhost/qw_reg[6][24]/CE
3099  CDC-1   Critical  1-bit unknown CDC circuitry                     0  False Path  ck_rst         u_qhost/qw_reg[6][25]/CE
3100  CDC-1   Critical  1-bit unknown CDC circuitry                     0  False Path  ck_rst         u_qhost/qw_reg[6][26]/CE
3101  CDC-1   Critical  1-bit unknown CDC circuitry                     0  False Path  ck_rst         u_qhost/qw_reg[6][27]/CE
3102  CDC-1   Critical  1-bit unknown CDC circuitry                     0  False Path  ck_rst         u_qhost/qw_reg[6][28]/CE
3103  CDC-1   Critical  1-bit unknown CDC circuitry                     0  False Path  ck_rst         u_qhost/qw_reg[6][29]/CE
3104  CDC-1   Critical  1-bit unknown CDC circuitry                     0  False Path  ck_rst         u_qhost/qw_reg[6][30]/CE
3105  CDC-1   Critical  1-bit unknown CDC circuitry                     0  False Path  ck_rst         u_qhost/qw_reg[6][31]/CE
3106  CDC-1   Critical  1-bit unknown CDC circuitry                     0  False Path  ck_rst         u_qhost/qw_reg[7][0]/CE
3107  CDC-1   Critical  1-bit unknown CDC circuitry                     0  False Path  ck_rst         u_qhost/qw_reg[7][1]/CE
3108  CDC-1   Critical  1-bit unknown CDC circuitry                     0  False Path  ck_rst         u_qhost/qw_reg[7][2]/CE
3109  CDC-1   Critical  1-bit unknown CDC circuitry                     0  False Path  ck_rst         u_qhost/qw_reg[7][3]/CE
3110  CDC-1   Critical  1-bit unknown CDC circuitry                     0  False Path  ck_rst         u_qhost/qw_reg[7][4]/CE
3111  CDC-1   Critical  1-bit unknown CDC circuitry                     0  False Path  ck_rst         u_qhost/qw_reg[7][5]/CE
3112  CDC-1   Critical  1-bit unknown CDC circuitry                     0  False Path  ck_rst         u_qhost/qw_reg[7][6]/CE
3113  CDC-1   Critical  1-bit unknown CDC circuitry                     0  False Path  ck_rst         u_qhost/qw_reg[7][7]/CE
3114  CDC-1   Critical  1-bit unknown CDC circuitry                     0  False Path  ck_rst         u_qhost/qw_reg[7][8]/CE
3115  CDC-1   Critical  1-bit unknown CDC circuitry                     0  False Path  ck_rst         u_qhost/qw_reg[7][9]/CE
3116  CDC-1   Critical  1-bit unknown CDC circuitry                     0  False Path  ck_rst         u_qhost/qw_reg[7][10]/CE
3117  CDC-1   Critical  1-bit unknown CDC circuitry                     0  False Path  ck_rst         u_qhost/qw_reg[7][11]/CE
3118  CDC-1   Critical  1-bit unknown CDC circuitry                     0  False Path  ck_rst         u_qhost/qw_reg[7][12]/CE
3119  CDC-1   Critical  1-bit unknown CDC circuitry                     0  False Path  ck_rst         u_qhost/qw_reg[7][13]/CE
3120  CDC-1   Critical  1-bit unknown CDC circuitry                     0  False Path  ck_rst         u_qhost/qw_reg[7][14]/CE
3121  CDC-1   Critical  1-bit unknown CDC circuitry                     0  False Path  ck_rst         u_qhost/qw_reg[7][15]/CE
3122  CDC-1   Critical  1-bit unknown CDC circuitry                     0  False Path  ck_rst         u_qhost/qw_reg[7][16]/CE
3123  CDC-1   Critical  1-bit unknown CDC circuitry                     0  False Path  ck_rst         u_qhost/qw_reg[7][17]/CE
3124  CDC-1   Critical  1-bit unknown CDC circuitry                     0  False Path  ck_rst         u_qhost/qw_reg[7][18]/CE
3125  CDC-1   Critical  1-bit unknown CDC circuitry                     0  False Path  ck_rst         u_qhost/qw_reg[7][19]/CE
3126  CDC-1   Critical  1-bit unknown CDC circuitry                     0  False Path  ck_rst         u_qhost/qw_reg[7][20]/CE
3127  CDC-1   Critical  1-bit unknown CDC circuitry                     0  False Path  ck_rst         u_qhost/qw_reg[7][21]/CE
3128  CDC-1   Critical  1-bit unknown CDC circuitry                     0  False Path  ck_rst         u_qhost/qw_reg[7][22]/CE
3129  CDC-1   Critical  1-bit unknown CDC circuitry                     0  False Path  ck_rst         u_qhost/qw_reg[7][23]/CE
3130  CDC-1   Critical  1-bit unknown CDC circuitry                     0  False Path  ck_rst         u_qhost/qw_reg[7][24]/CE
3131  CDC-1   Critical  1-bit unknown CDC circuitry                     0  False Path  ck_rst         u_qhost/qw_reg[7][25]/CE
3132  CDC-1   Critical  1-bit unknown CDC circuitry                     0  False Path  ck_rst         u_qhost/qw_reg[7][26]/CE
3133  CDC-1   Critical  1-bit unknown CDC circuitry                     0  False Path  ck_rst         u_qhost/qw_reg[7][27]/CE
3134  CDC-1   Critical  1-bit unknown CDC circuitry                     0  False Path  ck_rst         u_qhost/qw_reg[7][28]/CE
3135  CDC-1   Critical  1-bit unknown CDC circuitry                     0  False Path  ck_rst         u_qhost/qw_reg[7][29]/CE
3136  CDC-1   Critical  1-bit unknown CDC circuitry                     0  False Path  ck_rst         u_qhost/qw_reg[7][30]/CE
3137  CDC-1   Critical  1-bit unknown CDC circuitry                     0  False Path  ck_rst         u_qhost/qw_reg[7][31]/CE
3138  CDC-1   Critical  1-bit unknown CDC circuitry                     0  False Path  ck_rst         u_qhost/wix_reg[0]/D
3139  CDC-1   Critical  1-bit unknown CDC circuitry                     0  False Path  ck_rst         u_qhost/wix_reg[1]/D
3140  CDC-1   Critical  1-bit unknown CDC circuitry                     0  False Path  ck_rst         u_qhost/wix_reg[2]/D
3141  CDC-13  Critical  1-bit CDC path on a non-FD primitive            0  False Path  ck_rst         u_rfifo/mem_reg_0_63_0_2/RAMA/WE
3142  CDC-13  Critical  1-bit CDC path on a non-FD primitive            0  False Path  ck_rst         u_rfifo/mem_reg_0_63_0_2/RAMB/WE
3143  CDC-13  Critical  1-bit CDC path on a non-FD primitive            0  False Path  ck_rst         u_rfifo/mem_reg_0_63_0_2/RAMC/WE
3144  CDC-13  Critical  1-bit CDC path on a non-FD primitive            0  False Path  ck_rst         u_rfifo/mem_reg_0_63_0_2/RAMD/WE
3145  CDC-13  Critical  1-bit CDC path on a non-FD primitive            0  False Path  ck_rst         u_rfifo/mem_reg_0_63_12_14/RAMA/WE
3146  CDC-13  Critical  1-bit CDC path on a non-FD primitive            0  False Path  ck_rst         u_rfifo/mem_reg_0_63_12_14/RAMB/WE
3147  CDC-13  Critical  1-bit CDC path on a non-FD primitive            0  False Path  ck_rst         u_rfifo/mem_reg_0_63_12_14/RAMC/WE
3148  CDC-13  Critical  1-bit CDC path on a non-FD primitive            0  False Path  ck_rst         u_rfifo/mem_reg_0_63_12_14/RAMD/WE
3149  CDC-13  Critical  1-bit CDC path on a non-FD primitive            0  False Path  ck_rst         u_rfifo/mem_reg_0_63_15_17/RAMA/WE
3150  CDC-13  Critical  1-bit CDC path on a non-FD primitive            0  False Path  ck_rst         u_rfifo/mem_reg_0_63_15_17/RAMB/WE
3151  CDC-13  Critical  1-bit CDC path on a non-FD primitive            0  False Path  ck_rst         u_rfifo/mem_reg_0_63_15_17/RAMC/WE
3152  CDC-13  Critical  1-bit CDC path on a non-FD primitive            0  False Path  ck_rst         u_rfifo/mem_reg_0_63_15_17/RAMD/WE
3153  CDC-13  Critical  1-bit CDC path on a non-FD primitive            0  False Path  ck_rst         u_rfifo/mem_reg_0_63_18_20/RAMA/WE
3154  CDC-13  Critical  1-bit CDC path on a non-FD primitive            0  False Path  ck_rst         u_rfifo/mem_reg_0_63_18_20/RAMB/WE
3155  CDC-13  Critical  1-bit CDC path on a non-FD primitive            0  False Path  ck_rst         u_rfifo/mem_reg_0_63_18_20/RAMC/WE
3156  CDC-13  Critical  1-bit CDC path on a non-FD primitive            0  False Path  ck_rst         u_rfifo/mem_reg_0_63_18_20/RAMD/WE
3157  CDC-13  Critical  1-bit CDC path on a non-FD primitive            0  False Path  ck_rst         u_rfifo/mem_reg_0_63_21_23/RAMA/WE
3158  CDC-13  Critical  1-bit CDC path on a non-FD primitive            0  False Path  ck_rst         u_rfifo/mem_reg_0_63_21_23/RAMB/WE
3159  CDC-13  Critical  1-bit CDC path on a non-FD primitive            0  False Path  ck_rst         u_rfifo/mem_reg_0_63_21_23/RAMC/WE
3160  CDC-13  Critical  1-bit CDC path on a non-FD primitive            0  False Path  ck_rst         u_rfifo/mem_reg_0_63_21_23/RAMD/WE
3161  CDC-13  Critical  1-bit CDC path on a non-FD primitive            0  False Path  ck_rst         u_rfifo/mem_reg_0_63_24_26/RAMA/WE
3162  CDC-13  Critical  1-bit CDC path on a non-FD primitive            0  False Path  ck_rst         u_rfifo/mem_reg_0_63_24_26/RAMB/WE
3163  CDC-13  Critical  1-bit CDC path on a non-FD primitive            0  False Path  ck_rst         u_rfifo/mem_reg_0_63_24_26/RAMC/WE
3164  CDC-13  Critical  1-bit CDC path on a non-FD primitive            0  False Path  ck_rst         u_rfifo/mem_reg_0_63_24_26/RAMD/WE
3165  CDC-13  Critical  1-bit CDC path on a non-FD primitive            0  False Path  ck_rst         u_rfifo/mem_reg_0_63_27_29/RAMA/WE
3166  CDC-13  Critical  1-bit CDC path on a non-FD primitive            0  False Path  ck_rst         u_rfifo/mem_reg_0_63_27_29/RAMB/WE
3167  CDC-13  Critical  1-bit CDC path on a non-FD primitive            0  False Path  ck_rst         u_rfifo/mem_reg_0_63_27_29/RAMC/WE
3168  CDC-13  Critical  1-bit CDC path on a non-FD primitive            0  False Path  ck_rst         u_rfifo/mem_reg_0_63_27_29/RAMD/WE
3169  CDC-13  Critical  1-bit CDC path on a non-FD primitive            0  False Path  ck_rst         u_rfifo/mem_reg_0_63_30_31/RAMA/WE
3170  CDC-13  Critical  1-bit CDC path on a non-FD primitive            0  False Path  ck_rst         u_rfifo/mem_reg_0_63_30_31/RAMB/WE
3171  CDC-13  Critical  1-bit CDC path on a non-FD primitive            0  False Path  ck_rst         u_rfifo/mem_reg_0_63_30_31/RAMC/WE
3172  CDC-13  Critical  1-bit CDC path on a non-FD primitive            0  False Path  ck_rst         u_rfifo/mem_reg_0_63_30_31/RAMD/WE
3173  CDC-13  Critical  1-bit CDC path on a non-FD primitive            0  False Path  ck_rst         u_rfifo/mem_reg_0_63_3_5/RAMA/WE
3174  CDC-13  Critical  1-bit CDC path on a non-FD primitive            0  False Path  ck_rst         u_rfifo/mem_reg_0_63_3_5/RAMB/WE
3175  CDC-13  Critical  1-bit CDC path on a non-FD primitive            0  False Path  ck_rst         u_rfifo/mem_reg_0_63_3_5/RAMC/WE
3176  CDC-13  Critical  1-bit CDC path on a non-FD primitive            0  False Path  ck_rst         u_rfifo/mem_reg_0_63_3_5/RAMD/WE
3177  CDC-13  Critical  1-bit CDC path on a non-FD primitive            0  False Path  ck_rst         u_rfifo/mem_reg_0_63_6_8/RAMA/WE
3178  CDC-13  Critical  1-bit CDC path on a non-FD primitive            0  False Path  ck_rst         u_rfifo/mem_reg_0_63_6_8/RAMB/WE
3179  CDC-13  Critical  1-bit CDC path on a non-FD primitive            0  False Path  ck_rst         u_rfifo/mem_reg_0_63_6_8/RAMC/WE
3180  CDC-13  Critical  1-bit CDC path on a non-FD primitive            0  False Path  ck_rst         u_rfifo/mem_reg_0_63_6_8/RAMD/WE
3181  CDC-13  Critical  1-bit CDC path on a non-FD primitive            0  False Path  ck_rst         u_rfifo/mem_reg_0_63_9_11/RAMA/WE
3182  CDC-13  Critical  1-bit CDC path on a non-FD primitive            0  False Path  ck_rst         u_rfifo/mem_reg_0_63_9_11/RAMB/WE
3183  CDC-13  Critical  1-bit CDC path on a non-FD primitive            0  False Path  ck_rst         u_rfifo/mem_reg_0_63_9_11/RAMC/WE
3184  CDC-13  Critical  1-bit CDC path on a non-FD primitive            0  False Path  ck_rst         u_rfifo/mem_reg_0_63_9_11/RAMD/WE
3185  CDC-13  Critical  1-bit CDC path on a non-FD primitive            0  False Path  ck_rst         u_rfifo/mem_reg_64_127_0_2/RAMA/WE
3186  CDC-13  Critical  1-bit CDC path on a non-FD primitive            0  False Path  ck_rst         u_rfifo/mem_reg_64_127_0_2/RAMB/WE
3187  CDC-13  Critical  1-bit CDC path on a non-FD primitive            0  False Path  ck_rst         u_rfifo/mem_reg_64_127_0_2/RAMC/WE
3188  CDC-13  Critical  1-bit CDC path on a non-FD primitive            0  False Path  ck_rst         u_rfifo/mem_reg_64_127_0_2/RAMD/WE
3189  CDC-13  Critical  1-bit CDC path on a non-FD primitive            0  False Path  ck_rst         u_rfifo/mem_reg_64_127_12_14/RAMA/WE
3190  CDC-13  Critical  1-bit CDC path on a non-FD primitive            0  False Path  ck_rst         u_rfifo/mem_reg_64_127_12_14/RAMB/WE
3191  CDC-13  Critical  1-bit CDC path on a non-FD primitive            0  False Path  ck_rst         u_rfifo/mem_reg_64_127_12_14/RAMC/WE
3192  CDC-13  Critical  1-bit CDC path on a non-FD primitive            0  False Path  ck_rst         u_rfifo/mem_reg_64_127_12_14/RAMD/WE
3193  CDC-13  Critical  1-bit CDC path on a non-FD primitive            0  False Path  ck_rst         u_rfifo/mem_reg_64_127_15_17/RAMA/WE
3194  CDC-13  Critical  1-bit CDC path on a non-FD primitive            0  False Path  ck_rst         u_rfifo/mem_reg_64_127_15_17/RAMB/WE
3195  CDC-13  Critical  1-bit CDC path on a non-FD primitive            0  False Path  ck_rst         u_rfifo/mem_reg_64_127_15_17/RAMC/WE
3196  CDC-13  Critical  1-bit CDC path on a non-FD primitive            0  False Path  ck_rst         u_rfifo/mem_reg_64_127_15_17/RAMD/WE
3197  CDC-13  Critical  1-bit CDC path on a non-FD primitive            0  False Path  ck_rst         u_rfifo/mem_reg_64_127_18_20/RAMA/WE
3198  CDC-13  Critical  1-bit CDC path on a non-FD primitive            0  False Path  ck_rst         u_rfifo/mem_reg_64_127_18_20/RAMB/WE
3199  CDC-13  Critical  1-bit CDC path on a non-FD primitive            0  False Path  ck_rst         u_rfifo/mem_reg_64_127_18_20/RAMC/WE
3200  CDC-13  Critical  1-bit CDC path on a non-FD primitive            0  False Path  ck_rst         u_rfifo/mem_reg_64_127_18_20/RAMD/WE
3201  CDC-13  Critical  1-bit CDC path on a non-FD primitive            0  False Path  ck_rst         u_rfifo/mem_reg_64_127_21_23/RAMA/WE
3202  CDC-13  Critical  1-bit CDC path on a non-FD primitive            0  False Path  ck_rst         u_rfifo/mem_reg_64_127_21_23/RAMB/WE
3203  CDC-13  Critical  1-bit CDC path on a non-FD primitive            0  False Path  ck_rst         u_rfifo/mem_reg_64_127_21_23/RAMC/WE
3204  CDC-13  Critical  1-bit CDC path on a non-FD primitive            0  False Path  ck_rst         u_rfifo/mem_reg_64_127_21_23/RAMD/WE
3205  CDC-13  Critical  1-bit CDC path on a non-FD primitive            0  False Path  ck_rst         u_rfifo/mem_reg_64_127_24_26/RAMA/WE
3206  CDC-13  Critical  1-bit CDC path on a non-FD primitive            0  False Path  ck_rst         u_rfifo/mem_reg_64_127_24_26/RAMB/WE
3207  CDC-13  Critical  1-bit CDC path on a non-FD primitive            0  False Path  ck_rst         u_rfifo/mem_reg_64_127_24_26/RAMC/WE
3208  CDC-13  Critical  1-bit CDC path on a non-FD primitive            0  False Path  ck_rst         u_rfifo/mem_reg_64_127_24_26/RAMD/WE
3209  CDC-13  Critical  1-bit CDC path on a non-FD primitive            0  False Path  ck_rst         u_rfifo/mem_reg_64_127_27_29/RAMA/WE
3210  CDC-13  Critical  1-bit CDC path on a non-FD primitive            0  False Path  ck_rst         u_rfifo/mem_reg_64_127_27_29/RAMB/WE
3211  CDC-13  Critical  1-bit CDC path on a non-FD primitive            0  False Path  ck_rst         u_rfifo/mem_reg_64_127_27_29/RAMC/WE
3212  CDC-13  Critical  1-bit CDC path on a non-FD primitive            0  False Path  ck_rst         u_rfifo/mem_reg_64_127_27_29/RAMD/WE
3213  CDC-13  Critical  1-bit CDC path on a non-FD primitive            0  False Path  ck_rst         u_rfifo/mem_reg_64_127_30_31/RAMA/WE
3214  CDC-13  Critical  1-bit CDC path on a non-FD primitive            0  False Path  ck_rst         u_rfifo/mem_reg_64_127_30_31/RAMB/WE
3215  CDC-13  Critical  1-bit CDC path on a non-FD primitive            0  False Path  ck_rst         u_rfifo/mem_reg_64_127_30_31/RAMC/WE
3216  CDC-13  Critical  1-bit CDC path on a non-FD primitive            0  False Path  ck_rst         u_rfifo/mem_reg_64_127_30_31/RAMD/WE
3217  CDC-13  Critical  1-bit CDC path on a non-FD primitive            0  False Path  ck_rst         u_rfifo/mem_reg_64_127_3_5/RAMA/WE
3218  CDC-13  Critical  1-bit CDC path on a non-FD primitive            0  False Path  ck_rst         u_rfifo/mem_reg_64_127_3_5/RAMB/WE
3219  CDC-13  Critical  1-bit CDC path on a non-FD primitive            0  False Path  ck_rst         u_rfifo/mem_reg_64_127_3_5/RAMC/WE
3220  CDC-13  Critical  1-bit CDC path on a non-FD primitive            0  False Path  ck_rst         u_rfifo/mem_reg_64_127_3_5/RAMD/WE
3221  CDC-13  Critical  1-bit CDC path on a non-FD primitive            0  False Path  ck_rst         u_rfifo/mem_reg_64_127_6_8/RAMA/WE
3222  CDC-13  Critical  1-bit CDC path on a non-FD primitive            0  False Path  ck_rst         u_rfifo/mem_reg_64_127_6_8/RAMB/WE
3223  CDC-13  Critical  1-bit CDC path on a non-FD primitive            0  False Path  ck_rst         u_rfifo/mem_reg_64_127_6_8/RAMC/WE
3224  CDC-13  Critical  1-bit CDC path on a non-FD primitive            0  False Path  ck_rst         u_rfifo/mem_reg_64_127_6_8/RAMD/WE
3225  CDC-13  Critical  1-bit CDC path on a non-FD primitive            0  False Path  ck_rst         u_rfifo/mem_reg_64_127_9_11/RAMA/WE
3226  CDC-13  Critical  1-bit CDC path on a non-FD primitive            0  False Path  ck_rst         u_rfifo/mem_reg_64_127_9_11/RAMB/WE
3227  CDC-13  Critical  1-bit CDC path on a non-FD primitive            0  False Path  ck_rst         u_rfifo/mem_reg_64_127_9_11/RAMC/WE
3228  CDC-13  Critical  1-bit CDC path on a non-FD primitive            0  False Path  ck_rst         u_rfifo/mem_reg_64_127_9_11/RAMD/WE
3229  CDC-1   Critical  1-bit unknown CDC circuitry                     0  False Path  ck_rst         u_rfifo/radr_reg[0]/CE
3230  CDC-7   Critical  Asynchronous reset unknown CDC circuitry        0  False Path  ck_rst         u_rfifo/radr_reg[0]/CLR
3231  CDC-1   Critical  1-bit unknown CDC circuitry                     0  False Path  ck_rst         u_rfifo/radr_reg[1]/CE
3232  CDC-7   Critical  Asynchronous reset unknown CDC circuitry        0  False Path  ck_rst         u_rfifo/radr_reg[1]/CLR
3233  CDC-1   Critical  1-bit unknown CDC circuitry                     0  False Path  ck_rst         u_rfifo/radr_reg[2]/CE
3234  CDC-7   Critical  Asynchronous reset unknown CDC circuitry        0  False Path  ck_rst         u_rfifo/radr_reg[2]/CLR
3235  CDC-1   Critical  1-bit unknown CDC circuitry                     0  False Path  ck_rst         u_rfifo/radr_reg[3]/CE
3236  CDC-7   Critical  Asynchronous reset unknown CDC circuitry        0  False Path  ck_rst         u_rfifo/radr_reg[3]/CLR
3237  CDC-1   Critical  1-bit unknown CDC circuitry                     0  False Path  ck_rst         u_rfifo/radr_reg[4]/CE
3238  CDC-7   Critical  Asynchronous reset unknown CDC circuitry        0  False Path  ck_rst         u_rfifo/radr_reg[4]/CLR
3239  CDC-1   Critical  1-bit unknown CDC circuitry                     0  False Path  ck_rst         u_rfifo/radr_reg[5]/CE
3240  CDC-7   Critical  Asynchronous reset unknown CDC circuitry        0  False Path  ck_rst         u_rfifo/radr_reg[5]/CLR
3241  CDC-1   Critical  1-bit unknown CDC circuitry                     0  False Path  ck_rst         u_rfifo/radr_reg[6]/CE
3242  CDC-7   Critical  Asynchronous reset unknown CDC circuitry        0  False Path  ck_rst         u_rfifo/radr_reg[6]/CLR
3243  CDC-1   Critical  1-bit unknown CDC circuitry                     0  False Path  ck_rst         u_rfifo/used_reg[0]/CE
3244  CDC-7   Critical  Asynchronous reset unknown CDC circuitry        0  False Path  ck_rst         u_rfifo/used_reg[0]/CLR
3245  CDC-1   Critical  1-bit unknown CDC circuitry                     0  False Path  ck_rst         u_rfifo/used_reg[1]/CE
3246  CDC-7   Critical  Asynchronous reset unknown CDC circuitry        0  False Path  ck_rst         u_rfifo/used_reg[1]/CLR
3247  CDC-1   Critical  1-bit unknown CDC circuitry                     0  False Path  ck_rst         u_rfifo/used_reg[1]/D
3248  CDC-1   Critical  1-bit unknown CDC circuitry                     0  False Path  ck_rst         u_rfifo/used_reg[2]/CE
3249  CDC-7   Critical  Asynchronous reset unknown CDC circuitry        0  False Path  ck_rst         u_rfifo/used_reg[2]/CLR
3250  CDC-1   Critical  1-bit unknown CDC circuitry                     0  False Path  ck_rst         u_rfifo/used_reg[2]/D
3251  CDC-1   Critical  1-bit unknown CDC circuitry                     0  False Path  ck_rst         u_rfifo/used_reg[3]/CE
3252  CDC-7   Critical  Asynchronous reset unknown CDC circuitry        0  False Path  ck_rst         u_rfifo/used_reg[3]/CLR
3253  CDC-1   Critical  1-bit unknown CDC circuitry                     0  False Path  ck_rst         u_rfifo/used_reg[3]/D
3254  CDC-1   Critical  1-bit unknown CDC circuitry                     0  False Path  ck_rst         u_rfifo/used_reg[4]/CE
3255  CDC-7   Critical  Asynchronous reset unknown CDC circuitry        0  False Path  ck_rst         u_rfifo/used_reg[4]/CLR
3256  CDC-1   Critical  1-bit unknown CDC circuitry                     0  False Path  ck_rst         u_rfifo/used_reg[4]/D
3257  CDC-1   Critical  1-bit unknown CDC circuitry                     0  False Path  ck_rst         u_rfifo/used_reg[5]/CE
3258  CDC-7   Critical  Asynchronous reset unknown CDC circuitry        0  False Path  ck_rst         u_rfifo/used_reg[5]/CLR
3259  CDC-1   Critical  1-bit unknown CDC circuitry                     0  False Path  ck_rst         u_rfifo/used_reg[5]/D
3260  CDC-1   Critical  1-bit unknown CDC circuitry                     0  False Path  ck_rst         u_rfifo/used_reg[6]/CE
3261  CDC-7   Critical  Asynchronous reset unknown CDC circuitry        0  False Path  ck_rst         u_rfifo/used_reg[6]/CLR
3262  CDC-1   Critical  1-bit unknown CDC circuitry                     0  False Path  ck_rst         u_rfifo/used_reg[6]/D
3263  CDC-1   Critical  1-bit unknown CDC circuitry                     0  False Path  ck_rst         u_rfifo/used_reg[7]/CE
3264  CDC-7   Critical  Asynchronous reset unknown CDC circuitry        0  False Path  ck_rst         u_rfifo/used_reg[7]/CLR
3265  CDC-1   Critical  1-bit unknown CDC circuitry                     0  False Path  ck_rst         u_rfifo/used_reg[7]/D
3266  CDC-1   Critical  1-bit unknown CDC circuitry                     0  False Path  ck_rst         u_rfifo/wadr_reg[0]/CE
3267  CDC-7   Critical  Asynchronous reset unknown CDC circuitry        0  False Path  ck_rst         u_rfifo/wadr_reg[0]/CLR
3268  CDC-1   Critical  1-bit unknown CDC circuitry                     0  False Path  ck_rst         u_rfifo/wadr_reg[1]/CE
3269  CDC-7   Critical  Asynchronous reset unknown CDC circuitry        0  False Path  ck_rst         u_rfifo/wadr_reg[1]/CLR
3270  CDC-1   Critical  1-bit unknown CDC circuitry                     0  False Path  ck_rst         u_rfifo/wadr_reg[2]/CE
3271  CDC-7   Critical  Asynchronous reset unknown CDC circuitry        0  False Path  ck_rst         u_rfifo/wadr_reg[2]/CLR
3272  CDC-1   Critical  1-bit unknown CDC circuitry                     0  False Path  ck_rst         u_rfifo/wadr_reg[3]/CE
3273  CDC-7   Critical  Asynchronous reset unknown CDC circuitry        0  False Path  ck_rst         u_rfifo/wadr_reg[3]/CLR
3274  CDC-1   Critical  1-bit unknown CDC circuitry                     0  False Path  ck_rst         u_rfifo/wadr_reg[4]/CE
3275  CDC-7   Critical  Asynchronous reset unknown CDC circuitry        0  False Path  ck_rst         u_rfifo/wadr_reg[4]/CLR
3276  CDC-1   Critical  1-bit unknown CDC circuitry                     0  False Path  ck_rst         u_rfifo/wadr_reg[5]/CE
3277  CDC-7   Critical  Asynchronous reset unknown CDC circuitry        0  False Path  ck_rst         u_rfifo/wadr_reg[5]/CLR
3278  CDC-1   Critical  1-bit unknown CDC circuitry                     0  False Path  ck_rst         u_rfifo/wadr_reg[6]/CE
3279  CDC-7   Critical  Asynchronous reset unknown CDC circuitry        0  False Path  ck_rst         u_rfifo/wadr_reg[6]/CLR
3280  CDC-7   Critical  Asynchronous reset unknown CDC circuitry        0  False Path  ck_rst         u_rx/FSM_sequential_st_reg[0]/CLR
3281  CDC-7   Critical  Asynchronous reset unknown CDC circuitry        0  False Path  ck_rst         u_rx/FSM_sequential_st_reg[1]/CLR
3282  CDC-1   Critical  1-bit unknown CDC circuitry                     0  False Path  ck_rst         u_rx/acc_reg[8]/CE
3283  CDC-7   Critical  Asynchronous reset unknown CDC circuitry        0  False Path  ck_rst         u_rx/acc_reg[8]/CLR
3284  CDC-1   Critical  1-bit unknown CDC circuitry                     0  False Path  ck_rst         u_rx/acc_reg[9]/CE
3285  CDC-7   Critical  Asynchronous reset unknown CDC circuitry        0  False Path  ck_rst         u_rx/acc_reg[9]/CLR
3286  CDC-1   Critical  1-bit unknown CDC circuitry                     0  False Path  ck_rst         u_rx/acc_reg[10]/CE
3287  CDC-7   Critical  Asynchronous reset unknown CDC circuitry        0  False Path  ck_rst         u_rx/acc_reg[10]/CLR
3288  CDC-1   Critical  1-bit unknown CDC circuitry                     0  False Path  ck_rst         u_rx/acc_reg[11]/CE
3289  CDC-7   Critical  Asynchronous reset unknown CDC circuitry        0  False Path  ck_rst         u_rx/acc_reg[11]/CLR
3290  CDC-1   Critical  1-bit unknown CDC circuitry                     0  False Path  ck_rst         u_rx/acc_reg[12]/CE
3291  CDC-7   Critical  Asynchronous reset unknown CDC circuitry        0  False Path  ck_rst         u_rx/acc_reg[12]/CLR
3292  CDC-1   Critical  1-bit unknown CDC circuitry                     0  False Path  ck_rst         u_rx/acc_reg[13]/CE
3293  CDC-7   Critical  Asynchronous reset unknown CDC circuitry        0  False Path  ck_rst         u_rx/acc_reg[13]/CLR
3294  CDC-1   Critical  1-bit unknown CDC circuitry                     0  False Path  ck_rst         u_rx/acc_reg[14]/CE
3295  CDC-7   Critical  Asynchronous reset unknown CDC circuitry        0  False Path  ck_rst         u_rx/acc_reg[14]/CLR
3296  CDC-1   Critical  1-bit unknown CDC circuitry                     0  False Path  ck_rst         u_rx/acc_reg[15]/CE
3297  CDC-7   Critical  Asynchronous reset unknown CDC circuitry        0  False Path  ck_rst         u_rx/acc_reg[15]/CLR
3298  CDC-1   Critical  1-bit unknown CDC circuitry                     0  False Path  ck_rst         u_rx/acc_reg[16]/CE
3299  CDC-7   Critical  Asynchronous reset unknown CDC circuitry        0  False Path  ck_rst         u_rx/acc_reg[16]/CLR
3300  CDC-1   Critical  1-bit unknown CDC circuitry                     0  False Path  ck_rst         u_rx/acc_reg[17]/CE
3301  CDC-7   Critical  Asynchronous reset unknown CDC circuitry        0  False Path  ck_rst         u_rx/acc_reg[17]/CLR
3302  CDC-1   Critical  1-bit unknown CDC circuitry                     0  False Path  ck_rst         u_rx/acc_reg[18]/CE
3303  CDC-7   Critical  Asynchronous reset unknown CDC circuitry        0  False Path  ck_rst         u_rx/acc_reg[18]/CLR
3304  CDC-1   Critical  1-bit unknown CDC circuitry                     0  False Path  ck_rst         u_rx/acc_reg[19]/CE
3305  CDC-7   Critical  Asynchronous reset unknown CDC circuitry        0  False Path  ck_rst         u_rx/acc_reg[19]/CLR
3306  CDC-1   Critical  1-bit unknown CDC circuitry                     0  False Path  ck_rst         u_rx/acc_reg[20]/CE
3307  CDC-7   Critical  Asynchronous reset unknown CDC circuitry        0  False Path  ck_rst         u_rx/acc_reg[20]/CLR
3308  CDC-1   Critical  1-bit unknown CDC circuitry                     0  False Path  ck_rst         u_rx/acc_reg[21]/CE
3309  CDC-7   Critical  Asynchronous reset unknown CDC circuitry        0  False Path  ck_rst         u_rx/acc_reg[21]/CLR
3310  CDC-1   Critical  1-bit unknown CDC circuitry                     0  False Path  ck_rst         u_rx/acc_reg[22]/CE
3311  CDC-7   Critical  Asynchronous reset unknown CDC circuitry        0  False Path  ck_rst         u_rx/acc_reg[22]/CLR
3312  CDC-1   Critical  1-bit unknown CDC circuitry                     0  False Path  ck_rst         u_rx/acc_reg[23]/CE
3313  CDC-7   Critical  Asynchronous reset unknown CDC circuitry        0  False Path  ck_rst         u_rx/acc_reg[23]/CLR
3314  CDC-1   Critical  1-bit unknown CDC circuitry                     0  False Path  ck_rst         u_rx/acc_reg[24]/CE
3315  CDC-7   Critical  Asynchronous reset unknown CDC circuitry        0  False Path  ck_rst         u_rx/acc_reg[24]/CLR
3316  CDC-1   Critical  1-bit unknown CDC circuitry                     0  False Path  ck_rst         u_rx/acc_reg[25]/CE
3317  CDC-7   Critical  Asynchronous reset unknown CDC circuitry        0  False Path  ck_rst         u_rx/acc_reg[25]/CLR
3318  CDC-1   Critical  1-bit unknown CDC circuitry                     0  False Path  ck_rst         u_rx/acc_reg[26]/CE
3319  CDC-7   Critical  Asynchronous reset unknown CDC circuitry        0  False Path  ck_rst         u_rx/acc_reg[26]/CLR
3320  CDC-1   Critical  1-bit unknown CDC circuitry                     0  False Path  ck_rst         u_rx/acc_reg[27]/CE
3321  CDC-7   Critical  Asynchronous reset unknown CDC circuitry        0  False Path  ck_rst         u_rx/acc_reg[27]/CLR
3322  CDC-1   Critical  1-bit unknown CDC circuitry                     0  False Path  ck_rst         u_rx/acc_reg[28]/CE
3323  CDC-7   Critical  Asynchronous reset unknown CDC circuitry        0  False Path  ck_rst         u_rx/acc_reg[28]/CLR
3324  CDC-1   Critical  1-bit unknown CDC circuitry                     0  False Path  ck_rst         u_rx/acc_reg[29]/CE
3325  CDC-7   Critical  Asynchronous reset unknown CDC circuitry        0  False Path  ck_rst         u_rx/acc_reg[29]/CLR
3326  CDC-1   Critical  1-bit unknown CDC circuitry                     0  False Path  ck_rst         u_rx/acc_reg[30]/CE
3327  CDC-7   Critical  Asynchronous reset unknown CDC circuitry        0  False Path  ck_rst         u_rx/acc_reg[30]/CLR
3328  CDC-1   Critical  1-bit unknown CDC circuitry                     0  False Path  ck_rst         u_rx/acc_reg[31]/CE
3329  CDC-7   Critical  Asynchronous reset unknown CDC circuitry        0  False Path  ck_rst         u_rx/acc_reg[31]/CLR
3330  CDC-1   Critical  1-bit unknown CDC circuitry                     0  False Path  ck_rst         u_rx/bitn_reg[0]/CE
3331  CDC-1   Critical  1-bit unknown CDC circuitry                     0  False Path  ck_rst         u_rx/bitn_reg[0]/R
3332  CDC-1   Critical  1-bit unknown CDC circuitry                     0  False Path  ck_rst         u_rx/bitn_reg[1]/CE
3333  CDC-1   Critical  1-bit unknown CDC circuitry                     0  False Path  ck_rst         u_rx/bitn_reg[1]/R
3334  CDC-1   Critical  1-bit unknown CDC circuitry                     0  False Path  ck_rst         u_rx/bitn_reg[2]/CE
3335  CDC-1   Critical  1-bit unknown CDC circuitry                     0  False Path  ck_rst         u_rx/bitn_reg[2]/R
3336  CDC-1   Critical  1-bit unknown CDC circuitry                     0  False Path  ck_rst         u_rx/bitn_reg[3]/CE
3337  CDC-1   Critical  1-bit unknown CDC circuitry                     0  False Path  ck_rst         u_rx/bitn_reg[3]/R
3338  CDC-7   Critical  Asynchronous reset unknown CDC circuitry        0  False Path  ck_rst         u_rx/bix_reg[0]/CLR
3339  CDC-7   Critical  Asynchronous reset unknown CDC circuitry        0  False Path  ck_rst         u_rx/bix_reg[1]/CLR
3340  CDC-1   Critical  1-bit unknown CDC circuitry                     0  False Path  ck_rst         u_rx/div_reg[0]/CE
3341  CDC-1   Critical  1-bit unknown CDC circuitry                     0  False Path  ck_rst         u_rx/div_reg[1]/CE
3342  CDC-1   Critical  1-bit unknown CDC circuitry                     0  False Path  ck_rst         u_rx/div_reg[2]/CE
3343  CDC-1   Critical  1-bit unknown CDC circuitry                     0  False Path  ck_rst         u_rx/div_reg[3]/CE
3344  CDC-1   Critical  1-bit unknown CDC circuitry                     0  False Path  ck_rst         u_rx/div_reg[3]/R
3345  CDC-1   Critical  1-bit unknown CDC circuitry                     0  False Path  ck_rst         u_rx/div_reg[4]/CE
3346  CDC-1   Critical  1-bit unknown CDC circuitry                     0  False Path  ck_rst         u_rx/div_reg[5]/CE
3347  CDC-1   Critical  1-bit unknown CDC circuitry                     0  False Path  ck_rst         u_rx/div_reg[6]/CE
3348  CDC-1   Critical  1-bit unknown CDC circuitry                     0  False Path  ck_rst         u_rx/div_reg[7]/CE
3349  CDC-1   Critical  1-bit unknown CDC circuitry                     0  False Path  ck_rst         u_rx/div_reg[8]/CE
3350  CDC-1   Critical  1-bit unknown CDC circuitry                     0  False Path  ck_rst         u_rx/div_reg[9]/CE
3351  CDC-1   Critical  1-bit unknown CDC circuitry                     0  False Path  ck_rst         u_rx/div_reg[10]/CE
3352  CDC-1   Critical  1-bit unknown CDC circuitry                     0  False Path  ck_rst         u_rx/div_reg[10]/R
3353  CDC-1   Critical  1-bit unknown CDC circuitry                     0  False Path  ck_rst         u_rx/div_reg[11]/CE
3354  CDC-1   Critical  1-bit unknown CDC circuitry                     0  False Path  ck_rst         u_rx/div_reg[11]/R
3355  CDC-1   Critical  1-bit unknown CDC circuitry                     0  False Path  ck_rst         u_rx/div_reg[12]/CE
3356  CDC-1   Critical  1-bit unknown CDC circuitry                     0  False Path  ck_rst         u_rx/div_reg[12]/R
3357  CDC-1   Critical  1-bit unknown CDC circuitry                     0  False Path  ck_rst         u_rx/div_reg[13]/CE
3358  CDC-1   Critical  1-bit unknown CDC circuitry                     0  False Path  ck_rst         u_rx/div_reg[13]/R
3359  CDC-1   Critical  1-bit unknown CDC circuitry                     0  False Path  ck_rst         u_rx/div_reg[14]/CE
3360  CDC-1   Critical  1-bit unknown CDC circuitry                     0  False Path  ck_rst         u_rx/div_reg[14]/R
3361  CDC-1   Critical  1-bit unknown CDC circuitry                     0  False Path  ck_rst         u_rx/div_reg[15]/CE
3362  CDC-1   Critical  1-bit unknown CDC circuitry                     0  False Path  ck_rst         u_rx/div_reg[15]/R
3363  CDC-3   Info      1-bit synchronized with ASYNC_REG property      2  False Path  uart_rx        u_rx/rx_s_reg/D
3364  CDC-1   Critical  1-bit unknown CDC circuitry                     0  False Path  ck_rst         u_rx/sh_reg[0]/CE
3365  CDC-1   Critical  1-bit unknown CDC circuitry                     0  False Path  ck_rst         u_rx/sh_reg[1]/CE
3366  CDC-1   Critical  1-bit unknown CDC circuitry                     0  False Path  ck_rst         u_rx/sh_reg[2]/CE
3367  CDC-1   Critical  1-bit unknown CDC circuitry                     0  False Path  ck_rst         u_rx/sh_reg[3]/CE
3368  CDC-1   Critical  1-bit unknown CDC circuitry                     0  False Path  ck_rst         u_rx/sh_reg[4]/CE
3369  CDC-1   Critical  1-bit unknown CDC circuitry                     0  False Path  ck_rst         u_rx/sh_reg[5]/CE
3370  CDC-1   Critical  1-bit unknown CDC circuitry                     0  False Path  ck_rst         u_rx/sh_reg[6]/CE
3371  CDC-1   Critical  1-bit unknown CDC circuitry                     0  False Path  ck_rst         u_rx/sh_reg[7]/CE
3372  CDC-1   Critical  1-bit unknown CDC circuitry                     0  False Path  ck_rst         u_rx/w_data_reg[0]/CE
3373  CDC-7   Critical  Asynchronous reset unknown CDC circuitry        0  False Path  ck_rst         u_rx/w_data_reg[0]/CLR
3374  CDC-1   Critical  1-bit unknown CDC circuitry                     0  False Path  ck_rst         u_rx/w_data_reg[1]/CE
3375  CDC-7   Critical  Asynchronous reset unknown CDC circuitry        0  False Path  ck_rst         u_rx/w_data_reg[1]/CLR
3376  CDC-1   Critical  1-bit unknown CDC circuitry                     0  False Path  ck_rst         u_rx/w_data_reg[2]/CE
3377  CDC-7   Critical  Asynchronous reset unknown CDC circuitry        0  False Path  ck_rst         u_rx/w_data_reg[2]/CLR
3378  CDC-1   Critical  1-bit unknown CDC circuitry                     0  False Path  ck_rst         u_rx/w_data_reg[3]/CE
3379  CDC-7   Critical  Asynchronous reset unknown CDC circuitry        0  False Path  ck_rst         u_rx/w_data_reg[3]/CLR
3380  CDC-1   Critical  1-bit unknown CDC circuitry                     0  False Path  ck_rst         u_rx/w_data_reg[4]/CE
3381  CDC-7   Critical  Asynchronous reset unknown CDC circuitry        0  False Path  ck_rst         u_rx/w_data_reg[4]/CLR
3382  CDC-1   Critical  1-bit unknown CDC circuitry                     0  False Path  ck_rst         u_rx/w_data_reg[5]/CE
3383  CDC-7   Critical  Asynchronous reset unknown CDC circuitry        0  False Path  ck_rst         u_rx/w_data_reg[5]/CLR
3384  CDC-1   Critical  1-bit unknown CDC circuitry                     0  False Path  ck_rst         u_rx/w_data_reg[6]/CE
3385  CDC-7   Critical  Asynchronous reset unknown CDC circuitry        0  False Path  ck_rst         u_rx/w_data_reg[6]/CLR
3386  CDC-1   Critical  1-bit unknown CDC circuitry                     0  False Path  ck_rst         u_rx/w_data_reg[7]/CE
3387  CDC-7   Critical  Asynchronous reset unknown CDC circuitry        0  False Path  ck_rst         u_rx/w_data_reg[7]/CLR
3388  CDC-1   Critical  1-bit unknown CDC circuitry                     0  False Path  ck_rst         u_rx/w_data_reg[8]/CE
3389  CDC-7   Critical  Asynchronous reset unknown CDC circuitry        0  False Path  ck_rst         u_rx/w_data_reg[8]/CLR
3390  CDC-1   Critical  1-bit unknown CDC circuitry                     0  False Path  ck_rst         u_rx/w_data_reg[9]/CE
3391  CDC-7   Critical  Asynchronous reset unknown CDC circuitry        0  False Path  ck_rst         u_rx/w_data_reg[9]/CLR
3392  CDC-1   Critical  1-bit unknown CDC circuitry                     0  False Path  ck_rst         u_rx/w_data_reg[10]/CE
3393  CDC-7   Critical  Asynchronous reset unknown CDC circuitry        0  False Path  ck_rst         u_rx/w_data_reg[10]/CLR
3394  CDC-1   Critical  1-bit unknown CDC circuitry                     0  False Path  ck_rst         u_rx/w_data_reg[11]/CE
3395  CDC-7   Critical  Asynchronous reset unknown CDC circuitry        0  False Path  ck_rst         u_rx/w_data_reg[11]/CLR
3396  CDC-1   Critical  1-bit unknown CDC circuitry                     0  False Path  ck_rst         u_rx/w_data_reg[12]/CE
3397  CDC-7   Critical  Asynchronous reset unknown CDC circuitry        0  False Path  ck_rst         u_rx/w_data_reg[12]/CLR
3398  CDC-1   Critical  1-bit unknown CDC circuitry                     0  False Path  ck_rst         u_rx/w_data_reg[13]/CE
3399  CDC-7   Critical  Asynchronous reset unknown CDC circuitry        0  False Path  ck_rst         u_rx/w_data_reg[13]/CLR
3400  CDC-1   Critical  1-bit unknown CDC circuitry                     0  False Path  ck_rst         u_rx/w_data_reg[14]/CE
3401  CDC-7   Critical  Asynchronous reset unknown CDC circuitry        0  False Path  ck_rst         u_rx/w_data_reg[14]/CLR
3402  CDC-1   Critical  1-bit unknown CDC circuitry                     0  False Path  ck_rst         u_rx/w_data_reg[15]/CE
3403  CDC-7   Critical  Asynchronous reset unknown CDC circuitry        0  False Path  ck_rst         u_rx/w_data_reg[15]/CLR
3404  CDC-1   Critical  1-bit unknown CDC circuitry                     0  False Path  ck_rst         u_rx/w_data_reg[16]/CE
3405  CDC-7   Critical  Asynchronous reset unknown CDC circuitry        0  False Path  ck_rst         u_rx/w_data_reg[16]/CLR
3406  CDC-1   Critical  1-bit unknown CDC circuitry                     0  False Path  ck_rst         u_rx/w_data_reg[17]/CE
3407  CDC-7   Critical  Asynchronous reset unknown CDC circuitry        0  False Path  ck_rst         u_rx/w_data_reg[17]/CLR
3408  CDC-1   Critical  1-bit unknown CDC circuitry                     0  False Path  ck_rst         u_rx/w_data_reg[18]/CE
3409  CDC-7   Critical  Asynchronous reset unknown CDC circuitry        0  False Path  ck_rst         u_rx/w_data_reg[18]/CLR
3410  CDC-1   Critical  1-bit unknown CDC circuitry                     0  False Path  ck_rst         u_rx/w_data_reg[19]/CE
3411  CDC-7   Critical  Asynchronous reset unknown CDC circuitry        0  False Path  ck_rst         u_rx/w_data_reg[19]/CLR
3412  CDC-1   Critical  1-bit unknown CDC circuitry                     0  False Path  ck_rst         u_rx/w_data_reg[20]/CE
3413  CDC-7   Critical  Asynchronous reset unknown CDC circuitry        0  False Path  ck_rst         u_rx/w_data_reg[20]/CLR
3414  CDC-1   Critical  1-bit unknown CDC circuitry                     0  False Path  ck_rst         u_rx/w_data_reg[21]/CE
3415  CDC-7   Critical  Asynchronous reset unknown CDC circuitry        0  False Path  ck_rst         u_rx/w_data_reg[21]/CLR
3416  CDC-1   Critical  1-bit unknown CDC circuitry                     0  False Path  ck_rst         u_rx/w_data_reg[22]/CE
3417  CDC-7   Critical  Asynchronous reset unknown CDC circuitry        0  False Path  ck_rst         u_rx/w_data_reg[22]/CLR
3418  CDC-1   Critical  1-bit unknown CDC circuitry                     0  False Path  ck_rst         u_rx/w_data_reg[23]/CE
3419  CDC-7   Critical  Asynchronous reset unknown CDC circuitry        0  False Path  ck_rst         u_rx/w_data_reg[23]/CLR
3420  CDC-1   Critical  1-bit unknown CDC circuitry                     0  False Path  ck_rst         u_rx/w_data_reg[24]/CE
3421  CDC-7   Critical  Asynchronous reset unknown CDC circuitry        0  False Path  ck_rst         u_rx/w_data_reg[24]/CLR
3422  CDC-1   Critical  1-bit unknown CDC circuitry                     0  False Path  ck_rst         u_rx/w_data_reg[25]/CE
3423  CDC-7   Critical  Asynchronous reset unknown CDC circuitry        0  False Path  ck_rst         u_rx/w_data_reg[25]/CLR
3424  CDC-1   Critical  1-bit unknown CDC circuitry                     0  False Path  ck_rst         u_rx/w_data_reg[26]/CE
3425  CDC-7   Critical  Asynchronous reset unknown CDC circuitry        0  False Path  ck_rst         u_rx/w_data_reg[26]/CLR
3426  CDC-1   Critical  1-bit unknown CDC circuitry                     0  False Path  ck_rst         u_rx/w_data_reg[27]/CE
3427  CDC-7   Critical  Asynchronous reset unknown CDC circuitry        0  False Path  ck_rst         u_rx/w_data_reg[27]/CLR
3428  CDC-1   Critical  1-bit unknown CDC circuitry                     0  False Path  ck_rst         u_rx/w_data_reg[28]/CE
3429  CDC-7   Critical  Asynchronous reset unknown CDC circuitry        0  False Path  ck_rst         u_rx/w_data_reg[28]/CLR
3430  CDC-1   Critical  1-bit unknown CDC circuitry                     0  False Path  ck_rst         u_rx/w_data_reg[29]/CE
3431  CDC-7   Critical  Asynchronous reset unknown CDC circuitry        0  False Path  ck_rst         u_rx/w_data_reg[29]/CLR
3432  CDC-1   Critical  1-bit unknown CDC circuitry                     0  False Path  ck_rst         u_rx/w_data_reg[30]/CE
3433  CDC-7   Critical  Asynchronous reset unknown CDC circuitry        0  False Path  ck_rst         u_rx/w_data_reg[30]/CLR
3434  CDC-1   Critical  1-bit unknown CDC circuitry                     0  False Path  ck_rst         u_rx/w_data_reg[31]/CE
3435  CDC-7   Critical  Asynchronous reset unknown CDC circuitry        0  False Path  ck_rst         u_rx/w_data_reg[31]/CLR
3436  CDC-7   Critical  Asynchronous reset unknown CDC circuitry        0  False Path  ck_rst         u_rx/w_valid_reg/CLR
3437  CDC-1   Critical  1-bit unknown CDC circuitry                     0  False Path  ck_rst         u_rx/w_valid_reg/D
3438  CDC-7   Critical  Asynchronous reset unknown CDC circuitry        0  False Path  ck_rst         u_spear/prof/active_id_max_reg[0]/PRE
3439  CDC-7   Critical  Asynchronous reset unknown CDC circuitry        0  False Path  ck_rst         u_spear/prof/active_id_max_reg[1]/PRE
3440  CDC-7   Critical  Asynchronous reset unknown CDC circuitry        0  False Path  ck_rst         u_spear/prof/active_id_max_reg[2]/PRE
3441  CDC-7   Critical  Asynchronous reset unknown CDC circuitry        0  False Path  ck_rst         u_spear/prof/active_id_max_reg[3]/PRE
3442  CDC-7   Critical  Asynchronous reset unknown CDC circuitry        0  False Path  ck_rst         u_spear/prof/active_id_max_reg[4]/PRE
3443  CDC-7   Critical  Asynchronous reset unknown CDC circuitry        0  False Path  ck_rst         u_spear/prof/active_id_max_reg[5]/PRE
3444  CDC-7   Critical  Asynchronous reset unknown CDC circuitry        0  False Path  ck_rst         u_spear/prof/active_id_max_reg[6]/PRE
3445  CDC-7   Critical  Asynchronous reset unknown CDC circuitry        0  False Path  ck_rst         u_spear/prof/active_id_max_reg[7]/PRE
3446  CDC-7   Critical  Asynchronous reset unknown CDC circuitry        0  False Path  ck_rst         u_spear/prof/active_id_max_reg[8]/PRE
3447  CDC-7   Critical  Asynchronous reset unknown CDC circuitry        0  False Path  ck_rst         u_spear/prof/active_id_max_reg[9]/PRE
3448  CDC-7   Critical  Asynchronous reset unknown CDC circuitry        0  False Path  ck_rst         u_spear/prof/active_id_max_reg[10]/PRE
3449  CDC-7   Critical  Asynchronous reset unknown CDC circuitry        0  False Path  ck_rst         u_spear/prof/active_id_max_reg[11]/PRE
3450  CDC-7   Critical  Asynchronous reset unknown CDC circuitry        0  False Path  ck_rst         u_spear/prof/active_id_max_reg[12]/PRE
3451  CDC-7   Critical  Asynchronous reset unknown CDC circuitry        0  False Path  ck_rst         u_spear/prof/active_id_max_reg[13]/PRE
3452  CDC-7   Critical  Asynchronous reset unknown CDC circuitry        0  False Path  ck_rst         u_spear/prof/active_id_max_reg[14]/PRE
3453  CDC-7   Critical  Asynchronous reset unknown CDC circuitry        0  False Path  ck_rst         u_spear/prof/active_id_max_reg[15]/PRE
3454  CDC-7   Critical  Asynchronous reset unknown CDC circuitry        0  False Path  ck_rst         u_spear/prof/active_id_max_reg[16]/PRE
3455  CDC-7   Critical  Asynchronous reset unknown CDC circuitry        0  False Path  ck_rst         u_spear/prof/active_id_max_reg[17]/PRE
3456  CDC-7   Critical  Asynchronous reset unknown CDC circuitry        0  False Path  ck_rst         u_spear/prof/active_id_max_reg[18]/PRE
3457  CDC-7   Critical  Asynchronous reset unknown CDC circuitry        0  False Path  ck_rst         u_spear/prof/active_id_max_reg[19]/PRE
3458  CDC-7   Critical  Asynchronous reset unknown CDC circuitry        0  False Path  ck_rst         u_spear/prof/active_id_max_reg[20]/PRE
3459  CDC-7   Critical  Asynchronous reset unknown CDC circuitry        0  False Path  ck_rst         u_spear/prof/active_id_max_reg[21]/PRE
3460  CDC-7   Critical  Asynchronous reset unknown CDC circuitry        0  False Path  ck_rst         u_spear/prof/active_id_max_reg[22]/PRE
3461  CDC-7   Critical  Asynchronous reset unknown CDC circuitry        0  False Path  ck_rst         u_spear/prof/active_id_max_reg[23]/PRE
3462  CDC-7   Critical  Asynchronous reset unknown CDC circuitry        0  False Path  ck_rst         u_spear/prof/active_id_max_reg[24]/PRE
3463  CDC-7   Critical  Asynchronous reset unknown CDC circuitry        0  False Path  ck_rst         u_spear/prof/active_id_max_reg[25]/PRE
3464  CDC-7   Critical  Asynchronous reset unknown CDC circuitry        0  False Path  ck_rst         u_spear/prof/active_id_max_reg[26]/PRE
3465  CDC-7   Critical  Asynchronous reset unknown CDC circuitry        0  False Path  ck_rst         u_spear/prof/active_id_max_reg[27]/PRE
3466  CDC-7   Critical  Asynchronous reset unknown CDC circuitry        0  False Path  ck_rst         u_spear/prof/active_id_max_reg[28]/PRE
3467  CDC-7   Critical  Asynchronous reset unknown CDC circuitry        0  False Path  ck_rst         u_spear/prof/active_id_max_reg[29]/PRE
3468  CDC-7   Critical  Asynchronous reset unknown CDC circuitry        0  False Path  ck_rst         u_spear/prof/active_id_max_reg[30]/PRE
3469  CDC-7   Critical  Asynchronous reset unknown CDC circuitry        0  False Path  ck_rst         u_spear/prof/active_id_max_reg[31]/PRE
3470  CDC-7   Critical  Asynchronous reset unknown CDC circuitry        0  False Path  ck_rst         u_spear/prof/k_hard_reg[0]/CLR
3471  CDC-7   Critical  Asynchronous reset unknown CDC circuitry        0  False Path  ck_rst         u_spear/prof/k_hard_reg[1]/CLR
3472  CDC-7   Critical  Asynchronous reset unknown CDC circuitry        0  False Path  ck_rst         u_spear/prof/k_hard_reg[2]/CLR
3473  CDC-7   Critical  Asynchronous reset unknown CDC circuitry        0  False Path  ck_rst         u_spear/prof/k_hard_reg[3]/PRE
3474  CDC-7   Critical  Asynchronous reset unknown CDC circuitry        0  False Path  ck_rst         u_spear/prof/k_hard_reg[4]/CLR
3475  CDC-7   Critical  Asynchronous reset unknown CDC circuitry        0  False Path  ck_rst         u_spear/prof/k_hard_reg[5]/CLR
3476  CDC-7   Critical  Asynchronous reset unknown CDC circuitry        0  False Path  ck_rst         u_spear/prof/k_hard_reg[6]/CLR
3477  CDC-7   Critical  Asynchronous reset unknown CDC circuitry        0  False Path  ck_rst         u_spear/prof/k_hard_reg[7]/CLR
3478  CDC-1   Critical  1-bit unknown CDC circuitry                     0  False Path  ck_rst         u_spear/spear/FSM_onehot_state_reg[0]/S
3479  CDC-1   Critical  1-bit unknown CDC circuitry                     0  False Path  ck_rst         u_spear/spear/FSM_onehot_state_reg[1]/R
3480  CDC-1   Critical  1-bit unknown CDC circuitry                     0  False Path  ck_rst         u_spear/spear/FSM_onehot_state_reg[2]/R
3481  CDC-1   Critical  1-bit unknown CDC circuitry                     0  False Path  ck_rst         u_spear/spear/FSM_onehot_state_reg[3]/R
3482  CDC-1   Critical  1-bit unknown CDC circuitry                     0  False Path  ck_rst         u_spear/spear/FSM_onehot_state_reg[4]/R
3483  CDC-1   Critical  1-bit unknown CDC circuitry                     0  False Path  ck_rst         u_spear/spear/FSM_onehot_state_reg[5]/R
3484  CDC-1   Critical  1-bit unknown CDC circuitry                     0  False Path  ck_rst         u_spear/spear/FSM_onehot_state_reg[6]/R
3485  CDC-1   Critical  1-bit unknown CDC circuitry                     0  False Path  ck_rst         u_spear/spear/FSM_onehot_state_reg[7]/R
3486  CDC-1   Critical  1-bit unknown CDC circuitry                     0  False Path  ck_rst         u_spear/spear/FSM_onehot_state_reg[8]/R
3487  CDC-1   Critical  1-bit unknown CDC circuitry                     0  False Path  ck_rst         u_spear/spear/FSM_onehot_state_reg[9]/R
3488  CDC-1   Critical  1-bit unknown CDC circuitry                     0  False Path  ck_rst         u_spear/spear/FSM_onehot_state_reg[10]/R
3489  CDC-1   Critical  1-bit unknown CDC circuitry                     0  False Path  ck_rst         u_spear/spear/FSM_onehot_state_reg[11]/R
3490  CDC-1   Critical  1-bit unknown CDC circuitry                     0  False Path  ck_rst         u_spear/spear/acc_reg[10]/R
3491  CDC-1   Critical  1-bit unknown CDC circuitry                     0  False Path  ck_rst         u_spear/spear/acc_reg[11]/R
3492  CDC-1   Critical  1-bit unknown CDC circuitry                     0  False Path  ck_rst         u_spear/spear/acc_reg[12]/R
3493  CDC-1   Critical  1-bit unknown CDC circuitry                     0  False Path  ck_rst         u_spear/spear/acc_reg[13]/R
3494  CDC-1   Critical  1-bit unknown CDC circuitry                     0  False Path  ck_rst         u_spear/spear/acc_reg[14]/R
3495  CDC-1   Critical  1-bit unknown CDC circuitry                     0  False Path  ck_rst         u_spear/spear/acc_reg[15]/R
3496  CDC-1   Critical  1-bit unknown CDC circuitry                     0  False Path  ck_rst         u_spear/spear/acc_reg[16]/R
3497  CDC-1   Critical  1-bit unknown CDC circuitry                     0  False Path  ck_rst         u_spear/spear/acc_reg[17]/R
3498  CDC-1   Critical  1-bit unknown CDC circuitry                     0  False Path  ck_rst         u_spear/spear/acc_reg[18]/R
3499  CDC-1   Critical  1-bit unknown CDC circuitry                     0  False Path  ck_rst         u_spear/spear/acc_reg[19]/R
3500  CDC-1   Critical  1-bit unknown CDC circuitry                     0  False Path  ck_rst         u_spear/spear/acc_reg[20]/R
3501  CDC-1   Critical  1-bit unknown CDC circuitry                     0  False Path  ck_rst         u_spear/spear/acc_reg[21]/R
3502  CDC-1   Critical  1-bit unknown CDC circuitry                     0  False Path  ck_rst         u_spear/spear/acc_reg[22]/R
3503  CDC-1   Critical  1-bit unknown CDC circuitry                     0  False Path  ck_rst         u_spear/spear/acc_reg[23]/R
3504  CDC-1   Critical  1-bit unknown CDC circuitry                     0  False Path  ck_rst         u_spear/spear/acc_reg[24]/R
3505  CDC-1   Critical  1-bit unknown CDC circuitry                     0  False Path  ck_rst         u_spear/spear/acc_reg[25]/R
3506  CDC-1   Critical  1-bit unknown CDC circuitry                     0  False Path  ck_rst         u_spear/spear/acc_reg[26]/R
3507  CDC-1   Critical  1-bit unknown CDC circuitry                     0  False Path  ck_rst         u_spear/spear/acc_reg[27]/R
3508  CDC-1   Critical  1-bit unknown CDC circuitry                     0  False Path  ck_rst         u_spear/spear/acc_reg[28]/R
3509  CDC-1   Critical  1-bit unknown CDC circuitry                     0  False Path  ck_rst         u_spear/spear/acc_reg[29]/R
3510  CDC-1   Critical  1-bit unknown CDC circuitry                     0  False Path  ck_rst         u_spear/spear/acc_reg[30]/R
3511  CDC-1   Critical  1-bit unknown CDC circuitry                     0  False Path  ck_rst         u_spear/spear/acc_reg[31]/R
3512  CDC-1   Critical  1-bit unknown CDC circuitry                     0  False Path  ck_rst         u_spear/spear/admitted_count_reg[0]/R
3513  CDC-1   Critical  1-bit unknown CDC circuitry                     0  False Path  ck_rst         u_spear/spear/admitted_count_reg[1]/R
3514  CDC-1   Critical  1-bit unknown CDC circuitry                     0  False Path  ck_rst         u_spear/spear/admitted_count_reg[2]/R
3515  CDC-1   Critical  1-bit unknown CDC circuitry                     0  False Path  ck_rst         u_spear/spear/admitted_count_reg[3]/R
3516  CDC-1   Critical  1-bit unknown CDC circuitry                     0  False Path  ck_rst         u_spear/spear/admitted_count_reg[4]/R
3517  CDC-1   Critical  1-bit unknown CDC circuitry                     0  False Path  ck_rst         u_spear/spear/admitted_count_reg[5]/R
3518  CDC-1   Critical  1-bit unknown CDC circuitry                     0  False Path  ck_rst         u_spear/spear/admitted_count_reg[6]/R
3519  CDC-1   Critical  1-bit unknown CDC circuitry                     0  False Path  ck_rst         u_spear/spear/admitted_count_reg[7]/R
3520  CDC-1   Critical  1-bit unknown CDC circuitry                     0  False Path  ck_rst         u_spear/spear/crc_mid_r_reg[0]/R
3521  CDC-1   Critical  1-bit unknown CDC circuitry                     0  False Path  ck_rst         u_spear/spear/crc_mid_r_reg[1]/R
3522  CDC-1   Critical  1-bit unknown CDC circuitry                     0  False Path  ck_rst         u_spear/spear/crc_mid_r_reg[2]/R
3523  CDC-1   Critical  1-bit unknown CDC circuitry                     0  False Path  ck_rst         u_spear/spear/crc_mid_r_reg[3]/R
3524  CDC-1   Critical  1-bit unknown CDC circuitry                     0  False Path  ck_rst         u_spear/spear/crc_mid_r_reg[4]/R
3525  CDC-1   Critical  1-bit unknown CDC circuitry                     0  False Path  ck_rst         u_spear/spear/crc_mid_r_reg[5]/R
3526  CDC-1   Critical  1-bit unknown CDC circuitry                     0  False Path  ck_rst         u_spear/spear/crc_mid_r_reg[6]/R
3527  CDC-1   Critical  1-bit unknown CDC circuitry                     0  False Path  ck_rst         u_spear/spear/crc_mid_r_reg[7]/R
3528  CDC-1   Critical  1-bit unknown CDC circuitry                     0  False Path  ck_rst         u_spear/spear/crc_mid_r_reg[8]/R
3529  CDC-1   Critical  1-bit unknown CDC circuitry                     0  False Path  ck_rst         u_spear/spear/crc_mid_r_reg[9]/R
3530  CDC-1   Critical  1-bit unknown CDC circuitry                     0  False Path  ck_rst         u_spear/spear/crc_mid_r_reg[10]/R
3531  CDC-1   Critical  1-bit unknown CDC circuitry                     0  False Path  ck_rst         u_spear/spear/crc_mid_r_reg[11]/R
3532  CDC-1   Critical  1-bit unknown CDC circuitry                     0  False Path  ck_rst         u_spear/spear/crc_mid_r_reg[12]/R
3533  CDC-1   Critical  1-bit unknown CDC circuitry                     0  False Path  ck_rst         u_spear/spear/crc_mid_r_reg[13]/R
3534  CDC-1   Critical  1-bit unknown CDC circuitry                     0  False Path  ck_rst         u_spear/spear/crc_mid_r_reg[14]/R
3535  CDC-1   Critical  1-bit unknown CDC circuitry                     0  False Path  ck_rst         u_spear/spear/crc_mid_r_reg[15]/R
3536  CDC-1   Critical  1-bit unknown CDC circuitry                     0  False Path  ck_rst         u_spear/spear/desc_ok_reg/R
3537  CDC-1   Critical  1-bit unknown CDC circuitry                     0  False Path  ck_rst         u_spear/spear/done_reg/R
3538  CDC-1   Critical  1-bit unknown CDC circuitry                     0  False Path  ck_rst         u_spear/spear/end_req_reg/R
3539  CDC-1   Critical  1-bit unknown CDC circuitry                     0  False Path  ck_rst         u_spear/spear/feat_r_reg[6]/CE
3540  CDC-1   Critical  1-bit unknown CDC circuitry                     0  False Path  ck_rst         u_spear/spear/feat_r_reg[11]/CE
3541  CDC-1   Critical  1-bit unknown CDC circuitry                     0  False Path  ck_rst         u_spear/spear/feat_r_reg[11]/R
3542  CDC-1   Critical  1-bit unknown CDC circuitry                     0  False Path  ck_rst         u_spear/spear/feat_r_reg[12]/CE
3543  CDC-1   Critical  1-bit unknown CDC circuitry                     0  False Path  ck_rst         u_spear/spear/feat_r_reg[12]/R
3544  CDC-1   Critical  1-bit unknown CDC circuitry                     0  False Path  ck_rst         u_spear/spear/feat_r_reg[13]/CE
3545  CDC-1   Critical  1-bit unknown CDC circuitry                     0  False Path  ck_rst         u_spear/spear/feat_r_reg[13]/R
3546  CDC-1   Critical  1-bit unknown CDC circuitry                     0  False Path  ck_rst         u_spear/spear/feat_r_reg[14]/CE
3547  CDC-1   Critical  1-bit unknown CDC circuitry                     0  False Path  ck_rst         u_spear/spear/feat_r_reg[14]/R
3548  CDC-1   Critical  1-bit unknown CDC circuitry                     0  False Path  ck_rst         u_spear/spear/feat_r_reg[22]/CE
3549  CDC-1   Critical  1-bit unknown CDC circuitry                     0  False Path  ck_rst         u_spear/spear/feat_r_reg[29]/CE
3550  CDC-1   Critical  1-bit unknown CDC circuitry                     0  False Path  ck_rst         u_spear/spear/feat_r_reg[30]/CE
3551  CDC-1   Critical  1-bit unknown CDC circuitry                     0  False Path  ck_rst         u_spear/spear/feat_r_reg[35]/CE
3552  CDC-1   Critical  1-bit unknown CDC circuitry                     0  False Path  ck_rst         u_spear/spear/feat_r_reg[36]/CE
3553  CDC-1   Critical  1-bit unknown CDC circuitry                     0  False Path  ck_rst         u_spear/spear/feat_r_reg[37]/CE
3554  CDC-1   Critical  1-bit unknown CDC circuitry                     0  False Path  ck_rst         u_spear/spear/feat_r_reg[38]/CE
3555  CDC-1   Critical  1-bit unknown CDC circuitry                     0  False Path  ck_rst         u_spear/spear/feat_r_reg[43]/CE
3556  CDC-1   Critical  1-bit unknown CDC circuitry                     0  False Path  ck_rst         u_spear/spear/feat_r_reg[44]/CE
3557  CDC-1   Critical  1-bit unknown CDC circuitry                     0  False Path  ck_rst         u_spear/spear/feat_r_reg[45]/CE
3558  CDC-1   Critical  1-bit unknown CDC circuitry                     0  False Path  ck_rst         u_spear/spear/feat_r_reg[46]/CE
3559  CDC-1   Critical  1-bit unknown CDC circuitry                     0  False Path  ck_rst         u_spear/spear/feat_r_reg[51]/CE
3560  CDC-1   Critical  1-bit unknown CDC circuitry                     0  False Path  ck_rst         u_spear/spear/feat_r_reg[52]/CE
3561  CDC-1   Critical  1-bit unknown CDC circuitry                     0  False Path  ck_rst         u_spear/spear/feat_r_reg[53]/CE
3562  CDC-1   Critical  1-bit unknown CDC circuitry                     0  False Path  ck_rst         u_spear/spear/feat_r_reg[54]/CE
3563  CDC-1   Critical  1-bit unknown CDC circuitry                     0  False Path  ck_rst         u_spear/spear/feat_r_reg[62]/CE
3564  CDC-1   Critical  1-bit unknown CDC circuitry                     0  False Path  ck_rst         u_spear/spear/feat_r_reg[70]/CE
3565  CDC-1   Critical  1-bit unknown CDC circuitry                     0  False Path  ck_rst         u_spear/spear/feat_r_reg[77]/CE
3566  CDC-1   Critical  1-bit unknown CDC circuitry                     0  False Path  ck_rst         u_spear/spear/feat_r_reg[78]/CE
3567  CDC-1   Critical  1-bit unknown CDC circuitry                     0  False Path  ck_rst         u_spear/spear/feat_r_reg[80]/CE
3568  CDC-1   Critical  1-bit unknown CDC circuitry                     0  False Path  ck_rst         u_spear/spear/feat_r_reg[85]/CE
3569  CDC-1   Critical  1-bit unknown CDC circuitry                     0  False Path  ck_rst         u_spear/spear/feat_r_reg[86]/CE
3570  CDC-1   Critical  1-bit unknown CDC circuitry                     0  False Path  ck_rst         u_spear/spear/feat_r_reg[91]/CE
3571  CDC-1   Critical  1-bit unknown CDC circuitry                     0  False Path  ck_rst         u_spear/spear/feat_r_reg[92]/CE
3572  CDC-1   Critical  1-bit unknown CDC circuitry                     0  False Path  ck_rst         u_spear/spear/feat_r_reg[93]/CE
3573  CDC-1   Critical  1-bit unknown CDC circuitry                     0  False Path  ck_rst         u_spear/spear/feat_r_reg[94]/CE
3574  CDC-1   Critical  1-bit unknown CDC circuitry                     0  False Path  ck_rst         u_spear/spear/feat_r_reg[102]/CE
3575  CDC-1   Critical  1-bit unknown CDC circuitry                     0  False Path  ck_rst         u_spear/spear/feat_r_reg[109]/CE
3576  CDC-1   Critical  1-bit unknown CDC circuitry                     0  False Path  ck_rst         u_spear/spear/feat_r_reg[115]/CE
3577  CDC-1   Critical  1-bit unknown CDC circuitry                     0  False Path  ck_rst         u_spear/spear/feat_r_reg[116]/CE
3578  CDC-1   Critical  1-bit unknown CDC circuitry                     0  False Path  ck_rst         u_spear/spear/feat_r_reg[117]/CE
3579  CDC-1   Critical  1-bit unknown CDC circuitry                     0  False Path  ck_rst         u_spear/spear/feat_r_reg[118]/CE
3580  CDC-1   Critical  1-bit unknown CDC circuitry                     0  False Path  ck_rst         u_spear/spear/id_max_r_reg[0]/R
3581  CDC-1   Critical  1-bit unknown CDC circuitry                     0  False Path  ck_rst         u_spear/spear/id_max_r_reg[1]/R
3582  CDC-1   Critical  1-bit unknown CDC circuitry                     0  False Path  ck_rst         u_spear/spear/id_max_r_reg[2]/R
3583  CDC-1   Critical  1-bit unknown CDC circuitry                     0  False Path  ck_rst         u_spear/spear/id_max_r_reg[3]/R
3584  CDC-1   Critical  1-bit unknown CDC circuitry                     0  False Path  ck_rst         u_spear/spear/id_max_r_reg[4]/R
3585  CDC-1   Critical  1-bit unknown CDC circuitry                     0  False Path  ck_rst         u_spear/spear/id_max_r_reg[5]/R
3586  CDC-1   Critical  1-bit unknown CDC circuitry                     0  False Path  ck_rst         u_spear/spear/id_max_r_reg[6]/R
3587  CDC-1   Critical  1-bit unknown CDC circuitry                     0  False Path  ck_rst         u_spear/spear/id_max_r_reg[7]/R
3588  CDC-1   Critical  1-bit unknown CDC circuitry                     0  False Path  ck_rst         u_spear/spear/id_max_r_reg[8]/R
3589  CDC-1   Critical  1-bit unknown CDC circuitry                     0  False Path  ck_rst         u_spear/spear/id_max_r_reg[9]/R
3590  CDC-1   Critical  1-bit unknown CDC circuitry                     0  False Path  ck_rst         u_spear/spear/id_max_r_reg[10]/R
3591  CDC-1   Critical  1-bit unknown CDC circuitry                     0  False Path  ck_rst         u_spear/spear/id_max_r_reg[11]/R
3592  CDC-1   Critical  1-bit unknown CDC circuitry                     0  False Path  ck_rst         u_spear/spear/id_max_r_reg[12]/R
3593  CDC-1   Critical  1-bit unknown CDC circuitry                     0  False Path  ck_rst         u_spear/spear/id_max_r_reg[13]/R
3594  CDC-1   Critical  1-bit unknown CDC circuitry                     0  False Path  ck_rst         u_spear/spear/id_max_r_reg[14]/R
3595  CDC-1   Critical  1-bit unknown CDC circuitry                     0  False Path  ck_rst         u_spear/spear/id_max_r_reg[15]/R
3596  CDC-1   Critical  1-bit unknown CDC circuitry                     0  False Path  ck_rst         u_spear/spear/id_max_r_reg[16]/R
3597  CDC-1   Critical  1-bit unknown CDC circuitry                     0  False Path  ck_rst         u_spear/spear/id_max_r_reg[17]/R
3598  CDC-1   Critical  1-bit unknown CDC circuitry                     0  False Path  ck_rst         u_spear/spear/id_max_r_reg[18]/R
3599  CDC-1   Critical  1-bit unknown CDC circuitry                     0  False Path  ck_rst         u_spear/spear/id_max_r_reg[19]/R
3600  CDC-1   Critical  1-bit unknown CDC circuitry                     0  False Path  ck_rst         u_spear/spear/id_max_r_reg[20]/R
3601  CDC-1   Critical  1-bit unknown CDC circuitry                     0  False Path  ck_rst         u_spear/spear/id_max_r_reg[21]/R
3602  CDC-1   Critical  1-bit unknown CDC circuitry                     0  False Path  ck_rst         u_spear/spear/id_max_r_reg[22]/R
3603  CDC-1   Critical  1-bit unknown CDC circuitry                     0  False Path  ck_rst         u_spear/spear/id_max_r_reg[23]/R
3604  CDC-1   Critical  1-bit unknown CDC circuitry                     0  False Path  ck_rst         u_spear/spear/id_max_r_reg[24]/R
3605  CDC-1   Critical  1-bit unknown CDC circuitry                     0  False Path  ck_rst         u_spear/spear/id_max_r_reg[25]/R
3606  CDC-1   Critical  1-bit unknown CDC circuitry                     0  False Path  ck_rst         u_spear/spear/id_max_r_reg[26]/R
3607  CDC-1   Critical  1-bit unknown CDC circuitry                     0  False Path  ck_rst         u_spear/spear/id_max_r_reg[27]/R
3608  CDC-1   Critical  1-bit unknown CDC circuitry                     0  False Path  ck_rst         u_spear/spear/id_max_r_reg[28]/R
3609  CDC-1   Critical  1-bit unknown CDC circuitry                     0  False Path  ck_rst         u_spear/spear/id_max_r_reg[29]/R
3610  CDC-1   Critical  1-bit unknown CDC circuitry                     0  False Path  ck_rst         u_spear/spear/id_max_r_reg[30]/R
3611  CDC-1   Critical  1-bit unknown CDC circuitry                     0  False Path  ck_rst         u_spear/spear/id_max_r_reg[31]/R
3612  CDC-1   Critical  1-bit unknown CDC circuitry                     0  False Path  ck_rst         u_spear/spear/k_eff_reg[0]/R
3613  CDC-1   Critical  1-bit unknown CDC circuitry                     0  False Path  ck_rst         u_spear/spear/k_eff_reg[1]/R
3614  CDC-1   Critical  1-bit unknown CDC circuitry                     0  False Path  ck_rst         u_spear/spear/k_eff_reg[2]/R
3615  CDC-1   Critical  1-bit unknown CDC circuitry                     0  False Path  ck_rst         u_spear/spear/k_eff_reg[3]/R
3616  CDC-1   Critical  1-bit unknown CDC circuitry                     0  False Path  ck_rst         u_spear/spear/k_eff_reg[4]/R
3617  CDC-1   Critical  1-bit unknown CDC circuitry                     0  False Path  ck_rst         u_spear/spear/k_eff_reg[5]/R
3618  CDC-1   Critical  1-bit unknown CDC circuitry                     0  False Path  ck_rst         u_spear/spear/k_eff_reg[6]/R
3619  CDC-1   Critical  1-bit unknown CDC circuitry                     0  False Path  ck_rst         u_spear/spear/k_eff_reg[7]/R
3620  CDC-1   Critical  1-bit unknown CDC circuitry                     0  False Path  ck_rst         u_spear/spear/k_hard_r_reg[0]/R
3621  CDC-1   Critical  1-bit unknown CDC circuitry                     0  False Path  ck_rst         u_spear/spear/k_hard_r_reg[1]/R
3622  CDC-1   Critical  1-bit unknown CDC circuitry                     0  False Path  ck_rst         u_spear/spear/k_hard_r_reg[2]/R
3623  CDC-1   Critical  1-bit unknown CDC circuitry                     0  False Path  ck_rst         u_spear/spear/k_hard_r_reg[3]/R
3624  CDC-1   Critical  1-bit unknown CDC circuitry                     0  False Path  ck_rst         u_spear/spear/k_hard_r_reg[4]/R
3625  CDC-1   Critical  1-bit unknown CDC circuitry                     0  False Path  ck_rst         u_spear/spear/k_hard_r_reg[5]/R
3626  CDC-1   Critical  1-bit unknown CDC circuitry                     0  False Path  ck_rst         u_spear/spear/k_hard_r_reg[6]/R
3627  CDC-1   Critical  1-bit unknown CDC circuitry                     0  False Path  ck_rst         u_spear/spear/k_hard_r_reg[7]/R
3628  CDC-1   Critical  1-bit unknown CDC circuitry                     0  False Path  ck_rst         u_spear/spear/k_invalid_reg/R
3629  CDC-1   Critical  1-bit unknown CDC circuitry                     0  False Path  ck_rst         u_spear/spear/mac_i_reg[0]/R
3630  CDC-1   Critical  1-bit unknown CDC circuitry                     0  False Path  ck_rst         u_spear/spear/mac_i_reg[1]/R
3631  CDC-1   Critical  1-bit unknown CDC circuitry                     0  False Path  ck_rst         u_spear/spear/mac_i_reg[2]/R
3632  CDC-1   Critical  1-bit unknown CDC circuitry                     0  False Path  ck_rst         u_spear/spear/mac_i_reg[3]/R
3633  CDC-1   Critical  1-bit unknown CDC circuitry                     0  False Path  ck_rst         u_spear/spear/n_valid_reg[0]/R
3634  CDC-1   Critical  1-bit unknown CDC circuitry                     0  False Path  ck_rst         u_spear/spear/n_valid_reg[1]/R
3635  CDC-1   Critical  1-bit unknown CDC circuitry                     0  False Path  ck_rst         u_spear/spear/n_valid_reg[2]/R
3636  CDC-1   Critical  1-bit unknown CDC circuitry                     0  False Path  ck_rst         u_spear/spear/n_valid_reg[3]/R
3637  CDC-1   Critical  1-bit unknown CDC circuitry                     0  False Path  ck_rst         u_spear/spear/n_valid_reg[4]/R
3638  CDC-1   Critical  1-bit unknown CDC circuitry                     0  False Path  ck_rst         u_spear/spear/n_valid_reg[5]/R
3639  CDC-1   Critical  1-bit unknown CDC circuitry                     0  False Path  ck_rst         u_spear/spear/n_valid_reg[6]/R
3640  CDC-1   Critical  1-bit unknown CDC circuitry                     0  False Path  ck_rst         u_spear/spear/n_valid_reg[7]/R
3641  CDC-1   Critical  1-bit unknown CDC circuitry                     0  False Path  ck_rst         u_spear/spear/n_valid_reg[8]/R
3642  CDC-1   Critical  1-bit unknown CDC circuitry                     0  False Path  ck_rst         u_spear/spear/n_valid_reg[9]/R
3643  CDC-1   Critical  1-bit unknown CDC circuitry                     0  False Path  ck_rst         u_spear/spear/n_valid_reg[10]/R
3644  CDC-1   Critical  1-bit unknown CDC circuitry                     0  False Path  ck_rst         u_spear/spear/n_valid_reg[11]/R
3645  CDC-1   Critical  1-bit unknown CDC circuitry                     0  False Path  ck_rst         u_spear/spear/n_valid_reg[12]/R
3646  CDC-1   Critical  1-bit unknown CDC circuitry                     0  False Path  ck_rst         u_spear/spear/n_valid_reg[13]/R
3647  CDC-1   Critical  1-bit unknown CDC circuitry                     0  False Path  ck_rst         u_spear/spear/n_valid_reg[14]/R
3648  CDC-1   Critical  1-bit unknown CDC circuitry                     0  False Path  ck_rst         u_spear/spear/n_valid_reg[15]/R
3649  CDC-1   Critical  1-bit unknown CDC circuitry                     0  False Path  ck_rst         u_spear/spear/sc_at_k_reg[0]/R
3650  CDC-1   Critical  1-bit unknown CDC circuitry                     0  False Path  ck_rst         u_spear/spear/sc_at_k_reg[1]/R
3651  CDC-1   Critical  1-bit unknown CDC circuitry                     0  False Path  ck_rst         u_spear/spear/sc_at_k_reg[2]/R
3652  CDC-1   Critical  1-bit unknown CDC circuitry                     0  False Path  ck_rst         u_spear/spear/sc_at_k_reg[3]/R
3653  CDC-1   Critical  1-bit unknown CDC circuitry                     0  False Path  ck_rst         u_spear/spear/sc_at_k_reg[4]/R
3654  CDC-1   Critical  1-bit unknown CDC circuitry                     0  False Path  ck_rst         u_spear/spear/sc_at_k_reg[5]/R
3655  CDC-1   Critical  1-bit unknown CDC circuitry                     0  False Path  ck_rst         u_spear/spear/sc_at_k_reg[6]/R
3656  CDC-1   Critical  1-bit unknown CDC circuitry                     0  False Path  ck_rst         u_spear/spear/sc_at_k_reg[7]/R
3657  CDC-1   Critical  1-bit unknown CDC circuitry                     0  False Path  ck_rst         u_spear/spear/sc_at_k_reg[8]/R
3658  CDC-1   Critical  1-bit unknown CDC circuitry                     0  False Path  ck_rst         u_spear/spear/sc_at_k_reg[9]/R
3659  CDC-1   Critical  1-bit unknown CDC circuitry                     0  False Path  ck_rst         u_spear/spear/sc_at_k_reg[10]/R
3660  CDC-1   Critical  1-bit unknown CDC circuitry                     0  False Path  ck_rst         u_spear/spear/sc_at_k_reg[11]/R
3661  CDC-1   Critical  1-bit unknown CDC circuitry                     0  False Path  ck_rst         u_spear/spear/sc_at_k_reg[12]/R
3662  CDC-1   Critical  1-bit unknown CDC circuitry                     0  False Path  ck_rst         u_spear/spear/sc_at_k_reg[13]/R
3663  CDC-1   Critical  1-bit unknown CDC circuitry                     0  False Path  ck_rst         u_spear/spear/sc_at_k_reg[14]/R
3664  CDC-1   Critical  1-bit unknown CDC circuitry                     0  False Path  ck_rst         u_spear/spear/sc_at_k_reg[15]/R
3665  CDC-1   Critical  1-bit unknown CDC circuitry                     0  False Path  ck_rst         u_spear/spear/sc_at_kh_reg[0]/R
3666  CDC-1   Critical  1-bit unknown CDC circuitry                     0  False Path  ck_rst         u_spear/spear/sc_at_kh_reg[1]/R
3667  CDC-1   Critical  1-bit unknown CDC circuitry                     0  False Path  ck_rst         u_spear/spear/sc_at_kh_reg[2]/R
3668  CDC-1   Critical  1-bit unknown CDC circuitry                     0  False Path  ck_rst         u_spear/spear/sc_at_kh_reg[3]/R
3669  CDC-1   Critical  1-bit unknown CDC circuitry                     0  False Path  ck_rst         u_spear/spear/sc_at_kh_reg[4]/R
3670  CDC-1   Critical  1-bit unknown CDC circuitry                     0  False Path  ck_rst         u_spear/spear/sc_at_kh_reg[5]/R
3671  CDC-1   Critical  1-bit unknown CDC circuitry                     0  False Path  ck_rst         u_spear/spear/sc_at_kh_reg[6]/R
3672  CDC-1   Critical  1-bit unknown CDC circuitry                     0  False Path  ck_rst         u_spear/spear/sc_at_kh_reg[7]/R
3673  CDC-1   Critical  1-bit unknown CDC circuitry                     0  False Path  ck_rst         u_spear/spear/sc_at_kh_reg[8]/R
3674  CDC-1   Critical  1-bit unknown CDC circuitry                     0  False Path  ck_rst         u_spear/spear/sc_at_kh_reg[9]/R
3675  CDC-1   Critical  1-bit unknown CDC circuitry                     0  False Path  ck_rst         u_spear/spear/sc_at_kh_reg[10]/R
3676  CDC-1   Critical  1-bit unknown CDC circuitry                     0  False Path  ck_rst         u_spear/spear/sc_at_kh_reg[11]/R
3677  CDC-1   Critical  1-bit unknown CDC circuitry                     0  False Path  ck_rst         u_spear/spear/sc_at_kh_reg[12]/R
3678  CDC-1   Critical  1-bit unknown CDC circuitry                     0  False Path  ck_rst         u_spear/spear/sc_at_kh_reg[13]/R
3679  CDC-1   Critical  1-bit unknown CDC circuitry                     0  False Path  ck_rst         u_spear/spear/sc_at_kh_reg[14]/R
3680  CDC-1   Critical  1-bit unknown CDC circuitry                     0  False Path  ck_rst         u_spear/spear/sc_at_kh_reg[15]/R
3681  CDC-1   Critical  1-bit unknown CDC circuitry                     0  False Path  ck_rst         u_spear/spear/sc_at_km1_reg[0]/R
3682  CDC-1   Critical  1-bit unknown CDC circuitry                     0  False Path  ck_rst         u_spear/spear/sc_at_km1_reg[1]/R
3683  CDC-1   Critical  1-bit unknown CDC circuitry                     0  False Path  ck_rst         u_spear/spear/sc_at_km1_reg[2]/R
3684  CDC-1   Critical  1-bit unknown CDC circuitry                     0  False Path  ck_rst         u_spear/spear/sc_at_km1_reg[3]/R
3685  CDC-1   Critical  1-bit unknown CDC circuitry                     0  False Path  ck_rst         u_spear/spear/sc_at_km1_reg[4]/R
3686  CDC-1   Critical  1-bit unknown CDC circuitry                     0  False Path  ck_rst         u_spear/spear/sc_at_km1_reg[5]/R
3687  CDC-1   Critical  1-bit unknown CDC circuitry                     0  False Path  ck_rst         u_spear/spear/sc_at_km1_reg[6]/R
3688  CDC-1   Critical  1-bit unknown CDC circuitry                     0  False Path  ck_rst         u_spear/spear/sc_at_km1_reg[7]/R
3689  CDC-1   Critical  1-bit unknown CDC circuitry                     0  False Path  ck_rst         u_spear/spear/sc_at_km1_reg[8]/R
3690  CDC-1   Critical  1-bit unknown CDC circuitry                     0  False Path  ck_rst         u_spear/spear/sc_at_km1_reg[9]/R
3691  CDC-1   Critical  1-bit unknown CDC circuitry                     0  False Path  ck_rst         u_spear/spear/sc_at_km1_reg[10]/R
3692  CDC-1   Critical  1-bit unknown CDC circuitry                     0  False Path  ck_rst         u_spear/spear/sc_at_km1_reg[11]/R
3693  CDC-1   Critical  1-bit unknown CDC circuitry                     0  False Path  ck_rst         u_spear/spear/sc_at_km1_reg[12]/R
3694  CDC-1   Critical  1-bit unknown CDC circuitry                     0  False Path  ck_rst         u_spear/spear/sc_at_km1_reg[13]/R
3695  CDC-1   Critical  1-bit unknown CDC circuitry                     0  False Path  ck_rst         u_spear/spear/sc_at_km1_reg[14]/R
3696  CDC-1   Critical  1-bit unknown CDC circuitry                     0  False Path  ck_rst         u_spear/spear/sc_at_km1_reg[15]/R
3697  CDC-1   Critical  1-bit unknown CDC circuitry                     0  False Path  ck_rst         u_spear/spear/score_r_reg[0]/R
3698  CDC-1   Critical  1-bit unknown CDC circuitry                     0  False Path  ck_rst         u_spear/spear/score_r_reg[1]/R
3699  CDC-1   Critical  1-bit unknown CDC circuitry                     0  False Path  ck_rst         u_spear/spear/score_r_reg[2]/R
3700  CDC-1   Critical  1-bit unknown CDC circuitry                     0  False Path  ck_rst         u_spear/spear/score_r_reg[3]/R
3701  CDC-1   Critical  1-bit unknown CDC circuitry                     0  False Path  ck_rst         u_spear/spear/score_r_reg[4]/R
3702  CDC-1   Critical  1-bit unknown CDC circuitry                     0  False Path  ck_rst         u_spear/spear/score_r_reg[5]/R
3703  CDC-1   Critical  1-bit unknown CDC circuitry                     0  False Path  ck_rst         u_spear/spear/score_r_reg[6]/R
3704  CDC-1   Critical  1-bit unknown CDC circuitry                     0  False Path  ck_rst         u_spear/spear/score_r_reg[7]/R
3705  CDC-1   Critical  1-bit unknown CDC circuitry                     0  False Path  ck_rst         u_spear/spear/score_r_reg[8]/R
3706  CDC-1   Critical  1-bit unknown CDC circuitry                     0  False Path  ck_rst         u_spear/spear/score_r_reg[9]/R
3707  CDC-1   Critical  1-bit unknown CDC circuitry                     0  False Path  ck_rst         u_spear/spear/score_r_reg[10]/R
3708  CDC-1   Critical  1-bit unknown CDC circuitry                     0  False Path  ck_rst         u_spear/spear/score_r_reg[11]/R
3709  CDC-1   Critical  1-bit unknown CDC circuitry                     0  False Path  ck_rst         u_spear/spear/score_r_reg[12]/R
3710  CDC-1   Critical  1-bit unknown CDC circuitry                     0  False Path  ck_rst         u_spear/spear/score_r_reg[13]/R
3711  CDC-1   Critical  1-bit unknown CDC circuitry                     0  False Path  ck_rst         u_spear/spear/score_r_reg[14]/R
3712  CDC-1   Critical  1-bit unknown CDC circuitry                     0  False Path  ck_rst         u_spear/spear/score_r_reg[15]/R
3713  CDC-1   Critical  1-bit unknown CDC circuitry                     0  False Path  ck_rst         u_spear/spear/seq_cur_reg[0]/R
3714  CDC-1   Critical  1-bit unknown CDC circuitry                     0  False Path  ck_rst         u_spear/spear/seq_cur_reg[1]/R
3715  CDC-1   Critical  1-bit unknown CDC circuitry                     0  False Path  ck_rst         u_spear/spear/seq_cur_reg[2]/R
3716  CDC-1   Critical  1-bit unknown CDC circuitry                     0  False Path  ck_rst         u_spear/spear/seq_cur_reg[3]/R
3717  CDC-1   Critical  1-bit unknown CDC circuitry                     0  False Path  ck_rst         u_spear/spear/seq_cur_reg[4]/R
3718  CDC-1   Critical  1-bit unknown CDC circuitry                     0  False Path  ck_rst         u_spear/spear/seq_cur_reg[5]/R
3719  CDC-1   Critical  1-bit unknown CDC circuitry                     0  False Path  ck_rst         u_spear/spear/seq_cur_reg[6]/R
3720  CDC-1   Critical  1-bit unknown CDC circuitry                     0  False Path  ck_rst         u_spear/spear/seq_cur_reg[7]/R
3721  CDC-1   Critical  1-bit unknown CDC circuitry                     0  False Path  ck_rst         u_spear/spear/seq_cur_reg[8]/R
3722  CDC-1   Critical  1-bit unknown CDC circuitry                     0  False Path  ck_rst         u_spear/spear/seq_cur_reg[9]/R
3723  CDC-1   Critical  1-bit unknown CDC circuitry                     0  False Path  ck_rst         u_spear/spear/seq_cur_reg[10]/R
3724  CDC-1   Critical  1-bit unknown CDC circuitry                     0  False Path  ck_rst         u_spear/spear/seq_cur_reg[11]/R
3725  CDC-1   Critical  1-bit unknown CDC circuitry                     0  False Path  ck_rst         u_spear/spear/seq_cur_reg[12]/R
3726  CDC-1   Critical  1-bit unknown CDC circuitry                     0  False Path  ck_rst         u_spear/spear/seq_cur_reg[13]/R
3727  CDC-1   Critical  1-bit unknown CDC circuitry                     0  False Path  ck_rst         u_spear/spear/seq_cur_reg[14]/R
3728  CDC-1   Critical  1-bit unknown CDC circuitry                     0  False Path  ck_rst         u_spear/spear/seq_cur_reg[15]/R
3729  CDC-1   Critical  1-bit unknown CDC circuitry                     0  False Path  ck_rst         u_spear/spear/seq_next_reg[0]/R
3730  CDC-1   Critical  1-bit unknown CDC circuitry                     0  False Path  ck_rst         u_spear/spear/seq_next_reg[1]/R
3731  CDC-1   Critical  1-bit unknown CDC circuitry                     0  False Path  ck_rst         u_spear/spear/seq_next_reg[2]/R
3732  CDC-1   Critical  1-bit unknown CDC circuitry                     0  False Path  ck_rst         u_spear/spear/seq_next_reg[3]/R
3733  CDC-1   Critical  1-bit unknown CDC circuitry                     0  False Path  ck_rst         u_spear/spear/seq_next_reg[4]/R
3734  CDC-1   Critical  1-bit unknown CDC circuitry                     0  False Path  ck_rst         u_spear/spear/seq_next_reg[5]/R
3735  CDC-1   Critical  1-bit unknown CDC circuitry                     0  False Path  ck_rst         u_spear/spear/seq_next_reg[6]/R
3736  CDC-1   Critical  1-bit unknown CDC circuitry                     0  False Path  ck_rst         u_spear/spear/seq_next_reg[7]/R
3737  CDC-1   Critical  1-bit unknown CDC circuitry                     0  False Path  ck_rst         u_spear/spear/seq_next_reg[8]/R
3738  CDC-1   Critical  1-bit unknown CDC circuitry                     0  False Path  ck_rst         u_spear/spear/seq_next_reg[9]/R
3739  CDC-1   Critical  1-bit unknown CDC circuitry                     0  False Path  ck_rst         u_spear/spear/seq_next_reg[10]/R
3740  CDC-1   Critical  1-bit unknown CDC circuitry                     0  False Path  ck_rst         u_spear/spear/seq_next_reg[11]/R
3741  CDC-1   Critical  1-bit unknown CDC circuitry                     0  False Path  ck_rst         u_spear/spear/seq_next_reg[12]/R
3742  CDC-1   Critical  1-bit unknown CDC circuitry                     0  False Path  ck_rst         u_spear/spear/seq_next_reg[13]/R
3743  CDC-1   Critical  1-bit unknown CDC circuitry                     0  False Path  ck_rst         u_spear/spear/seq_next_reg[14]/R
3744  CDC-1   Critical  1-bit unknown CDC circuitry                     0  False Path  ck_rst         u_spear/spear/seq_next_reg[15]/R
3745  CDC-1   Critical  1-bit unknown CDC circuitry                     0  False Path  ck_rst         u_spear/spear/sl_f13_reg[0][5]/R
3746  CDC-1   Critical  1-bit unknown CDC circuitry                     0  False Path  ck_rst         u_spear/spear/sl_f13_reg[1][5]/R
3747  CDC-1   Critical  1-bit unknown CDC circuitry                     0  False Path  ck_rst         u_spear/spear/sl_f13_reg[2][5]/R
3748  CDC-1   Critical  1-bit unknown CDC circuitry                     0  False Path  ck_rst         u_spear/spear/sl_f13_reg[3][5]/R
3749  CDC-1   Critical  1-bit unknown CDC circuitry                     0  False Path  ck_rst         u_spear/spear/sl_f13_reg[4][5]/R
3750  CDC-1   Critical  1-bit unknown CDC circuitry                     0  False Path  ck_rst         u_spear/spear/sl_f13_reg[5][5]/R
3751  CDC-1   Critical  1-bit unknown CDC circuitry                     0  False Path  ck_rst         u_spear/spear/sl_f13_reg[6][5]/R
3752  CDC-1   Critical  1-bit unknown CDC circuitry                     0  False Path  ck_rst         u_spear/spear/sl_f13_reg[7][5]/R
3753  CDC-1   Critical  1-bit unknown CDC circuitry                     0  False Path  ck_rst         u_spear/spear/sl_f13_reg[8][5]/R
3754  CDC-1   Critical  1-bit unknown CDC circuitry                     0  False Path  ck_rst         u_spear/spear/sl_f1_reg[0][3]/R
3755  CDC-1   Critical  1-bit unknown CDC circuitry                     0  False Path  ck_rst         u_spear/spear/sl_f1_reg[0][4]/R
3756  CDC-1   Critical  1-bit unknown CDC circuitry                     0  False Path  ck_rst         u_spear/spear/sl_f1_reg[0][5]/R
3757  CDC-1   Critical  1-bit unknown CDC circuitry                     0  False Path  ck_rst         u_spear/spear/sl_f1_reg[0][6]/R
3758  CDC-1   Critical  1-bit unknown CDC circuitry                     0  False Path  ck_rst         u_spear/spear/sl_f1_reg[1][3]/R
3759  CDC-1   Critical  1-bit unknown CDC circuitry                     0  False Path  ck_rst         u_spear/spear/sl_f1_reg[1][4]/R
3760  CDC-1   Critical  1-bit unknown CDC circuitry                     0  False Path  ck_rst         u_spear/spear/sl_f1_reg[1][5]/R
3761  CDC-1   Critical  1-bit unknown CDC circuitry                     0  False Path  ck_rst         u_spear/spear/sl_f1_reg[1][6]/R
3762  CDC-1   Critical  1-bit unknown CDC circuitry                     0  False Path  ck_rst         u_spear/spear/sl_f1_reg[2][3]/R
3763  CDC-1   Critical  1-bit unknown CDC circuitry                     0  False Path  ck_rst         u_spear/spear/sl_f1_reg[2][4]/R
3764  CDC-1   Critical  1-bit unknown CDC circuitry                     0  False Path  ck_rst         u_spear/spear/sl_f1_reg[2][5]/R
3765  CDC-1   Critical  1-bit unknown CDC circuitry                     0  False Path  ck_rst         u_spear/spear/sl_f1_reg[2][6]/R
3766  CDC-1   Critical  1-bit unknown CDC circuitry                     0  False Path  ck_rst         u_spear/spear/sl_f1_reg[3][3]/R
3767  CDC-1   Critical  1-bit unknown CDC circuitry                     0  False Path  ck_rst         u_spear/spear/sl_f1_reg[3][4]/R
3768  CDC-1   Critical  1-bit unknown CDC circuitry                     0  False Path  ck_rst         u_spear/spear/sl_f1_reg[3][5]/R
3769  CDC-1   Critical  1-bit unknown CDC circuitry                     0  False Path  ck_rst         u_spear/spear/sl_f1_reg[3][6]/R
3770  CDC-1   Critical  1-bit unknown CDC circuitry                     0  False Path  ck_rst         u_spear/spear/sl_f1_reg[4][3]/R
3771  CDC-1   Critical  1-bit unknown CDC circuitry                     0  False Path  ck_rst         u_spear/spear/sl_f1_reg[4][4]/R
3772  CDC-1   Critical  1-bit unknown CDC circuitry                     0  False Path  ck_rst         u_spear/spear/sl_f1_reg[4][5]/R
3773  CDC-1   Critical  1-bit unknown CDC circuitry                     0  False Path  ck_rst         u_spear/spear/sl_f1_reg[4][6]/R
3774  CDC-1   Critical  1-bit unknown CDC circuitry                     0  False Path  ck_rst         u_spear/spear/sl_f1_reg[5][3]/R
3775  CDC-1   Critical  1-bit unknown CDC circuitry                     0  False Path  ck_rst         u_spear/spear/sl_f1_reg[5][4]/R
3776  CDC-1   Critical  1-bit unknown CDC circuitry                     0  False Path  ck_rst         u_spear/spear/sl_f1_reg[5][5]/R
3777  CDC-1   Critical  1-bit unknown CDC circuitry                     0  False Path  ck_rst         u_spear/spear/sl_f1_reg[5][6]/R
3778  CDC-1   Critical  1-bit unknown CDC circuitry                     0  False Path  ck_rst         u_spear/spear/sl_f1_reg[6][3]/R
3779  CDC-1   Critical  1-bit unknown CDC circuitry                     0  False Path  ck_rst         u_spear/spear/sl_f1_reg[6][4]/R
3780  CDC-1   Critical  1-bit unknown CDC circuitry                     0  False Path  ck_rst         u_spear/spear/sl_f1_reg[6][5]/R
3781  CDC-1   Critical  1-bit unknown CDC circuitry                     0  False Path  ck_rst         u_spear/spear/sl_f1_reg[6][6]/R
3782  CDC-1   Critical  1-bit unknown CDC circuitry                     0  False Path  ck_rst         u_spear/spear/sl_f1_reg[7][3]/R
3783  CDC-1   Critical  1-bit unknown CDC circuitry                     0  False Path  ck_rst         u_spear/spear/sl_f1_reg[7][4]/R
3784  CDC-1   Critical  1-bit unknown CDC circuitry                     0  False Path  ck_rst         u_spear/spear/sl_f1_reg[7][5]/R
3785  CDC-1   Critical  1-bit unknown CDC circuitry                     0  False Path  ck_rst         u_spear/spear/sl_f1_reg[7][6]/R
3786  CDC-1   Critical  1-bit unknown CDC circuitry                     0  False Path  ck_rst         u_spear/spear/sl_f1_reg[8][3]/R
3787  CDC-1   Critical  1-bit unknown CDC circuitry                     0  False Path  ck_rst         u_spear/spear/sl_f1_reg[8][4]/R
3788  CDC-1   Critical  1-bit unknown CDC circuitry                     0  False Path  ck_rst         u_spear/spear/sl_f1_reg[8][5]/R
3789  CDC-1   Critical  1-bit unknown CDC circuitry                     0  False Path  ck_rst         u_spear/spear/sl_f1_reg[8][6]/R
3790  CDC-1   Critical  1-bit unknown CDC circuitry                     0  False Path  ck_rst         u_spear/spear/sl_f2_reg[0][6]/R
3791  CDC-1   Critical  1-bit unknown CDC circuitry                     0  False Path  ck_rst         u_spear/spear/sl_f2_reg[1][5]/R
3792  CDC-1   Critical  1-bit unknown CDC circuitry                     0  False Path  ck_rst         u_spear/spear/sl_f2_reg[2][5]/R
3793  CDC-1   Critical  1-bit unknown CDC circuitry                     0  False Path  ck_rst         u_spear/spear/sl_f2_reg[3][5]/R
3794  CDC-1   Critical  1-bit unknown CDC circuitry                     0  False Path  ck_rst         u_spear/spear/sl_f2_reg[4][5]/R
3795  CDC-1   Critical  1-bit unknown CDC circuitry                     0  False Path  ck_rst         u_spear/spear/sl_f2_reg[5][5]/R
3796  CDC-1   Critical  1-bit unknown CDC circuitry                     0  False Path  ck_rst         u_spear/spear/sl_f2_reg[6][5]/R
3797  CDC-1   Critical  1-bit unknown CDC circuitry                     0  False Path  ck_rst         u_spear/spear/sl_f2_reg[7][5]/R
3798  CDC-1   Critical  1-bit unknown CDC circuitry                     0  False Path  ck_rst         u_spear/spear/sl_f2_reg[8][5]/R
3799  CDC-1   Critical  1-bit unknown CDC circuitry                     0  False Path  ck_rst         u_spear/spear/sl_sc_reg[0][0]/R
3800  CDC-1   Critical  1-bit unknown CDC circuitry                     0  False Path  ck_rst         u_spear/spear/sl_sc_reg[0][1]/R
3801  CDC-1   Critical  1-bit unknown CDC circuitry                     0  False Path  ck_rst         u_spear/spear/sl_sc_reg[0][2]/R
3802  CDC-1   Critical  1-bit unknown CDC circuitry                     0  False Path  ck_rst         u_spear/spear/sl_sc_reg[0][3]/R
3803  CDC-1   Critical  1-bit unknown CDC circuitry                     0  False Path  ck_rst         u_spear/spear/sl_sc_reg[0][4]/R
3804  CDC-1   Critical  1-bit unknown CDC circuitry                     0  False Path  ck_rst         u_spear/spear/sl_sc_reg[0][5]/R
3805  CDC-1   Critical  1-bit unknown CDC circuitry                     0  False Path  ck_rst         u_spear/spear/sl_sc_reg[0][6]/R
3806  CDC-1   Critical  1-bit unknown CDC circuitry                     0  False Path  ck_rst         u_spear/spear/sl_sc_reg[0][7]/R
3807  CDC-1   Critical  1-bit unknown CDC circuitry                     0  False Path  ck_rst         u_spear/spear/sl_sc_reg[0][8]/R
3808  CDC-1   Critical  1-bit unknown CDC circuitry                     0  False Path  ck_rst         u_spear/spear/sl_sc_reg[0][9]/R
3809  CDC-1   Critical  1-bit unknown CDC circuitry                     0  False Path  ck_rst         u_spear/spear/sl_sc_reg[0][10]/R
3810  CDC-1   Critical  1-bit unknown CDC circuitry                     0  False Path  ck_rst         u_spear/spear/sl_sc_reg[0][11]/R
3811  CDC-1   Critical  1-bit unknown CDC circuitry                     0  False Path  ck_rst         u_spear/spear/sl_sc_reg[0][12]/R
3812  CDC-1   Critical  1-bit unknown CDC circuitry                     0  False Path  ck_rst         u_spear/spear/sl_sc_reg[0][13]/R
3813  CDC-1   Critical  1-bit unknown CDC circuitry                     0  False Path  ck_rst         u_spear/spear/sl_sc_reg[0][14]/R
3814  CDC-1   Critical  1-bit unknown CDC circuitry                     0  False Path  ck_rst         u_spear/spear/sl_sc_reg[0][15]/R
3815  CDC-1   Critical  1-bit unknown CDC circuitry                     0  False Path  ck_rst         u_spear/spear/sl_sc_reg[1][0]/R
3816  CDC-1   Critical  1-bit unknown CDC circuitry                     0  False Path  ck_rst         u_spear/spear/sl_sc_reg[1][1]/R
3817  CDC-1   Critical  1-bit unknown CDC circuitry                     0  False Path  ck_rst         u_spear/spear/sl_sc_reg[1][2]/R
3818  CDC-1   Critical  1-bit unknown CDC circuitry                     0  False Path  ck_rst         u_spear/spear/sl_sc_reg[1][3]/R
3819  CDC-1   Critical  1-bit unknown CDC circuitry                     0  False Path  ck_rst         u_spear/spear/sl_sc_reg[1][4]/R
3820  CDC-1   Critical  1-bit unknown CDC circuitry                     0  False Path  ck_rst         u_spear/spear/sl_sc_reg[1][5]/R
3821  CDC-1   Critical  1-bit unknown CDC circuitry                     0  False Path  ck_rst         u_spear/spear/sl_sc_reg[1][6]/R
3822  CDC-1   Critical  1-bit unknown CDC circuitry                     0  False Path  ck_rst         u_spear/spear/sl_sc_reg[1][7]/R
3823  CDC-1   Critical  1-bit unknown CDC circuitry                     0  False Path  ck_rst         u_spear/spear/sl_sc_reg[1][8]/R
3824  CDC-1   Critical  1-bit unknown CDC circuitry                     0  False Path  ck_rst         u_spear/spear/sl_sc_reg[1][9]/R
3825  CDC-1   Critical  1-bit unknown CDC circuitry                     0  False Path  ck_rst         u_spear/spear/sl_sc_reg[1][10]/R
3826  CDC-1   Critical  1-bit unknown CDC circuitry                     0  False Path  ck_rst         u_spear/spear/sl_sc_reg[1][11]/R
3827  CDC-1   Critical  1-bit unknown CDC circuitry                     0  False Path  ck_rst         u_spear/spear/sl_sc_reg[1][12]/R
3828  CDC-1   Critical  1-bit unknown CDC circuitry                     0  False Path  ck_rst         u_spear/spear/sl_sc_reg[1][13]/R
3829  CDC-1   Critical  1-bit unknown CDC circuitry                     0  False Path  ck_rst         u_spear/spear/sl_sc_reg[1][14]/R
3830  CDC-1   Critical  1-bit unknown CDC circuitry                     0  False Path  ck_rst         u_spear/spear/sl_sc_reg[1][15]/R
3831  CDC-1   Critical  1-bit unknown CDC circuitry                     0  False Path  ck_rst         u_spear/spear/sl_sc_reg[2][0]/R
3832  CDC-1   Critical  1-bit unknown CDC circuitry                     0  False Path  ck_rst         u_spear/spear/sl_sc_reg[2][1]/R
3833  CDC-1   Critical  1-bit unknown CDC circuitry                     0  False Path  ck_rst         u_spear/spear/sl_sc_reg[2][2]/R
3834  CDC-1   Critical  1-bit unknown CDC circuitry                     0  False Path  ck_rst         u_spear/spear/sl_sc_reg[2][3]/R
3835  CDC-1   Critical  1-bit unknown CDC circuitry                     0  False Path  ck_rst         u_spear/spear/sl_sc_reg[2][4]/R
3836  CDC-1   Critical  1-bit unknown CDC circuitry                     0  False Path  ck_rst         u_spear/spear/sl_sc_reg[2][5]/R
3837  CDC-1   Critical  1-bit unknown CDC circuitry                     0  False Path  ck_rst         u_spear/spear/sl_sc_reg[2][6]/R
3838  CDC-1   Critical  1-bit unknown CDC circuitry                     0  False Path  ck_rst         u_spear/spear/sl_sc_reg[2][7]/R
3839  CDC-1   Critical  1-bit unknown CDC circuitry                     0  False Path  ck_rst         u_spear/spear/sl_sc_reg[2][8]/R
3840  CDC-1   Critical  1-bit unknown CDC circuitry                     0  False Path  ck_rst         u_spear/spear/sl_sc_reg[2][9]/R
3841  CDC-1   Critical  1-bit unknown CDC circuitry                     0  False Path  ck_rst         u_spear/spear/sl_sc_reg[2][10]/R
3842  CDC-1   Critical  1-bit unknown CDC circuitry                     0  False Path  ck_rst         u_spear/spear/sl_sc_reg[2][11]/R
3843  CDC-1   Critical  1-bit unknown CDC circuitry                     0  False Path  ck_rst         u_spear/spear/sl_sc_reg[2][12]/R
3844  CDC-1   Critical  1-bit unknown CDC circuitry                     0  False Path  ck_rst         u_spear/spear/sl_sc_reg[2][13]/R
3845  CDC-1   Critical  1-bit unknown CDC circuitry                     0  False Path  ck_rst         u_spear/spear/sl_sc_reg[2][14]/R
3846  CDC-1   Critical  1-bit unknown CDC circuitry                     0  False Path  ck_rst         u_spear/spear/sl_sc_reg[2][15]/R
3847  CDC-1   Critical  1-bit unknown CDC circuitry                     0  False Path  ck_rst         u_spear/spear/sl_sc_reg[3][0]/R
3848  CDC-1   Critical  1-bit unknown CDC circuitry                     0  False Path  ck_rst         u_spear/spear/sl_sc_reg[3][1]/R
3849  CDC-1   Critical  1-bit unknown CDC circuitry                     0  False Path  ck_rst         u_spear/spear/sl_sc_reg[3][2]/R
3850  CDC-1   Critical  1-bit unknown CDC circuitry                     0  False Path  ck_rst         u_spear/spear/sl_sc_reg[3][3]/R
3851  CDC-1   Critical  1-bit unknown CDC circuitry                     0  False Path  ck_rst         u_spear/spear/sl_sc_reg[3][4]/R
3852  CDC-1   Critical  1-bit unknown CDC circuitry                     0  False Path  ck_rst         u_spear/spear/sl_sc_reg[3][5]/R
3853  CDC-1   Critical  1-bit unknown CDC circuitry                     0  False Path  ck_rst         u_spear/spear/sl_sc_reg[3][6]/R
3854  CDC-1   Critical  1-bit unknown CDC circuitry                     0  False Path  ck_rst         u_spear/spear/sl_sc_reg[3][7]/R
3855  CDC-1   Critical  1-bit unknown CDC circuitry                     0  False Path  ck_rst         u_spear/spear/sl_sc_reg[3][8]/R
3856  CDC-1   Critical  1-bit unknown CDC circuitry                     0  False Path  ck_rst         u_spear/spear/sl_sc_reg[3][9]/R
3857  CDC-1   Critical  1-bit unknown CDC circuitry                     0  False Path  ck_rst         u_spear/spear/sl_sc_reg[3][10]/R
3858  CDC-1   Critical  1-bit unknown CDC circuitry                     0  False Path  ck_rst         u_spear/spear/sl_sc_reg[3][11]/R
3859  CDC-1   Critical  1-bit unknown CDC circuitry                     0  False Path  ck_rst         u_spear/spear/sl_sc_reg[3][12]/R
3860  CDC-1   Critical  1-bit unknown CDC circuitry                     0  False Path  ck_rst         u_spear/spear/sl_sc_reg[3][13]/R
3861  CDC-1   Critical  1-bit unknown CDC circuitry                     0  False Path  ck_rst         u_spear/spear/sl_sc_reg[3][14]/R
3862  CDC-1   Critical  1-bit unknown CDC circuitry                     0  False Path  ck_rst         u_spear/spear/sl_sc_reg[3][15]/R
3863  CDC-1   Critical  1-bit unknown CDC circuitry                     0  False Path  ck_rst         u_spear/spear/sl_sc_reg[4][0]/R
3864  CDC-1   Critical  1-bit unknown CDC circuitry                     0  False Path  ck_rst         u_spear/spear/sl_sc_reg[4][1]/R
3865  CDC-1   Critical  1-bit unknown CDC circuitry                     0  False Path  ck_rst         u_spear/spear/sl_sc_reg[4][2]/R
3866  CDC-1   Critical  1-bit unknown CDC circuitry                     0  False Path  ck_rst         u_spear/spear/sl_sc_reg[4][3]/R
3867  CDC-1   Critical  1-bit unknown CDC circuitry                     0  False Path  ck_rst         u_spear/spear/sl_sc_reg[4][4]/R
3868  CDC-1   Critical  1-bit unknown CDC circuitry                     0  False Path  ck_rst         u_spear/spear/sl_sc_reg[4][5]/R
3869  CDC-1   Critical  1-bit unknown CDC circuitry                     0  False Path  ck_rst         u_spear/spear/sl_sc_reg[4][6]/R
3870  CDC-1   Critical  1-bit unknown CDC circuitry                     0  False Path  ck_rst         u_spear/spear/sl_sc_reg[4][7]/R
3871  CDC-1   Critical  1-bit unknown CDC circuitry                     0  False Path  ck_rst         u_spear/spear/sl_sc_reg[4][8]/R
3872  CDC-1   Critical  1-bit unknown CDC circuitry                     0  False Path  ck_rst         u_spear/spear/sl_sc_reg[4][9]/R
3873  CDC-1   Critical  1-bit unknown CDC circuitry                     0  False Path  ck_rst         u_spear/spear/sl_sc_reg[4][10]/R
3874  CDC-1   Critical  1-bit unknown CDC circuitry                     0  False Path  ck_rst         u_spear/spear/sl_sc_reg[4][11]/R
3875  CDC-1   Critical  1-bit unknown CDC circuitry                     0  False Path  ck_rst         u_spear/spear/sl_sc_reg[4][12]/R
3876  CDC-1   Critical  1-bit unknown CDC circuitry                     0  False Path  ck_rst         u_spear/spear/sl_sc_reg[4][13]/R
3877  CDC-1   Critical  1-bit unknown CDC circuitry                     0  False Path  ck_rst         u_spear/spear/sl_sc_reg[4][14]/R
3878  CDC-1   Critical  1-bit unknown CDC circuitry                     0  False Path  ck_rst         u_spear/spear/sl_sc_reg[4][15]/R
3879  CDC-1   Critical  1-bit unknown CDC circuitry                     0  False Path  ck_rst         u_spear/spear/sl_sc_reg[5][0]/R
3880  CDC-1   Critical  1-bit unknown CDC circuitry                     0  False Path  ck_rst         u_spear/spear/sl_sc_reg[5][1]/R
3881  CDC-1   Critical  1-bit unknown CDC circuitry                     0  False Path  ck_rst         u_spear/spear/sl_sc_reg[5][2]/R
3882  CDC-1   Critical  1-bit unknown CDC circuitry                     0  False Path  ck_rst         u_spear/spear/sl_sc_reg[5][3]/R
3883  CDC-1   Critical  1-bit unknown CDC circuitry                     0  False Path  ck_rst         u_spear/spear/sl_sc_reg[5][4]/R
3884  CDC-1   Critical  1-bit unknown CDC circuitry                     0  False Path  ck_rst         u_spear/spear/sl_sc_reg[5][5]/R
3885  CDC-1   Critical  1-bit unknown CDC circuitry                     0  False Path  ck_rst         u_spear/spear/sl_sc_reg[5][6]/R
3886  CDC-1   Critical  1-bit unknown CDC circuitry                     0  False Path  ck_rst         u_spear/spear/sl_sc_reg[5][7]/R
3887  CDC-1   Critical  1-bit unknown CDC circuitry                     0  False Path  ck_rst         u_spear/spear/sl_sc_reg[5][8]/R
3888  CDC-1   Critical  1-bit unknown CDC circuitry                     0  False Path  ck_rst         u_spear/spear/sl_sc_reg[5][9]/R
3889  CDC-1   Critical  1-bit unknown CDC circuitry                     0  False Path  ck_rst         u_spear/spear/sl_sc_reg[5][10]/R
3890  CDC-1   Critical  1-bit unknown CDC circuitry                     0  False Path  ck_rst         u_spear/spear/sl_sc_reg[5][11]/R
3891  CDC-1   Critical  1-bit unknown CDC circuitry                     0  False Path  ck_rst         u_spear/spear/sl_sc_reg[5][12]/R
3892  CDC-1   Critical  1-bit unknown CDC circuitry                     0  False Path  ck_rst         u_spear/spear/sl_sc_reg[5][13]/R
3893  CDC-1   Critical  1-bit unknown CDC circuitry                     0  False Path  ck_rst         u_spear/spear/sl_sc_reg[5][14]/R
3894  CDC-1   Critical  1-bit unknown CDC circuitry                     0  False Path  ck_rst         u_spear/spear/sl_sc_reg[5][15]/R
3895  CDC-1   Critical  1-bit unknown CDC circuitry                     0  False Path  ck_rst         u_spear/spear/sl_sc_reg[6][0]/R
3896  CDC-1   Critical  1-bit unknown CDC circuitry                     0  False Path  ck_rst         u_spear/spear/sl_sc_reg[6][1]/R
3897  CDC-1   Critical  1-bit unknown CDC circuitry                     0  False Path  ck_rst         u_spear/spear/sl_sc_reg[6][2]/R
3898  CDC-1   Critical  1-bit unknown CDC circuitry                     0  False Path  ck_rst         u_spear/spear/sl_sc_reg[6][3]/R
3899  CDC-1   Critical  1-bit unknown CDC circuitry                     0  False Path  ck_rst         u_spear/spear/sl_sc_reg[6][4]/R
3900  CDC-1   Critical  1-bit unknown CDC circuitry                     0  False Path  ck_rst         u_spear/spear/sl_sc_reg[6][5]/R
3901  CDC-1   Critical  1-bit unknown CDC circuitry                     0  False Path  ck_rst         u_spear/spear/sl_sc_reg[6][6]/R
3902  CDC-1   Critical  1-bit unknown CDC circuitry                     0  False Path  ck_rst         u_spear/spear/sl_sc_reg[6][7]/R
3903  CDC-1   Critical  1-bit unknown CDC circuitry                     0  False Path  ck_rst         u_spear/spear/sl_sc_reg[6][8]/R
3904  CDC-1   Critical  1-bit unknown CDC circuitry                     0  False Path  ck_rst         u_spear/spear/sl_sc_reg[6][9]/R
3905  CDC-1   Critical  1-bit unknown CDC circuitry                     0  False Path  ck_rst         u_spear/spear/sl_sc_reg[6][10]/R
3906  CDC-1   Critical  1-bit unknown CDC circuitry                     0  False Path  ck_rst         u_spear/spear/sl_sc_reg[6][11]/R
3907  CDC-1   Critical  1-bit unknown CDC circuitry                     0  False Path  ck_rst         u_spear/spear/sl_sc_reg[6][12]/R
3908  CDC-1   Critical  1-bit unknown CDC circuitry                     0  False Path  ck_rst         u_spear/spear/sl_sc_reg[6][13]/R
3909  CDC-1   Critical  1-bit unknown CDC circuitry                     0  False Path  ck_rst         u_spear/spear/sl_sc_reg[6][14]/R
3910  CDC-1   Critical  1-bit unknown CDC circuitry                     0  False Path  ck_rst         u_spear/spear/sl_sc_reg[6][15]/R
3911  CDC-1   Critical  1-bit unknown CDC circuitry                     0  False Path  ck_rst         u_spear/spear/sl_sc_reg[7][0]/R
3912  CDC-1   Critical  1-bit unknown CDC circuitry                     0  False Path  ck_rst         u_spear/spear/sl_sc_reg[7][1]/R
3913  CDC-1   Critical  1-bit unknown CDC circuitry                     0  False Path  ck_rst         u_spear/spear/sl_sc_reg[7][2]/R
3914  CDC-1   Critical  1-bit unknown CDC circuitry                     0  False Path  ck_rst         u_spear/spear/sl_sc_reg[7][3]/R
3915  CDC-1   Critical  1-bit unknown CDC circuitry                     0  False Path  ck_rst         u_spear/spear/sl_sc_reg[7][4]/R
3916  CDC-1   Critical  1-bit unknown CDC circuitry                     0  False Path  ck_rst         u_spear/spear/sl_sc_reg[7][5]/R
3917  CDC-1   Critical  1-bit unknown CDC circuitry                     0  False Path  ck_rst         u_spear/spear/sl_sc_reg[7][6]/R
3918  CDC-1   Critical  1-bit unknown CDC circuitry                     0  False Path  ck_rst         u_spear/spear/sl_sc_reg[7][7]/R
3919  CDC-1   Critical  1-bit unknown CDC circuitry                     0  False Path  ck_rst         u_spear/spear/sl_sc_reg[7][8]/R
3920  CDC-1   Critical  1-bit unknown CDC circuitry                     0  False Path  ck_rst         u_spear/spear/sl_sc_reg[7][9]/R
3921  CDC-1   Critical  1-bit unknown CDC circuitry                     0  False Path  ck_rst         u_spear/spear/sl_sc_reg[7][10]/R
3922  CDC-1   Critical  1-bit unknown CDC circuitry                     0  False Path  ck_rst         u_spear/spear/sl_sc_reg[7][11]/R
3923  CDC-1   Critical  1-bit unknown CDC circuitry                     0  False Path  ck_rst         u_spear/spear/sl_sc_reg[7][12]/R
3924  CDC-1   Critical  1-bit unknown CDC circuitry                     0  False Path  ck_rst         u_spear/spear/sl_sc_reg[7][13]/R
3925  CDC-1   Critical  1-bit unknown CDC circuitry                     0  False Path  ck_rst         u_spear/spear/sl_sc_reg[7][14]/R
3926  CDC-1   Critical  1-bit unknown CDC circuitry                     0  False Path  ck_rst         u_spear/spear/sl_sc_reg[7][15]/R
3927  CDC-1   Critical  1-bit unknown CDC circuitry                     0  False Path  ck_rst         u_spear/spear/sl_sc_reg[8][0]/R
3928  CDC-1   Critical  1-bit unknown CDC circuitry                     0  False Path  ck_rst         u_spear/spear/sl_sc_reg[8][1]/R
3929  CDC-1   Critical  1-bit unknown CDC circuitry                     0  False Path  ck_rst         u_spear/spear/sl_sc_reg[8][2]/R
3930  CDC-1   Critical  1-bit unknown CDC circuitry                     0  False Path  ck_rst         u_spear/spear/sl_sc_reg[8][3]/R
3931  CDC-1   Critical  1-bit unknown CDC circuitry                     0  False Path  ck_rst         u_spear/spear/sl_sc_reg[8][4]/R
3932  CDC-1   Critical  1-bit unknown CDC circuitry                     0  False Path  ck_rst         u_spear/spear/sl_sc_reg[8][5]/R
3933  CDC-1   Critical  1-bit unknown CDC circuitry                     0  False Path  ck_rst         u_spear/spear/sl_sc_reg[8][6]/R
3934  CDC-1   Critical  1-bit unknown CDC circuitry                     0  False Path  ck_rst         u_spear/spear/sl_sc_reg[8][7]/R
3935  CDC-1   Critical  1-bit unknown CDC circuitry                     0  False Path  ck_rst         u_spear/spear/sl_sc_reg[8][8]/R
3936  CDC-1   Critical  1-bit unknown CDC circuitry                     0  False Path  ck_rst         u_spear/spear/sl_sc_reg[8][9]/R
3937  CDC-1   Critical  1-bit unknown CDC circuitry                     0  False Path  ck_rst         u_spear/spear/sl_sc_reg[8][10]/R
3938  CDC-1   Critical  1-bit unknown CDC circuitry                     0  False Path  ck_rst         u_spear/spear/sl_sc_reg[8][11]/R
3939  CDC-1   Critical  1-bit unknown CDC circuitry                     0  False Path  ck_rst         u_spear/spear/sl_sc_reg[8][12]/R
3940  CDC-1   Critical  1-bit unknown CDC circuitry                     0  False Path  ck_rst         u_spear/spear/sl_sc_reg[8][13]/R
3941  CDC-1   Critical  1-bit unknown CDC circuitry                     0  False Path  ck_rst         u_spear/spear/sl_sc_reg[8][14]/R
3942  CDC-1   Critical  1-bit unknown CDC circuitry                     0  False Path  ck_rst         u_spear/spear/sl_sc_reg[8][15]/R
3943  CDC-1   Critical  1-bit unknown CDC circuitry                     0  False Path  ck_rst         u_spear/spear/sl_seq_reg[0][0]/R
3944  CDC-1   Critical  1-bit unknown CDC circuitry                     0  False Path  ck_rst         u_spear/spear/sl_seq_reg[0][1]/R
3945  CDC-1   Critical  1-bit unknown CDC circuitry                     0  False Path  ck_rst         u_spear/spear/sl_seq_reg[0][2]/R
3946  CDC-1   Critical  1-bit unknown CDC circuitry                     0  False Path  ck_rst         u_spear/spear/sl_seq_reg[0][3]/R
3947  CDC-1   Critical  1-bit unknown CDC circuitry                     0  False Path  ck_rst         u_spear/spear/sl_seq_reg[0][4]/R
3948  CDC-1   Critical  1-bit unknown CDC circuitry                     0  False Path  ck_rst         u_spear/spear/sl_seq_reg[0][5]/R
3949  CDC-1   Critical  1-bit unknown CDC circuitry                     0  False Path  ck_rst         u_spear/spear/sl_seq_reg[0][6]/R
3950  CDC-1   Critical  1-bit unknown CDC circuitry                     0  False Path  ck_rst         u_spear/spear/sl_seq_reg[0][7]/R
3951  CDC-1   Critical  1-bit unknown CDC circuitry                     0  False Path  ck_rst         u_spear/spear/sl_seq_reg[0][8]/R
3952  CDC-1   Critical  1-bit unknown CDC circuitry                     0  False Path  ck_rst         u_spear/spear/sl_seq_reg[0][9]/R
3953  CDC-1   Critical  1-bit unknown CDC circuitry                     0  False Path  ck_rst         u_spear/spear/sl_seq_reg[0][10]/R
3954  CDC-1   Critical  1-bit unknown CDC circuitry                     0  False Path  ck_rst         u_spear/spear/sl_seq_reg[0][11]/R
3955  CDC-1   Critical  1-bit unknown CDC circuitry                     0  False Path  ck_rst         u_spear/spear/sl_seq_reg[0][12]/R
3956  CDC-1   Critical  1-bit unknown CDC circuitry                     0  False Path  ck_rst         u_spear/spear/sl_seq_reg[0][13]/R
3957  CDC-1   Critical  1-bit unknown CDC circuitry                     0  False Path  ck_rst         u_spear/spear/sl_seq_reg[0][14]/R
3958  CDC-1   Critical  1-bit unknown CDC circuitry                     0  False Path  ck_rst         u_spear/spear/sl_seq_reg[0][15]/R
3959  CDC-1   Critical  1-bit unknown CDC circuitry                     0  False Path  ck_rst         u_spear/spear/sl_seq_reg[1][0]/R
3960  CDC-1   Critical  1-bit unknown CDC circuitry                     0  False Path  ck_rst         u_spear/spear/sl_seq_reg[1][1]/R
3961  CDC-1   Critical  1-bit unknown CDC circuitry                     0  False Path  ck_rst         u_spear/spear/sl_seq_reg[1][2]/R
3962  CDC-1   Critical  1-bit unknown CDC circuitry                     0  False Path  ck_rst         u_spear/spear/sl_seq_reg[1][3]/R
3963  CDC-1   Critical  1-bit unknown CDC circuitry                     0  False Path  ck_rst         u_spear/spear/sl_seq_reg[1][4]/R
3964  CDC-1   Critical  1-bit unknown CDC circuitry                     0  False Path  ck_rst         u_spear/spear/sl_seq_reg[1][5]/R
3965  CDC-1   Critical  1-bit unknown CDC circuitry                     0  False Path  ck_rst         u_spear/spear/sl_seq_reg[1][6]/R
3966  CDC-1   Critical  1-bit unknown CDC circuitry                     0  False Path  ck_rst         u_spear/spear/sl_seq_reg[1][7]/R
3967  CDC-1   Critical  1-bit unknown CDC circuitry                     0  False Path  ck_rst         u_spear/spear/sl_seq_reg[1][8]/R
3968  CDC-1   Critical  1-bit unknown CDC circuitry                     0  False Path  ck_rst         u_spear/spear/sl_seq_reg[1][9]/R
3969  CDC-1   Critical  1-bit unknown CDC circuitry                     0  False Path  ck_rst         u_spear/spear/sl_seq_reg[1][10]/R
3970  CDC-1   Critical  1-bit unknown CDC circuitry                     0  False Path  ck_rst         u_spear/spear/sl_seq_reg[1][11]/R
3971  CDC-1   Critical  1-bit unknown CDC circuitry                     0  False Path  ck_rst         u_spear/spear/sl_seq_reg[1][12]/R
3972  CDC-1   Critical  1-bit unknown CDC circuitry                     0  False Path  ck_rst         u_spear/spear/sl_seq_reg[1][13]/R
3973  CDC-1   Critical  1-bit unknown CDC circuitry                     0  False Path  ck_rst         u_spear/spear/sl_seq_reg[1][14]/R
3974  CDC-1   Critical  1-bit unknown CDC circuitry                     0  False Path  ck_rst         u_spear/spear/sl_seq_reg[1][15]/R
3975  CDC-1   Critical  1-bit unknown CDC circuitry                     0  False Path  ck_rst         u_spear/spear/sl_seq_reg[2][0]/R
3976  CDC-1   Critical  1-bit unknown CDC circuitry                     0  False Path  ck_rst         u_spear/spear/sl_seq_reg[2][1]/R
3977  CDC-1   Critical  1-bit unknown CDC circuitry                     0  False Path  ck_rst         u_spear/spear/sl_seq_reg[2][2]/R
3978  CDC-1   Critical  1-bit unknown CDC circuitry                     0  False Path  ck_rst         u_spear/spear/sl_seq_reg[2][3]/R
3979  CDC-1   Critical  1-bit unknown CDC circuitry                     0  False Path  ck_rst         u_spear/spear/sl_seq_reg[2][4]/R
3980  CDC-1   Critical  1-bit unknown CDC circuitry                     0  False Path  ck_rst         u_spear/spear/sl_seq_reg[2][5]/R
3981  CDC-1   Critical  1-bit unknown CDC circuitry                     0  False Path  ck_rst         u_spear/spear/sl_seq_reg[2][6]/R
3982  CDC-1   Critical  1-bit unknown CDC circuitry                     0  False Path  ck_rst         u_spear/spear/sl_seq_reg[2][7]/R
3983  CDC-1   Critical  1-bit unknown CDC circuitry                     0  False Path  ck_rst         u_spear/spear/sl_seq_reg[2][8]/R
3984  CDC-1   Critical  1-bit unknown CDC circuitry                     0  False Path  ck_rst         u_spear/spear/sl_seq_reg[2][9]/R
3985  CDC-1   Critical  1-bit unknown CDC circuitry                     0  False Path  ck_rst         u_spear/spear/sl_seq_reg[2][10]/R
3986  CDC-1   Critical  1-bit unknown CDC circuitry                     0  False Path  ck_rst         u_spear/spear/sl_seq_reg[2][11]/R
3987  CDC-1   Critical  1-bit unknown CDC circuitry                     0  False Path  ck_rst         u_spear/spear/sl_seq_reg[2][12]/R
3988  CDC-1   Critical  1-bit unknown CDC circuitry                     0  False Path  ck_rst         u_spear/spear/sl_seq_reg[2][13]/R
3989  CDC-1   Critical  1-bit unknown CDC circuitry                     0  False Path  ck_rst         u_spear/spear/sl_seq_reg[2][14]/R
3990  CDC-1   Critical  1-bit unknown CDC circuitry                     0  False Path  ck_rst         u_spear/spear/sl_seq_reg[2][15]/R
3991  CDC-1   Critical  1-bit unknown CDC circuitry                     0  False Path  ck_rst         u_spear/spear/sl_seq_reg[3][0]/R
3992  CDC-1   Critical  1-bit unknown CDC circuitry                     0  False Path  ck_rst         u_spear/spear/sl_seq_reg[3][1]/R
3993  CDC-1   Critical  1-bit unknown CDC circuitry                     0  False Path  ck_rst         u_spear/spear/sl_seq_reg[3][2]/R
3994  CDC-1   Critical  1-bit unknown CDC circuitry                     0  False Path  ck_rst         u_spear/spear/sl_seq_reg[3][3]/R
3995  CDC-1   Critical  1-bit unknown CDC circuitry                     0  False Path  ck_rst         u_spear/spear/sl_seq_reg[3][4]/R
3996  CDC-1   Critical  1-bit unknown CDC circuitry                     0  False Path  ck_rst         u_spear/spear/sl_seq_reg[3][5]/R
3997  CDC-1   Critical  1-bit unknown CDC circuitry                     0  False Path  ck_rst         u_spear/spear/sl_seq_reg[3][6]/R
3998  CDC-1   Critical  1-bit unknown CDC circuitry                     0  False Path  ck_rst         u_spear/spear/sl_seq_reg[3][7]/R
3999  CDC-1   Critical  1-bit unknown CDC circuitry                     0  False Path  ck_rst         u_spear/spear/sl_seq_reg[3][8]/R
4000  CDC-1   Critical  1-bit unknown CDC circuitry                     0  False Path  ck_rst         u_spear/spear/sl_seq_reg[3][9]/R
4001  CDC-1   Critical  1-bit unknown CDC circuitry                     0  False Path  ck_rst         u_spear/spear/sl_seq_reg[3][10]/R
4002  CDC-1   Critical  1-bit unknown CDC circuitry                     0  False Path  ck_rst         u_spear/spear/sl_seq_reg[3][11]/R
4003  CDC-1   Critical  1-bit unknown CDC circuitry                     0  False Path  ck_rst         u_spear/spear/sl_seq_reg[3][12]/R
4004  CDC-1   Critical  1-bit unknown CDC circuitry                     0  False Path  ck_rst         u_spear/spear/sl_seq_reg[3][13]/R
4005  CDC-1   Critical  1-bit unknown CDC circuitry                     0  False Path  ck_rst         u_spear/spear/sl_seq_reg[3][14]/R
4006  CDC-1   Critical  1-bit unknown CDC circuitry                     0  False Path  ck_rst         u_spear/spear/sl_seq_reg[3][15]/R
4007  CDC-1   Critical  1-bit unknown CDC circuitry                     0  False Path  ck_rst         u_spear/spear/sl_seq_reg[4][0]/R
4008  CDC-1   Critical  1-bit unknown CDC circuitry                     0  False Path  ck_rst         u_spear/spear/sl_seq_reg[4][1]/R
4009  CDC-1   Critical  1-bit unknown CDC circuitry                     0  False Path  ck_rst         u_spear/spear/sl_seq_reg[4][2]/R
4010  CDC-1   Critical  1-bit unknown CDC circuitry                     0  False Path  ck_rst         u_spear/spear/sl_seq_reg[4][3]/R
4011  CDC-1   Critical  1-bit unknown CDC circuitry                     0  False Path  ck_rst         u_spear/spear/sl_seq_reg[4][4]/R
4012  CDC-1   Critical  1-bit unknown CDC circuitry                     0  False Path  ck_rst         u_spear/spear/sl_seq_reg[4][5]/R
4013  CDC-1   Critical  1-bit unknown CDC circuitry                     0  False Path  ck_rst         u_spear/spear/sl_seq_reg[4][6]/R
4014  CDC-1   Critical  1-bit unknown CDC circuitry                     0  False Path  ck_rst         u_spear/spear/sl_seq_reg[4][7]/R
4015  CDC-1   Critical  1-bit unknown CDC circuitry                     0  False Path  ck_rst         u_spear/spear/sl_seq_reg[4][8]/R
4016  CDC-1   Critical  1-bit unknown CDC circuitry                     0  False Path  ck_rst         u_spear/spear/sl_seq_reg[4][9]/R
4017  CDC-1   Critical  1-bit unknown CDC circuitry                     0  False Path  ck_rst         u_spear/spear/sl_seq_reg[4][10]/R
4018  CDC-1   Critical  1-bit unknown CDC circuitry                     0  False Path  ck_rst         u_spear/spear/sl_seq_reg[4][11]/R
4019  CDC-1   Critical  1-bit unknown CDC circuitry                     0  False Path  ck_rst         u_spear/spear/sl_seq_reg[4][12]/R
4020  CDC-1   Critical  1-bit unknown CDC circuitry                     0  False Path  ck_rst         u_spear/spear/sl_seq_reg[4][13]/R
4021  CDC-1   Critical  1-bit unknown CDC circuitry                     0  False Path  ck_rst         u_spear/spear/sl_seq_reg[4][14]/R
4022  CDC-1   Critical  1-bit unknown CDC circuitry                     0  False Path  ck_rst         u_spear/spear/sl_seq_reg[4][15]/R
4023  CDC-1   Critical  1-bit unknown CDC circuitry                     0  False Path  ck_rst         u_spear/spear/sl_seq_reg[5][0]/R
4024  CDC-1   Critical  1-bit unknown CDC circuitry                     0  False Path  ck_rst         u_spear/spear/sl_seq_reg[5][1]/R
4025  CDC-1   Critical  1-bit unknown CDC circuitry                     0  False Path  ck_rst         u_spear/spear/sl_seq_reg[5][2]/R
4026  CDC-1   Critical  1-bit unknown CDC circuitry                     0  False Path  ck_rst         u_spear/spear/sl_seq_reg[5][3]/R
4027  CDC-1   Critical  1-bit unknown CDC circuitry                     0  False Path  ck_rst         u_spear/spear/sl_seq_reg[5][4]/R
4028  CDC-1   Critical  1-bit unknown CDC circuitry                     0  False Path  ck_rst         u_spear/spear/sl_seq_reg[5][5]/R
4029  CDC-1   Critical  1-bit unknown CDC circuitry                     0  False Path  ck_rst         u_spear/spear/sl_seq_reg[5][6]/R
4030  CDC-1   Critical  1-bit unknown CDC circuitry                     0  False Path  ck_rst         u_spear/spear/sl_seq_reg[5][7]/R
4031  CDC-1   Critical  1-bit unknown CDC circuitry                     0  False Path  ck_rst         u_spear/spear/sl_seq_reg[5][8]/R
4032  CDC-1   Critical  1-bit unknown CDC circuitry                     0  False Path  ck_rst         u_spear/spear/sl_seq_reg[5][9]/R
4033  CDC-1   Critical  1-bit unknown CDC circuitry                     0  False Path  ck_rst         u_spear/spear/sl_seq_reg[5][10]/R
4034  CDC-1   Critical  1-bit unknown CDC circuitry                     0  False Path  ck_rst         u_spear/spear/sl_seq_reg[5][11]/R
4035  CDC-1   Critical  1-bit unknown CDC circuitry                     0  False Path  ck_rst         u_spear/spear/sl_seq_reg[5][12]/R
4036  CDC-1   Critical  1-bit unknown CDC circuitry                     0  False Path  ck_rst         u_spear/spear/sl_seq_reg[5][13]/R
4037  CDC-1   Critical  1-bit unknown CDC circuitry                     0  False Path  ck_rst         u_spear/spear/sl_seq_reg[5][14]/R
4038  CDC-1   Critical  1-bit unknown CDC circuitry                     0  False Path  ck_rst         u_spear/spear/sl_seq_reg[5][15]/R
4039  CDC-1   Critical  1-bit unknown CDC circuitry                     0  False Path  ck_rst         u_spear/spear/sl_seq_reg[6][0]/R
4040  CDC-1   Critical  1-bit unknown CDC circuitry                     0  False Path  ck_rst         u_spear/spear/sl_seq_reg[6][1]/R
4041  CDC-1   Critical  1-bit unknown CDC circuitry                     0  False Path  ck_rst         u_spear/spear/sl_seq_reg[6][2]/R
4042  CDC-1   Critical  1-bit unknown CDC circuitry                     0  False Path  ck_rst         u_spear/spear/sl_seq_reg[6][3]/R
4043  CDC-1   Critical  1-bit unknown CDC circuitry                     0  False Path  ck_rst         u_spear/spear/sl_seq_reg[6][4]/R
4044  CDC-1   Critical  1-bit unknown CDC circuitry                     0  False Path  ck_rst         u_spear/spear/sl_seq_reg[6][5]/R
4045  CDC-1   Critical  1-bit unknown CDC circuitry                     0  False Path  ck_rst         u_spear/spear/sl_seq_reg[6][6]/R
4046  CDC-1   Critical  1-bit unknown CDC circuitry                     0  False Path  ck_rst         u_spear/spear/sl_seq_reg[6][7]/R
4047  CDC-1   Critical  1-bit unknown CDC circuitry                     0  False Path  ck_rst         u_spear/spear/sl_seq_reg[6][8]/R
4048  CDC-1   Critical  1-bit unknown CDC circuitry                     0  False Path  ck_rst         u_spear/spear/sl_seq_reg[6][9]/R
4049  CDC-1   Critical  1-bit unknown CDC circuitry                     0  False Path  ck_rst         u_spear/spear/sl_seq_reg[6][10]/R
4050  CDC-1   Critical  1-bit unknown CDC circuitry                     0  False Path  ck_rst         u_spear/spear/sl_seq_reg[6][11]/R
4051  CDC-1   Critical  1-bit unknown CDC circuitry                     0  False Path  ck_rst         u_spear/spear/sl_seq_reg[6][12]/R
4052  CDC-1   Critical  1-bit unknown CDC circuitry                     0  False Path  ck_rst         u_spear/spear/sl_seq_reg[6][13]/R
4053  CDC-1   Critical  1-bit unknown CDC circuitry                     0  False Path  ck_rst         u_spear/spear/sl_seq_reg[6][14]/R
4054  CDC-1   Critical  1-bit unknown CDC circuitry                     0  False Path  ck_rst         u_spear/spear/sl_seq_reg[6][15]/R
4055  CDC-1   Critical  1-bit unknown CDC circuitry                     0  False Path  ck_rst         u_spear/spear/sl_seq_reg[7][0]/R
4056  CDC-1   Critical  1-bit unknown CDC circuitry                     0  False Path  ck_rst         u_spear/spear/sl_seq_reg[7][1]/R
4057  CDC-1   Critical  1-bit unknown CDC circuitry                     0  False Path  ck_rst         u_spear/spear/sl_seq_reg[7][2]/R
4058  CDC-1   Critical  1-bit unknown CDC circuitry                     0  False Path  ck_rst         u_spear/spear/sl_seq_reg[7][3]/R
4059  CDC-1   Critical  1-bit unknown CDC circuitry                     0  False Path  ck_rst         u_spear/spear/sl_seq_reg[7][4]/R
4060  CDC-1   Critical  1-bit unknown CDC circuitry                     0  False Path  ck_rst         u_spear/spear/sl_seq_reg[7][5]/R
4061  CDC-1   Critical  1-bit unknown CDC circuitry                     0  False Path  ck_rst         u_spear/spear/sl_seq_reg[7][6]/R
4062  CDC-1   Critical  1-bit unknown CDC circuitry                     0  False Path  ck_rst         u_spear/spear/sl_seq_reg[7][7]/R
4063  CDC-1   Critical  1-bit unknown CDC circuitry                     0  False Path  ck_rst         u_spear/spear/sl_seq_reg[7][8]/R
4064  CDC-1   Critical  1-bit unknown CDC circuitry                     0  False Path  ck_rst         u_spear/spear/sl_seq_reg[7][9]/R
4065  CDC-1   Critical  1-bit unknown CDC circuitry                     0  False Path  ck_rst         u_spear/spear/sl_seq_reg[7][10]/R
4066  CDC-1   Critical  1-bit unknown CDC circuitry                     0  False Path  ck_rst         u_spear/spear/sl_seq_reg[7][11]/R
4067  CDC-1   Critical  1-bit unknown CDC circuitry                     0  False Path  ck_rst         u_spear/spear/sl_seq_reg[7][12]/R
4068  CDC-1   Critical  1-bit unknown CDC circuitry                     0  False Path  ck_rst         u_spear/spear/sl_seq_reg[7][13]/R
4069  CDC-1   Critical  1-bit unknown CDC circuitry                     0  False Path  ck_rst         u_spear/spear/sl_seq_reg[7][14]/R
4070  CDC-1   Critical  1-bit unknown CDC circuitry                     0  False Path  ck_rst         u_spear/spear/sl_seq_reg[7][15]/R
4071  CDC-1   Critical  1-bit unknown CDC circuitry                     0  False Path  ck_rst         u_spear/spear/sl_seq_reg[8][0]/R
4072  CDC-1   Critical  1-bit unknown CDC circuitry                     0  False Path  ck_rst         u_spear/spear/sl_seq_reg[8][1]/R
4073  CDC-1   Critical  1-bit unknown CDC circuitry                     0  False Path  ck_rst         u_spear/spear/sl_seq_reg[8][2]/R
4074  CDC-1   Critical  1-bit unknown CDC circuitry                     0  False Path  ck_rst         u_spear/spear/sl_seq_reg[8][3]/R
4075  CDC-1   Critical  1-bit unknown CDC circuitry                     0  False Path  ck_rst         u_spear/spear/sl_seq_reg[8][4]/R
4076  CDC-1   Critical  1-bit unknown CDC circuitry                     0  False Path  ck_rst         u_spear/spear/sl_seq_reg[8][5]/R
4077  CDC-1   Critical  1-bit unknown CDC circuitry                     0  False Path  ck_rst         u_spear/spear/sl_seq_reg[8][6]/R
4078  CDC-1   Critical  1-bit unknown CDC circuitry                     0  False Path  ck_rst         u_spear/spear/sl_seq_reg[8][7]/R
4079  CDC-1   Critical  1-bit unknown CDC circuitry                     0  False Path  ck_rst         u_spear/spear/sl_seq_reg[8][8]/R
4080  CDC-1   Critical  1-bit unknown CDC circuitry                     0  False Path  ck_rst         u_spear/spear/sl_seq_reg[8][9]/R
4081  CDC-1   Critical  1-bit unknown CDC circuitry                     0  False Path  ck_rst         u_spear/spear/sl_seq_reg[8][10]/R
4082  CDC-1   Critical  1-bit unknown CDC circuitry                     0  False Path  ck_rst         u_spear/spear/sl_seq_reg[8][11]/R
4083  CDC-1   Critical  1-bit unknown CDC circuitry                     0  False Path  ck_rst         u_spear/spear/sl_seq_reg[8][12]/R
4084  CDC-1   Critical  1-bit unknown CDC circuitry                     0  False Path  ck_rst         u_spear/spear/sl_seq_reg[8][13]/R
4085  CDC-1   Critical  1-bit unknown CDC circuitry                     0  False Path  ck_rst         u_spear/spear/sl_seq_reg[8][14]/R
4086  CDC-1   Critical  1-bit unknown CDC circuitry                     0  False Path  ck_rst         u_spear/spear/sl_seq_reg[8][15]/R
4087  CDC-1   Critical  1-bit unknown CDC circuitry                     0  False Path  ck_rst         u_spear/spear/sl_v_reg[0]/R
4088  CDC-1   Critical  1-bit unknown CDC circuitry                     0  False Path  ck_rst         u_spear/spear/sl_v_reg[1]/R
4089  CDC-1   Critical  1-bit unknown CDC circuitry                     0  False Path  ck_rst         u_spear/spear/sl_v_reg[2]/R
4090  CDC-1   Critical  1-bit unknown CDC circuitry                     0  False Path  ck_rst         u_spear/spear/sl_v_reg[3]/R
4091  CDC-1   Critical  1-bit unknown CDC circuitry                     0  False Path  ck_rst         u_spear/spear/sl_v_reg[4]/R
4092  CDC-1   Critical  1-bit unknown CDC circuitry                     0  False Path  ck_rst         u_spear/spear/sl_v_reg[5]/R
4093  CDC-1   Critical  1-bit unknown CDC circuitry                     0  False Path  ck_rst         u_spear/spear/sl_v_reg[6]/R
4094  CDC-1   Critical  1-bit unknown CDC circuitry                     0  False Path  ck_rst         u_spear/spear/sl_v_reg[7]/R
4095  CDC-1   Critical  1-bit unknown CDC circuitry                     0  False Path  ck_rst         u_spear/spear/sl_v_reg[8]/R
4096  CDC-13  Critical  1-bit CDC path on a non-FD primitive            0  False Path  ck_rst         u_spear/spear/sum_ext/RSTA
4097  CDC-13  Critical  1-bit CDC path on a non-FD primitive            0  False Path  ck_rst         u_spear/spear/sum_ext/RSTB
4098  CDC-13  Critical  1-bit CDC path on a non-FD primitive            0  False Path  ck_rst         u_spear/spear/sum_ext/RSTC
4099  CDC-1   Critical  1-bit unknown CDC circuitry                     0  False Path  ck_rst         u_spear/spear/tie_overflow_reg/R
4100  CDC-1   Critical  1-bit unknown CDC circuitry                     0  False Path  ck_rst         u_spear/spear/v_at_kh_reg/R
4101  CDC-7   Critical  Asynchronous reset unknown CDC circuitry        0  False Path  ck_rst         u_tx/FSM_sequential_st_reg[0]/CLR
4102  CDC-7   Critical  Asynchronous reset unknown CDC circuitry        0  False Path  ck_rst         u_tx/FSM_sequential_st_reg[1]/CLR
4103  CDC-7   Critical  Asynchronous reset unknown CDC circuitry        0  False Path  ck_rst         u_tx/acc_reg[8]/CLR
4104  CDC-7   Critical  Asynchronous reset unknown CDC circuitry        0  False Path  ck_rst         u_tx/acc_reg[9]/CLR
4105  CDC-7   Critical  Asynchronous reset unknown CDC circuitry        0  False Path  ck_rst         u_tx/acc_reg[10]/CLR
4106  CDC-7   Critical  Asynchronous reset unknown CDC circuitry        0  False Path  ck_rst         u_tx/acc_reg[11]/CLR
4107  CDC-7   Critical  Asynchronous reset unknown CDC circuitry        0  False Path  ck_rst         u_tx/acc_reg[12]/CLR
4108  CDC-7   Critical  Asynchronous reset unknown CDC circuitry        0  False Path  ck_rst         u_tx/acc_reg[13]/CLR
4109  CDC-7   Critical  Asynchronous reset unknown CDC circuitry        0  False Path  ck_rst         u_tx/acc_reg[14]/CLR
4110  CDC-7   Critical  Asynchronous reset unknown CDC circuitry        0  False Path  ck_rst         u_tx/acc_reg[15]/CLR
4111  CDC-7   Critical  Asynchronous reset unknown CDC circuitry        0  False Path  ck_rst         u_tx/acc_reg[16]/CLR
4112  CDC-7   Critical  Asynchronous reset unknown CDC circuitry        0  False Path  ck_rst         u_tx/acc_reg[17]/CLR
4113  CDC-7   Critical  Asynchronous reset unknown CDC circuitry        0  False Path  ck_rst         u_tx/acc_reg[18]/CLR
4114  CDC-7   Critical  Asynchronous reset unknown CDC circuitry        0  False Path  ck_rst         u_tx/acc_reg[19]/CLR
4115  CDC-7   Critical  Asynchronous reset unknown CDC circuitry        0  False Path  ck_rst         u_tx/acc_reg[20]/CLR
4116  CDC-7   Critical  Asynchronous reset unknown CDC circuitry        0  False Path  ck_rst         u_tx/acc_reg[21]/CLR
4117  CDC-7   Critical  Asynchronous reset unknown CDC circuitry        0  False Path  ck_rst         u_tx/acc_reg[22]/CLR
4118  CDC-7   Critical  Asynchronous reset unknown CDC circuitry        0  False Path  ck_rst         u_tx/acc_reg[23]/CLR
4119  CDC-7   Critical  Asynchronous reset unknown CDC circuitry        0  False Path  ck_rst         u_tx/acc_reg[24]/CLR
4120  CDC-7   Critical  Asynchronous reset unknown CDC circuitry        0  False Path  ck_rst         u_tx/acc_reg[25]/CLR
4121  CDC-7   Critical  Asynchronous reset unknown CDC circuitry        0  False Path  ck_rst         u_tx/acc_reg[26]/CLR
4122  CDC-7   Critical  Asynchronous reset unknown CDC circuitry        0  False Path  ck_rst         u_tx/acc_reg[27]/CLR
4123  CDC-7   Critical  Asynchronous reset unknown CDC circuitry        0  False Path  ck_rst         u_tx/acc_reg[28]/CLR
4124  CDC-7   Critical  Asynchronous reset unknown CDC circuitry        0  False Path  ck_rst         u_tx/acc_reg[29]/CLR
4125  CDC-7   Critical  Asynchronous reset unknown CDC circuitry        0  False Path  ck_rst         u_tx/acc_reg[30]/CLR
4126  CDC-7   Critical  Asynchronous reset unknown CDC circuitry        0  False Path  ck_rst         u_tx/acc_reg[31]/CLR
4127  CDC-7   Critical  Asynchronous reset unknown CDC circuitry        0  False Path  ck_rst         u_tx/bitn_reg[0]/CLR
4128  CDC-7   Critical  Asynchronous reset unknown CDC circuitry        0  False Path  ck_rst         u_tx/bitn_reg[1]/CLR
4129  CDC-7   Critical  Asynchronous reset unknown CDC circuitry        0  False Path  ck_rst         u_tx/bitn_reg[2]/CLR
4130  CDC-7   Critical  Asynchronous reset unknown CDC circuitry        0  False Path  ck_rst         u_tx/bitn_reg[3]/CLR
4131  CDC-7   Critical  Asynchronous reset unknown CDC circuitry        0  False Path  ck_rst         u_tx/bix_reg[0]/CLR
4132  CDC-7   Critical  Asynchronous reset unknown CDC circuitry        0  False Path  ck_rst         u_tx/bix_reg[1]/CLR
4133  CDC-7   Critical  Asynchronous reset unknown CDC circuitry        0  False Path  ck_rst         u_tx/div_reg[0]/CLR
4134  CDC-7   Critical  Asynchronous reset unknown CDC circuitry        0  False Path  ck_rst         u_tx/div_reg[1]/CLR
4135  CDC-7   Critical  Asynchronous reset unknown CDC circuitry        0  False Path  ck_rst         u_tx/div_reg[2]/CLR
4136  CDC-7   Critical  Asynchronous reset unknown CDC circuitry        0  False Path  ck_rst         u_tx/div_reg[3]/CLR
4137  CDC-7   Critical  Asynchronous reset unknown CDC circuitry        0  False Path  ck_rst         u_tx/div_reg[4]/CLR
4138  CDC-7   Critical  Asynchronous reset unknown CDC circuitry        0  False Path  ck_rst         u_tx/div_reg[5]/CLR
4139  CDC-7   Critical  Asynchronous reset unknown CDC circuitry        0  False Path  ck_rst         u_tx/div_reg[6]/CLR
4140  CDC-7   Critical  Asynchronous reset unknown CDC circuitry        0  False Path  ck_rst         u_tx/div_reg[7]/CLR
4141  CDC-7   Critical  Asynchronous reset unknown CDC circuitry        0  False Path  ck_rst         u_tx/div_reg[8]/CLR
4142  CDC-7   Critical  Asynchronous reset unknown CDC circuitry        0  False Path  ck_rst         u_tx/div_reg[9]/CLR
4143  CDC-7   Critical  Asynchronous reset unknown CDC circuitry        0  False Path  ck_rst         u_tx/div_reg[10]/CLR
4144  CDC-7   Critical  Asynchronous reset unknown CDC circuitry        0  False Path  ck_rst         u_tx/div_reg[11]/CLR
4145  CDC-7   Critical  Asynchronous reset unknown CDC circuitry        0  False Path  ck_rst         u_tx/div_reg[12]/CLR
4146  CDC-7   Critical  Asynchronous reset unknown CDC circuitry        0  False Path  ck_rst         u_tx/div_reg[13]/CLR
4147  CDC-7   Critical  Asynchronous reset unknown CDC circuitry        0  False Path  ck_rst         u_tx/div_reg[14]/CLR
4148  CDC-7   Critical  Asynchronous reset unknown CDC circuitry        0  False Path  ck_rst         u_tx/div_reg[15]/CLR
4149  CDC-7   Critical  Asynchronous reset unknown CDC circuitry        0  False Path  ck_rst         u_tx/sh_reg[0]/CLR
4150  CDC-7   Critical  Asynchronous reset unknown CDC circuitry        0  False Path  ck_rst         u_tx/sh_reg[1]/CLR
4151  CDC-7   Critical  Asynchronous reset unknown CDC circuitry        0  False Path  ck_rst         u_tx/sh_reg[2]/CLR
4152  CDC-7   Critical  Asynchronous reset unknown CDC circuitry        0  False Path  ck_rst         u_tx/sh_reg[3]/CLR
4153  CDC-7   Critical  Asynchronous reset unknown CDC circuitry        0  False Path  ck_rst         u_tx/sh_reg[4]/CLR
4154  CDC-7   Critical  Asynchronous reset unknown CDC circuitry        0  False Path  ck_rst         u_tx/sh_reg[5]/CLR
4155  CDC-7   Critical  Asynchronous reset unknown CDC circuitry        0  False Path  ck_rst         u_tx/sh_reg[6]/CLR
4156  CDC-7   Critical  Asynchronous reset unknown CDC circuitry        0  False Path  ck_rst         u_tx/sh_reg[7]/CLR
4157  CDC-7   Critical  Asynchronous reset unknown CDC circuitry        0  False Path  ck_rst         u_tx/tx_reg/PRE
4158  CDC-7   Critical  Asynchronous reset unknown CDC circuitry        0  False Path  ck_rst         u_tx/w_ready_reg/PRE

