INFO: [Common 17-3922] A valid Vivado Design Suite BASIC license has been detected. Your current license is active and will expire on 13-aug-2027.
#-----------------------------------------------------------
# Vivado v2026.1 (64-bit)
# SW Build 6511674 on Tue Jun 16 11:02:23 MDT 2026
# IP Build 6504888 on Tue Jun 09 09:05:25 MDT 2026
# SharedData Build 6501428 on Mon Jun 08 17:34:18 MDT 2026
# Start of session at: Thu Sep 17 02:34:26 2026
# Process ID         : 28232
# Current directory  : D:/FPGA/arty_d/m4_mig_clear
# Command line       : vivado.exe -mode batch -notrace -source D:\FPGA\NATIVE_AI_DEVELOPMENTAL_HARDWARE_R1_PACKAGE_20260914-20260914T045403Z-1-001\CANON_BLUEPRINT\vivado\tcl\29_synth_m4_mig_clear.tcl -log D:\FPGA\arty_d\m4_mig_clear\vivado_synth.log -journal D:\FPGA\arty_d\m4_mig_clear\vivado_synth.jou
# Log file           : D:/FPGA/arty_d/m4_mig_clear/vivado_synth.log
# Journal file       : D:\FPGA\arty_d\m4_mig_clear\vivado_synth.jou
# Running On         : laptop-Quan
# Platform           : Windows 11
# Operating System   : 22621
# Processor Detail   : AMD Ryzen 7 5800HS with Radeon Graphics         
# CPU Frequency      : 3194 MHz
# CPU Physical cores : 8
# CPU Logical cores  : 16
# Host memory        : 16541 MB
# Swap memory        : 27327 MB
# Total Virtual      : 43869 MB
# Available Virtual  : 20069 MB
#-----------------------------------------------------------
Sourcing tcl script 'C:/2026.1/Vivado/scripts/Vivado_init.tcl'
vivado-mcp server ready on port 9999
source {D:\FPGA\NATIVE_AI_DEVELOPMENTAL_HARDWARE_R1_PACKAGE_20260914-20260914T045403Z-1-001\CANON_BLUEPRINT\vivado\tcl\29_synth_m4_mig_clear.tcl} -notrace
create_project: Time (s): cpu = 00:00:06 ; elapsed = 00:00:08 . Memory (MB): peak = 597.184 ; gain = 268.504
INFO: [IP_Flow 19-234] Refreshing IP repositories
INFO: [IP_Flow 19-1704] No user IP repositories specified
INFO: [IP_Flow 19-2313] Loaded Vivado IP repository 'C:/2026.1/Vivado/data/ip'.
WARNING: [Vivado 12-13650] The IP file 'D:/FPGA/miggen/p/mig0.srcs/sources_1/ip/mig0/mig0.xci' has been moved from its original location, as a result the outputs for this IP will now be generated in 'd:/FPGA/miggen/p/mig0.gen/sources_1/ip/mig0'. Alternatively a copy of the IP can be imported into the project using one of the 'import_ip' or 'import_files' commands.
INFO: [IP_Flow 19-1706] Not generating 'Synthesis' target for IP 'mig0'. Target already exists and is up to date.
INFO: [IP_Flow 19-1706] Not generating 'Implementation' target for IP 'mig0'. Target already exists and is up to date.
Command: synth_design -top arty_a7_r2_top_m4_mig_candidate -part xc7a100tcsg324-1 -flatten_hierarchy rebuilt
Starting synth_design
Attempting to get a license for feature 'Vivado_Synthesis' and/or device 'xc7a100t'
INFO: [Common 17-349] Got license for feature 'Vivado_Synthesis' and/or device 'xc7a100t'
INFO: [Device 21-403] Loading part xc7a100tcsg324-1
INFO: [Designutils 20-5008] Incremental synthesis strategy default
INFO: [Synth 8-7079] Multithreading enabled for synth_design using a maximum of 4 processes.
INFO: [Synth 8-7078] Launching helper process for spawning children vivado processes
INFO: [Synth 8-7075] Helper process launched with PID 15848
---------------------------------------------------------------------------------
Starting RTL Elaboration : Time (s): cpu = 00:00:05 ; elapsed = 00:00:08 . Memory (MB): peak = 1404.863 ; gain = 577.188
---------------------------------------------------------------------------------
WARNING: [Synth 8-10515] begin/end is required for generate-for in this mode of Verilog [d:/FPGA/miggen/p/mig0.gen/sources_1/ip/mig0/mig0/user_design/rtl/controller/mig_7series_v4_2_arb_row_col.v:253]
INFO: [Synth 8-11241] undeclared symbol 'dbg_sel_po_incdec', assumed default net type 'wire' [d:/FPGA/miggen/p/mig0.gen/sources_1/ip/mig0/mig0/user_design/rtl/mig0_mig.v:1095]
INFO: [Synth 8-11241] undeclared symbol 'dbg_po_f_inc', assumed default net type 'wire' [d:/FPGA/miggen/p/mig0.gen/sources_1/ip/mig0/mig0/user_design/rtl/mig0_mig.v:1099]
INFO: [Synth 8-11241] undeclared symbol 'dbg_po_f_stg23_sel', assumed default net type 'wire' [d:/FPGA/miggen/p/mig0.gen/sources_1/ip/mig0/mig0/user_design/rtl/mig0_mig.v:1100]
INFO: [Synth 8-11241] undeclared symbol 'dbg_po_f_dec', assumed default net type 'wire' [d:/FPGA/miggen/p/mig0.gen/sources_1/ip/mig0/mig0/user_design/rtl/mig0_mig.v:1101]
INFO: [Synth 8-6157] synthesizing module 'arty_a7_r2_top_m4_mig_candidate' [D:/FPGA/NATIVE_AI_DEVELOPMENTAL_HARDWARE_R1_PACKAGE_20260914-20260914T045403Z-1-001/CANON_BLUEPRINT/rtl/native_ai/board/arty_a7_r2_top_m4_mig_candidate.sv:6]
INFO: [Synth 8-6157] synthesizing module 'clk_arty_mig' [D:/FPGA/NATIVE_AI_DEVELOPMENTAL_HARDWARE_R1_PACKAGE_20260914-20260914T045403Z-1-001/CANON_BLUEPRINT/rtl/native_ai/board/clk_arty_mig.sv:5]
INFO: [Synth 8-6157] synthesizing module 'MMCME2_ADV' [C:/2026.1/Vivado/scripts/rt/data/unisim_comp.v:95724]
	Parameter BANDWIDTH bound to: OPTIMIZED - type: string 
	Parameter CLKFBOUT_MULT_F bound to: 1.000000e+01 - type: double 
	Parameter CLKIN1_PERIOD bound to: 1.000000e+01 - type: double 
	Parameter CLKOUT0_DIVIDE_F bound to: 6.000000e+00 - type: double 
	Parameter CLKOUT1_DIVIDE bound to: 5 - type: integer 
	Parameter DIVCLK_DIVIDE bound to: 1 - type: integer 
	Parameter REF_JITTER1 bound to: 1.000000e-02 - type: double 
INFO: [Synth 8-6155] done synthesizing module 'MMCME2_ADV' (0#1) [C:/2026.1/Vivado/scripts/rt/data/unisim_comp.v:95724]
INFO: [Synth 8-6157] synthesizing module 'BUFG' [C:/2026.1/Vivado/scripts/rt/data/unisim_comp.v:2678]
INFO: [Synth 8-6155] done synthesizing module 'BUFG' (0#1) [C:/2026.1/Vivado/scripts/rt/data/unisim_comp.v:2678]
INFO: [Synth 8-6155] done synthesizing module 'clk_arty_mig' (0#1) [D:/FPGA/NATIVE_AI_DEVELOPMENTAL_HARDWARE_R1_PACKAGE_20260914-20260914T045403Z-1-001/CANON_BLUEPRINT/rtl/native_ai/board/clk_arty_mig.sv:5]
INFO: [Synth 8-6157] synthesizing module 'mig0' [d:/FPGA/miggen/p/mig0.gen/sources_1/ip/mig0/mig0/user_design/rtl/mig0.v:69]
INFO: [Synth 8-6157] synthesizing module 'mig0_mig' [d:/FPGA/miggen/p/mig0.gen/sources_1/ip/mig0/mig0/user_design/rtl/mig0_mig.v:74]
INFO: [Synth 8-6157] synthesizing module 'mig_7series_v4_2_tempmon' [d:/FPGA/miggen/p/mig0.gen/sources_1/ip/mig0/mig0/user_design/rtl/clocking/mig_7series_v4_2_tempmon.v:69]
	Parameter TCQ bound to: 100 - type: integer 
	Parameter TEMP_MON_CONTROL bound to: INTERNAL - type: string 
	Parameter XADC_CLK_PERIOD bound to: 5000 - type: integer 
	Parameter tTEMPSAMPLE bound to: 10000000 - type: integer 
INFO: [Synth 8-6157] synthesizing module 'XADC' [C:/2026.1/Vivado/scripts/rt/data/unisim_comp.v:176540]
	Parameter INIT_40 bound to: 16'b0001000000000000 
	Parameter INIT_41 bound to: 16'b0010111111111111 
	Parameter INIT_42 bound to: 16'b0000100000000000 
	Parameter INIT_48 bound to: 16'b0000000100000001 
	Parameter INIT_49 bound to: 16'b0000000000000000 
	Parameter INIT_4A bound to: 16'b0000000100000000 
	Parameter INIT_4B bound to: 16'b0000000000000000 
	Parameter INIT_4C bound to: 16'b0000000000000000 
	Parameter INIT_4D bound to: 16'b0000000000000000 
	Parameter INIT_4E bound to: 16'b0000000000000000 
	Parameter INIT_4F bound to: 16'b0000000000000000 
	Parameter INIT_50 bound to: 16'b1011010111101101 
	Parameter INIT_51 bound to: 16'b0101011111100100 
	Parameter INIT_52 bound to: 16'b1010000101000111 
	Parameter INIT_53 bound to: 16'b1100101000110011 
	Parameter INIT_54 bound to: 16'b1010100100111010 
	Parameter INIT_55 bound to: 16'b0101001011000110 
	Parameter INIT_56 bound to: 16'b1001010101010101 
	Parameter INIT_57 bound to: 16'b1010111001001110 
	Parameter INIT_58 bound to: 16'b0101100110011001 
	Parameter INIT_5C bound to: 16'b0101000100010001 
	Parameter SIM_DEVICE bound to: 7SERIES - type: string 
INFO: [Synth 8-6155] done synthesizing module 'XADC' (0#1) [C:/2026.1/Vivado/scripts/rt/data/unisim_comp.v:176540]
INFO: [Synth 8-6155] done synthesizing module 'mig_7series_v4_2_tempmon' (0#1) [d:/FPGA/miggen/p/mig0.gen/sources_1/ip/mig0/mig0/user_design/rtl/clocking/mig_7series_v4_2_tempmon.v:69]
INFO: [Synth 8-6157] synthesizing module 'mig_7series_v4_2_iodelay_ctrl' [d:/FPGA/miggen/p/mig0.gen/sources_1/ip/mig0/mig0/user_design/rtl/clocking/mig_7series_v4_2_iodelay_ctrl.v:80]
	Parameter TCQ bound to: 100 - type: integer 
	Parameter IODELAY_GRP0 bound to: MIG0_IODELAY_MIG0 - type: string 
	Parameter IODELAY_GRP1 bound to: MIG0_IODELAY_MIG1 - type: string 
	Parameter REFCLK_TYPE bound to: NO_BUFFER - type: string 
	Parameter SYSCLK_TYPE bound to: NO_BUFFER - type: string 
	Parameter SYS_RST_PORT bound to: FALSE - type: string 
	Parameter RST_ACT_LOW bound to: 1 - type: integer 
	Parameter DIFF_TERM_REFCLK bound to: TRUE - type: string 
	Parameter FPGA_SPEED_GRADE bound to: 1 - type: integer 
	Parameter REF_CLK_MMCM_IODELAY_CTRL bound to: FALSE - type: string 
INFO: [Synth 8-6157] synthesizing module 'IDELAYCTRL' [C:/2026.1/Vivado/scripts/rt/data/unisim_comp.v:85038]
INFO: [Synth 8-6155] done synthesizing module 'IDELAYCTRL' (0#1) [C:/2026.1/Vivado/scripts/rt/data/unisim_comp.v:85038]
INFO: [Synth 8-6155] done synthesizing module 'mig_7series_v4_2_iodelay_ctrl' (0#1) [d:/FPGA/miggen/p/mig0.gen/sources_1/ip/mig0/mig0/user_design/rtl/clocking/mig_7series_v4_2_iodelay_ctrl.v:80]
INFO: [Synth 8-6157] synthesizing module 'mig_7series_v4_2_clk_ibuf' [d:/FPGA/miggen/p/mig0.gen/sources_1/ip/mig0/mig0/user_design/rtl/clocking/mig_7series_v4_2_clk_ibuf.v:68]
	Parameter SYSCLK_TYPE bound to: NO_BUFFER - type: string 
	Parameter DIFF_TERM_SYSCLK bound to: TRUE - type: string 
INFO: [Synth 8-6155] done synthesizing module 'mig_7series_v4_2_clk_ibuf' (0#1) [d:/FPGA/miggen/p/mig0.gen/sources_1/ip/mig0/mig0/user_design/rtl/clocking/mig_7series_v4_2_clk_ibuf.v:68]
INFO: [Synth 8-6157] synthesizing module 'mig_7series_v4_2_infrastructure' [d:/FPGA/miggen/p/mig0.gen/sources_1/ip/mig0/mig0/user_design/rtl/clocking/mig_7series_v4_2_infrastructure.v:78]
	Parameter TCQ bound to: 100 - type: integer 
	Parameter CLKIN_PERIOD bound to: 6000 - type: integer 
	Parameter nCK_PER_CLK bound to: 4 - type: integer 
	Parameter SYSCLK_TYPE bound to: NO_BUFFER - type: string 
	Parameter CLKFBOUT_MULT bound to: 8 - type: integer 
	Parameter DIVCLK_DIVIDE bound to: 1 - type: integer 
	Parameter CLKOUT0_PHASE bound to: 0.000000e+00 - type: double 
	Parameter CLKOUT0_DIVIDE bound to: 2 - type: integer 
	Parameter CLKOUT1_DIVIDE bound to: 4 - type: integer 
	Parameter CLKOUT2_DIVIDE bound to: 64 - type: integer 
	Parameter CLKOUT3_DIVIDE bound to: 16 - type: integer 
	Parameter MMCM_VCO bound to: 666 - type: integer 
	Parameter MMCM_MULT_F bound to: 8 - type: integer 
	Parameter MMCM_DIVCLK_DIVIDE bound to: 1 - type: integer 
	Parameter RST_ACT_LOW bound to: 1 - type: integer 
	Parameter tCK bound to: 3000 - type: integer 
	Parameter MEM_TYPE bound to: DDR3 - type: string 
INFO: [Synth 8-6157] synthesizing module 'MMCME2_ADV__parameterized0' [C:/2026.1/Vivado/scripts/rt/data/unisim_comp.v:95724]
	Parameter BANDWIDTH bound to: HIGH - type: string 
	Parameter CLKFBOUT_MULT_F bound to: 8.000000e+00 - type: double 
	Parameter CLKFBOUT_PHASE bound to: 0.000000e+00 - type: double 
	Parameter CLKFBOUT_USE_FINE_PS bound to: FALSE - type: string 
	Parameter CLKIN1_PERIOD bound to: 1.200000e+01 - type: double 
	Parameter CLKOUT0_DIVIDE_F bound to: 1.600000e+01 - type: double 
	Parameter CLKOUT0_DUTY_CYCLE bound to: 5.000000e-01 - type: double 
	Parameter CLKOUT0_PHASE bound to: 0.000000e+00 - type: double 
	Parameter CLKOUT0_USE_FINE_PS bound to: TRUE - type: string 
	Parameter CLKOUT1_DIVIDE bound to: 4 - type: integer 
	Parameter CLKOUT1_DUTY_CYCLE bound to: 5.000000e-01 - type: double 
	Parameter CLKOUT1_PHASE bound to: 0.000000e+00 - type: double 
	Parameter CLKOUT1_USE_FINE_PS bound to: FALSE - type: string 
	Parameter CLKOUT4_CASCADE bound to: FALSE - type: string 
	Parameter COMPENSATION bound to: BUF_IN - type: string 
	Parameter DIVCLK_DIVIDE bound to: 1 - type: integer 
	Parameter REF_JITTER1 bound to: 0.000000e+00 - type: double 
	Parameter STARTUP_WAIT bound to: FALSE - type: string 
INFO: [Synth 8-6155] done synthesizing module 'MMCME2_ADV__parameterized0' (0#1) [C:/2026.1/Vivado/scripts/rt/data/unisim_comp.v:95724]
INFO: [Synth 8-6157] synthesizing module 'PLLE2_ADV' [C:/2026.1/Vivado/scripts/rt/data/unisim_comp.v:133758]
	Parameter BANDWIDTH bound to: OPTIMIZED - type: string 
	Parameter CLKFBOUT_MULT bound to: 8 - type: integer 
	Parameter CLKFBOUT_PHASE bound to: 0.000000e+00 - type: double 
	Parameter CLKIN1_PERIOD bound to: 6.000000e+00 - type: double 
	Parameter CLKOUT0_DIVIDE bound to: 2 - type: integer 
	Parameter CLKOUT0_DUTY_CYCLE bound to: 5.000000e-01 - type: double 
	Parameter CLKOUT0_PHASE bound to: 0.000000e+00 - type: double 
	Parameter CLKOUT1_DIVIDE bound to: 4 - type: integer 
	Parameter CLKOUT1_DUTY_CYCLE bound to: 5.000000e-01 - type: double 
	Parameter CLKOUT1_PHASE bound to: 0.000000e+00 - type: double 
	Parameter CLKOUT2_DIVIDE bound to: 64 - type: integer 
	Parameter CLKOUT2_DUTY_CYCLE bound to: 6.250000e-02 - type: double 
	Parameter CLKOUT2_PHASE bound to: 9.843750e+00 - type: double 
	Parameter CLKOUT3_DIVIDE bound to: 16 - type: integer 
	Parameter CLKOUT3_DUTY_CYCLE bound to: 5.000000e-01 - type: double 
	Parameter CLKOUT3_PHASE bound to: 0.000000e+00 - type: double 
	Parameter CLKOUT4_DIVIDE bound to: 8 - type: integer 
	Parameter CLKOUT4_DUTY_CYCLE bound to: 5.000000e-01 - type: double 
	Parameter CLKOUT4_PHASE bound to: 1.687500e+02 - type: double 
	Parameter CLKOUT5_DUTY_CYCLE bound to: 5.000000e-01 - type: double 
	Parameter CLKOUT5_PHASE bound to: 0.000000e+00 - type: double 
	Parameter COMPENSATION bound to: INTERNAL - type: string 
	Parameter DIVCLK_DIVIDE bound to: 1 - type: integer 
	Parameter REF_JITTER1 bound to: 1.000000e-02 - type: double 
	Parameter REF_JITTER2 bound to: 1.000000e-02 - type: double 
	Parameter STARTUP_WAIT bound to: FALSE - type: string 
INFO: [Synth 8-6155] done synthesizing module 'PLLE2_ADV' (0#1) [C:/2026.1/Vivado/scripts/rt/data/unisim_comp.v:133758]
INFO: [Synth 8-6157] synthesizing module 'BUFH' [C:/2026.1/Vivado/scripts/rt/data/unisim_comp.v:2926]
INFO: [Synth 8-6155] done synthesizing module 'BUFH' (0#1) [C:/2026.1/Vivado/scripts/rt/data/unisim_comp.v:2926]
INFO: [Synth 8-6155] done synthesizing module 'mig_7series_v4_2_infrastructure' (0#1) [d:/FPGA/miggen/p/mig0.gen/sources_1/ip/mig0/mig0/user_design/rtl/clocking/mig_7series_v4_2_infrastructure.v:78]
INFO: [Synth 8-6157] synthesizing module 'mig_7series_v4_2_memc_ui_top_std' [d:/FPGA/miggen/p/mig0.gen/sources_1/ip/mig0/mig0/user_design/rtl/ip_top/mig_7series_v4_2_memc_ui_top_std.v:70]
	Parameter TCQ bound to: 100 - type: integer 
	Parameter DDR3_VDD_OP_VOLT bound to: 135 - type: string 
	Parameter PAYLOAD_WIDTH bound to: 16 - type: integer 
	Parameter ADDR_CMD_MODE bound to: 1T - type: string 
	Parameter AL bound to: 0 - type: string 
	Parameter BANK_WIDTH bound to: 3 - type: integer 
	Parameter BM_CNT_WIDTH bound to: 2 - type: integer 
	Parameter BURST_MODE bound to: 8 - type: string 
	Parameter BURST_TYPE bound to: SEQ - type: string 
	Parameter CA_MIRROR bound to: OFF - type: string 
	Parameter CK_WIDTH bound to: 1 - type: integer 
	Parameter CL bound to: 5 - type: integer 
	Parameter COL_WIDTH bound to: 10 - type: integer 
	Parameter CMD_PIPE_PLUS1 bound to: ON - type: string 
	Parameter CS_WIDTH bound to: 1 - type: integer 
	Parameter CKE_WIDTH bound to: 1 - type: integer 
	Parameter CWL bound to: 5 - type: integer 
	Parameter DATA_WIDTH bound to: 16 - type: integer 
	Parameter DATA_BUF_ADDR_WIDTH bound to: 5 - type: integer 
	Parameter DM_WIDTH bound to: 2 - type: integer 
	Parameter DQ_CNT_WIDTH bound to: 4 - type: integer 
	Parameter DQ_WIDTH bound to: 16 - type: integer 
	Parameter DQS_CNT_WIDTH bound to: 1 - type: integer 
	Parameter DQS_WIDTH bound to: 2 - type: integer 
	Parameter DRAM_TYPE bound to: DDR3 - type: string 
	Parameter DRAM_WIDTH bound to: 8 - type: integer 
	Parameter ECC bound to: OFF - type: string 
	Parameter ECC_WIDTH bound to: 0 - type: integer 
	Parameter ECC_TEST bound to: OFF - type: string 
	Parameter MC_ERR_ADDR_WIDTH bound to: 28 - type: integer 
	Parameter MASTER_PHY_CTL bound to: 0 - type: integer 
	Parameter nAL bound to: 0 - type: integer 
	Parameter nBANK_MACHS bound to: 4 - type: integer 
	Parameter nCK_PER_CLK bound to: 4 - type: integer 
	Parameter nCS_PER_RANK bound to: 1 - type: integer 
	Parameter ORDERING bound to: NORM - type: string 
	Parameter IBUF_LPWR_MODE bound to: OFF - type: string 
	Parameter BANK_TYPE bound to: HR_IO - type: string 
	Parameter DATA_IO_PRIM_TYPE bound to: HR_LP - type: string 
	Parameter DATA_IO_IDLE_PWRDWN bound to: ON - type: string 
	Parameter IODELAY_GRP0 bound to: MIG0_IODELAY_MIG0 - type: string 
	Parameter IODELAY_GRP1 bound to: MIG0_IODELAY_MIG1 - type: string 
	Parameter FPGA_SPEED_GRADE bound to: 1 - type: integer 
	Parameter OUTPUT_DRV bound to: LOW - type: string 
	Parameter REG_CTRL bound to: OFF - type: string 
	Parameter RTT_NOM bound to: 40 - type: string 
	Parameter RTT_WR bound to: OFF - type: string 
	Parameter STARVE_LIMIT bound to: 2 - type: integer 
	Parameter tCK bound to: 3000 - type: integer 
	Parameter tCKE bound to: 5625 - type: integer 
	Parameter tFAW bound to: 45000 - type: integer 
	Parameter tPRDI bound to: 1000000 - type: integer 
	Parameter tRAS bound to: 36000 - type: integer 
	Parameter tRCD bound to: 13500 - type: integer 
	Parameter tREFI bound to: 7800000 - type: integer 
	Parameter tRFC bound to: 160000 - type: integer 
	Parameter tRP bound to: 13500 - type: integer 
	Parameter tRRD bound to: 7500 - type: integer 
	Parameter tRTP bound to: 7500 - type: integer 
	Parameter tWTR bound to: 7500 - type: integer 
	Parameter tZQI bound to: 128000000 - type: integer 
	Parameter tZQCS bound to: 64 - type: integer 
	Parameter USER_REFRESH bound to: OFF - type: string 
	Parameter TEMP_MON_EN bound to: ON - type: string 
	Parameter WRLVL bound to: ON - type: string 
	Parameter DEBUG_PORT bound to: OFF - type: string 
	Parameter CAL_WIDTH bound to: HALF - type: string 
	Parameter RANK_WIDTH bound to: 1 - type: integer 
	Parameter RANKS bound to: 1 - type: integer 
	Parameter ODT_WIDTH bound to: 1 - type: integer 
	Parameter ROW_WIDTH bound to: 14 - type: integer 
	Parameter ADDR_WIDTH bound to: 28 - type: integer 
	Parameter APP_MASK_WIDTH bound to: 16 - type: integer 
	Parameter APP_DATA_WIDTH bound to: 128 - type: integer 
	Parameter BYTE_LANES_B0 bound to: 4'b1111 
	Parameter BYTE_LANES_B1 bound to: 4'b0000 
	Parameter BYTE_LANES_B2 bound to: 4'b0000 
	Parameter BYTE_LANES_B3 bound to: 4'b0000 
	Parameter BYTE_LANES_B4 bound to: 4'b0000 
	Parameter DATA_CTL_B0 bound to: 4'b1100 
	Parameter DATA_CTL_B1 bound to: 4'b0000 
	Parameter DATA_CTL_B2 bound to: 4'b0000 
	Parameter DATA_CTL_B3 bound to: 4'b0000 
	Parameter DATA_CTL_B4 bound to: 4'b0000 
	Parameter PHY_0_BITLANES bound to: 48'b001111111110001111111110111111111111101111111111 
	Parameter PHY_1_BITLANES bound to: 48'b000000000000000000000000000000000000000000000000 
	Parameter PHY_2_BITLANES bound to: 48'b000000000000000000000000000000000000000000000000 
	Parameter CK_BYTE_MAP bound to: 144'b000000000000000000000000000000000000000000000000000000000000000000000000000000000000000000000000000000000000000000000000000000000000000000000000 
	Parameter ADDR_MAP bound to: 192'b000000000000000000000000000000000000000000000010000000000100000000001001000000000111000000000001000000000101000000000110000000000011000000010000000000010010000000010100000000010001000000011010 
	Parameter BANK_MAP bound to: 36'b000000011011000000010111000000010011 
	Parameter CAS_MAP bound to: 12'b000000010101 
	Parameter CKE_ODT_BYTE_MAP bound to: 8'b00000000 
	Parameter CKE_MAP bound to: 96'b000000000000000000000000000000000000000000000000000000000000000000000000000000000000000000011001 
	Parameter ODT_MAP bound to: 96'b000000000000000000000000000000000000000000000000000000000000000000000000000000000000000000001000 
	Parameter CKE_ODT_AUX bound to: FALSE - type: string 
	Parameter CS_MAP bound to: 120'b000000000000000000000000000000000000000000000000000000000000000000000000000000000000000000000000000000000000000000001011 
	Parameter PARITY_MAP bound to: 12'b000000000000 
	Parameter RAS_MAP bound to: 12'b000000010110 
	Parameter WE_MAP bound to: 12'b000000011000 
	Parameter DQS_BYTE_MAP bound to: 144'b000000000000000000000000000000000000000000000000000000000000000000000000000000000000000000000000000000000000000000000000000000000000001000000011 
	Parameter DATA0_MAP bound to: 96'b000000110100000000110010000000111000000000110101000000110001000000110111000000110110000000110011 
	Parameter DATA1_MAP bound to: 96'b000000100011000000100110000000100010000000101000000000100101000000100111000000100001000000100100 
	Parameter DATA2_MAP bound to: 96'b000000000000000000000000000000000000000000000000000000000000000000000000000000000000000000000000 
	Parameter DATA3_MAP bound to: 96'b000000000000000000000000000000000000000000000000000000000000000000000000000000000000000000000000 
	Parameter DATA4_MAP bound to: 96'b000000000000000000000000000000000000000000000000000000000000000000000000000000000000000000000000 
	Parameter DATA5_MAP bound to: 96'b000000000000000000000000000000000000000000000000000000000000000000000000000000000000000000000000 
	Parameter DATA6_MAP bound to: 96'b000000000000000000000000000000000000000000000000000000000000000000000000000000000000000000000000 
	Parameter DATA7_MAP bound to: 96'b000000000000000000000000000000000000000000000000000000000000000000000000000000000000000000000000 
	Parameter DATA8_MAP bound to: 96'b000000000000000000000000000000000000000000000000000000000000000000000000000000000000000000000000 
	Parameter DATA9_MAP bound to: 96'b000000000000000000000000000000000000000000000000000000000000000000000000000000000000000000000000 
	Parameter DATA10_MAP bound to: 96'b000000000000000000000000000000000000000000000000000000000000000000000000000000000000000000000000 
	Parameter DATA11_MAP bound to: 96'b000000000000000000000000000000000000000000000000000000000000000000000000000000000000000000000000 
	Parameter DATA12_MAP bound to: 96'b000000000000000000000000000000000000000000000000000000000000000000000000000000000000000000000000 
	Parameter DATA13_MAP bound to: 96'b000000000000000000000000000000000000000000000000000000000000000000000000000000000000000000000000 
	Parameter DATA14_MAP bound to: 96'b000000000000000000000000000000000000000000000000000000000000000000000000000000000000000000000000 
	Parameter DATA15_MAP bound to: 96'b000000000000000000000000000000000000000000000000000000000000000000000000000000000000000000000000 
	Parameter DATA16_MAP bound to: 96'b000000000000000000000000000000000000000000000000000000000000000000000000000000000000000000000000 
	Parameter DATA17_MAP bound to: 96'b000000000000000000000000000000000000000000000000000000000000000000000000000000000000000000000000 
	Parameter MASK0_MAP bound to: 108'b000000000000000000000000000000000000000000000000000000000000000000000000000000000000000000101001000000111001 
	Parameter MASK1_MAP bound to: 108'b000000000000000000000000000000000000000000000000000000000000000000000000000000000000000000000000000000000000 
	Parameter SLOT_0_CONFIG bound to: 8'b00000001 
	Parameter SLOT_1_CONFIG bound to: 8'b00000000 
	Parameter MEM_ADDR_ORDER bound to: BANK_ROW_COLUMN - type: string 
	Parameter CALIB_ROW_ADD bound to: 16'b0000000000000000 
	Parameter CALIB_COL_ADD bound to: 12'b000000000000 
	Parameter CALIB_BA_ADD bound to: 3'b000 
	Parameter SIM_BYPASS_INIT_CAL bound to: OFF - type: string 
	Parameter REFCLK_FREQ bound to: 2.000000e+02 - type: double 
	Parameter USE_CS_PORT bound to: 1 - type: integer 
	Parameter USE_DM_PORT bound to: 1 - type: integer 
	Parameter USE_ODT_PORT bound to: 1 - type: integer 
	Parameter IDELAY_ADJ bound to: OFF - type: string 
	Parameter FINE_PER_BIT bound to: OFF - type: string 
	Parameter CENTER_COMP_MODE bound to: OFF - type: string 
	Parameter PI_VAL_ADJ bound to: OFF - type: string 
	Parameter SKIP_CALIB bound to: FALSE - type: string 
	Parameter TAPSPERKCLK bound to: 112 - type: integer 
	Parameter FPGA_VOLT_TYPE bound to: N - type: string 
INFO: [Synth 8-6157] synthesizing module 'mig_7series_v4_2_mem_intfc' [d:/FPGA/miggen/p/mig0.gen/sources_1/ip/mig0/mig0/user_design/rtl/ip_top/mig_7series_v4_2_mem_intfc.v:69]
INFO: [Synth 8-6157] synthesizing module 'mig_7series_v4_2_mc' [d:/FPGA/miggen/p/mig0.gen/sources_1/ip/mig0/mig0/user_design/rtl/controller/mig_7series_v4_2_mc.v:73]
INFO: [Synth 8-6157] synthesizing module 'mig_7series_v4_2_rank_mach' [d:/FPGA/miggen/p/mig0.gen/sources_1/ip/mig0/mig0/user_design/rtl/controller/mig_7series_v4_2_rank_mach.v:71]
INFO: [Synth 8-6157] synthesizing module 'mig_7series_v4_2_rank_cntrl' [d:/FPGA/miggen/p/mig0.gen/sources_1/ip/mig0/mig0/user_design/rtl/controller/mig_7series_v4_2_rank_cntrl.v:79]
INFO: [Synth 8-6157] synthesizing module 'SRLC32E' [C:/2026.1/Vivado/scripts/rt/data/unisim_comp.v:170899]
INFO: [Synth 8-6155] done synthesizing module 'SRLC32E' (0#1) [C:/2026.1/Vivado/scripts/rt/data/unisim_comp.v:170899]
WARNING: [Synth 8-567] referenced signal 'periodic_rd_generation.periodic_rd_timer_one' should be on the sensitivity list [d:/FPGA/miggen/p/mig0.gen/sources_1/ip/mig0/mig0/user_design/rtl/controller/mig_7series_v4_2_rank_cntrl.v:509]
INFO: [Synth 8-6155] done synthesizing module 'mig_7series_v4_2_rank_cntrl' (0#1) [d:/FPGA/miggen/p/mig0.gen/sources_1/ip/mig0/mig0/user_design/rtl/controller/mig_7series_v4_2_rank_cntrl.v:79]
INFO: [Synth 8-6157] synthesizing module 'mig_7series_v4_2_rank_common' [d:/FPGA/miggen/p/mig0.gen/sources_1/ip/mig0/mig0/user_design/rtl/controller/mig_7series_v4_2_rank_common.v:72]
WARNING: [Synth 8-567] referenced signal 'zq_cntrl.zq_tick' should be on the sensitivity list [d:/FPGA/miggen/p/mig0.gen/sources_1/ip/mig0/mig0/user_design/rtl/controller/mig_7series_v4_2_rank_common.v:172]
INFO: [Synth 8-6157] synthesizing module 'mig_7series_v4_2_round_robin_arb' [d:/FPGA/miggen/p/mig0.gen/sources_1/ip/mig0/mig0/user_design/rtl/controller/mig_7series_v4_2_round_robin_arb.v:121]
INFO: [Synth 8-6155] done synthesizing module 'mig_7series_v4_2_round_robin_arb' (0#1) [d:/FPGA/miggen/p/mig0.gen/sources_1/ip/mig0/mig0/user_design/rtl/controller/mig_7series_v4_2_round_robin_arb.v:121]
INFO: [Synth 8-6157] synthesizing module 'mig_7series_v4_2_round_robin_arb__parameterized0' [d:/FPGA/miggen/p/mig0.gen/sources_1/ip/mig0/mig0/user_design/rtl/controller/mig_7series_v4_2_round_robin_arb.v:121]
INFO: [Synth 8-6155] done synthesizing module 'mig_7series_v4_2_round_robin_arb__parameterized0' (0#1) [d:/FPGA/miggen/p/mig0.gen/sources_1/ip/mig0/mig0/user_design/rtl/controller/mig_7series_v4_2_round_robin_arb.v:121]
INFO: [Synth 8-6155] done synthesizing module 'mig_7series_v4_2_rank_common' (0#1) [d:/FPGA/miggen/p/mig0.gen/sources_1/ip/mig0/mig0/user_design/rtl/controller/mig_7series_v4_2_rank_common.v:72]
INFO: [Synth 8-6155] done synthesizing module 'mig_7series_v4_2_rank_mach' (0#1) [d:/FPGA/miggen/p/mig0.gen/sources_1/ip/mig0/mig0/user_design/rtl/controller/mig_7series_v4_2_rank_mach.v:71]
INFO: [Synth 8-6157] synthesizing module 'mig_7series_v4_2_bank_mach' [d:/FPGA/miggen/p/mig0.gen/sources_1/ip/mig0/mig0/user_design/rtl/controller/mig_7series_v4_2_bank_mach.v:72]
INFO: [Synth 8-6157] synthesizing module 'mig_7series_v4_2_bank_cntrl' [d:/FPGA/miggen/p/mig0.gen/sources_1/ip/mig0/mig0/user_design/rtl/controller/mig_7series_v4_2_bank_cntrl.v:70]
INFO: [Synth 8-6157] synthesizing module 'mig_7series_v4_2_bank_compare' [d:/FPGA/miggen/p/mig0.gen/sources_1/ip/mig0/mig0/user_design/rtl/controller/mig_7series_v4_2_bank_compare.v:74]
INFO: [Synth 8-6155] done synthesizing module 'mig_7series_v4_2_bank_compare' (0#1) [d:/FPGA/miggen/p/mig0.gen/sources_1/ip/mig0/mig0/user_design/rtl/controller/mig_7series_v4_2_bank_compare.v:74]
INFO: [Synth 8-6157] synthesizing module 'mig_7series_v4_2_bank_state' [d:/FPGA/miggen/p/mig0.gen/sources_1/ip/mig0/mig0/user_design/rtl/controller/mig_7series_v4_2_bank_state.v:141]
INFO: [Synth 8-6155] done synthesizing module 'mig_7series_v4_2_bank_state' (0#1) [d:/FPGA/miggen/p/mig0.gen/sources_1/ip/mig0/mig0/user_design/rtl/controller/mig_7series_v4_2_bank_state.v:141]
INFO: [Synth 8-6157] synthesizing module 'mig_7series_v4_2_bank_queue' [d:/FPGA/miggen/p/mig0.gen/sources_1/ip/mig0/mig0/user_design/rtl/controller/mig_7series_v4_2_bank_queue.v:174]
INFO: [Synth 8-6155] done synthesizing module 'mig_7series_v4_2_bank_queue' (0#1) [d:/FPGA/miggen/p/mig0.gen/sources_1/ip/mig0/mig0/user_design/rtl/controller/mig_7series_v4_2_bank_queue.v:174]
INFO: [Synth 8-6155] done synthesizing module 'mig_7series_v4_2_bank_cntrl' (0#1) [d:/FPGA/miggen/p/mig0.gen/sources_1/ip/mig0/mig0/user_design/rtl/controller/mig_7series_v4_2_bank_cntrl.v:70]
INFO: [Synth 8-6157] synthesizing module 'mig_7series_v4_2_bank_cntrl__parameterized0' [d:/FPGA/miggen/p/mig0.gen/sources_1/ip/mig0/mig0/user_design/rtl/controller/mig_7series_v4_2_bank_cntrl.v:70]
INFO: [Synth 8-6157] synthesizing module 'mig_7series_v4_2_bank_state__parameterized0' [d:/FPGA/miggen/p/mig0.gen/sources_1/ip/mig0/mig0/user_design/rtl/controller/mig_7series_v4_2_bank_state.v:141]
INFO: [Synth 8-6155] done synthesizing module 'mig_7series_v4_2_bank_state__parameterized0' (0#1) [d:/FPGA/miggen/p/mig0.gen/sources_1/ip/mig0/mig0/user_design/rtl/controller/mig_7series_v4_2_bank_state.v:141]
INFO: [Synth 8-6157] synthesizing module 'mig_7series_v4_2_bank_queue__parameterized0' [d:/FPGA/miggen/p/mig0.gen/sources_1/ip/mig0/mig0/user_design/rtl/controller/mig_7series_v4_2_bank_queue.v:174]
INFO: [Synth 8-6155] done synthesizing module 'mig_7series_v4_2_bank_queue__parameterized0' (0#1) [d:/FPGA/miggen/p/mig0.gen/sources_1/ip/mig0/mig0/user_design/rtl/controller/mig_7series_v4_2_bank_queue.v:174]
INFO: [Synth 8-6155] done synthesizing module 'mig_7series_v4_2_bank_cntrl__parameterized0' (0#1) [d:/FPGA/miggen/p/mig0.gen/sources_1/ip/mig0/mig0/user_design/rtl/controller/mig_7series_v4_2_bank_cntrl.v:70]
INFO: [Synth 8-6157] synthesizing module 'mig_7series_v4_2_bank_cntrl__parameterized1' [d:/FPGA/miggen/p/mig0.gen/sources_1/ip/mig0/mig0/user_design/rtl/controller/mig_7series_v4_2_bank_cntrl.v:70]
INFO: [Synth 8-6157] synthesizing module 'mig_7series_v4_2_bank_state__parameterized1' [d:/FPGA/miggen/p/mig0.gen/sources_1/ip/mig0/mig0/user_design/rtl/controller/mig_7series_v4_2_bank_state.v:141]
INFO: [Synth 8-6155] done synthesizing module 'mig_7series_v4_2_bank_state__parameterized1' (0#1) [d:/FPGA/miggen/p/mig0.gen/sources_1/ip/mig0/mig0/user_design/rtl/controller/mig_7series_v4_2_bank_state.v:141]
INFO: [Synth 8-6157] synthesizing module 'mig_7series_v4_2_bank_queue__parameterized1' [d:/FPGA/miggen/p/mig0.gen/sources_1/ip/mig0/mig0/user_design/rtl/controller/mig_7series_v4_2_bank_queue.v:174]
INFO: [Synth 8-6155] done synthesizing module 'mig_7series_v4_2_bank_queue__parameterized1' (0#1) [d:/FPGA/miggen/p/mig0.gen/sources_1/ip/mig0/mig0/user_design/rtl/controller/mig_7series_v4_2_bank_queue.v:174]
INFO: [Synth 8-6155] done synthesizing module 'mig_7series_v4_2_bank_cntrl__parameterized1' (0#1) [d:/FPGA/miggen/p/mig0.gen/sources_1/ip/mig0/mig0/user_design/rtl/controller/mig_7series_v4_2_bank_cntrl.v:70]
INFO: [Synth 8-6157] synthesizing module 'mig_7series_v4_2_bank_cntrl__parameterized2' [d:/FPGA/miggen/p/mig0.gen/sources_1/ip/mig0/mig0/user_design/rtl/controller/mig_7series_v4_2_bank_cntrl.v:70]
INFO: [Synth 8-6157] synthesizing module 'mig_7series_v4_2_bank_state__parameterized2' [d:/FPGA/miggen/p/mig0.gen/sources_1/ip/mig0/mig0/user_design/rtl/controller/mig_7series_v4_2_bank_state.v:141]
INFO: [Synth 8-6155] done synthesizing module 'mig_7series_v4_2_bank_state__parameterized2' (0#1) [d:/FPGA/miggen/p/mig0.gen/sources_1/ip/mig0/mig0/user_design/rtl/controller/mig_7series_v4_2_bank_state.v:141]
INFO: [Synth 8-6157] synthesizing module 'mig_7series_v4_2_bank_queue__parameterized2' [d:/FPGA/miggen/p/mig0.gen/sources_1/ip/mig0/mig0/user_design/rtl/controller/mig_7series_v4_2_bank_queue.v:174]
INFO: [Synth 8-6155] done synthesizing module 'mig_7series_v4_2_bank_queue__parameterized2' (0#1) [d:/FPGA/miggen/p/mig0.gen/sources_1/ip/mig0/mig0/user_design/rtl/controller/mig_7series_v4_2_bank_queue.v:174]
INFO: [Synth 8-6155] done synthesizing module 'mig_7series_v4_2_bank_cntrl__parameterized2' (0#1) [d:/FPGA/miggen/p/mig0.gen/sources_1/ip/mig0/mig0/user_design/rtl/controller/mig_7series_v4_2_bank_cntrl.v:70]
INFO: [Synth 8-6157] synthesizing module 'mig_7series_v4_2_bank_common' [d:/FPGA/miggen/p/mig0.gen/sources_1/ip/mig0/mig0/user_design/rtl/controller/mig_7series_v4_2_bank_common.v:73]
INFO: [Synth 8-6155] done synthesizing module 'mig_7series_v4_2_bank_common' (0#1) [d:/FPGA/miggen/p/mig0.gen/sources_1/ip/mig0/mig0/user_design/rtl/controller/mig_7series_v4_2_bank_common.v:73]
INFO: [Synth 8-6157] synthesizing module 'mig_7series_v4_2_arb_mux' [d:/FPGA/miggen/p/mig0.gen/sources_1/ip/mig0/mig0/user_design/rtl/controller/mig_7series_v4_2_arb_mux.v:69]
INFO: [Synth 8-6157] synthesizing module 'mig_7series_v4_2_arb_row_col' [d:/FPGA/miggen/p/mig0.gen/sources_1/ip/mig0/mig0/user_design/rtl/controller/mig_7series_v4_2_arb_row_col.v:83]
INFO: [Synth 8-6157] synthesizing module 'mig_7series_v4_2_round_robin_arb__parameterized1' [d:/FPGA/miggen/p/mig0.gen/sources_1/ip/mig0/mig0/user_design/rtl/controller/mig_7series_v4_2_round_robin_arb.v:121]
INFO: [Synth 8-6155] done synthesizing module 'mig_7series_v4_2_round_robin_arb__parameterized1' (0#1) [d:/FPGA/miggen/p/mig0.gen/sources_1/ip/mig0/mig0/user_design/rtl/controller/mig_7series_v4_2_round_robin_arb.v:121]
INFO: [Synth 8-6155] done synthesizing module 'mig_7series_v4_2_arb_row_col' (0#1) [d:/FPGA/miggen/p/mig0.gen/sources_1/ip/mig0/mig0/user_design/rtl/controller/mig_7series_v4_2_arb_row_col.v:83]
INFO: [Synth 8-6157] synthesizing module 'mig_7series_v4_2_arb_select' [d:/FPGA/miggen/p/mig0.gen/sources_1/ip/mig0/mig0/user_design/rtl/controller/mig_7series_v4_2_arb_select.v:75]
INFO: [Synth 8-6155] done synthesizing module 'mig_7series_v4_2_arb_select' (0#1) [d:/FPGA/miggen/p/mig0.gen/sources_1/ip/mig0/mig0/user_design/rtl/controller/mig_7series_v4_2_arb_select.v:75]
INFO: [Synth 8-6155] done synthesizing module 'mig_7series_v4_2_arb_mux' (0#1) [d:/FPGA/miggen/p/mig0.gen/sources_1/ip/mig0/mig0/user_design/rtl/controller/mig_7series_v4_2_arb_mux.v:69]
INFO: [Synth 8-6155] done synthesizing module 'mig_7series_v4_2_bank_mach' (0#1) [d:/FPGA/miggen/p/mig0.gen/sources_1/ip/mig0/mig0/user_design/rtl/controller/mig_7series_v4_2_bank_mach.v:72]
WARNING: [Synth 8-7071] port 'idle' of module 'mig_7series_v4_2_bank_mach' is unconnected for instance 'bank_mach0' [d:/FPGA/miggen/p/mig0.gen/sources_1/ip/mig0/mig0/user_design/rtl/controller/mig_7series_v4_2_mc.v:670]
WARNING: [Synth 8-7023] instance 'bank_mach0' of module 'mig_7series_v4_2_bank_mach' has 74 connections declared, but only 73 given [d:/FPGA/miggen/p/mig0.gen/sources_1/ip/mig0/mig0/user_design/rtl/controller/mig_7series_v4_2_mc.v:670]
INFO: [Synth 8-6157] synthesizing module 'mig_7series_v4_2_col_mach' [d:/FPGA/miggen/p/mig0.gen/sources_1/ip/mig0/mig0/user_design/rtl/controller/mig_7series_v4_2_col_mach.v:88]
INFO: [Synth 8-6157] synthesizing module 'RAM32M' [C:/2026.1/Vivado/scripts/rt/data/unisim_comp.v:159528]
INFO: [Synth 8-6155] done synthesizing module 'RAM32M' (0#1) [C:/2026.1/Vivado/scripts/rt/data/unisim_comp.v:159528]
INFO: [Synth 8-6155] done synthesizing module 'mig_7series_v4_2_col_mach' (0#1) [d:/FPGA/miggen/p/mig0.gen/sources_1/ip/mig0/mig0/user_design/rtl/controller/mig_7series_v4_2_col_mach.v:88]
INFO: [Synth 8-6155] done synthesizing module 'mig_7series_v4_2_mc' (0#1) [d:/FPGA/miggen/p/mig0.gen/sources_1/ip/mig0/mig0/user_design/rtl/controller/mig_7series_v4_2_mc.v:73]
INFO: [Synth 8-6157] synthesizing module 'mig_7series_v4_2_ddr_phy_top' [d:/FPGA/miggen/p/mig0.gen/sources_1/ip/mig0/mig0/user_design/rtl/phy/mig_7series_v4_2_ddr_phy_top.v:69]
INFO: [Synth 8-6157] synthesizing module 'mig_7series_v4_2_ddr_mc_phy_wrapper' [d:/FPGA/miggen/p/mig0.gen/sources_1/ip/mig0/mig0/user_design/rtl/phy/mig_7series_v4_2_ddr_mc_phy_wrapper.v:71]
INFO: [Synth 8-6157] synthesizing module 'OBUF' [C:/2026.1/Vivado/scripts/rt/data/unisim_comp.v:113400]
INFO: [Synth 8-6155] done synthesizing module 'OBUF' (0#1) [C:/2026.1/Vivado/scripts/rt/data/unisim_comp.v:113400]
INFO: [Synth 8-6157] synthesizing module 'OBUFT' [C:/2026.1/Vivado/scripts/rt/data/unisim_comp.v:113820]
INFO: [Synth 8-6155] done synthesizing module 'OBUFT' (0#1) [C:/2026.1/Vivado/scripts/rt/data/unisim_comp.v:113820]
INFO: [Synth 8-6157] synthesizing module 'IOBUF_INTERMDISABLE' [C:/2026.1/Vivado/scripts/rt/data/unisim_comp.v:88443]
INFO: [Synth 8-6155] done synthesizing module 'IOBUF_INTERMDISABLE' (0#1) [C:/2026.1/Vivado/scripts/rt/data/unisim_comp.v:88443]
INFO: [Synth 8-6157] synthesizing module 'IOBUFDS_INTERMDISABLE' [C:/2026.1/Vivado/scripts/rt/data/unisim_comp.v:87903]
INFO: [Synth 8-6155] done synthesizing module 'IOBUFDS_INTERMDISABLE' (0#1) [C:/2026.1/Vivado/scripts/rt/data/unisim_comp.v:87903]
INFO: [Synth 8-6157] synthesizing module 'mig_7series_v4_2_ddr_of_pre_fifo' [d:/FPGA/miggen/p/mig0.gen/sources_1/ip/mig0/mig0/user_design/rtl/phy/mig_7series_v4_2_ddr_of_pre_fifo.v:76]
INFO: [Synth 8-6155] done synthesizing module 'mig_7series_v4_2_ddr_of_pre_fifo' (0#1) [d:/FPGA/miggen/p/mig0.gen/sources_1/ip/mig0/mig0/user_design/rtl/phy/mig_7series_v4_2_ddr_of_pre_fifo.v:76]
WARNING: [Synth 8-7071] port 'afull' of module 'mig_7series_v4_2_ddr_of_pre_fifo' is unconnected for instance 'phy_ctl_pre_fifo_0' [d:/FPGA/miggen/p/mig0.gen/sources_1/ip/mig0/mig0/user_design/rtl/phy/mig_7series_v4_2_ddr_mc_phy_wrapper.v:1428]
WARNING: [Synth 8-7023] instance 'phy_ctl_pre_fifo_0' of module 'mig_7series_v4_2_ddr_of_pre_fifo' has 8 connections declared, but only 7 given [d:/FPGA/miggen/p/mig0.gen/sources_1/ip/mig0/mig0/user_design/rtl/phy/mig_7series_v4_2_ddr_mc_phy_wrapper.v:1428]
INFO: [Synth 8-6157] synthesizing module 'mig_7series_v4_2_ddr_of_pre_fifo__parameterized0' [d:/FPGA/miggen/p/mig0.gen/sources_1/ip/mig0/mig0/user_design/rtl/phy/mig_7series_v4_2_ddr_of_pre_fifo.v:76]
INFO: [Synth 8-6155] done synthesizing module 'mig_7series_v4_2_ddr_of_pre_fifo__parameterized0' (0#1) [d:/FPGA/miggen/p/mig0.gen/sources_1/ip/mig0/mig0/user_design/rtl/phy/mig_7series_v4_2_ddr_of_pre_fifo.v:76]
WARNING: [Synth 8-7071] port 'afull' of module 'mig_7series_v4_2_ddr_of_pre_fifo' is unconnected for instance 'phy_ctl_pre_fifo_1' [d:/FPGA/miggen/p/mig0.gen/sources_1/ip/mig0/mig0/user_design/rtl/phy/mig_7series_v4_2_ddr_mc_phy_wrapper.v:1445]
WARNING: [Synth 8-7023] instance 'phy_ctl_pre_fifo_1' of module 'mig_7series_v4_2_ddr_of_pre_fifo' has 8 connections declared, but only 7 given [d:/FPGA/miggen/p/mig0.gen/sources_1/ip/mig0/mig0/user_design/rtl/phy/mig_7series_v4_2_ddr_mc_phy_wrapper.v:1445]
WARNING: [Synth 8-7071] port 'afull' of module 'mig_7series_v4_2_ddr_of_pre_fifo' is unconnected for instance 'phy_ctl_pre_fifo_2' [d:/FPGA/miggen/p/mig0.gen/sources_1/ip/mig0/mig0/user_design/rtl/phy/mig_7series_v4_2_ddr_mc_phy_wrapper.v:1462]
WARNING: [Synth 8-7023] instance 'phy_ctl_pre_fifo_2' of module 'mig_7series_v4_2_ddr_of_pre_fifo' has 8 connections declared, but only 7 given [d:/FPGA/miggen/p/mig0.gen/sources_1/ip/mig0/mig0/user_design/rtl/phy/mig_7series_v4_2_ddr_mc_phy_wrapper.v:1462]
INFO: [Synth 8-6157] synthesizing module 'mig_7series_v4_2_ddr_mc_phy' [d:/FPGA/miggen/p/mig0.gen/sources_1/ip/mig0/mig0/user_design/rtl/phy/mig_7series_v4_2_ddr_mc_phy.v:70]
INFO: [Synth 8-6157] synthesizing module 'mig_7series_v4_2_ddr_phy_4lanes' [d:/FPGA/miggen/p/mig0.gen/sources_1/ip/mig0/mig0/user_design/rtl/phy/mig_7series_v4_2_ddr_phy_4lanes.v:72]
INFO: [Synth 8-6157] synthesizing module 'mig_7series_v4_2_ddr_byte_lane' [d:/FPGA/miggen/p/mig0.gen/sources_1/ip/mig0/mig0/user_design/rtl/phy/mig_7series_v4_2_ddr_byte_lane.v:68]
INFO: [Synth 8-6157] synthesizing module 'mig_7series_v4_2_ddr_of_pre_fifo__parameterized1' [d:/FPGA/miggen/p/mig0.gen/sources_1/ip/mig0/mig0/user_design/rtl/phy/mig_7series_v4_2_ddr_of_pre_fifo.v:76]
INFO: [Synth 8-6155] done synthesizing module 'mig_7series_v4_2_ddr_of_pre_fifo__parameterized1' (0#1) [d:/FPGA/miggen/p/mig0.gen/sources_1/ip/mig0/mig0/user_design/rtl/phy/mig_7series_v4_2_ddr_of_pre_fifo.v:76]
INFO: [Synth 8-6157] synthesizing module 'ODDR' [C:/2026.1/Vivado/scripts/rt/data/unisim_comp.v:117076]
INFO: [Synth 8-6155] done synthesizing module 'ODDR' (0#1) [C:/2026.1/Vivado/scripts/rt/data/unisim_comp.v:117076]
INFO: [Synth 8-6157] synthesizing module 'OBUFDS' [C:/2026.1/Vivado/scripts/rt/data/unisim_comp.v:113414]
INFO: [Synth 8-6155] done synthesizing module 'OBUFDS' (0#1) [C:/2026.1/Vivado/scripts/rt/data/unisim_comp.v:113414]
INFO: [Synth 8-6157] synthesizing module 'PHASER_OUT_PHY' [C:/2026.1/Vivado/scripts/rt/data/unisim_comp.v:133581]
INFO: [Synth 8-6155] done synthesizing module 'PHASER_OUT_PHY' (0#1) [C:/2026.1/Vivado/scripts/rt/data/unisim_comp.v:133581]
INFO: [Synth 8-6157] synthesizing module 'OUT_FIFO' [C:/2026.1/Vivado/scripts/rt/data/unisim_comp.v:117798]
INFO: [Synth 8-6155] done synthesizing module 'OUT_FIFO' (0#1) [C:/2026.1/Vivado/scripts/rt/data/unisim_comp.v:117798]
INFO: [Synth 8-6157] synthesizing module 'mig_7series_v4_2_ddr_byte_group_io' [d:/FPGA/miggen/p/mig0.gen/sources_1/ip/mig0/mig0/user_design/rtl/phy/mig_7series_v4_2_ddr_byte_group_io.v:68]
INFO: [Synth 8-6157] synthesizing module 'OSERDESE2' [C:/2026.1/Vivado/scripts/rt/data/unisim_comp.v:117683]
INFO: [Synth 8-6155] done synthesizing module 'OSERDESE2' (0#1) [C:/2026.1/Vivado/scripts/rt/data/unisim_comp.v:117683]
INFO: [Synth 8-6155] done synthesizing module 'mig_7series_v4_2_ddr_byte_group_io' (0#1) [d:/FPGA/miggen/p/mig0.gen/sources_1/ip/mig0/mig0/user_design/rtl/phy/mig_7series_v4_2_ddr_byte_group_io.v:68]
INFO: [Synth 8-6155] done synthesizing module 'mig_7series_v4_2_ddr_byte_lane' (0#1) [d:/FPGA/miggen/p/mig0.gen/sources_1/ip/mig0/mig0/user_design/rtl/phy/mig_7series_v4_2_ddr_byte_lane.v:68]
INFO: [Synth 8-6157] synthesizing module 'mig_7series_v4_2_ddr_byte_lane__parameterized0' [d:/FPGA/miggen/p/mig0.gen/sources_1/ip/mig0/mig0/user_design/rtl/phy/mig_7series_v4_2_ddr_byte_lane.v:68]
INFO: [Synth 8-6157] synthesizing module 'mig_7series_v4_2_ddr_byte_group_io__parameterized0' [d:/FPGA/miggen/p/mig0.gen/sources_1/ip/mig0/mig0/user_design/rtl/phy/mig_7series_v4_2_ddr_byte_group_io.v:68]
INFO: [Synth 8-6155] done synthesizing module 'mig_7series_v4_2_ddr_byte_group_io__parameterized0' (0#1) [d:/FPGA/miggen/p/mig0.gen/sources_1/ip/mig0/mig0/user_design/rtl/phy/mig_7series_v4_2_ddr_byte_group_io.v:68]
INFO: [Synth 8-6155] done synthesizing module 'mig_7series_v4_2_ddr_byte_lane__parameterized0' (0#1) [d:/FPGA/miggen/p/mig0.gen/sources_1/ip/mig0/mig0/user_design/rtl/phy/mig_7series_v4_2_ddr_byte_lane.v:68]
INFO: [Synth 8-6157] synthesizing module 'mig_7series_v4_2_ddr_byte_lane__parameterized1' [d:/FPGA/miggen/p/mig0.gen/sources_1/ip/mig0/mig0/user_design/rtl/phy/mig_7series_v4_2_ddr_byte_lane.v:68]
INFO: [Synth 8-6157] synthesizing module 'mig_7series_v4_2_ddr_if_post_fifo' [d:/FPGA/miggen/p/mig0.gen/sources_1/ip/mig0/mig0/user_design/rtl/phy/mig_7series_v4_2_ddr_if_post_fifo.v:67]
INFO: [Synth 8-155] case statement is not full and has no default [d:/FPGA/miggen/p/mig0.gen/sources_1/ip/mig0/mig0/user_design/rtl/phy/mig_7series_v4_2_ddr_if_post_fifo.v:109]
INFO: [Synth 8-6155] done synthesizing module 'mig_7series_v4_2_ddr_if_post_fifo' (0#1) [d:/FPGA/miggen/p/mig0.gen/sources_1/ip/mig0/mig0/user_design/rtl/phy/mig_7series_v4_2_ddr_if_post_fifo.v:67]
INFO: [Synth 8-6157] synthesizing module 'PHASER_IN_PHY' [C:/2026.1/Vivado/scripts/rt/data/unisim_comp.v:133444]
INFO: [Synth 8-6155] done synthesizing module 'PHASER_IN_PHY' (0#1) [C:/2026.1/Vivado/scripts/rt/data/unisim_comp.v:133444]
INFO: [Synth 8-6157] synthesizing module 'IN_FIFO' [C:/2026.1/Vivado/scripts/rt/data/unisim_comp.v:87440]
INFO: [Synth 8-6155] done synthesizing module 'IN_FIFO' (0#1) [C:/2026.1/Vivado/scripts/rt/data/unisim_comp.v:87440]
INFO: [Synth 8-6157] synthesizing module 'PHASER_OUT_PHY__parameterized0' [C:/2026.1/Vivado/scripts/rt/data/unisim_comp.v:133581]
INFO: [Synth 8-6155] done synthesizing module 'PHASER_OUT_PHY__parameterized0' (0#1) [C:/2026.1/Vivado/scripts/rt/data/unisim_comp.v:133581]
INFO: [Synth 8-6157] synthesizing module 'OUT_FIFO__parameterized0' [C:/2026.1/Vivado/scripts/rt/data/unisim_comp.v:117798]
INFO: [Synth 8-6155] done synthesizing module 'OUT_FIFO__parameterized0' (0#1) [C:/2026.1/Vivado/scripts/rt/data/unisim_comp.v:117798]
INFO: [Synth 8-6157] synthesizing module 'mig_7series_v4_2_ddr_byte_group_io__parameterized1' [d:/FPGA/miggen/p/mig0.gen/sources_1/ip/mig0/mig0/user_design/rtl/phy/mig_7series_v4_2_ddr_byte_group_io.v:68]
INFO: [Synth 8-6157] synthesizing module 'IDELAYE2' [C:/2026.1/Vivado/scripts/rt/data/unisim_comp.v:85051]
INFO: [Synth 8-6155] done synthesizing module 'IDELAYE2' (0#1) [C:/2026.1/Vivado/scripts/rt/data/unisim_comp.v:85051]
INFO: [Synth 8-6157] synthesizing module 'ISERDESE2' [C:/2026.1/Vivado/scripts/rt/data/unisim_comp.v:90214]
INFO: [Synth 8-6155] done synthesizing module 'ISERDESE2' (0#1) [C:/2026.1/Vivado/scripts/rt/data/unisim_comp.v:90214]
INFO: [Synth 8-6157] synthesizing module 'OSERDESE2__parameterized0' [C:/2026.1/Vivado/scripts/rt/data/unisim_comp.v:117683]
INFO: [Synth 8-6155] done synthesizing module 'OSERDESE2__parameterized0' (0#1) [C:/2026.1/Vivado/scripts/rt/data/unisim_comp.v:117683]
INFO: [Synth 8-6157] synthesizing module 'OSERDESE2__parameterized1' [C:/2026.1/Vivado/scripts/rt/data/unisim_comp.v:117683]
INFO: [Synth 8-6155] done synthesizing module 'OSERDESE2__parameterized1' (0#1) [C:/2026.1/Vivado/scripts/rt/data/unisim_comp.v:117683]
INFO: [Synth 8-6155] done synthesizing module 'mig_7series_v4_2_ddr_byte_group_io__parameterized1' (0#1) [d:/FPGA/miggen/p/mig0.gen/sources_1/ip/mig0/mig0/user_design/rtl/phy/mig_7series_v4_2_ddr_byte_group_io.v:68]
INFO: [Synth 8-6155] done synthesizing module 'mig_7series_v4_2_ddr_byte_lane__parameterized1' (0#1) [d:/FPGA/miggen/p/mig0.gen/sources_1/ip/mig0/mig0/user_design/rtl/phy/mig_7series_v4_2_ddr_byte_lane.v:68]
INFO: [Synth 8-6157] synthesizing module 'mig_7series_v4_2_ddr_byte_lane__parameterized2' [d:/FPGA/miggen/p/mig0.gen/sources_1/ip/mig0/mig0/user_design/rtl/phy/mig_7series_v4_2_ddr_byte_lane.v:68]
INFO: [Synth 8-6155] done synthesizing module 'mig_7series_v4_2_ddr_byte_lane__parameterized2' (0#1) [d:/FPGA/miggen/p/mig0.gen/sources_1/ip/mig0/mig0/user_design/rtl/phy/mig_7series_v4_2_ddr_byte_lane.v:68]
INFO: [Synth 8-6157] synthesizing module 'BUFIO' [C:/2026.1/Vivado/scripts/rt/data/unisim_comp.v:2951]
INFO: [Synth 8-6155] done synthesizing module 'BUFIO' (0#1) [C:/2026.1/Vivado/scripts/rt/data/unisim_comp.v:2951]
INFO: [Synth 8-6157] synthesizing module 'PHY_CONTROL' [C:/2026.1/Vivado/scripts/rt/data/unisim_comp.v:133672]
INFO: [Synth 8-6155] done synthesizing module 'PHY_CONTROL' (0#1) [C:/2026.1/Vivado/scripts/rt/data/unisim_comp.v:133672]
INFO: [Synth 8-226] default block is never used [d:/FPGA/miggen/p/mig0.gen/sources_1/ip/mig0/mig0/user_design/rtl/phy/mig_7series_v4_2_ddr_phy_4lanes.v:1557]
INFO: [Synth 8-6157] synthesizing module 'PHASER_REF' [C:/2026.1/Vivado/scripts/rt/data/unisim_comp.v:133656]
INFO: [Synth 8-6155] done synthesizing module 'PHASER_REF' (0#1) [C:/2026.1/Vivado/scripts/rt/data/unisim_comp.v:133656]
INFO: [Synth 8-6155] done synthesizing module 'mig_7series_v4_2_ddr_phy_4lanes' (0#1) [d:/FPGA/miggen/p/mig0.gen/sources_1/ip/mig0/mig0/user_design/rtl/phy/mig_7series_v4_2_ddr_phy_4lanes.v:72]
INFO: [Synth 8-6155] done synthesizing module 'mig_7series_v4_2_ddr_mc_phy' (0#1) [d:/FPGA/miggen/p/mig0.gen/sources_1/ip/mig0/mig0/user_design/rtl/phy/mig_7series_v4_2_ddr_mc_phy.v:70]
WARNING: [Synth 8-689] width (12) of port connection 'pi_dqs_found_lanes' does not match port width (4) of module 'mig_7series_v4_2_ddr_mc_phy' [d:/FPGA/miggen/p/mig0.gen/sources_1/ip/mig0/mig0/user_design/rtl/phy/mig_7series_v4_2_ddr_mc_phy_wrapper.v:1671]
WARNING: [Synth 8-689] width (12) of port connection 'pi_phase_locked_lanes' does not match port width (4) of module 'mig_7series_v4_2_ddr_mc_phy' [d:/FPGA/miggen/p/mig0.gen/sources_1/ip/mig0/mig0/user_design/rtl/phy/mig_7series_v4_2_ddr_mc_phy_wrapper.v:1679]
WARNING: [Synth 8-7071] port 'of_data_a_full' of module 'mig_7series_v4_2_ddr_mc_phy' is unconnected for instance 'u_ddr_mc_phy' [d:/FPGA/miggen/p/mig0.gen/sources_1/ip/mig0/mig0/user_design/rtl/phy/mig_7series_v4_2_ddr_mc_phy_wrapper.v:1579]
WARNING: [Synth 8-7023] instance 'u_ddr_mc_phy' of module 'mig_7series_v4_2_ddr_mc_phy' has 89 connections declared, but only 88 given [d:/FPGA/miggen/p/mig0.gen/sources_1/ip/mig0/mig0/user_design/rtl/phy/mig_7series_v4_2_ddr_mc_phy_wrapper.v:1579]
INFO: [Synth 8-6155] done synthesizing module 'mig_7series_v4_2_ddr_mc_phy_wrapper' (0#1) [d:/FPGA/miggen/p/mig0.gen/sources_1/ip/mig0/mig0/user_design/rtl/phy/mig_7series_v4_2_ddr_mc_phy_wrapper.v:71]
INFO: [Synth 8-6157] synthesizing module 'mig_7series_v4_2_ddr_calib_top' [d:/FPGA/miggen/p/mig0.gen/sources_1/ip/mig0/mig0/user_design/rtl/phy/mig_7series_v4_2_ddr_calib_top.v:81]
INFO: [Synth 8-6157] synthesizing module 'mig_7series_v4_2_ddr_phy_wrlvl' [d:/FPGA/miggen/p/mig0.gen/sources_1/ip/mig0/mig0/user_design/rtl/phy/mig_7series_v4_2_ddr_phy_wrlvl.v:90]
INFO: [Synth 8-155] case statement is not full and has no default [d:/FPGA/miggen/p/mig0.gen/sources_1/ip/mig0/mig0/user_design/rtl/phy/mig_7series_v4_2_ddr_phy_wrlvl.v:797]
INFO: [Synth 8-6155] done synthesizing module 'mig_7series_v4_2_ddr_phy_wrlvl' (0#1) [d:/FPGA/miggen/p/mig0.gen/sources_1/ip/mig0/mig0/user_design/rtl/phy/mig_7series_v4_2_ddr_phy_wrlvl.v:90]
INFO: [Synth 8-6157] synthesizing module 'mig_7series_v4_2_ddr_phy_ck_addr_cmd_delay' [d:/FPGA/miggen/p/mig0.gen/sources_1/ip/mig0/mig0/user_design/rtl/phy/mig_7series_v4_2_ddr_phy_ck_addr_cmd_delay.v:68]
INFO: [Synth 8-6155] done synthesizing module 'mig_7series_v4_2_ddr_phy_ck_addr_cmd_delay' (0#1) [d:/FPGA/miggen/p/mig0.gen/sources_1/ip/mig0/mig0/user_design/rtl/phy/mig_7series_v4_2_ddr_phy_ck_addr_cmd_delay.v:68]
INFO: [Synth 8-6157] synthesizing module 'mig_7series_v4_2_ddr_phy_dqs_found_cal_hr' [d:/FPGA/miggen/p/mig0.gen/sources_1/ip/mig0/mig0/user_design/rtl/phy/mig_7series_v4_2_ddr_phy_dqs_found_cal_hr.v:79]
INFO: [Synth 8-6155] done synthesizing module 'mig_7series_v4_2_ddr_phy_dqs_found_cal_hr' (0#1) [d:/FPGA/miggen/p/mig0.gen/sources_1/ip/mig0/mig0/user_design/rtl/phy/mig_7series_v4_2_ddr_phy_dqs_found_cal_hr.v:79]
INFO: [Synth 8-6157] synthesizing module 'mig_7series_v4_2_ddr_phy_rdlvl' [d:/FPGA/miggen/p/mig0.gen/sources_1/ip/mig0/mig0/user_design/rtl/phy/mig_7series_v4_2_ddr_phy_rdlvl.v:78]
INFO: [Synth 8-155] case statement is not full and has no default [d:/FPGA/miggen/p/mig0.gen/sources_1/ip/mig0/mig0/user_design/rtl/phy/mig_7series_v4_2_ddr_phy_rdlvl.v:2745]
INFO: [Synth 8-6155] done synthesizing module 'mig_7series_v4_2_ddr_phy_rdlvl' (0#1) [d:/FPGA/miggen/p/mig0.gen/sources_1/ip/mig0/mig0/user_design/rtl/phy/mig_7series_v4_2_ddr_phy_rdlvl.v:78]
INFO: [Synth 8-6157] synthesizing module 'mig_7series_v4_2_ddr_prbs_gen' [d:/FPGA/miggen/p/mig0.gen/sources_1/ip/mig0/mig0/user_design/rtl/phy/mig_7series_v4_2_ddr_prbs_gen.v:91]
WARNING: [Synth 8-7186] Applying attribute ram_style = "distributed" is ignored, object 'rd_addr' is not inferred as ram due to incorrect usage [d:/FPGA/miggen/p/mig0.gen/sources_1/ip/mig0/mig0/user_design/rtl/phy/mig_7series_v4_2_ddr_prbs_gen.v:202]
WARNING: [Synth 8-7186] Applying attribute ram_style = "distributed" is ignored, object 'mem_out' is not inferred as ram due to incorrect usage [d:/FPGA/miggen/p/mig0.gen/sources_1/ip/mig0/mig0/user_design/rtl/phy/mig_7series_v4_2_ddr_prbs_gen.v:204]
INFO: [Synth 8-6155] done synthesizing module 'mig_7series_v4_2_ddr_prbs_gen' (0#1) [d:/FPGA/miggen/p/mig0.gen/sources_1/ip/mig0/mig0/user_design/rtl/phy/mig_7series_v4_2_ddr_prbs_gen.v:91]
INFO: [Synth 8-6157] synthesizing module 'mig_7series_v4_2_ddr_phy_init' [d:/FPGA/miggen/p/mig0.gen/sources_1/ip/mig0/mig0/user_design/rtl/phy/mig_7series_v4_2_ddr_phy_init.v:88]
INFO: [Synth 8-226] default block is never used [d:/FPGA/miggen/p/mig0.gen/sources_1/ip/mig0/mig0/user_design/rtl/phy/mig_7series_v4_2_ddr_phy_init.v:5272]
INFO: [Synth 8-6155] done synthesizing module 'mig_7series_v4_2_ddr_phy_init' (0#1) [d:/FPGA/miggen/p/mig0.gen/sources_1/ip/mig0/mig0/user_design/rtl/phy/mig_7series_v4_2_ddr_phy_init.v:88]
WARNING: [Synth 8-7071] port 'complex_oclk_prech_req' of module 'mig_7series_v4_2_ddr_phy_init' is unconnected for instance 'u_ddr_phy_init' [d:/FPGA/miggen/p/mig0.gen/sources_1/ip/mig0/mig0/user_design/rtl/phy/mig_7series_v4_2_ddr_calib_top.v:1366]
WARNING: [Synth 8-7023] instance 'u_ddr_phy_init' of module 'mig_7series_v4_2_ddr_phy_init' has 131 connections declared, but only 130 given [d:/FPGA/miggen/p/mig0.gen/sources_1/ip/mig0/mig0/user_design/rtl/phy/mig_7series_v4_2_ddr_calib_top.v:1366]
INFO: [Synth 8-6157] synthesizing module 'mig_7series_v4_2_ddr_phy_wrcal' [d:/FPGA/miggen/p/mig0.gen/sources_1/ip/mig0/mig0/user_design/rtl/phy/mig_7series_v4_2_ddr_phy_wrcal.v:77]
INFO: [Synth 8-155] case statement is not full and has no default [d:/FPGA/miggen/p/mig0.gen/sources_1/ip/mig0/mig0/user_design/rtl/phy/mig_7series_v4_2_ddr_phy_wrcal.v:1130]
INFO: [Synth 8-6155] done synthesizing module 'mig_7series_v4_2_ddr_phy_wrcal' (0#1) [d:/FPGA/miggen/p/mig0.gen/sources_1/ip/mig0/mig0/user_design/rtl/phy/mig_7series_v4_2_ddr_phy_wrcal.v:77]
INFO: [Synth 8-6157] synthesizing module 'mig_7series_v4_2_ddr_phy_tempmon' [d:/FPGA/miggen/p/mig0.gen/sources_1/ip/mig0/mig0/user_design/rtl/phy/mig_7series_v4_2_ddr_phy_tempmon.v:68]
INFO: [Synth 8-6155] done synthesizing module 'mig_7series_v4_2_ddr_phy_tempmon' (0#1) [d:/FPGA/miggen/p/mig0.gen/sources_1/ip/mig0/mig0/user_design/rtl/phy/mig_7series_v4_2_ddr_phy_tempmon.v:68]
INFO: [Synth 8-6155] done synthesizing module 'mig_7series_v4_2_ddr_calib_top' (0#1) [d:/FPGA/miggen/p/mig0.gen/sources_1/ip/mig0/mig0/user_design/rtl/phy/mig_7series_v4_2_ddr_calib_top.v:81]
WARNING: [Synth 8-689] width (12) of port connection 'pi_dqs_found_lanes' does not match port width (4) of module 'mig_7series_v4_2_ddr_calib_top' [d:/FPGA/miggen/p/mig0.gen/sources_1/ip/mig0/mig0/user_design/rtl/phy/mig_7series_v4_2_ddr_phy_top.v:1339]
INFO: [Synth 8-6155] done synthesizing module 'mig_7series_v4_2_ddr_phy_top' (0#1) [d:/FPGA/miggen/p/mig0.gen/sources_1/ip/mig0/mig0/user_design/rtl/phy/mig_7series_v4_2_ddr_phy_top.v:69]
INFO: [Synth 8-6155] done synthesizing module 'mig_7series_v4_2_mem_intfc' (0#1) [d:/FPGA/miggen/p/mig0.gen/sources_1/ip/mig0/mig0/user_design/rtl/ip_top/mig_7series_v4_2_mem_intfc.v:69]
INFO: [Synth 8-6157] synthesizing module 'mig_7series_v4_2_ui_top' [d:/FPGA/miggen/p/mig0.gen/sources_1/ip/mig0/mig0/user_design/rtl/ui/mig_7series_v4_2_ui_top.v:70]
INFO: [Synth 8-6157] synthesizing module 'mig_7series_v4_2_ui_cmd' [d:/FPGA/miggen/p/mig0.gen/sources_1/ip/mig0/mig0/user_design/rtl/ui/mig_7series_v4_2_ui_cmd.v:69]
INFO: [Synth 8-6155] done synthesizing module 'mig_7series_v4_2_ui_cmd' (0#1) [d:/FPGA/miggen/p/mig0.gen/sources_1/ip/mig0/mig0/user_design/rtl/ui/mig_7series_v4_2_ui_cmd.v:69]
INFO: [Synth 8-6157] synthesizing module 'mig_7series_v4_2_ui_wr_data' [d:/FPGA/miggen/p/mig0.gen/sources_1/ip/mig0/mig0/user_design/rtl/ui/mig_7series_v4_2_ui_wr_data.v:130]
INFO: [Synth 8-155] case statement is not full and has no default [d:/FPGA/miggen/p/mig0.gen/sources_1/ip/mig0/mig0/user_design/rtl/ui/mig_7series_v4_2_ui_wr_data.v:341]
INFO: [Synth 8-155] case statement is not full and has no default [d:/FPGA/miggen/p/mig0.gen/sources_1/ip/mig0/mig0/user_design/rtl/ui/mig_7series_v4_2_ui_wr_data.v:379]
INFO: [Synth 8-6155] done synthesizing module 'mig_7series_v4_2_ui_wr_data' (0#1) [d:/FPGA/miggen/p/mig0.gen/sources_1/ip/mig0/mig0/user_design/rtl/ui/mig_7series_v4_2_ui_wr_data.v:130]
INFO: [Synth 8-6157] synthesizing module 'mig_7series_v4_2_ui_rd_data' [d:/FPGA/miggen/p/mig0.gen/sources_1/ip/mig0/mig0/user_design/rtl/ui/mig_7series_v4_2_ui_rd_data.v:139]
INFO: [Synth 8-155] case statement is not full and has no default [d:/FPGA/miggen/p/mig0.gen/sources_1/ip/mig0/mig0/user_design/rtl/ui/mig_7series_v4_2_ui_rd_data.v:405]
WARNING: [Synth 8-567] referenced signal 'not_strict_mode.occ_cnt_r' should be on the sensitivity list [d:/FPGA/miggen/p/mig0.gen/sources_1/ip/mig0/mig0/user_design/rtl/ui/mig_7series_v4_2_ui_rd_data.v:402]
WARNING: [Synth 8-567] referenced signal 'not_strict_mode.free_rd_buf' should be on the sensitivity list [d:/FPGA/miggen/p/mig0.gen/sources_1/ip/mig0/mig0/user_design/rtl/ui/mig_7series_v4_2_ui_rd_data.v:402]
WARNING: [Synth 8-567] referenced signal 'not_strict_mode.occ_minus_one' should be on the sensitivity list [d:/FPGA/miggen/p/mig0.gen/sources_1/ip/mig0/mig0/user_design/rtl/ui/mig_7series_v4_2_ui_rd_data.v:402]
WARNING: [Synth 8-567] referenced signal 'not_strict_mode.occ_plus_one' should be on the sensitivity list [d:/FPGA/miggen/p/mig0.gen/sources_1/ip/mig0/mig0/user_design/rtl/ui/mig_7series_v4_2_ui_rd_data.v:402]
WARNING: [Synth 8-567] referenced signal 'not_strict_mode.rd_data_buf_addr_r_lcl' should be on the sensitivity list [d:/FPGA/miggen/p/mig0.gen/sources_1/ip/mig0/mig0/user_design/rtl/ui/mig_7series_v4_2_ui_rd_data.v:431]
INFO: [Synth 8-6155] done synthesizing module 'mig_7series_v4_2_ui_rd_data' (0#1) [d:/FPGA/miggen/p/mig0.gen/sources_1/ip/mig0/mig0/user_design/rtl/ui/mig_7series_v4_2_ui_rd_data.v:139]
INFO: [Synth 8-6155] done synthesizing module 'mig_7series_v4_2_ui_top' (0#1) [d:/FPGA/miggen/p/mig0.gen/sources_1/ip/mig0/mig0/user_design/rtl/ui/mig_7series_v4_2_ui_top.v:70]
INFO: [Synth 8-6155] done synthesizing module 'mig_7series_v4_2_memc_ui_top_std' (0#1) [d:/FPGA/miggen/p/mig0.gen/sources_1/ip/mig0/mig0/user_design/rtl/ip_top/mig_7series_v4_2_memc_ui_top_std.v:70]
INFO: [Synth 8-6155] done synthesizing module 'mig0_mig' (0#1) [d:/FPGA/miggen/p/mig0.gen/sources_1/ip/mig0/mig0/user_design/rtl/mig0_mig.v:74]
INFO: [Synth 8-6155] done synthesizing module 'mig0' (0#1) [d:/FPGA/miggen/p/mig0.gen/sources_1/ip/mig0/mig0/user_design/rtl/mig0.v:69]
INFO: [Synth 8-6157] synthesizing module 'pack_debug_clear' [D:/FPGA/NATIVE_AI_DEVELOPMENTAL_HARDWARE_R1_PACKAGE_20260914-20260914T045403Z-1-001/CANON_BLUEPRINT/rtl/native_ai/board/pack_debug_clear.sv:12]
INFO: [Synth 8-294] found qualifier unique on case statement: implementing as parallel_case [D:/FPGA/NATIVE_AI_DEVELOPMENTAL_HARDWARE_R1_PACKAGE_20260914-20260914T045403Z-1-001/CANON_BLUEPRINT/rtl/native_ai/board/pack_debug_clear.sv:69]
INFO: [Synth 8-6155] done synthesizing module 'pack_debug_clear' (0#1) [D:/FPGA/NATIVE_AI_DEVELOPMENTAL_HARDWARE_R1_PACKAGE_20260914-20260914T045403Z-1-001/CANON_BLUEPRINT/rtl/native_ai/board/pack_debug_clear.sv:12]
INFO: [Synth 8-6157] synthesizing module 'pack_clear_ui' [D:/FPGA/NATIVE_AI_DEVELOPMENTAL_HARDWARE_R1_PACKAGE_20260914-20260914T045403Z-1-001/CANON_BLUEPRINT/rtl/native_ai/board/pack_clear_ui.sv:6]
INFO: [Synth 8-294] found qualifier unique on case statement: implementing as parallel_case [D:/FPGA/NATIVE_AI_DEVELOPMENTAL_HARDWARE_R1_PACKAGE_20260914-20260914T045403Z-1-001/CANON_BLUEPRINT/rtl/native_ai/board/pack_clear_ui.sv:29]
INFO: [Synth 8-226] default block is never used [D:/FPGA/NATIVE_AI_DEVELOPMENTAL_HARDWARE_R1_PACKAGE_20260914-20260914T045403Z-1-001/CANON_BLUEPRINT/rtl/native_ai/board/pack_clear_ui.sv:29]
INFO: [Synth 8-6155] done synthesizing module 'pack_clear_ui' (0#1) [D:/FPGA/NATIVE_AI_DEVELOPMENTAL_HARDWARE_R1_PACKAGE_20260914-20260914T045403Z-1-001/CANON_BLUEPRINT/rtl/native_ai/board/pack_clear_ui.sv:6]
INFO: [Synth 8-6157] synthesizing module 'uart_rx_word' [D:/FPGA/NATIVE_AI_DEVELOPMENTAL_HARDWARE_R1_PACKAGE_20260914-20260914T045403Z-1-001/CANON_BLUEPRINT/rtl/native_ai/board/uart_rx_word.sv:4]
INFO: [Synth 8-226] default block is never used [D:/FPGA/NATIVE_AI_DEVELOPMENTAL_HARDWARE_R1_PACKAGE_20260914-20260914T045403Z-1-001/CANON_BLUEPRINT/rtl/native_ai/board/uart_rx_word.sv:56]
INFO: [Synth 8-6155] done synthesizing module 'uart_rx_word' (0#1) [D:/FPGA/NATIVE_AI_DEVELOPMENTAL_HARDWARE_R1_PACKAGE_20260914-20260914T045403Z-1-001/CANON_BLUEPRINT/rtl/native_ai/board/uart_rx_word.sv:4]
INFO: [Synth 8-6157] synthesizing module 'uart_fe256_host' [D:/FPGA/NATIVE_AI_DEVELOPMENTAL_HARDWARE_R1_PACKAGE_20260914-20260914T045403Z-1-001/CANON_BLUEPRINT/rtl/native_ai/board/uart_fe256_host.sv:6]
INFO: [Synth 8-294] found qualifier unique on case statement: implementing as parallel_case [D:/FPGA/NATIVE_AI_DEVELOPMENTAL_HARDWARE_R1_PACKAGE_20260914-20260914T045403Z-1-001/CANON_BLUEPRINT/rtl/native_ai/board/uart_fe256_host.sv:61]
INFO: [Synth 8-6155] done synthesizing module 'uart_fe256_host' (0#1) [D:/FPGA/NATIVE_AI_DEVELOPMENTAL_HARDWARE_R1_PACKAGE_20260914-20260914T045403Z-1-001/CANON_BLUEPRINT/rtl/native_ai/board/uart_fe256_host.sv:6]
INFO: [Synth 8-6157] synthesizing module 'query_result_bind' [D:/FPGA/NATIVE_AI_DEVELOPMENTAL_HARDWARE_R1_PACKAGE_20260914-20260914T045403Z-1-001/CANON_BLUEPRINT/rtl/native_ai/directory/query_result_bind.sv:8]
INFO: [Synth 8-6157] synthesizing module 'query_walk_bind' [D:/FPGA/NATIVE_AI_DEVELOPMENTAL_HARDWARE_R1_PACKAGE_20260914-20260914T045403Z-1-001/CANON_BLUEPRINT/rtl/native_ai/directory/query_walk_bind.sv:6]
	Parameter N_DIR bound to: 32'sb00000000000000000000000011101011 
	Parameter N_POST bound to: 32'sb00000000000000000000100000000000 
INFO: [Synth 8-6157] synthesizing module 'bounded_walk' [D:/FPGA/NATIVE_AI_DEVELOPMENTAL_HARDWARE_R1_PACKAGE_20260914-20260914T045403Z-1-001/CANON_BLUEPRINT/rtl/native_ai/directory/bounded_walk.sv:5]
INFO: [Common 17-14] Message 'Synth 8-6157' appears 100 times and further instances of the messages will be disabled. Use the Tcl command set_msg_config to change the current settings.
	Parameter N_DIR bound to: 32'sb00000000000000000000000011101011 
	Parameter N_POST bound to: 32'sb00000000000000000000100000000000 
	Parameter N_DIR bound to: 32'sb00000000000000000000000011101011 
	Parameter N_POST bound to: 32'sb00000000000000000000100000000000 
INFO: [Synth 8-3876] $readmem data file 'post_a.mem' is read successfully [D:/FPGA/NATIVE_AI_DEVELOPMENTAL_HARDWARE_R1_PACKAGE_20260914-20260914T045403Z-1-001/CANON_BLUEPRINT/rtl/native_ai/directory/posting_walk.sv:26]
	Parameter N_DIR bound to: 32'sb00000000000000000000000011101011 
INFO: [Synth 8-3876] $readmem data file 'dir_a.mem' is read successfully [D:/FPGA/NATIVE_AI_DEVELOPMENTAL_HARDWARE_R1_PACKAGE_20260914-20260914T045403Z-1-001/CANON_BLUEPRINT/rtl/native_ai/directory/exact_directory.sv:26]
INFO: [Synth 8-226] default block is never used [D:/FPGA/NATIVE_AI_DEVELOPMENTAL_HARDWARE_R1_PACKAGE_20260914-20260914T045403Z-1-001/CANON_BLUEPRINT/rtl/native_ai/directory/exact_directory.sv:66]
INFO: [Synth 8-6155] done synthesizing module 'exact_directory' (0#1) [D:/FPGA/NATIVE_AI_DEVELOPMENTAL_HARDWARE_R1_PACKAGE_20260914-20260914T045403Z-1-001/CANON_BLUEPRINT/rtl/native_ai/directory/exact_directory.sv:6]
INFO: [Synth 8-6155] done synthesizing module 'posting_walk' (0#1) [D:/FPGA/NATIVE_AI_DEVELOPMENTAL_HARDWARE_R1_PACKAGE_20260914-20260914T045403Z-1-001/CANON_BLUEPRINT/rtl/native_ai/directory/posting_walk.sv:5]
INFO: [Synth 8-6155] done synthesizing module 'bounded_walk' (0#1) [D:/FPGA/NATIVE_AI_DEVELOPMENTAL_HARDWARE_R1_PACKAGE_20260914-20260914T045403Z-1-001/CANON_BLUEPRINT/rtl/native_ai/directory/bounded_walk.sv:5]
INFO: [Synth 8-226] default block is never used [D:/FPGA/NATIVE_AI_DEVELOPMENTAL_HARDWARE_R1_PACKAGE_20260914-20260914T045403Z-1-001/CANON_BLUEPRINT/rtl/native_ai/directory/query_walk_bind.sv:98]
INFO: [Synth 8-6155] done synthesizing module 'query_walk_bind' (0#1) [D:/FPGA/NATIVE_AI_DEVELOPMENTAL_HARDWARE_R1_PACKAGE_20260914-20260914T045403Z-1-001/CANON_BLUEPRINT/rtl/native_ai/directory/query_walk_bind.sv:6]
INFO: [Common 17-14] Message 'Synth 8-6155' appears 100 times and further instances of the messages will be disabled. Use the Tcl command set_msg_config to change the current settings.
INFO: [Synth 8-226] default block is never used [D:/FPGA/NATIVE_AI_DEVELOPMENTAL_HARDWARE_R1_PACKAGE_20260914-20260914T045403Z-1-001/CANON_BLUEPRINT/rtl/native_ai/directory/query_result_bind.sv:78]
INFO: [Synth 8-294] found qualifier unique on case statement: implementing as parallel_case [D:/FPGA/NATIVE_AI_DEVELOPMENTAL_HARDWARE_R1_PACKAGE_20260914-20260914T045403Z-1-001/CANON_BLUEPRINT/rtl/native_ai/loader/pack_loader.sv:331]
INFO: [Synth 8-294] found qualifier unique on case statement: implementing as parallel_case [D:/FPGA/NATIVE_AI_DEVELOPMENTAL_HARDWARE_R1_PACKAGE_20260914-20260914T045403Z-1-001/CANON_BLUEPRINT/rtl/native_ai/loader/pack_loader.sv:390]
INFO: [Synth 8-294] found qualifier unique on case statement: implementing as parallel_case [D:/FPGA/NATIVE_AI_DEVELOPMENTAL_HARDWARE_R1_PACKAGE_20260914-20260914T045403Z-1-001/CANON_BLUEPRINT/rtl/native_ai/loader/pack_loader.sv:139]
INFO: [Synth 8-226] default block is never used [D:/FPGA/NATIVE_AI_DEVELOPMENTAL_HARDWARE_R1_PACKAGE_20260914-20260914T045403Z-1-001/CANON_BLUEPRINT/rtl/native_ai/loader/pack_loader.sv:139]
INFO: [Synth 8-294] found qualifier unique on case statement: implementing as parallel_case [D:/FPGA/NATIVE_AI_DEVELOPMENTAL_HARDWARE_R1_PACKAGE_20260914-20260914T045403Z-1-001/CANON_BLUEPRINT/rtl/native_ai/loader/pack_loader.sv:153]
INFO: [Synth 8-226] default block is never used [D:/FPGA/NATIVE_AI_DEVELOPMENTAL_HARDWARE_R1_PACKAGE_20260914-20260914T045403Z-1-001/CANON_BLUEPRINT/rtl/native_ai/loader/pack_loader.sv:153]
INFO: [Synth 8-294] found qualifier unique on case statement: implementing as parallel_case [D:/FPGA/NATIVE_AI_DEVELOPMENTAL_HARDWARE_R1_PACKAGE_20260914-20260914T045403Z-1-001/CANON_BLUEPRINT/rtl/native_ai/loader/pack_loader.sv:167]
INFO: [Synth 8-226] default block is never used [D:/FPGA/NATIVE_AI_DEVELOPMENTAL_HARDWARE_R1_PACKAGE_20260914-20260914T045403Z-1-001/CANON_BLUEPRINT/rtl/native_ai/loader/pack_loader.sv:167]
INFO: [Synth 8-294] found qualifier unique on case statement: implementing as parallel_case [D:/FPGA/NATIVE_AI_DEVELOPMENTAL_HARDWARE_R1_PACKAGE_20260914-20260914T045403Z-1-001/CANON_BLUEPRINT/rtl/native_ai/loader/pack_loader.sv:181]
INFO: [Synth 8-226] default block is never used [D:/FPGA/NATIVE_AI_DEVELOPMENTAL_HARDWARE_R1_PACKAGE_20260914-20260914T045403Z-1-001/CANON_BLUEPRINT/rtl/native_ai/loader/pack_loader.sv:181]
INFO: [Synth 8-294] found qualifier unique on case statement: implementing as parallel_case [D:/FPGA/NATIVE_AI_DEVELOPMENTAL_HARDWARE_R1_PACKAGE_20260914-20260914T045403Z-1-001/CANON_BLUEPRINT/rtl/native_ai/loader/pack_loader.sv:429]
INFO: [Synth 8-294] found qualifier unique on case statement: implementing as parallel_case [D:/FPGA/NATIVE_AI_DEVELOPMENTAL_HARDWARE_R1_PACKAGE_20260914-20260914T045403Z-1-001/CANON_BLUEPRINT/rtl/native_ai/memory/mig_ui32.sv:72]
INFO: [Synth 8-226] default block is never used [D:/FPGA/NATIVE_AI_DEVELOPMENTAL_HARDWARE_R1_PACKAGE_20260914-20260914T045403Z-1-001/CANON_BLUEPRINT/rtl/native_ai/memory/mig_ui32.sv:72]
INFO: [Synth 8-294] found qualifier unique on case statement: implementing as parallel_case [D:/FPGA/NATIVE_AI_DEVELOPMENTAL_HARDWARE_R1_PACKAGE_20260914-20260914T045403Z-1-001/CANON_BLUEPRINT/rtl/native_ai/memory/mig_ui32.sv:105]
INFO: [Synth 8-294] found qualifier unique on case statement: implementing as parallel_case [D:/FPGA/NATIVE_AI_DEVELOPMENTAL_HARDWARE_R1_PACKAGE_20260914-20260914T045403Z-1-001/CANON_BLUEPRINT/rtl/native_ai/memory/mig_ui_mux.sv:57]
INFO: [Synth 8-294] found qualifier unique on case statement: implementing as parallel_case [D:/FPGA/NATIVE_AI_DEVELOPMENTAL_HARDWARE_R1_PACKAGE_20260914-20260914T045403Z-1-001/CANON_BLUEPRINT/rtl/native_ai/memory/mig_ui_mux.sv:93]
	Parameter ACC_W bound to: 32 - type: integer 
	Parameter SHIFT bound to: 12 - type: integer 
	Parameter K_HARD_MAX bound to: 8 - type: integer 
	Parameter FEM_BASE bound to: 28'b0000001000000000000000000000 
INFO: [Synth 8-226] default block is never used [D:/FPGA/NATIVE_AI_DEVELOPMENTAL_HARDWARE_R1_PACKAGE_20260914-20260914T045403Z-1-001/CANON_BLUEPRINT/rtl/native_ai/memory/fem_t2_adapter.v:60]
	Parameter FEM_BASE bound to: 28'b0000001000000000000000000000 
INFO: [Synth 8-294] found qualifier unique on case statement: implementing as parallel_case [D:/FPGA/NATIVE_AI_DEVELOPMENTAL_HARDWARE_R1_PACKAGE_20260914-20260914T045403Z-1-001/CANON_BLUEPRINT/rtl/native_ai/board/uart_tx_word.sv:35]
INFO: [Synth 8-226] default block is never used [D:/FPGA/NATIVE_AI_DEVELOPMENTAL_HARDWARE_R1_PACKAGE_20260914-20260914T045403Z-1-001/CANON_BLUEPRINT/rtl/native_ai/board/uart_tx_word.sv:35]
WARNING: [Synth 8-3848] Net ui_addn_clk_0 in module/entity mig_7series_v4_2_infrastructure does not have driver. [d:/FPGA/miggen/p/mig0.gen/sources_1/ip/mig0/mig0/user_design/rtl/clocking/mig_7series_v4_2_infrastructure.v:140]
WARNING: [Synth 8-3848] Net ui_addn_clk_1 in module/entity mig_7series_v4_2_infrastructure does not have driver. [d:/FPGA/miggen/p/mig0.gen/sources_1/ip/mig0/mig0/user_design/rtl/clocking/mig_7series_v4_2_infrastructure.v:141]
WARNING: [Synth 8-3848] Net ui_addn_clk_2 in module/entity mig_7series_v4_2_infrastructure does not have driver. [d:/FPGA/miggen/p/mig0.gen/sources_1/ip/mig0/mig0/user_design/rtl/clocking/mig_7series_v4_2_infrastructure.v:142]
WARNING: [Synth 8-3848] Net ui_addn_clk_3 in module/entity mig_7series_v4_2_infrastructure does not have driver. [d:/FPGA/miggen/p/mig0.gen/sources_1/ip/mig0/mig0/user_design/rtl/clocking/mig_7series_v4_2_infrastructure.v:143]
WARNING: [Synth 8-3848] Net ui_addn_clk_4 in module/entity mig_7series_v4_2_infrastructure does not have driver. [d:/FPGA/miggen/p/mig0.gen/sources_1/ip/mig0/mig0/user_design/rtl/clocking/mig_7series_v4_2_infrastructure.v:144]
WARNING: [Synth 8-6014] Unused sequential element periodic_rd_generation.read_this_rank_r1_reg was removed.  [d:/FPGA/miggen/p/mig0.gen/sources_1/ip/mig0/mig0/user_design/rtl/controller/mig_7series_v4_2_rank_cntrl.v:487]
WARNING: [Synth 8-3936] Found unconnected internal register 'dbl_req_reg' and it is trimmed from '6' to '5' bits. [d:/FPGA/miggen/p/mig0.gen/sources_1/ip/mig0/mig0/user_design/rtl/controller/mig_7series_v4_2_round_robin_arb.v:145]
WARNING: [Synth 8-3936] Found unconnected internal register 'dbl_last_master_ns_reg' and it is trimmed from '6' to '4' bits. [d:/FPGA/miggen/p/mig0.gen/sources_1/ip/mig0/mig0/user_design/rtl/controller/mig_7series_v4_2_round_robin_arb.v:143]
WARNING: [Synth 8-6014] Unused sequential element last_master_r_reg was removed.  [d:/FPGA/miggen/p/mig0.gen/sources_1/ip/mig0/mig0/user_design/rtl/controller/mig_7series_v4_2_round_robin_arb.v:181]
WARNING: [Synth 8-3848] Net channel[0].inh_group in module/entity mig_7series_v4_2_round_robin_arb__parameterized0 does not have driver. [d:/FPGA/miggen/p/mig0.gen/sources_1/ip/mig0/mig0/user_design/rtl/controller/mig_7series_v4_2_round_robin_arb.v:153]
WARNING: [Synth 8-3936] Found unconnected internal register 'col_addr_template_reg' and it is trimmed from '16' to '14' bits. [d:/FPGA/miggen/p/mig0.gen/sources_1/ip/mig0/mig0/user_design/rtl/controller/mig_7series_v4_2_bank_compare.v:251]
WARNING: [Synth 8-3936] Found unconnected internal register 'dbl_req_reg' and it is trimmed from '8' to '7' bits. [d:/FPGA/miggen/p/mig0.gen/sources_1/ip/mig0/mig0/user_design/rtl/controller/mig_7series_v4_2_round_robin_arb.v:145]
WARNING: [Synth 8-3936] Found unconnected internal register 'dbl_last_master_ns_reg' and it is trimmed from '8' to '6' bits. [d:/FPGA/miggen/p/mig0.gen/sources_1/ip/mig0/mig0/user_design/rtl/controller/mig_7series_v4_2_round_robin_arb.v:143]
WARNING: [Synth 8-6014] Unused sequential element sent_row_or_maint_r_reg was removed.  [d:/FPGA/miggen/p/mig0.gen/sources_1/ip/mig0/mig0/user_design/rtl/controller/mig_7series_v4_2_arb_row_col.v:357]
WARNING: [Synth 8-6014] Unused sequential element mc_aux_out_r_1_reg was removed.  [d:/FPGA/miggen/p/mig0.gen/sources_1/ip/mig0/mig0/user_design/rtl/controller/mig_7series_v4_2_arb_select.v:680]
WARNING: [Synth 8-6014] Unused sequential element mc_aux_out_r_2_reg was removed.  [d:/FPGA/miggen/p/mig0.gen/sources_1/ip/mig0/mig0/user_design/rtl/controller/mig_7series_v4_2_arb_select.v:681]
WARNING: [Synth 8-3848] Net col_mux.col_row_r in module/entity mig_7series_v4_2_arb_select does not have driver. [d:/FPGA/miggen/p/mig0.gen/sources_1/ip/mig0/mig0/user_design/rtl/controller/mig_7series_v4_2_arb_select.v:390]
WARNING: [Synth 8-3936] Found unconnected internal register 'read_fifo.fifo_out_data_r_reg' and it is trimmed from '12' to '8' bits. [d:/FPGA/miggen/p/mig0.gen/sources_1/ip/mig0/mig0/user_design/rtl/controller/mig_7series_v4_2_col_mach.v:396]
WARNING: [Synth 8-3848] Net oserdes_dqts_buf in module/entity mig_7series_v4_2_ddr_byte_group_io does not have driver. [d:/FPGA/miggen/p/mig0.gen/sources_1/ip/mig0/mig0/user_design/rtl/phy/mig_7series_v4_2_ddr_byte_group_io.v:142]
WARNING: [Synth 8-3848] Net oserdes_dqs_buf in module/entity mig_7series_v4_2_ddr_byte_group_io does not have driver. [d:/FPGA/miggen/p/mig0.gen/sources_1/ip/mig0/mig0/user_design/rtl/phy/mig_7series_v4_2_ddr_byte_group_io.v:143]
WARNING: [Synth 8-3848] Net oserdes_dqsts_buf in module/entity mig_7series_v4_2_ddr_byte_group_io does not have driver. [d:/FPGA/miggen/p/mig0.gen/sources_1/ip/mig0/mig0/user_design/rtl/phy/mig_7series_v4_2_ddr_byte_group_io.v:144]
WARNING: [Synth 8-3848] Net iserdes_dout in module/entity mig_7series_v4_2_ddr_byte_group_io does not have driver. [d:/FPGA/miggen/p/mig0.gen/sources_1/ip/mig0/mig0/user_design/rtl/phy/mig_7series_v4_2_ddr_byte_group_io.v:91]
WARNING: [Synth 8-6014] Unused sequential element ififo_rst_reg was removed.  [d:/FPGA/miggen/p/mig0.gen/sources_1/ip/mig0/mig0/user_design/rtl/phy/mig_7series_v4_2_ddr_byte_lane.v:305]
WARNING: [Synth 8-3848] Net rclk in module/entity mig_7series_v4_2_ddr_byte_lane does not have driver. [d:/FPGA/miggen/p/mig0.gen/sources_1/ip/mig0/mig0/user_design/rtl/phy/mig_7series_v4_2_ddr_byte_lane.v:145]
WARNING: [Synth 8-3848] Net pi_iserdes_rst in module/entity mig_7series_v4_2_ddr_byte_lane does not have driver. [d:/FPGA/miggen/p/mig0.gen/sources_1/ip/mig0/mig0/user_design/rtl/phy/mig_7series_v4_2_ddr_byte_lane.v:191]
WARNING: [Synth 8-3848] Net pi_fine_overflow in module/entity mig_7series_v4_2_ddr_byte_lane does not have driver. [d:/FPGA/miggen/p/mig0.gen/sources_1/ip/mig0/mig0/user_design/rtl/phy/mig_7series_v4_2_ddr_byte_lane.v:193]
WARNING: [Synth 8-3848] Net pi_counter_read_val_w in module/entity mig_7series_v4_2_ddr_byte_lane does not have driver. [d:/FPGA/miggen/p/mig0.gen/sources_1/ip/mig0/mig0/user_design/rtl/phy/mig_7series_v4_2_ddr_byte_lane.v:429]
WARNING: [Synth 8-3848] Net dqs_out_of_range in module/entity mig_7series_v4_2_ddr_byte_lane does not have driver. [d:/FPGA/miggen/p/mig0.gen/sources_1/ip/mig0/mig0/user_design/rtl/phy/mig_7series_v4_2_ddr_byte_lane.v:196]
WARNING: [Synth 8-3848] Net iserdes_clk in module/entity mig_7series_v4_2_ddr_byte_lane does not have driver. [d:/FPGA/miggen/p/mig0.gen/sources_1/ip/mig0/mig0/user_design/rtl/phy/mig_7series_v4_2_ddr_byte_lane.v:273]
WARNING: [Synth 8-3848] Net iserdes_clkdiv in module/entity mig_7series_v4_2_ddr_byte_lane does not have driver. [d:/FPGA/miggen/p/mig0.gen/sources_1/ip/mig0/mig0/user_design/rtl/phy/mig_7series_v4_2_ddr_byte_lane.v:274]
WARNING: [Synth 8-3848] Net oserdes_dqts_buf in module/entity mig_7series_v4_2_ddr_byte_group_io__parameterized0 does not have driver. [d:/FPGA/miggen/p/mig0.gen/sources_1/ip/mig0/mig0/user_design/rtl/phy/mig_7series_v4_2_ddr_byte_group_io.v:142]
WARNING: [Synth 8-3848] Net oserdes_dqs_buf in module/entity mig_7series_v4_2_ddr_byte_group_io__parameterized0 does not have driver. [d:/FPGA/miggen/p/mig0.gen/sources_1/ip/mig0/mig0/user_design/rtl/phy/mig_7series_v4_2_ddr_byte_group_io.v:143]
WARNING: [Synth 8-3848] Net oserdes_dqsts_buf in module/entity mig_7series_v4_2_ddr_byte_group_io__parameterized0 does not have driver. [d:/FPGA/miggen/p/mig0.gen/sources_1/ip/mig0/mig0/user_design/rtl/phy/mig_7series_v4_2_ddr_byte_group_io.v:144]
WARNING: [Synth 8-3848] Net iserdes_dout in module/entity mig_7series_v4_2_ddr_byte_group_io__parameterized0 does not have driver. [d:/FPGA/miggen/p/mig0.gen/sources_1/ip/mig0/mig0/user_design/rtl/phy/mig_7series_v4_2_ddr_byte_group_io.v:91]
WARNING: [Synth 8-6014] Unused sequential element ififo_rst_reg was removed.  [d:/FPGA/miggen/p/mig0.gen/sources_1/ip/mig0/mig0/user_design/rtl/phy/mig_7series_v4_2_ddr_byte_lane.v:305]
WARNING: [Synth 8-3848] Net rclk in module/entity mig_7series_v4_2_ddr_byte_lane__parameterized0 does not have driver. [d:/FPGA/miggen/p/mig0.gen/sources_1/ip/mig0/mig0/user_design/rtl/phy/mig_7series_v4_2_ddr_byte_lane.v:145]
WARNING: [Synth 8-3848] Net pi_iserdes_rst in module/entity mig_7series_v4_2_ddr_byte_lane__parameterized0 does not have driver. [d:/FPGA/miggen/p/mig0.gen/sources_1/ip/mig0/mig0/user_design/rtl/phy/mig_7series_v4_2_ddr_byte_lane.v:191]
WARNING: [Synth 8-3848] Net pi_fine_overflow in module/entity mig_7series_v4_2_ddr_byte_lane__parameterized0 does not have driver. [d:/FPGA/miggen/p/mig0.gen/sources_1/ip/mig0/mig0/user_design/rtl/phy/mig_7series_v4_2_ddr_byte_lane.v:193]
WARNING: [Synth 8-3848] Net pi_counter_read_val_w in module/entity mig_7series_v4_2_ddr_byte_lane__parameterized0 does not have driver. [d:/FPGA/miggen/p/mig0.gen/sources_1/ip/mig0/mig0/user_design/rtl/phy/mig_7series_v4_2_ddr_byte_lane.v:429]
WARNING: [Synth 8-3848] Net dqs_out_of_range in module/entity mig_7series_v4_2_ddr_byte_lane__parameterized0 does not have driver. [d:/FPGA/miggen/p/mig0.gen/sources_1/ip/mig0/mig0/user_design/rtl/phy/mig_7series_v4_2_ddr_byte_lane.v:196]
WARNING: [Synth 8-3848] Net iserdes_clk in module/entity mig_7series_v4_2_ddr_byte_lane__parameterized0 does not have driver. [d:/FPGA/miggen/p/mig0.gen/sources_1/ip/mig0/mig0/user_design/rtl/phy/mig_7series_v4_2_ddr_byte_lane.v:273]
WARNING: [Synth 8-3848] Net iserdes_clkdiv in module/entity mig_7series_v4_2_ddr_byte_lane__parameterized0 does not have driver. [d:/FPGA/miggen/p/mig0.gen/sources_1/ip/mig0/mig0/user_design/rtl/phy/mig_7series_v4_2_ddr_byte_lane.v:274]
WARNING: [Synth 8-6014] Unused sequential element fine_delay_r_reg was removed.  [d:/FPGA/miggen/p/mig0.gen/sources_1/ip/mig0/mig0/user_design/rtl/phy/mig_7series_v4_2_ddr_byte_group_io.v:184]
WARNING: [Synth 8-3848] Net dummy_i5 in module/entity mig_7series_v4_2_ddr_byte_lane__parameterized1 does not have driver. [d:/FPGA/miggen/p/mig0.gen/sources_1/ip/mig0/mig0/user_design/rtl/phy/mig_7series_v4_2_ddr_byte_lane.v:267]
WARNING: [Synth 8-3848] Net dummy_i6 in module/entity mig_7series_v4_2_ddr_byte_lane__parameterized1 does not have driver. [d:/FPGA/miggen/p/mig0.gen/sources_1/ip/mig0/mig0/user_design/rtl/phy/mig_7series_v4_2_ddr_byte_lane.v:268]
WARNING: [Synth 8-3848] Net dummy_i5 in module/entity mig_7series_v4_2_ddr_byte_lane__parameterized2 does not have driver. [d:/FPGA/miggen/p/mig0.gen/sources_1/ip/mig0/mig0/user_design/rtl/phy/mig_7series_v4_2_ddr_byte_lane.v:267]
WARNING: [Synth 8-3848] Net dummy_i6 in module/entity mig_7series_v4_2_ddr_byte_lane__parameterized2 does not have driver. [d:/FPGA/miggen/p/mig0.gen/sources_1/ip/mig0/mig0/user_design/rtl/phy/mig_7series_v4_2_ddr_byte_lane.v:268]
WARNING: [Synth 8-6014] Unused sequential element B_rst_primitives_reg was removed.  [d:/FPGA/miggen/p/mig0.gen/sources_1/ip/mig0/mig0/user_design/rtl/phy/mig_7series_v4_2_ddr_phy_4lanes.v:737]
WARNING: [Synth 8-6014] Unused sequential element C_rst_primitives_reg was removed.  [d:/FPGA/miggen/p/mig0.gen/sources_1/ip/mig0/mig0/user_design/rtl/phy/mig_7series_v4_2_ddr_phy_4lanes.v:738]
WARNING: [Synth 8-6014] Unused sequential element D_rst_primitives_reg was removed.  [d:/FPGA/miggen/p/mig0.gen/sources_1/ip/mig0/mig0/user_design/rtl/phy/mig_7series_v4_2_ddr_phy_4lanes.v:739]
WARNING: [Synth 8-7137] Register ddr_phy_4lanes_0.aux_out_reg in module mig_7series_v4_2_ddr_mc_phy has both Set and reset with same priority. This may cause simulation mismatches. Consider rewriting code  [d:/FPGA/miggen/p/mig0.gen/sources_1/ip/mig0/mig0/user_design/rtl/phy/mig_7series_v4_2_ddr_mc_phy.v:1143]
WARNING: [Synth 8-7137] Register ddr_phy_4lanes_0.aux_out_reg in module mig_7series_v4_2_ddr_mc_phy has both Set and reset with same priority. This may cause simulation mismatches. Consider rewriting code  [d:/FPGA/miggen/p/mig0.gen/sources_1/ip/mig0/mig0/user_design/rtl/phy/mig_7series_v4_2_ddr_mc_phy.v:1143]
WARNING: [Synth 8-7137] Register ddr_phy_4lanes_0.aux_out_reg in module mig_7series_v4_2_ddr_mc_phy has both Set and reset with same priority. This may cause simulation mismatches. Consider rewriting code  [d:/FPGA/miggen/p/mig0.gen/sources_1/ip/mig0/mig0/user_design/rtl/phy/mig_7series_v4_2_ddr_mc_phy.v:1132]
WARNING: [Synth 8-7137] Register ddr_phy_4lanes_0.aux_out_reg in module mig_7series_v4_2_ddr_mc_phy has both Set and reset with same priority. This may cause simulation mismatches. Consider rewriting code  [d:/FPGA/miggen/p/mig0.gen/sources_1/ip/mig0/mig0/user_design/rtl/phy/mig_7series_v4_2_ddr_mc_phy.v:1132]
WARNING: [Synth 8-3936] Found unconnected internal register 'byte_sel_data_map_reg' and it is trimmed from '96' to '88' bits. [d:/FPGA/miggen/p/mig0.gen/sources_1/ip/mig0/mig0/user_design/rtl/phy/mig_7series_v4_2_ddr_mc_phy_wrapper.v:731]
WARNING: [Synth 8-3848] Net phy_data_full in module/entity mig_7series_v4_2_ddr_mc_phy_wrapper does not have driver. [d:/FPGA/miggen/p/mig0.gen/sources_1/ip/mig0/mig0/user_design/rtl/phy/mig_7series_v4_2_ddr_mc_phy_wrapper.v:227]
WARNING: [Synth 8-6014] Unused sequential element fast_cal_fine_cnt_reg was removed.  [d:/FPGA/miggen/p/mig0.gen/sources_1/ip/mig0/mig0/user_design/rtl/phy/mig_7series_v4_2_ddr_phy_wrlvl.v:790]
WARNING: [Synth 8-6014] Unused sequential element fast_cal_coarse_cnt_reg was removed.  [d:/FPGA/miggen/p/mig0.gen/sources_1/ip/mig0/mig0/user_design/rtl/phy/mig_7series_v4_2_ddr_phy_wrlvl.v:791]
WARNING: [Synth 8-6014] Unused sequential element final_corse_dec_reg was removed.  [d:/FPGA/miggen/p/mig0.gen/sources_1/ip/mig0/mig0/user_design/rtl/phy/mig_7series_v4_2_ddr_phy_wrlvl.v:792]
WARNING: [Synth 8-6014] Unused sequential element add_smallest_reg[1] was removed.  [d:/FPGA/miggen/p/mig0.gen/sources_1/ip/mig0/mig0/user_design/rtl/phy/mig_7series_v4_2_ddr_phy_wrlvl.v:516]
WARNING: [Synth 8-6014] Unused sequential element add_largest_reg[0] was removed.  [d:/FPGA/miggen/p/mig0.gen/sources_1/ip/mig0/mig0/user_design/rtl/phy/mig_7series_v4_2_ddr_phy_wrlvl.v:517]
WARNING: [Synth 8-6014] Unused sequential element add_largest_reg[1] was removed.  [d:/FPGA/miggen/p/mig0.gen/sources_1/ip/mig0/mig0/user_design/rtl/phy/mig_7series_v4_2_ddr_phy_wrlvl.v:517]
WARNING: [Synth 8-6014] Unused sequential element dqs_wl_po_en_stg2_c_reg was removed.  [d:/FPGA/miggen/p/mig0.gen/sources_1/ip/mig0/mig0/user_design/rtl/phy/mig_7series_v4_2_ddr_phy_wrlvl.v:628]
WARNING: [Synth 8-6014] Unused sequential element po_en_stg2_c_reg was removed.  [d:/FPGA/miggen/p/mig0.gen/sources_1/ip/mig0/mig0/user_design/rtl/phy/mig_7series_v4_2_ddr_phy_ck_addr_cmd_delay.v:162]
WARNING: [Synth 8-6014] Unused sequential element rank_final_loop[0].final_do_max_reg[0] was removed.  [d:/FPGA/miggen/p/mig0.gen/sources_1/ip/mig0/mig0/user_design/rtl/phy/mig_7series_v4_2_ddr_phy_dqs_found_cal_hr.v:1116]
WARNING: [Synth 8-6014] Unused sequential element rank_final_loop[0].final_do_index_reg[0] was removed.  [d:/FPGA/miggen/p/mig0.gen/sources_1/ip/mig0/mig0/user_design/rtl/phy/mig_7series_v4_2_ddr_phy_dqs_found_cal_hr.v:1146]
WARNING: [Synth 8-6014] Unused sequential element dqsfound_retry_r1_reg was removed.  [d:/FPGA/miggen/p/mig0.gen/sources_1/ip/mig0/mig0/user_design/rtl/phy/mig_7series_v4_2_ddr_phy_dqs_found_cal_hr.v:690]
WARNING: [Synth 8-3848] Net dqsfound_retry_done in module/entity mig_7series_v4_2_ddr_phy_dqs_found_cal_hr does not have driver. [d:/FPGA/miggen/p/mig0.gen/sources_1/ip/mig0/mig0/user_design/rtl/phy/mig_7series_v4_2_ddr_phy_dqs_found_cal_hr.v:131]
WARNING: [Synth 8-6014] Unused sequential element gen_track_left_edge[0].pb_found_first_edge_r_reg was removed.  [d:/FPGA/miggen/p/mig0.gen/sources_1/ip/mig0/mig0/user_design/rtl/phy/mig_7series_v4_2_ddr_phy_rdlvl.v:2473]
WARNING: [Synth 8-6014] Unused sequential element gen_track_left_edge[1].pb_found_first_edge_r_reg was removed.  [d:/FPGA/miggen/p/mig0.gen/sources_1/ip/mig0/mig0/user_design/rtl/phy/mig_7series_v4_2_ddr_phy_rdlvl.v:2473]
WARNING: [Synth 8-6014] Unused sequential element gen_track_left_edge[2].pb_found_first_edge_r_reg was removed.  [d:/FPGA/miggen/p/mig0.gen/sources_1/ip/mig0/mig0/user_design/rtl/phy/mig_7series_v4_2_ddr_phy_rdlvl.v:2473]
WARNING: [Synth 8-6014] Unused sequential element gen_track_left_edge[3].pb_found_first_edge_r_reg was removed.  [d:/FPGA/miggen/p/mig0.gen/sources_1/ip/mig0/mig0/user_design/rtl/phy/mig_7series_v4_2_ddr_phy_rdlvl.v:2473]
WARNING: [Synth 8-6014] Unused sequential element gen_track_left_edge[4].pb_found_first_edge_r_reg was removed.  [d:/FPGA/miggen/p/mig0.gen/sources_1/ip/mig0/mig0/user_design/rtl/phy/mig_7series_v4_2_ddr_phy_rdlvl.v:2473]
WARNING: [Synth 8-6014] Unused sequential element gen_track_left_edge[5].pb_found_first_edge_r_reg was removed.  [d:/FPGA/miggen/p/mig0.gen/sources_1/ip/mig0/mig0/user_design/rtl/phy/mig_7series_v4_2_ddr_phy_rdlvl.v:2473]
WARNING: [Synth 8-6014] Unused sequential element gen_track_left_edge[6].pb_found_first_edge_r_reg was removed.  [d:/FPGA/miggen/p/mig0.gen/sources_1/ip/mig0/mig0/user_design/rtl/phy/mig_7series_v4_2_ddr_phy_rdlvl.v:2473]
WARNING: [Synth 8-6014] Unused sequential element gen_track_left_edge[7].pb_found_first_edge_r_reg was removed.  [d:/FPGA/miggen/p/mig0.gen/sources_1/ip/mig0/mig0/user_design/rtl/phy/mig_7series_v4_2_ddr_phy_rdlvl.v:2473]
WARNING: [Synth 8-6014] Unused sequential element rdlvl_stg1_done_int_r1_reg was removed.  [d:/FPGA/miggen/p/mig0.gen/sources_1/ip/mig0/mig0/user_design/rtl/phy/mig_7series_v4_2_ddr_phy_rdlvl.v:685]
WARNING: [Synth 8-6014] Unused sequential element rdlvl_stg1_done_int_r2_reg was removed.  [d:/FPGA/miggen/p/mig0.gen/sources_1/ip/mig0/mig0/user_design/rtl/phy/mig_7series_v4_2_ddr_phy_rdlvl.v:686]
WARNING: [Synth 8-6014] Unused sequential element rdlvl_stg1_done_int_r3_reg was removed.  [d:/FPGA/miggen/p/mig0.gen/sources_1/ip/mig0/mig0/user_design/rtl/phy/mig_7series_v4_2_ddr_phy_rdlvl.v:687]
WARNING: [Synth 8-6014] Unused sequential element rdlvl_last_byte_done_int_r1_reg was removed.  [d:/FPGA/miggen/p/mig0.gen/sources_1/ip/mig0/mig0/user_design/rtl/phy/mig_7series_v4_2_ddr_phy_rdlvl.v:688]
WARNING: [Synth 8-6014] Unused sequential element rdlvl_last_byte_done_int_r2_reg was removed.  [d:/FPGA/miggen/p/mig0.gen/sources_1/ip/mig0/mig0/user_design/rtl/phy/mig_7series_v4_2_ddr_phy_rdlvl.v:689]
WARNING: [Synth 8-6014] Unused sequential element rdlvl_last_byte_done_int_r3_reg was removed.  [d:/FPGA/miggen/p/mig0.gen/sources_1/ip/mig0/mig0/user_design/rtl/phy/mig_7series_v4_2_ddr_phy_rdlvl.v:690]
WARNING: [Synth 8-6014] Unused sequential element fine_dly_dec_done_r3_reg was removed.  [d:/FPGA/miggen/p/mig0.gen/sources_1/ip/mig0/mig0/user_design/rtl/phy/mig_7series_v4_2_ddr_phy_rdlvl.v:939]
WARNING: [Synth 8-6014] Unused sequential element fine_dly_dec_done_r4_reg was removed.  [d:/FPGA/miggen/p/mig0.gen/sources_1/ip/mig0/mig0/user_design/rtl/phy/mig_7series_v4_2_ddr_phy_rdlvl.v:940]
WARNING: [Synth 8-6014] Unused sequential element regl_rank_done_r_reg was removed.  [d:/FPGA/miggen/p/mig0.gen/sources_1/ip/mig0/mig0/user_design/rtl/phy/mig_7series_v4_2_ddr_phy_rdlvl.v:1043]
WARNING: [Synth 8-6014] Unused sequential element cal1_state_r2_reg was removed.  [d:/FPGA/miggen/p/mig0.gen/sources_1/ip/mig0/mig0/user_design/rtl/phy/mig_7series_v4_2_ddr_phy_rdlvl.v:2695]
WARNING: [Synth 8-6014] Unused sequential element cal1_state_r3_reg was removed.  [d:/FPGA/miggen/p/mig0.gen/sources_1/ip/mig0/mig0/user_design/rtl/phy/mig_7series_v4_2_ddr_phy_rdlvl.v:2696]
WARNING: [Synth 8-6014] Unused sequential element cal1_cnt_cpt_timing_r_reg was removed.  [d:/FPGA/miggen/p/mig0.gen/sources_1/ip/mig0/mig0/user_design/rtl/phy/mig_7series_v4_2_ddr_phy_rdlvl.v:609]
WARNING: [Synth 8-6014] Unused sequential element sample_cnt_r_reg was removed.  [d:/FPGA/miggen/p/mig0.gen/sources_1/ip/mig0/mig0/user_design/rtl/phy/mig_7series_v4_2_ddr_prbs_gen.v:155]
WARNING: [Synth 8-6014] Unused sequential element reseed_prbs_r_reg was removed.  [d:/FPGA/miggen/p/mig0.gen/sources_1/ip/mig0/mig0/user_design/rtl/phy/mig_7series_v4_2_ddr_prbs_gen.v:156]
WARNING: [Synth 8-6014] Unused sequential element lfsr_q_reg was removed.  [d:/FPGA/miggen/p/mig0.gen/sources_1/ip/mig0/mig0/user_design/rtl/phy/mig_7series_v4_2_ddr_prbs_gen.v:173]
WARNING: [Synth 8-6014] Unused sequential element gen_single_slot_odt.phy_tmp_cs1_r_reg was removed.  [d:/FPGA/miggen/p/mig0.gen/sources_1/ip/mig0/mig0/user_design/rtl/phy/mig_7series_v4_2_ddr_phy_init.v:4270]
WARNING: [Synth 8-6014] Unused sequential element gen_single_slot_odt.phy_tmp_odt_r1_reg was removed.  [d:/FPGA/miggen/p/mig0.gen/sources_1/ip/mig0/mig0/user_design/rtl/phy/mig_7series_v4_2_ddr_phy_init.v:4272]
WARNING: [Synth 8-6014] Unused sequential element wrlvl_final_r_reg was removed.  [d:/FPGA/miggen/p/mig0.gen/sources_1/ip/mig0/mig0/user_design/rtl/phy/mig_7series_v4_2_ddr_phy_init.v:1420]
WARNING: [Synth 8-6014] Unused sequential element wrlvl_rank_cntr_reg was removed.  [d:/FPGA/miggen/p/mig0.gen/sources_1/ip/mig0/mig0/user_design/rtl/phy/mig_7series_v4_2_ddr_phy_init.v:1538]
WARNING: [Synth 8-6014] Unused sequential element cnt_pwron_cke_done_r1_reg was removed.  [d:/FPGA/miggen/p/mig0.gen/sources_1/ip/mig0/mig0/user_design/rtl/phy/mig_7series_v4_2_ddr_phy_init.v:1780]
WARNING: [Synth 8-6014] Unused sequential element cnt_init_pre_wait_r_reg was removed.  [d:/FPGA/miggen/p/mig0.gen/sources_1/ip/mig0/mig0/user_design/rtl/phy/mig_7series_v4_2_ddr_phy_init.v:1813]
WARNING: [Synth 8-6014] Unused sequential element cnt_init_pre_wait_done_r_reg was removed.  [d:/FPGA/miggen/p/mig0.gen/sources_1/ip/mig0/mig0/user_design/rtl/phy/mig_7series_v4_2_ddr_phy_init.v:1814]
WARNING: [Synth 8-6014] Unused sequential element rnk_ref_cnt_reg was removed.  [d:/FPGA/miggen/p/mig0.gen/sources_1/ip/mig0/mig0/user_design/rtl/phy/mig_7series_v4_2_ddr_phy_init.v:1940]
WARNING: [Synth 8-6014] Unused sequential element read_calib_int_reg was removed.  [d:/FPGA/miggen/p/mig0.gen/sources_1/ip/mig0/mig0/user_design/rtl/phy/mig_7series_v4_2_ddr_phy_init.v:2719]
WARNING: [Synth 8-6014] Unused sequential element read_calib_r_reg was removed.  [d:/FPGA/miggen/p/mig0.gen/sources_1/ip/mig0/mig0/user_design/rtl/phy/mig_7series_v4_2_ddr_phy_init.v:2726]
WARNING: [Synth 8-6014] Unused sequential element pi_dqs_found_rank_done_r_reg was removed.  [d:/FPGA/miggen/p/mig0.gen/sources_1/ip/mig0/mig0/user_design/rtl/phy/mig_7series_v4_2_ddr_phy_init.v:2777]
WARNING: [Synth 8-6014] Unused sequential element pi_dqs_found_all_r_reg was removed.  [d:/FPGA/miggen/p/mig0.gen/sources_1/ip/mig0/mig0/user_design/rtl/phy/mig_7series_v4_2_ddr_phy_init.v:2782]
WARNING: [Synth 8-6014] Unused sequential element complex_row0_rd_done_r1_reg was removed.  [d:/FPGA/miggen/p/mig0.gen/sources_1/ip/mig0/mig0/user_design/rtl/phy/mig_7series_v4_2_ddr_phy_init.v:3338]
WARNING: [Synth 8-6014] Unused sequential element rdlvl_wr_r_reg was removed.  [d:/FPGA/miggen/p/mig0.gen/sources_1/ip/mig0/mig0/user_design/rtl/phy/mig_7series_v4_2_ddr_phy_init.v:3631]
WARNING: [Synth 8-6014] Unused sequential element extend_cal_pat_reg was removed.  [d:/FPGA/miggen/p/mig0.gen/sources_1/ip/mig0/mig0/user_design/rtl/phy/mig_7series_v4_2_ddr_phy_init.v:3637]
WARNING: [Synth 8-6014] Unused sequential element cnt_init_data_r_reg was removed.  [d:/FPGA/miggen/p/mig0.gen/sources_1/ip/mig0/mig0/user_design/rtl/phy/mig_7series_v4_2_ddr_phy_init.v:3713]
WARNING: [Synth 8-6014] Unused sequential element victim_byte_cnt_reg was removed.  [d:/FPGA/miggen/p/mig0.gen/sources_1/ip/mig0/mig0/user_design/rtl/phy/mig_7series_v4_2_ddr_phy_init.v:817]
WARNING: [Synth 8-3936] Found unconnected internal register 'rdlvl_start_dly0_r_reg' and it is trimmed from '16' to '15' bits. [d:/FPGA/miggen/p/mig0.gen/sources_1/ip/mig0/mig0/user_design/rtl/phy/mig_7series_v4_2_ddr_phy_init.v:1227]
WARNING: [Synth 8-3936] Found unconnected internal register 'wrcal_start_dly_r_reg' and it is trimmed from '16' to '15' bits. [d:/FPGA/miggen/p/mig0.gen/sources_1/ip/mig0/mig0/user_design/rtl/phy/mig_7series_v4_2_ddr_phy_init.v:1229]
WARNING: [Synth 8-3936] Found unconnected internal register 'oclkdelay_start_dly_r_reg' and it is trimmed from '16' to '15' bits. [d:/FPGA/miggen/p/mig0.gen/sources_1/ip/mig0/mig0/user_design/rtl/phy/mig_7series_v4_2_ddr_phy_init.v:1231]
WARNING: [Synth 8-6014] Unused sequential element gen_single_slot_odt.tmp_mr2_r_reg[1] was removed.  [d:/FPGA/miggen/p/mig0.gen/sources_1/ip/mig0/mig0/user_design/rtl/phy/mig_7series_v4_2_ddr_phy_init.v:4264]
WARNING: [Synth 8-6014] Unused sequential element gen_single_slot_odt.tmp_mr2_r_reg[2] was removed.  [d:/FPGA/miggen/p/mig0.gen/sources_1/ip/mig0/mig0/user_design/rtl/phy/mig_7series_v4_2_ddr_phy_init.v:4264]
WARNING: [Synth 8-6014] Unused sequential element gen_single_slot_odt.tmp_mr2_r_reg[3] was removed.  [d:/FPGA/miggen/p/mig0.gen/sources_1/ip/mig0/mig0/user_design/rtl/phy/mig_7series_v4_2_ddr_phy_init.v:4264]
WARNING: [Synth 8-6014] Unused sequential element gen_single_slot_odt.tmp_mr1_r_reg[1] was removed.  [d:/FPGA/miggen/p/mig0.gen/sources_1/ip/mig0/mig0/user_design/rtl/phy/mig_7series_v4_2_ddr_phy_init.v:4267]
WARNING: [Synth 8-6014] Unused sequential element gen_single_slot_odt.tmp_mr1_r_reg[2] was removed.  [d:/FPGA/miggen/p/mig0.gen/sources_1/ip/mig0/mig0/user_design/rtl/phy/mig_7series_v4_2_ddr_phy_init.v:4267]
WARNING: [Synth 8-6014] Unused sequential element gen_single_slot_odt.tmp_mr1_r_reg[3] was removed.  [d:/FPGA/miggen/p/mig0.gen/sources_1/ip/mig0/mig0/user_design/rtl/phy/mig_7series_v4_2_ddr_phy_init.v:4267]
WARNING: [Synth 8-6014] Unused sequential element prech_done_r1_reg was removed.  [d:/FPGA/miggen/p/mig0.gen/sources_1/ip/mig0/mig0/user_design/rtl/phy/mig_7series_v4_2_ddr_phy_init.v:1302]
WARNING: [Synth 8-6014] Unused sequential element calib_cmd_wren_reg was removed.  [d:/FPGA/miggen/p/mig0.gen/sources_1/ip/mig0/mig0/user_design/rtl/phy/mig_7series_v4_2_ddr_phy_init.v:4228]
WARNING: [Synth 8-3848] Net calib_aux_out in module/entity mig_7series_v4_2_ddr_phy_init does not have driver. [d:/FPGA/miggen/p/mig0.gen/sources_1/ip/mig0/mig0/user_design/rtl/phy/mig_7series_v4_2_ddr_phy_init.v:275]
WARNING: [Synth 8-6014] Unused sequential element rd_active_r4_reg was removed.  [d:/FPGA/miggen/p/mig0.gen/sources_1/ip/mig0/mig0/user_design/rtl/phy/mig_7series_v4_2_ddr_phy_wrcal.v:534]
WARNING: [Synth 8-6014] Unused sequential element rd_active_r5_reg was removed.  [d:/FPGA/miggen/p/mig0.gen/sources_1/ip/mig0/mig0/user_design/rtl/phy/mig_7series_v4_2_ddr_phy_wrcal.v:535]
WARNING: [Synth 8-6014] Unused sequential element pat1_detect_reg was removed.  [d:/FPGA/miggen/p/mig0.gen/sources_1/ip/mig0/mig0/user_design/rtl/phy/mig_7series_v4_2_ddr_phy_wrcal.v:1124]
WARNING: [Synth 8-6014] Unused sequential element early1_detect_reg was removed.  [d:/FPGA/miggen/p/mig0.gen/sources_1/ip/mig0/mig0/user_design/rtl/phy/mig_7series_v4_2_ddr_phy_wrcal.v:1125]
WARNING: [Synth 8-6014] Unused sequential element rd_mux_sel_r_reg was removed.  [d:/FPGA/miggen/p/mig0.gen/sources_1/ip/mig0/mig0/user_design/rtl/phy/mig_7series_v4_2_ddr_phy_wrcal.v:438]
WARNING: [Synth 8-3848] Net i in module/entity mig_7series_v4_2_ddr_phy_wrcal does not have driver. [d:/FPGA/miggen/p/mig0.gen/sources_1/ip/mig0/mig0/user_design/rtl/phy/mig_7series_v4_2_ddr_phy_wrcal.v:155]
WARNING: [Synth 8-6014] Unused sequential element calib_complete_r_reg was removed.  [d:/FPGA/miggen/p/mig0.gen/sources_1/ip/mig0/mig0/user_design/rtl/phy/mig_7series_v4_2_ddr_phy_tempmon.v:181]
WARNING: [Synth 8-6014] Unused sequential element sample_en_cnt_reg was removed.  [d:/FPGA/miggen/p/mig0.gen/sources_1/ip/mig0/mig0/user_design/rtl/phy/mig_7series_v4_2_ddr_phy_tempmon.v:187]
WARNING: [Synth 8-6014] Unused sequential element device_temp_capture_102_reg was removed.  [d:/FPGA/miggen/p/mig0.gen/sources_1/ip/mig0/mig0/user_design/rtl/phy/mig_7series_v4_2_ddr_phy_tempmon.v:289]
WARNING: [Synth 8-6014] Unused sequential element tempmon_sel_pi_incdec_r_reg was removed.  [d:/FPGA/miggen/p/mig0.gen/sources_1/ip/mig0/mig0/user_design/rtl/phy/mig_7series_v4_2_ddr_calib_top.v:882]
WARNING: [Synth 8-6014] Unused sequential element ck_addr_cmd_delay_done_r1_reg was removed.  [d:/FPGA/miggen/p/mig0.gen/sources_1/ip/mig0/mig0/user_design/rtl/phy/mig_7series_v4_2_ddr_calib_top.v:897]
WARNING: [Synth 8-6014] Unused sequential element ck_addr_cmd_delay_done_r2_reg was removed.  [d:/FPGA/miggen/p/mig0.gen/sources_1/ip/mig0/mig0/user_design/rtl/phy/mig_7series_v4_2_ddr_calib_top.v:898]
WARNING: [Synth 8-6014] Unused sequential element ck_addr_cmd_delay_done_r3_reg was removed.  [d:/FPGA/miggen/p/mig0.gen/sources_1/ip/mig0/mig0/user_design/rtl/phy/mig_7series_v4_2_ddr_calib_top.v:899]
WARNING: [Synth 8-6014] Unused sequential element ck_addr_cmd_delay_done_r4_reg was removed.  [d:/FPGA/miggen/p/mig0.gen/sources_1/ip/mig0/mig0/user_design/rtl/phy/mig_7series_v4_2_ddr_calib_top.v:900]
WARNING: [Synth 8-6014] Unused sequential element ck_addr_cmd_delay_done_r5_reg was removed.  [d:/FPGA/miggen/p/mig0.gen/sources_1/ip/mig0/mig0/user_design/rtl/phy/mig_7series_v4_2_ddr_calib_top.v:901]
WARNING: [Synth 8-6014] Unused sequential element ck_addr_cmd_delay_done_r6_reg was removed.  [d:/FPGA/miggen/p/mig0.gen/sources_1/ip/mig0/mig0/user_design/rtl/phy/mig_7series_v4_2_ddr_calib_top.v:902]
WARNING: [Synth 8-6014] Unused sequential element skip_calib_tap_off.skip_cal_tempmon_samp_en_reg was removed.  [d:/FPGA/miggen/p/mig0.gen/sources_1/ip/mig0/mig0/user_design/rtl/phy/mig_7series_v4_2_ddr_calib_top.v:2261]
WARNING: [Synth 8-6014] Unused sequential element wrlvl_final_mux_reg was removed.  [d:/FPGA/miggen/p/mig0.gen/sources_1/ip/mig0/mig0/user_design/rtl/phy/mig_7series_v4_2_ddr_calib_top.v:833]
WARNING: [Synth 8-3848] Net coarse_dec_err in module/entity mig_7series_v4_2_ddr_calib_top does not have driver. [d:/FPGA/miggen/p/mig0.gen/sources_1/ip/mig0/mig0/user_design/rtl/phy/mig_7series_v4_2_ddr_calib_top.v:661]
WARNING: [Synth 8-3848] Net dbg_skip_cal in module/entity mig_7series_v4_2_ddr_calib_top does not have driver. [d:/FPGA/miggen/p/mig0.gen/sources_1/ip/mig0/mig0/user_design/rtl/phy/mig_7series_v4_2_ddr_calib_top.v:672]
WARNING: [Synth 8-3848] Net dbg_poc in module/entity mig_7series_v4_2_ddr_calib_top does not have driver. [d:/FPGA/miggen/p/mig0.gen/sources_1/ip/mig0/mig0/user_design/rtl/phy/mig_7series_v4_2_ddr_calib_top.v:334]
WARNING: [Synth 8-3848] Net fine_delay_incdec_pb in module/entity mig_7series_v4_2_ddr_calib_top does not have driver. [d:/FPGA/miggen/p/mig0.gen/sources_1/ip/mig0/mig0/user_design/rtl/phy/mig_7series_v4_2_ddr_calib_top.v:340]
WARNING: [Synth 8-3848] Net fine_delay_sel in module/entity mig_7series_v4_2_ddr_calib_top does not have driver. [d:/FPGA/miggen/p/mig0.gen/sources_1/ip/mig0/mig0/user_design/rtl/phy/mig_7series_v4_2_ddr_calib_top.v:341]
WARNING: [Synth 8-3848] Net lim_done in module/entity mig_7series_v4_2_ddr_calib_top does not have driver. [d:/FPGA/miggen/p/mig0.gen/sources_1/ip/mig0/mig0/user_design/rtl/phy/mig_7series_v4_2_ddr_calib_top.v:619]
WARNING: [Synth 8-3848] Net lim2init_write_request in module/entity mig_7series_v4_2_ddr_calib_top does not have driver. [d:/FPGA/miggen/p/mig0.gen/sources_1/ip/mig0/mig0/user_design/rtl/phy/mig_7series_v4_2_ddr_calib_top.v:618]
WARNING: [Synth 8-3848] Net complex_ocal_num_samples_done_r in module/entity mig_7series_v4_2_ddr_calib_top does not have driver. [d:/FPGA/miggen/p/mig0.gen/sources_1/ip/mig0/mig0/user_design/rtl/phy/mig_7series_v4_2_ddr_calib_top.v:532]
WARNING: [Synth 8-3848] Net complex_ocal_rd_victim_sel in module/entity mig_7series_v4_2_ddr_calib_top does not have driver. [d:/FPGA/miggen/p/mig0.gen/sources_1/ip/mig0/mig0/user_design/rtl/phy/mig_7series_v4_2_ddr_calib_top.v:533]
WARNING: [Synth 8-3848] Net complex_victim_inc in module/entity mig_7series_v4_2_ddr_calib_top does not have driver. [d:/FPGA/miggen/p/mig0.gen/sources_1/ip/mig0/mig0/user_design/rtl/phy/mig_7series_v4_2_ddr_calib_top.v:591]
WARNING: [Synth 8-3848] Net rd_victim_sel in module/entity mig_7series_v4_2_ddr_calib_top does not have driver. [d:/FPGA/miggen/p/mig0.gen/sources_1/ip/mig0/mig0/user_design/rtl/phy/mig_7series_v4_2_ddr_calib_top.v:587]
WARNING: [Synth 8-3848] Net oclkdelay_center_calib_start in module/entity mig_7series_v4_2_ddr_calib_top does not have driver. [d:/FPGA/miggen/p/mig0.gen/sources_1/ip/mig0/mig0/user_design/rtl/phy/mig_7series_v4_2_ddr_calib_top.v:596]
WARNING: [Synth 8-3848] Net oclk_center_write_resume in module/entity mig_7series_v4_2_ddr_calib_top does not have driver. [d:/FPGA/miggen/p/mig0.gen/sources_1/ip/mig0/mig0/user_design/rtl/phy/mig_7series_v4_2_ddr_calib_top.v:614]
WARNING: [Synth 8-3848] Net oclkdelay_center_calib_done in module/entity mig_7series_v4_2_ddr_calib_top does not have driver. [d:/FPGA/miggen/p/mig0.gen/sources_1/ip/mig0/mig0/user_design/rtl/phy/mig_7series_v4_2_ddr_calib_top.v:615]
WARNING: [Synth 8-6014] Unused sequential element app_wdf_rdy_r_copy4_reg was removed.  [d:/FPGA/miggen/p/mig0.gen/sources_1/ip/mig0/mig0/user_design/rtl/ui/mig_7series_v4_2_ui_wr_data.v:267]
WARNING: [Synth 8-3848] Net error in module/entity mig_7series_v4_2_memc_ui_top_std does not have driver. [d:/FPGA/miggen/p/mig0.gen/sources_1/ip/mig0/mig0/user_design/rtl/ip_top/mig_7series_v4_2_memc_ui_top_std.v:416]
WARNING: [Synth 8-3848] Net device_temp_i in module/entity mig0_mig does not have driver. [d:/FPGA/miggen/p/mig0.gen/sources_1/ip/mig0/mig0/user_design/rtl/mig0_mig.v:647]
WARNING: [Synth 8-7137] Register bitn_reg in module uart_rx_word has both Set and reset with same priority. This may cause simulation mismatches. Consider rewriting code  [D:/FPGA/NATIVE_AI_DEVELOPMENTAL_HARDWARE_R1_PACKAGE_20260914-20260914T045403Z-1-001/CANON_BLUEPRINT/rtl/native_ai/board/uart_rx_word.sv:53]
WARNING: [Synth 8-7137] Register div_reg in module uart_rx_word has both Set and reset with same priority. This may cause simulation mismatches. Consider rewriting code  [D:/FPGA/NATIVE_AI_DEVELOPMENTAL_HARDWARE_R1_PACKAGE_20260914-20260914T045403Z-1-001/CANON_BLUEPRINT/rtl/native_ai/board/uart_rx_word.sv:58]
WARNING: [Synth 8-7137] Register sh_reg in module uart_rx_word has both Set and reset with same priority. This may cause simulation mismatches. Consider rewriting code  [D:/FPGA/NATIVE_AI_DEVELOPMENTAL_HARDWARE_R1_PACKAGE_20260914-20260914T045403Z-1-001/CANON_BLUEPRINT/rtl/native_ai/board/uart_rx_word.sv:73]
WARNING: [Synth 8-7137] Register sid_reg in module exact_directory has both Set and reset with same priority. This may cause simulation mismatches. Consider rewriting code  [D:/FPGA/NATIVE_AI_DEVELOPMENTAL_HARDWARE_R1_PACKAGE_20260914-20260914T045403Z-1-001/CANON_BLUEPRINT/rtl/native_ai/directory/exact_directory.sv:69]
WARNING: [Synth 8-3936] Found unconnected internal register 'post_q_reg' and it is trimmed from '128' to '80' bits. [D:/FPGA/NATIVE_AI_DEVELOPMENTAL_HARDWARE_R1_PACKAGE_20260914-20260914T045403Z-1-001/CANON_BLUEPRINT/rtl/native_ai/directory/posting_walk.sv:31]
WARNING: [Synth 8-7137] Register sid_reg in module posting_walk has both Set and reset with same priority. This may cause simulation mismatches. Consider rewriting code  [D:/FPGA/NATIVE_AI_DEVELOPMENTAL_HARDWARE_R1_PACKAGE_20260914-20260914T045403Z-1-001/CANON_BLUEPRINT/rtl/native_ai/directory/posting_walk.sv:41]
WARNING: [Synth 8-7137] Register rev_r_reg in module posting_walk has both Set and reset with same priority. This may cause simulation mismatches. Consider rewriting code  [D:/FPGA/NATIVE_AI_DEVELOPMENTAL_HARDWARE_R1_PACKAGE_20260914-20260914T045403Z-1-001/CANON_BLUEPRINT/rtl/native_ai/directory/posting_walk.sv:84]
WARNING: [Synth 8-7137] Register cur_reg in module bounded_walk has both Set and reset with same priority. This may cause simulation mismatches. Consider rewriting code  [D:/FPGA/NATIVE_AI_DEVELOPMENTAL_HARDWARE_R1_PACKAGE_20260914-20260914T045403Z-1-001/CANON_BLUEPRINT/rtl/native_ai/directory/bounded_walk.sv:36]
WARNING: [Synth 8-7137] Register budget_reg in module bounded_walk has both Set and reset with same priority. This may cause simulation mismatches. Consider rewriting code  [D:/FPGA/NATIVE_AI_DEVELOPMENTAL_HARDWARE_R1_PACKAGE_20260914-20260914T045403Z-1-001/CANON_BLUEPRINT/rtl/native_ai/directory/bounded_walk.sv:66]
WARNING: [Synth 8-7137] Register rev_r_reg in module bounded_walk has both Set and reset with same priority. This may cause simulation mismatches. Consider rewriting code  [D:/FPGA/NATIVE_AI_DEVELOPMENTAL_HARDWARE_R1_PACKAGE_20260914-20260914T045403Z-1-001/CANON_BLUEPRINT/rtl/native_ai/directory/bounded_walk.sv:37]
WARNING: [Synth 8-7137] Register cnt_r_reg in module bounded_walk has both Set and reset with same priority. This may cause simulation mismatches. Consider rewriting code  [D:/FPGA/NATIVE_AI_DEVELOPMENTAL_HARDWARE_R1_PACKAGE_20260914-20260914T045403Z-1-001/CANON_BLUEPRINT/rtl/native_ai/directory/bounded_walk.sv:50]
WARNING: [Synth 8-7137] Register qb_reg[0] in module query_walk_bind has both Set and reset with same priority. This may cause simulation mismatches. Consider rewriting code  [D:/FPGA/NATIVE_AI_DEVELOPMENTAL_HARDWARE_R1_PACKAGE_20260914-20260914T045403Z-1-001/CANON_BLUEPRINT/rtl/native_ai/directory/query_walk_bind.sv:102]
WARNING: [Synth 8-7137] Register qb_reg[1] in module query_walk_bind has both Set and reset with same priority. This may cause simulation mismatches. Consider rewriting code  [D:/FPGA/NATIVE_AI_DEVELOPMENTAL_HARDWARE_R1_PACKAGE_20260914-20260914T045403Z-1-001/CANON_BLUEPRINT/rtl/native_ai/directory/query_walk_bind.sv:102]
WARNING: [Synth 8-7137] Register qb_reg[2] in module query_walk_bind has both Set and reset with same priority. This may cause simulation mismatches. Consider rewriting code  [D:/FPGA/NATIVE_AI_DEVELOPMENTAL_HARDWARE_R1_PACKAGE_20260914-20260914T045403Z-1-001/CANON_BLUEPRINT/rtl/native_ai/directory/query_walk_bind.sv:102]
WARNING: [Synth 8-7137] Register qb_reg[3] in module query_walk_bind has both Set and reset with same priority. This may cause simulation mismatches. Consider rewriting code  [D:/FPGA/NATIVE_AI_DEVELOPMENTAL_HARDWARE_R1_PACKAGE_20260914-20260914T045403Z-1-001/CANON_BLUEPRINT/rtl/native_ai/directory/query_walk_bind.sv:102]
WARNING: [Synth 8-7137] Register qb_reg[4] in module query_walk_bind has both Set and reset with same priority. This may cause simulation mismatches. Consider rewriting code  [D:/FPGA/NATIVE_AI_DEVELOPMENTAL_HARDWARE_R1_PACKAGE_20260914-20260914T045403Z-1-001/CANON_BLUEPRINT/rtl/native_ai/directory/query_walk_bind.sv:102]
WARNING: [Synth 8-7137] Register qb_reg[5] in module query_walk_bind has both Set and reset with same priority. This may cause simulation mismatches. Consider rewriting code  [D:/FPGA/NATIVE_AI_DEVELOPMENTAL_HARDWARE_R1_PACKAGE_20260914-20260914T045403Z-1-001/CANON_BLUEPRINT/rtl/native_ai/directory/query_walk_bind.sv:102]
WARNING: [Synth 8-7137] Register qb_reg[6] in module query_walk_bind has both Set and reset with same priority. This may cause simulation mismatches. Consider rewriting code  [D:/FPGA/NATIVE_AI_DEVELOPMENTAL_HARDWARE_R1_PACKAGE_20260914-20260914T045403Z-1-001/CANON_BLUEPRINT/rtl/native_ai/directory/query_walk_bind.sv:102]
WARNING: [Synth 8-7137] Register qb_reg[7] in module query_walk_bind has both Set and reset with same priority. This may cause simulation mismatches. Consider rewriting code  [D:/FPGA/NATIVE_AI_DEVELOPMENTAL_HARDWARE_R1_PACKAGE_20260914-20260914T045403Z-1-001/CANON_BLUEPRINT/rtl/native_ai/directory/query_walk_bind.sv:102]
WARNING: [Synth 8-7137] Register qb_reg[8] in module query_walk_bind has both Set and reset with same priority. This may cause simulation mismatches. Consider rewriting code  [D:/FPGA/NATIVE_AI_DEVELOPMENTAL_HARDWARE_R1_PACKAGE_20260914-20260914T045403Z-1-001/CANON_BLUEPRINT/rtl/native_ai/directory/query_walk_bind.sv:102]
WARNING: [Synth 8-7137] Register qb_reg[9] in module query_walk_bind has both Set and reset with same priority. This may cause simulation mismatches. Consider rewriting code  [D:/FPGA/NATIVE_AI_DEVELOPMENTAL_HARDWARE_R1_PACKAGE_20260914-20260914T045403Z-1-001/CANON_BLUEPRINT/rtl/native_ai/directory/query_walk_bind.sv:102]
WARNING: [Synth 8-7137] Register qb_reg[10] in module query_walk_bind has both Set and reset with same priority. This may cause simulation mismatches. Consider rewriting code  [D:/FPGA/NATIVE_AI_DEVELOPMENTAL_HARDWARE_R1_PACKAGE_20260914-20260914T045403Z-1-001/CANON_BLUEPRINT/rtl/native_ai/directory/query_walk_bind.sv:102]
WARNING: [Synth 8-7137] Register qb_reg[11] in module query_walk_bind has both Set and reset with same priority. This may cause simulation mismatches. Consider rewriting code  [D:/FPGA/NATIVE_AI_DEVELOPMENTAL_HARDWARE_R1_PACKAGE_20260914-20260914T045403Z-1-001/CANON_BLUEPRINT/rtl/native_ai/directory/query_walk_bind.sv:102]
WARNING: [Synth 8-7137] Register qb_reg[12] in module query_walk_bind has both Set and reset with same priority. This may cause simulation mismatches. Consider rewriting code  [D:/FPGA/NATIVE_AI_DEVELOPMENTAL_HARDWARE_R1_PACKAGE_20260914-20260914T045403Z-1-001/CANON_BLUEPRINT/rtl/native_ai/directory/query_walk_bind.sv:102]
WARNING: [Synth 8-7137] Register qb_reg[13] in module query_walk_bind has both Set and reset with same priority. This may cause simulation mismatches. Consider rewriting code  [D:/FPGA/NATIVE_AI_DEVELOPMENTAL_HARDWARE_R1_PACKAGE_20260914-20260914T045403Z-1-001/CANON_BLUEPRINT/rtl/native_ai/directory/query_walk_bind.sv:102]
WARNING: [Synth 8-7137] Register qb_reg[14] in module query_walk_bind has both Set and reset with same priority. This may cause simulation mismatches. Consider rewriting code  [D:/FPGA/NATIVE_AI_DEVELOPMENTAL_HARDWARE_R1_PACKAGE_20260914-20260914T045403Z-1-001/CANON_BLUEPRINT/rtl/native_ai/directory/query_walk_bind.sv:102]
WARNING: [Synth 8-7137] Register qb_reg[15] in module query_walk_bind has both Set and reset with same priority. This may cause simulation mismatches. Consider rewriting code  [D:/FPGA/NATIVE_AI_DEVELOPMENTAL_HARDWARE_R1_PACKAGE_20260914-20260914T045403Z-1-001/CANON_BLUEPRINT/rtl/native_ai/directory/query_walk_bind.sv:102]
WARNING: [Synth 8-7137] Register qb_reg[16] in module query_walk_bind has both Set and reset with same priority. This may cause simulation mismatches. Consider rewriting code  [D:/FPGA/NATIVE_AI_DEVELOPMENTAL_HARDWARE_R1_PACKAGE_20260914-20260914T045403Z-1-001/CANON_BLUEPRINT/rtl/native_ai/directory/query_walk_bind.sv:102]
WARNING: [Synth 8-7137] Register qb_reg[17] in module query_walk_bind has both Set and reset with same priority. This may cause simulation mismatches. Consider rewriting code  [D:/FPGA/NATIVE_AI_DEVELOPMENTAL_HARDWARE_R1_PACKAGE_20260914-20260914T045403Z-1-001/CANON_BLUEPRINT/rtl/native_ai/directory/query_walk_bind.sv:102]
WARNING: [Synth 8-7137] Register qb_reg[18] in module query_walk_bind has both Set and reset with same priority. This may cause simulation mismatches. Consider rewriting code  [D:/FPGA/NATIVE_AI_DEVELOPMENTAL_HARDWARE_R1_PACKAGE_20260914-20260914T045403Z-1-001/CANON_BLUEPRINT/rtl/native_ai/directory/query_walk_bind.sv:102]
WARNING: [Synth 8-7137] Register qb_reg[19] in module query_walk_bind has both Set and reset with same priority. This may cause simulation mismatches. Consider rewriting code  [D:/FPGA/NATIVE_AI_DEVELOPMENTAL_HARDWARE_R1_PACKAGE_20260914-20260914T045403Z-1-001/CANON_BLUEPRINT/rtl/native_ai/directory/query_walk_bind.sv:102]
WARNING: [Synth 8-7137] Register qb_reg[20] in module query_walk_bind has both Set and reset with same priority. This may cause simulation mismatches. Consider rewriting code  [D:/FPGA/NATIVE_AI_DEVELOPMENTAL_HARDWARE_R1_PACKAGE_20260914-20260914T045403Z-1-001/CANON_BLUEPRINT/rtl/native_ai/directory/query_walk_bind.sv:102]
WARNING: [Synth 8-7137] Register qb_reg[21] in module query_walk_bind has both Set and reset with same priority. This may cause simulation mismatches. Consider rewriting code  [D:/FPGA/NATIVE_AI_DEVELOPMENTAL_HARDWARE_R1_PACKAGE_20260914-20260914T045403Z-1-001/CANON_BLUEPRINT/rtl/native_ai/directory/query_walk_bind.sv:102]
WARNING: [Synth 8-7137] Register qb_reg[22] in module query_walk_bind has both Set and reset with same priority. This may cause simulation mismatches. Consider rewriting code  [D:/FPGA/NATIVE_AI_DEVELOPMENTAL_HARDWARE_R1_PACKAGE_20260914-20260914T045403Z-1-001/CANON_BLUEPRINT/rtl/native_ai/directory/query_walk_bind.sv:102]
WARNING: [Synth 8-7137] Register qb_reg[23] in module query_walk_bind has both Set and reset with same priority. This may cause simulation mismatches. Consider rewriting code  [D:/FPGA/NATIVE_AI_DEVELOPMENTAL_HARDWARE_R1_PACKAGE_20260914-20260914T045403Z-1-001/CANON_BLUEPRINT/rtl/native_ai/directory/query_walk_bind.sv:102]
WARNING: [Synth 8-7137] Register qb_reg[24] in module query_walk_bind has both Set and reset with same priority. This may cause simulation mismatches. Consider rewriting code  [D:/FPGA/NATIVE_AI_DEVELOPMENTAL_HARDWARE_R1_PACKAGE_20260914-20260914T045403Z-1-001/CANON_BLUEPRINT/rtl/native_ai/directory/query_walk_bind.sv:102]
WARNING: [Synth 8-7137] Register qb_reg[25] in module query_walk_bind has both Set and reset with same priority. This may cause simulation mismatches. Consider rewriting code  [D:/FPGA/NATIVE_AI_DEVELOPMENTAL_HARDWARE_R1_PACKAGE_20260914-20260914T045403Z-1-001/CANON_BLUEPRINT/rtl/native_ai/directory/query_walk_bind.sv:102]
WARNING: [Synth 8-7137] Register qb_reg[26] in module query_walk_bind has both Set and reset with same priority. This may cause simulation mismatches. Consider rewriting code  [D:/FPGA/NATIVE_AI_DEVELOPMENTAL_HARDWARE_R1_PACKAGE_20260914-20260914T045403Z-1-001/CANON_BLUEPRINT/rtl/native_ai/directory/query_walk_bind.sv:102]
WARNING: [Synth 8-7137] Register qb_reg[27] in module query_walk_bind has both Set and reset with same priority. This may cause simulation mismatches. Consider rewriting code  [D:/FPGA/NATIVE_AI_DEVELOPMENTAL_HARDWARE_R1_PACKAGE_20260914-20260914T045403Z-1-001/CANON_BLUEPRINT/rtl/native_ai/directory/query_walk_bind.sv:102]
WARNING: [Synth 8-7137] Register qb_reg[28] in module query_walk_bind has both Set and reset with same priority. This may cause simulation mismatches. Consider rewriting code  [D:/FPGA/NATIVE_AI_DEVELOPMENTAL_HARDWARE_R1_PACKAGE_20260914-20260914T045403Z-1-001/CANON_BLUEPRINT/rtl/native_ai/directory/query_walk_bind.sv:102]
WARNING: [Synth 8-7137] Register qb_reg[29] in module query_walk_bind has both Set and reset with same priority. This may cause simulation mismatches. Consider rewriting code  [D:/FPGA/NATIVE_AI_DEVELOPMENTAL_HARDWARE_R1_PACKAGE_20260914-20260914T045403Z-1-001/CANON_BLUEPRINT/rtl/native_ai/directory/query_walk_bind.sv:102]
WARNING: [Synth 8-7137] Register qb_reg[30] in module query_walk_bind has both Set and reset with same priority. This may cause simulation mismatches. Consider rewriting code  [D:/FPGA/NATIVE_AI_DEVELOPMENTAL_HARDWARE_R1_PACKAGE_20260914-20260914T045403Z-1-001/CANON_BLUEPRINT/rtl/native_ai/directory/query_walk_bind.sv:102]
WARNING: [Synth 8-7137] Register qb_reg[31] in module query_walk_bind has both Set and reset with same priority. This may cause simulation mismatches. Consider rewriting code  [D:/FPGA/NATIVE_AI_DEVELOPMENTAL_HARDWARE_R1_PACKAGE_20260914-20260914T045403Z-1-001/CANON_BLUEPRINT/rtl/native_ai/directory/query_walk_bind.sv:102]
WARNING: [Synth 8-6014] Unused sequential element pack.st_reg was removed.  [D:/FPGA/NATIVE_AI_DEVELOPMENTAL_HARDWARE_R1_PACKAGE_20260914-20260914T045403Z-1-001/CANON_BLUEPRINT/rtl/native_ai/directory/query_result_bind.sv:103]
WARNING: [Synth 8-6014] Unused sequential element pack.reason_reg was removed.  [D:/FPGA/NATIVE_AI_DEVELOPMENTAL_HARDWARE_R1_PACKAGE_20260914-20260914T045403Z-1-001/CANON_BLUEPRINT/rtl/native_ai/directory/query_result_bind.sv:104]
WARNING: [Synth 8-6014] Unused sequential element pack.cmpl_reg was removed.  [D:/FPGA/NATIVE_AI_DEVELOPMENTAL_HARDWARE_R1_PACKAGE_20260914-20260914T045403Z-1-001/CANON_BLUEPRINT/rtl/native_ai/directory/query_result_bind.sv:105]
WARNING: [Synth 8-6014] Unused sequential element pack.b_reg[0] was removed.  [D:/FPGA/NATIVE_AI_DEVELOPMENTAL_HARDWARE_R1_PACKAGE_20260914-20260914T045403Z-1-001/CANON_BLUEPRINT/rtl/native_ai/directory/query_result_bind.sv:111]
WARNING: [Synth 8-6014] Unused sequential element pack.b_reg[1] was removed.  [D:/FPGA/NATIVE_AI_DEVELOPMENTAL_HARDWARE_R1_PACKAGE_20260914-20260914T045403Z-1-001/CANON_BLUEPRINT/rtl/native_ai/directory/query_result_bind.sv:111]
WARNING: [Synth 8-6014] Unused sequential element pack.b_reg[2] was removed.  [D:/FPGA/NATIVE_AI_DEVELOPMENTAL_HARDWARE_R1_PACKAGE_20260914-20260914T045403Z-1-001/CANON_BLUEPRINT/rtl/native_ai/directory/query_result_bind.sv:111]
WARNING: [Synth 8-6014] Unused sequential element pack.b_reg[3] was removed.  [D:/FPGA/NATIVE_AI_DEVELOPMENTAL_HARDWARE_R1_PACKAGE_20260914-20260914T045403Z-1-001/CANON_BLUEPRINT/rtl/native_ai/directory/query_result_bind.sv:111]
WARNING: [Synth 8-6014] Unused sequential element pack.b_reg[4] was removed.  [D:/FPGA/NATIVE_AI_DEVELOPMENTAL_HARDWARE_R1_PACKAGE_20260914-20260914T045403Z-1-001/CANON_BLUEPRINT/rtl/native_ai/directory/query_result_bind.sv:111]
WARNING: [Synth 8-6014] Unused sequential element pack.b_reg[5] was removed.  [D:/FPGA/NATIVE_AI_DEVELOPMENTAL_HARDWARE_R1_PACKAGE_20260914-20260914T045403Z-1-001/CANON_BLUEPRINT/rtl/native_ai/directory/query_result_bind.sv:111]
WARNING: [Synth 8-6014] Unused sequential element pack.b_reg[6] was removed.  [D:/FPGA/NATIVE_AI_DEVELOPMENTAL_HARDWARE_R1_PACKAGE_20260914-20260914T045403Z-1-001/CANON_BLUEPRINT/rtl/native_ai/directory/query_result_bind.sv:111]
WARNING: [Synth 8-6014] Unused sequential element pack.b_reg[7] was removed.  [D:/FPGA/NATIVE_AI_DEVELOPMENTAL_HARDWARE_R1_PACKAGE_20260914-20260914T045403Z-1-001/CANON_BLUEPRINT/rtl/native_ai/directory/query_result_bind.sv:111]
WARNING: [Synth 8-6014] Unused sequential element pack.b_reg[8] was removed.  [D:/FPGA/NATIVE_AI_DEVELOPMENTAL_HARDWARE_R1_PACKAGE_20260914-20260914T045403Z-1-001/CANON_BLUEPRINT/rtl/native_ai/directory/query_result_bind.sv:111]
INFO: [Common 17-14] Message 'Synth 8-6014' appears 100 times and further instances of the messages will be disabled. Use the Tcl command set_msg_config to change the current settings.
WARNING: [Synth 8-7137] Register qb_reg[0] in module query_result_bind has both Set and reset with same priority. This may cause simulation mismatches. Consider rewriting code  [D:/FPGA/NATIVE_AI_DEVELOPMENTAL_HARDWARE_R1_PACKAGE_20260914-20260914T045403Z-1-001/CANON_BLUEPRINT/rtl/native_ai/directory/query_result_bind.sv:54]
WARNING: [Synth 8-7137] Register qb_reg[1] in module query_result_bind has both Set and reset with same priority. This may cause simulation mismatches. Consider rewriting code  [D:/FPGA/NATIVE_AI_DEVELOPMENTAL_HARDWARE_R1_PACKAGE_20260914-20260914T045403Z-1-001/CANON_BLUEPRINT/rtl/native_ai/directory/query_result_bind.sv:54]
WARNING: [Synth 8-7137] Register qb_reg[2] in module query_result_bind has both Set and reset with same priority. This may cause simulation mismatches. Consider rewriting code  [D:/FPGA/NATIVE_AI_DEVELOPMENTAL_HARDWARE_R1_PACKAGE_20260914-20260914T045403Z-1-001/CANON_BLUEPRINT/rtl/native_ai/directory/query_result_bind.sv:54]
WARNING: [Synth 8-7137] Register qb_reg[3] in module query_result_bind has both Set and reset with same priority. This may cause simulation mismatches. Consider rewriting code  [D:/FPGA/NATIVE_AI_DEVELOPMENTAL_HARDWARE_R1_PACKAGE_20260914-20260914T045403Z-1-001/CANON_BLUEPRINT/rtl/native_ai/directory/query_result_bind.sv:54]
WARNING: [Synth 8-7137] Register qb_reg[4] in module query_result_bind has both Set and reset with same priority. This may cause simulation mismatches. Consider rewriting code  [D:/FPGA/NATIVE_AI_DEVELOPMENTAL_HARDWARE_R1_PACKAGE_20260914-20260914T045403Z-1-001/CANON_BLUEPRINT/rtl/native_ai/directory/query_result_bind.sv:54]
WARNING: [Synth 8-7137] Register qb_reg[5] in module query_result_bind has both Set and reset with same priority. This may cause simulation mismatches. Consider rewriting code  [D:/FPGA/NATIVE_AI_DEVELOPMENTAL_HARDWARE_R1_PACKAGE_20260914-20260914T045403Z-1-001/CANON_BLUEPRINT/rtl/native_ai/directory/query_result_bind.sv:54]
WARNING: [Synth 8-7137] Register qb_reg[6] in module query_result_bind has both Set and reset with same priority. This may cause simulation mismatches. Consider rewriting code  [D:/FPGA/NATIVE_AI_DEVELOPMENTAL_HARDWARE_R1_PACKAGE_20260914-20260914T045403Z-1-001/CANON_BLUEPRINT/rtl/native_ai/directory/query_result_bind.sv:54]
WARNING: [Synth 8-7137] Register qb_reg[7] in module query_result_bind has both Set and reset with same priority. This may cause simulation mismatches. Consider rewriting code  [D:/FPGA/NATIVE_AI_DEVELOPMENTAL_HARDWARE_R1_PACKAGE_20260914-20260914T045403Z-1-001/CANON_BLUEPRINT/rtl/native_ai/directory/query_result_bind.sv:54]
WARNING: [Synth 8-7137] Register qb_reg[8] in module query_result_bind has both Set and reset with same priority. This may cause simulation mismatches. Consider rewriting code  [D:/FPGA/NATIVE_AI_DEVELOPMENTAL_HARDWARE_R1_PACKAGE_20260914-20260914T045403Z-1-001/CANON_BLUEPRINT/rtl/native_ai/directory/query_result_bind.sv:54]
WARNING: [Synth 8-7137] Register qb_reg[9] in module query_result_bind has both Set and reset with same priority. This may cause simulation mismatches. Consider rewriting code  [D:/FPGA/NATIVE_AI_DEVELOPMENTAL_HARDWARE_R1_PACKAGE_20260914-20260914T045403Z-1-001/CANON_BLUEPRINT/rtl/native_ai/directory/query_result_bind.sv:54]
WARNING: [Synth 8-7137] Register qb_reg[10] in module query_result_bind has both Set and reset with same priority. This may cause simulation mismatches. Consider rewriting code  [D:/FPGA/NATIVE_AI_DEVELOPMENTAL_HARDWARE_R1_PACKAGE_20260914-20260914T045403Z-1-001/CANON_BLUEPRINT/rtl/native_ai/directory/query_result_bind.sv:54]
WARNING: [Synth 8-7137] Register qb_reg[11] in module query_result_bind has both Set and reset with same priority. This may cause simulation mismatches. Consider rewriting code  [D:/FPGA/NATIVE_AI_DEVELOPMENTAL_HARDWARE_R1_PACKAGE_20260914-20260914T045403Z-1-001/CANON_BLUEPRINT/rtl/native_ai/directory/query_result_bind.sv:54]
WARNING: [Synth 8-7137] Register qb_reg[12] in module query_result_bind has both Set and reset with same priority. This may cause simulation mismatches. Consider rewriting code  [D:/FPGA/NATIVE_AI_DEVELOPMENTAL_HARDWARE_R1_PACKAGE_20260914-20260914T045403Z-1-001/CANON_BLUEPRINT/rtl/native_ai/directory/query_result_bind.sv:54]
WARNING: [Synth 8-7137] Register qb_reg[13] in module query_result_bind has both Set and reset with same priority. This may cause simulation mismatches. Consider rewriting code  [D:/FPGA/NATIVE_AI_DEVELOPMENTAL_HARDWARE_R1_PACKAGE_20260914-20260914T045403Z-1-001/CANON_BLUEPRINT/rtl/native_ai/directory/query_result_bind.sv:54]
WARNING: [Synth 8-7137] Register qb_reg[14] in module query_result_bind has both Set and reset with same priority. This may cause simulation mismatches. Consider rewriting code  [D:/FPGA/NATIVE_AI_DEVELOPMENTAL_HARDWARE_R1_PACKAGE_20260914-20260914T045403Z-1-001/CANON_BLUEPRINT/rtl/native_ai/directory/query_result_bind.sv:54]
WARNING: [Synth 8-7137] Register qb_reg[15] in module query_result_bind has both Set and reset with same priority. This may cause simulation mismatches. Consider rewriting code  [D:/FPGA/NATIVE_AI_DEVELOPMENTAL_HARDWARE_R1_PACKAGE_20260914-20260914T045403Z-1-001/CANON_BLUEPRINT/rtl/native_ai/directory/query_result_bind.sv:54]
WARNING: [Synth 8-7137] Register qb_reg[16] in module query_result_bind has both Set and reset with same priority. This may cause simulation mismatches. Consider rewriting code  [D:/FPGA/NATIVE_AI_DEVELOPMENTAL_HARDWARE_R1_PACKAGE_20260914-20260914T045403Z-1-001/CANON_BLUEPRINT/rtl/native_ai/directory/query_result_bind.sv:54]
WARNING: [Synth 8-7137] Register qb_reg[17] in module query_result_bind has both Set and reset with same priority. This may cause simulation mismatches. Consider rewriting code  [D:/FPGA/NATIVE_AI_DEVELOPMENTAL_HARDWARE_R1_PACKAGE_20260914-20260914T045403Z-1-001/CANON_BLUEPRINT/rtl/native_ai/directory/query_result_bind.sv:54]
WARNING: [Synth 8-7137] Register qb_reg[18] in module query_result_bind has both Set and reset with same priority. This may cause simulation mismatches. Consider rewriting code  [D:/FPGA/NATIVE_AI_DEVELOPMENTAL_HARDWARE_R1_PACKAGE_20260914-20260914T045403Z-1-001/CANON_BLUEPRINT/rtl/native_ai/directory/query_result_bind.sv:54]
WARNING: [Synth 8-7137] Register qb_reg[19] in module query_result_bind has both Set and reset with same priority. This may cause simulation mismatches. Consider rewriting code  [D:/FPGA/NATIVE_AI_DEVELOPMENTAL_HARDWARE_R1_PACKAGE_20260914-20260914T045403Z-1-001/CANON_BLUEPRINT/rtl/native_ai/directory/query_result_bind.sv:54]
WARNING: [Synth 8-7137] Register qb_reg[20] in module query_result_bind has both Set and reset with same priority. This may cause simulation mismatches. Consider rewriting code  [D:/FPGA/NATIVE_AI_DEVELOPMENTAL_HARDWARE_R1_PACKAGE_20260914-20260914T045403Z-1-001/CANON_BLUEPRINT/rtl/native_ai/directory/query_result_bind.sv:54]
WARNING: [Synth 8-7137] Register qb_reg[21] in module query_result_bind has both Set and reset with same priority. This may cause simulation mismatches. Consider rewriting code  [D:/FPGA/NATIVE_AI_DEVELOPMENTAL_HARDWARE_R1_PACKAGE_20260914-20260914T045403Z-1-001/CANON_BLUEPRINT/rtl/native_ai/directory/query_result_bind.sv:54]
WARNING: [Synth 8-7137] Register qb_reg[22] in module query_result_bind has both Set and reset with same priority. This may cause simulation mismatches. Consider rewriting code  [D:/FPGA/NATIVE_AI_DEVELOPMENTAL_HARDWARE_R1_PACKAGE_20260914-20260914T045403Z-1-001/CANON_BLUEPRINT/rtl/native_ai/directory/query_result_bind.sv:54]
WARNING: [Synth 8-7137] Register qb_reg[23] in module query_result_bind has both Set and reset with same priority. This may cause simulation mismatches. Consider rewriting code  [D:/FPGA/NATIVE_AI_DEVELOPMENTAL_HARDWARE_R1_PACKAGE_20260914-20260914T045403Z-1-001/CANON_BLUEPRINT/rtl/native_ai/directory/query_result_bind.sv:54]
WARNING: [Synth 8-7137] Register qb_reg[24] in module query_result_bind has both Set and reset with same priority. This may cause simulation mismatches. Consider rewriting code  [D:/FPGA/NATIVE_AI_DEVELOPMENTAL_HARDWARE_R1_PACKAGE_20260914-20260914T045403Z-1-001/CANON_BLUEPRINT/rtl/native_ai/directory/query_result_bind.sv:54]
WARNING: [Synth 8-7137] Register qb_reg[25] in module query_result_bind has both Set and reset with same priority. This may cause simulation mismatches. Consider rewriting code  [D:/FPGA/NATIVE_AI_DEVELOPMENTAL_HARDWARE_R1_PACKAGE_20260914-20260914T045403Z-1-001/CANON_BLUEPRINT/rtl/native_ai/directory/query_result_bind.sv:54]
WARNING: [Synth 8-7137] Register qb_reg[26] in module query_result_bind has both Set and reset with same priority. This may cause simulation mismatches. Consider rewriting code  [D:/FPGA/NATIVE_AI_DEVELOPMENTAL_HARDWARE_R1_PACKAGE_20260914-20260914T045403Z-1-001/CANON_BLUEPRINT/rtl/native_ai/directory/query_result_bind.sv:54]
WARNING: [Synth 8-7137] Register qb_reg[27] in module query_result_bind has both Set and reset with same priority. This may cause simulation mismatches. Consider rewriting code  [D:/FPGA/NATIVE_AI_DEVELOPMENTAL_HARDWARE_R1_PACKAGE_20260914-20260914T045403Z-1-001/CANON_BLUEPRINT/rtl/native_ai/directory/query_result_bind.sv:54]
WARNING: [Synth 8-7137] Register qb_reg[28] in module query_result_bind has both Set and reset with same priority. This may cause simulation mismatches. Consider rewriting code  [D:/FPGA/NATIVE_AI_DEVELOPMENTAL_HARDWARE_R1_PACKAGE_20260914-20260914T045403Z-1-001/CANON_BLUEPRINT/rtl/native_ai/directory/query_result_bind.sv:54]
WARNING: [Synth 8-7137] Register qb_reg[29] in module query_result_bind has both Set and reset with same priority. This may cause simulation mismatches. Consider rewriting code  [D:/FPGA/NATIVE_AI_DEVELOPMENTAL_HARDWARE_R1_PACKAGE_20260914-20260914T045403Z-1-001/CANON_BLUEPRINT/rtl/native_ai/directory/query_result_bind.sv:54]
WARNING: [Synth 8-7137] Register qb_reg[30] in module query_result_bind has both Set and reset with same priority. This may cause simulation mismatches. Consider rewriting code  [D:/FPGA/NATIVE_AI_DEVELOPMENTAL_HARDWARE_R1_PACKAGE_20260914-20260914T045403Z-1-001/CANON_BLUEPRINT/rtl/native_ai/directory/query_result_bind.sv:54]
WARNING: [Synth 8-7137] Register qb_reg[31] in module query_result_bind has both Set and reset with same priority. This may cause simulation mismatches. Consider rewriting code  [D:/FPGA/NATIVE_AI_DEVELOPMENTAL_HARDWARE_R1_PACKAGE_20260914-20260914T045403Z-1-001/CANON_BLUEPRINT/rtl/native_ai/directory/query_result_bind.sv:54]
WARNING: [Synth 8-7137] Register begin_trunc_reg in module pack_loader has both Set and reset with same priority. This may cause simulation mismatches. Consider rewriting code  [D:/FPGA/NATIVE_AI_DEVELOPMENTAL_HARDWARE_R1_PACKAGE_20260914-20260914T045403Z-1-001/CANON_BLUEPRINT/rtl/native_ai/loader/pack_loader.sv:348]
WARNING: [Synth 8-7129] Port mem_addr[1] in module mig_ui32 is either unconnected or has no load
WARNING: [Synth 8-7129] Port mem_addr[0] in module mig_ui32 is either unconnected or has no load
WARNING: [Synth 8-7129] Port s_valid in module query_result_bind is either unconnected or has no load
WARNING: [Synth 8-7129] Port ecc_multiple[7] in module mig_7series_v4_2_ui_rd_data is either unconnected or has no load
WARNING: [Synth 8-7129] Port ecc_multiple[6] in module mig_7series_v4_2_ui_rd_data is either unconnected or has no load
WARNING: [Synth 8-7129] Port ecc_multiple[5] in module mig_7series_v4_2_ui_rd_data is either unconnected or has no load
WARNING: [Synth 8-7129] Port ecc_multiple[4] in module mig_7series_v4_2_ui_rd_data is either unconnected or has no load
WARNING: [Synth 8-7129] Port ecc_multiple[3] in module mig_7series_v4_2_ui_rd_data is either unconnected or has no load
WARNING: [Synth 8-7129] Port ecc_multiple[2] in module mig_7series_v4_2_ui_rd_data is either unconnected or has no load
WARNING: [Synth 8-7129] Port ecc_multiple[1] in module mig_7series_v4_2_ui_rd_data is either unconnected or has no load
WARNING: [Synth 8-7129] Port ecc_multiple[0] in module mig_7series_v4_2_ui_rd_data is either unconnected or has no load
WARNING: [Synth 8-7129] Port ecc_single[7] in module mig_7series_v4_2_ui_rd_data is either unconnected or has no load
WARNING: [Synth 8-7129] Port ecc_single[6] in module mig_7series_v4_2_ui_rd_data is either unconnected or has no load
WARNING: [Synth 8-7129] Port ecc_single[5] in module mig_7series_v4_2_ui_rd_data is either unconnected or has no load
WARNING: [Synth 8-7129] Port ecc_single[4] in module mig_7series_v4_2_ui_rd_data is either unconnected or has no load
WARNING: [Synth 8-7129] Port ecc_single[3] in module mig_7series_v4_2_ui_rd_data is either unconnected or has no load
WARNING: [Synth 8-7129] Port ecc_single[2] in module mig_7series_v4_2_ui_rd_data is either unconnected or has no load
WARNING: [Synth 8-7129] Port ecc_single[1] in module mig_7series_v4_2_ui_rd_data is either unconnected or has no load
WARNING: [Synth 8-7129] Port ecc_single[0] in module mig_7series_v4_2_ui_rd_data is either unconnected or has no load
WARNING: [Synth 8-7129] Port app_raw_not_ecc[7] in module mig_7series_v4_2_ui_wr_data is either unconnected or has no load
WARNING: [Synth 8-7129] Port app_raw_not_ecc[6] in module mig_7series_v4_2_ui_wr_data is either unconnected or has no load
WARNING: [Synth 8-7129] Port app_raw_not_ecc[5] in module mig_7series_v4_2_ui_wr_data is either unconnected or has no load
WARNING: [Synth 8-7129] Port app_raw_not_ecc[4] in module mig_7series_v4_2_ui_wr_data is either unconnected or has no load
WARNING: [Synth 8-7129] Port app_raw_not_ecc[3] in module mig_7series_v4_2_ui_wr_data is either unconnected or has no load
WARNING: [Synth 8-7129] Port app_raw_not_ecc[2] in module mig_7series_v4_2_ui_wr_data is either unconnected or has no load
WARNING: [Synth 8-7129] Port app_raw_not_ecc[1] in module mig_7series_v4_2_ui_wr_data is either unconnected or has no load
WARNING: [Synth 8-7129] Port app_raw_not_ecc[0] in module mig_7series_v4_2_ui_wr_data is either unconnected or has no load
WARNING: [Synth 8-7129] Port wr_data_addr[4] in module mig_7series_v4_2_ui_top is either unconnected or has no load
WARNING: [Synth 8-7129] Port accept in module mig_7series_v4_2_ui_top is either unconnected or has no load
WARNING: [Synth 8-7129] Port calib_device_temp[11] in module mig_7series_v4_2_ddr_phy_tempmon is either unconnected or has no load
WARNING: [Synth 8-7129] Port calib_device_temp[10] in module mig_7series_v4_2_ddr_phy_tempmon is either unconnected or has no load
WARNING: [Synth 8-7129] Port calib_device_temp[9] in module mig_7series_v4_2_ddr_phy_tempmon is either unconnected or has no load
WARNING: [Synth 8-7129] Port calib_device_temp[8] in module mig_7series_v4_2_ddr_phy_tempmon is either unconnected or has no load
WARNING: [Synth 8-7129] Port calib_device_temp[7] in module mig_7series_v4_2_ddr_phy_tempmon is either unconnected or has no load
WARNING: [Synth 8-7129] Port calib_device_temp[6] in module mig_7series_v4_2_ddr_phy_tempmon is either unconnected or has no load
WARNING: [Synth 8-7129] Port calib_device_temp[5] in module mig_7series_v4_2_ddr_phy_tempmon is either unconnected or has no load
WARNING: [Synth 8-7129] Port calib_device_temp[4] in module mig_7series_v4_2_ddr_phy_tempmon is either unconnected or has no load
WARNING: [Synth 8-7129] Port calib_device_temp[3] in module mig_7series_v4_2_ddr_phy_tempmon is either unconnected or has no load
WARNING: [Synth 8-7129] Port calib_device_temp[2] in module mig_7series_v4_2_ddr_phy_tempmon is either unconnected or has no load
WARNING: [Synth 8-7129] Port calib_device_temp[1] in module mig_7series_v4_2_ddr_phy_tempmon is either unconnected or has no load
WARNING: [Synth 8-7129] Port calib_device_temp[0] in module mig_7series_v4_2_ddr_phy_tempmon is either unconnected or has no load
WARNING: [Synth 8-7129] Port dbg_phy_wrcal[99] in module mig_7series_v4_2_ddr_phy_wrcal is either unconnected or has no load
WARNING: [Synth 8-7129] Port dbg_phy_wrcal[98] in module mig_7series_v4_2_ddr_phy_wrcal is either unconnected or has no load
WARNING: [Synth 8-7129] Port dbg_phy_wrcal[97] in module mig_7series_v4_2_ddr_phy_wrcal is either unconnected or has no load
WARNING: [Synth 8-7129] Port dbg_phy_wrcal[96] in module mig_7series_v4_2_ddr_phy_wrcal is either unconnected or has no load
WARNING: [Synth 8-7129] Port dbg_phy_wrcal[95] in module mig_7series_v4_2_ddr_phy_wrcal is either unconnected or has no load
WARNING: [Synth 8-7129] Port dbg_phy_wrcal[94] in module mig_7series_v4_2_ddr_phy_wrcal is either unconnected or has no load
WARNING: [Synth 8-7129] Port dbg_phy_wrcal[93] in module mig_7series_v4_2_ddr_phy_wrcal is either unconnected or has no load
WARNING: [Synth 8-7129] Port dbg_phy_wrcal[16] in module mig_7series_v4_2_ddr_phy_wrcal is either unconnected or has no load
WARNING: [Synth 8-7129] Port dbg_phy_wrcal[15] in module mig_7series_v4_2_ddr_phy_wrcal is either unconnected or has no load
WARNING: [Synth 8-7129] Port dbg_phy_wrcal[14] in module mig_7series_v4_2_ddr_phy_wrcal is either unconnected or has no load
WARNING: [Synth 8-7129] Port dbg_phy_wrcal[12] in module mig_7series_v4_2_ddr_phy_wrcal is either unconnected or has no load
WARNING: [Synth 8-7129] Port dbg_phy_wrcal[11] in module mig_7series_v4_2_ddr_phy_wrcal is either unconnected or has no load
WARNING: [Synth 8-7129] Port dbg_phy_wrcal[10] in module mig_7series_v4_2_ddr_phy_wrcal is either unconnected or has no load
WARNING: [Synth 8-7129] Port dbg_phy_wrcal[9] in module mig_7series_v4_2_ddr_phy_wrcal is either unconnected or has no load
WARNING: [Synth 8-7129] Port dqsfound_retry_done in module mig_7series_v4_2_ddr_phy_wrcal is either unconnected or has no load
WARNING: [Synth 8-7129] Port calib_aux_out[3] in module mig_7series_v4_2_ddr_phy_init is either unconnected or has no load
WARNING: [Synth 8-7129] Port calib_aux_out[2] in module mig_7series_v4_2_ddr_phy_init is either unconnected or has no load
WARNING: [Synth 8-7129] Port calib_aux_out[1] in module mig_7series_v4_2_ddr_phy_init is either unconnected or has no load
WARNING: [Synth 8-7129] Port calib_aux_out[0] in module mig_7series_v4_2_ddr_phy_init is either unconnected or has no load
WARNING: [Synth 8-7129] Port dbg_phy_init[255] in module mig_7series_v4_2_ddr_phy_init is either unconnected or has no load
WARNING: [Synth 8-7129] Port dbg_phy_init[254] in module mig_7series_v4_2_ddr_phy_init is either unconnected or has no load
WARNING: [Synth 8-7129] Port dbg_phy_init[253] in module mig_7series_v4_2_ddr_phy_init is either unconnected or has no load
WARNING: [Synth 8-7129] Port dbg_phy_init[252] in module mig_7series_v4_2_ddr_phy_init is either unconnected or has no load
WARNING: [Synth 8-7129] Port dbg_phy_init[251] in module mig_7series_v4_2_ddr_phy_init is either unconnected or has no load
WARNING: [Synth 8-7129] Port dbg_phy_init[250] in module mig_7series_v4_2_ddr_phy_init is either unconnected or has no load
WARNING: [Synth 8-7129] Port dbg_phy_init[249] in module mig_7series_v4_2_ddr_phy_init is either unconnected or has no load
WARNING: [Synth 8-7129] Port dbg_phy_init[248] in module mig_7series_v4_2_ddr_phy_init is either unconnected or has no load
WARNING: [Synth 8-7129] Port dbg_phy_init[247] in module mig_7series_v4_2_ddr_phy_init is either unconnected or has no load
WARNING: [Synth 8-7129] Port dbg_phy_init[246] in module mig_7series_v4_2_ddr_phy_init is either unconnected or has no load
WARNING: [Synth 8-7129] Port dbg_phy_init[245] in module mig_7series_v4_2_ddr_phy_init is either unconnected or has no load
WARNING: [Synth 8-7129] Port dbg_phy_init[244] in module mig_7series_v4_2_ddr_phy_init is either unconnected or has no load
WARNING: [Synth 8-7129] Port dbg_phy_init[243] in module mig_7series_v4_2_ddr_phy_init is either unconnected or has no load
WARNING: [Synth 8-7129] Port dbg_phy_init[242] in module mig_7series_v4_2_ddr_phy_init is either unconnected or has no load
WARNING: [Synth 8-7129] Port dbg_phy_init[241] in module mig_7series_v4_2_ddr_phy_init is either unconnected or has no load
WARNING: [Synth 8-7129] Port dbg_phy_init[240] in module mig_7series_v4_2_ddr_phy_init is either unconnected or has no load
WARNING: [Synth 8-7129] Port dbg_phy_init[239] in module mig_7series_v4_2_ddr_phy_init is either unconnected or has no load
WARNING: [Synth 8-7129] Port dbg_phy_init[238] in module mig_7series_v4_2_ddr_phy_init is either unconnected or has no load
WARNING: [Synth 8-7129] Port dbg_phy_init[237] in module mig_7series_v4_2_ddr_phy_init is either unconnected or has no load
WARNING: [Synth 8-7129] Port dbg_phy_init[236] in module mig_7series_v4_2_ddr_phy_init is either unconnected or has no load
WARNING: [Synth 8-7129] Port dbg_phy_init[235] in module mig_7series_v4_2_ddr_phy_init is either unconnected or has no load
WARNING: [Synth 8-7129] Port dbg_phy_init[234] in module mig_7series_v4_2_ddr_phy_init is either unconnected or has no load
WARNING: [Synth 8-7129] Port dbg_phy_init[233] in module mig_7series_v4_2_ddr_phy_init is either unconnected or has no load
WARNING: [Synth 8-7129] Port dbg_phy_init[232] in module mig_7series_v4_2_ddr_phy_init is either unconnected or has no load
WARNING: [Synth 8-7129] Port dbg_phy_init[231] in module mig_7series_v4_2_ddr_phy_init is either unconnected or has no load
WARNING: [Synth 8-7129] Port dbg_phy_init[230] in module mig_7series_v4_2_ddr_phy_init is either unconnected or has no load
WARNING: [Synth 8-7129] Port dbg_phy_init[229] in module mig_7series_v4_2_ddr_phy_init is either unconnected or has no load
WARNING: [Synth 8-7129] Port dbg_phy_init[228] in module mig_7series_v4_2_ddr_phy_init is either unconnected or has no load
WARNING: [Synth 8-7129] Port dbg_phy_init[227] in module mig_7series_v4_2_ddr_phy_init is either unconnected or has no load
WARNING: [Synth 8-7129] Port dbg_phy_init[226] in module mig_7series_v4_2_ddr_phy_init is either unconnected or has no load
WARNING: [Synth 8-7129] Port dbg_phy_init[225] in module mig_7series_v4_2_ddr_phy_init is either unconnected or has no load
WARNING: [Synth 8-7129] Port dbg_phy_init[224] in module mig_7series_v4_2_ddr_phy_init is either unconnected or has no load
WARNING: [Synth 8-7129] Port dbg_phy_init[223] in module mig_7series_v4_2_ddr_phy_init is either unconnected or has no load
WARNING: [Synth 8-7129] Port dbg_phy_init[222] in module mig_7series_v4_2_ddr_phy_init is either unconnected or has no load
WARNING: [Synth 8-7129] Port dbg_phy_init[221] in module mig_7series_v4_2_ddr_phy_init is either unconnected or has no load
WARNING: [Synth 8-7129] Port dbg_phy_init[220] in module mig_7series_v4_2_ddr_phy_init is either unconnected or has no load
WARNING: [Synth 8-7129] Port dbg_phy_init[219] in module mig_7series_v4_2_ddr_phy_init is either unconnected or has no load
WARNING: [Synth 8-7129] Port dbg_phy_init[218] in module mig_7series_v4_2_ddr_phy_init is either unconnected or has no load
WARNING: [Synth 8-7129] Port dbg_phy_init[217] in module mig_7series_v4_2_ddr_phy_init is either unconnected or has no load
WARNING: [Synth 8-7129] Port dbg_phy_init[216] in module mig_7series_v4_2_ddr_phy_init is either unconnected or has no load
INFO: [Common 17-14] Message 'Synth 8-7129' appears 100 times and further instances of the messages will be disabled. Use the Tcl command set_msg_config to change the current settings.
---------------------------------------------------------------------------------
Finished RTL Elaboration : Time (s): cpu = 00:00:16 ; elapsed = 00:00:26 . Memory (MB): peak = 1896.320 ; gain = 1068.645
---------------------------------------------------------------------------------
---------------------------------------------------------------------------------
Start Handling Custom Attributes
---------------------------------------------------------------------------------
---------------------------------------------------------------------------------
Finished Handling Custom Attributes : Time (s): cpu = 00:00:17 ; elapsed = 00:00:27 . Memory (MB): peak = 1896.320 ; gain = 1068.645
---------------------------------------------------------------------------------
---------------------------------------------------------------------------------
Finished RTL Optimization Phase 1 : Time (s): cpu = 00:00:17 ; elapsed = 00:00:27 . Memory (MB): peak = 1896.320 ; gain = 1068.645
---------------------------------------------------------------------------------
Netlist sorting complete. Time (s): cpu = 00:00:01 ; elapsed = 00:00:00.552 . Memory (MB): peak = 1896.320 ; gain = 0.000
INFO: [Netlist 29-17] Analyzing 111 Unisim elements for replacement
INFO: [Netlist 29-28] Unisim Transformation completed in 0 CPU seconds
INFO: [Project 1-570] Preparing netlist for logic optimization

Processing XDC Constraints
Initializing timing engine
Parsing XDC File [d:/FPGA/miggen/p/mig0.gen/sources_1/ip/mig0/mig0/user_design/constraints/mig0.xdc] for cell 'u_mig'
Finished Parsing XDC File [d:/FPGA/miggen/p/mig0.gen/sources_1/ip/mig0/mig0/user_design/constraints/mig0.xdc] for cell 'u_mig'
INFO: [Project 1-236] Implementation specific constraints were found while reading constraint file [d:/FPGA/miggen/p/mig0.gen/sources_1/ip/mig0/mig0/user_design/constraints/mig0.xdc]. These constraints will be ignored for synthesis but will be used in implementation. Impacted constraints are listed in the file [.Xil/arty_a7_r2_top_m4_mig_candidate_propImpl.xdc].
Resolution: To avoid this warning, move constraints listed in [.Xil/arty_a7_r2_top_m4_mig_candidate_propImpl.xdc] to another XDC file and exclude this new file from synthesis with the used_in_synthesis property (File Properties dialog in GUI) and re-run elaboration/synthesis.
Parsing XDC File [D:/FPGA/NATIVE_AI_DEVELOPMENTAL_HARDWARE_R1_PACKAGE_20260914-20260914T045403Z-1-001/CANON_BLUEPRINT/rtl/native_ai/board/arty_a7_mig.xdc]
Finished Parsing XDC File [D:/FPGA/NATIVE_AI_DEVELOPMENTAL_HARDWARE_R1_PACKAGE_20260914-20260914T045403Z-1-001/CANON_BLUEPRINT/rtl/native_ai/board/arty_a7_mig.xdc]
INFO: [Project 1-236] Implementation specific constraints were found while reading constraint file [D:/FPGA/NATIVE_AI_DEVELOPMENTAL_HARDWARE_R1_PACKAGE_20260914-20260914T045403Z-1-001/CANON_BLUEPRINT/rtl/native_ai/board/arty_a7_mig.xdc]. These constraints will be ignored for synthesis but will be used in implementation. Impacted constraints are listed in the file [.Xil/arty_a7_r2_top_m4_mig_candidate_propImpl.xdc].
Resolution: To avoid this warning, move constraints listed in [.Xil/arty_a7_r2_top_m4_mig_candidate_propImpl.xdc] to another XDC file and exclude this new file from synthesis with the used_in_synthesis property (File Properties dialog in GUI) and re-run elaboration/synthesis.
Parsing XDC File [D:/FPGA/NATIVE_AI_DEVELOPMENTAL_HARDWARE_R1_PACKAGE_20260914-20260914T045403Z-1-001/CANON_BLUEPRINT/rtl/native_ai/board/arty_a7_mig_cdc.xdc]
Finished Parsing XDC File [D:/FPGA/NATIVE_AI_DEVELOPMENTAL_HARDWARE_R1_PACKAGE_20260914-20260914T045403Z-1-001/CANON_BLUEPRINT/rtl/native_ai/board/arty_a7_mig_cdc.xdc]
INFO: [Project 1-236] Implementation specific constraints were found while reading constraint file [D:/FPGA/NATIVE_AI_DEVELOPMENTAL_HARDWARE_R1_PACKAGE_20260914-20260914T045403Z-1-001/CANON_BLUEPRINT/rtl/native_ai/board/arty_a7_mig_cdc.xdc]. These constraints will be ignored for synthesis but will be used in implementation. Impacted constraints are listed in the file [.Xil/arty_a7_r2_top_m4_mig_candidate_propImpl.xdc].
Resolution: To avoid this warning, move constraints listed in [.Xil/arty_a7_r2_top_m4_mig_candidate_propImpl.xdc] to another XDC file and exclude this new file from synthesis with the used_in_synthesis property (File Properties dialog in GUI) and re-run elaboration/synthesis.
Parsing XDC File [D:/FPGA/NATIVE_AI_DEVELOPMENTAL_HARDWARE_R1_PACKAGE_20260914-20260914T045403Z-1-001/CANON_BLUEPRINT/rtl/native_ai/board/arty_a7_mig_clear_cdc.xdc]
Finished Parsing XDC File [D:/FPGA/NATIVE_AI_DEVELOPMENTAL_HARDWARE_R1_PACKAGE_20260914-20260914T045403Z-1-001/CANON_BLUEPRINT/rtl/native_ai/board/arty_a7_mig_clear_cdc.xdc]
INFO: [Project 1-236] Implementation specific constraints were found while reading constraint file [D:/FPGA/NATIVE_AI_DEVELOPMENTAL_HARDWARE_R1_PACKAGE_20260914-20260914T045403Z-1-001/CANON_BLUEPRINT/rtl/native_ai/board/arty_a7_mig_clear_cdc.xdc]. These constraints will be ignored for synthesis but will be used in implementation. Impacted constraints are listed in the file [.Xil/arty_a7_r2_top_m4_mig_candidate_propImpl.xdc].
Resolution: To avoid this warning, move constraints listed in [.Xil/arty_a7_r2_top_m4_mig_candidate_propImpl.xdc] to another XDC file and exclude this new file from synthesis with the used_in_synthesis property (File Properties dialog in GUI) and re-run elaboration/synthesis.
Parsing XDC File [D:/FPGA/miggen/p/mig0.gen/sources_1/ip/mig0/mig0/user_design/constraints/mig0.xdc]
Finished Parsing XDC File [D:/FPGA/miggen/p/mig0.gen/sources_1/ip/mig0/mig0/user_design/constraints/mig0.xdc]
INFO: [Project 1-236] Implementation specific constraints were found while reading constraint file [D:/FPGA/miggen/p/mig0.gen/sources_1/ip/mig0/mig0/user_design/constraints/mig0.xdc]. These constraints will be ignored for synthesis but will be used in implementation. Impacted constraints are listed in the file [.Xil/arty_a7_r2_top_m4_mig_candidate_propImpl.xdc].
Resolution: To avoid this warning, move constraints listed in [.Xil/arty_a7_r2_top_m4_mig_candidate_propImpl.xdc] to another XDC file and exclude this new file from synthesis with the used_in_synthesis property (File Properties dialog in GUI) and re-run elaboration/synthesis.
INFO: [Timing 38-2] Deriving generated clocks
Completed Processing XDC Constraints

Netlist sorting complete. Time (s): cpu = 00:00:00 ; elapsed = 00:00:00.026 . Memory (MB): peak = 1995.410 ; gain = 0.000
INFO: [Project 1-111] Unisim Transformation Summary:
  A total of 74 instances were transformed.
  IBUFDS_INTERMDISABLE => IBUFDS_INTERMDISABLE (IBUFDS_INTERMDISABLE_INT(x2)): 2 instances
  IOBUFDS_INTERMDISABLE => IOBUFDS_INTERMDISABLE (IBUFDS_INTERMDISABLE_INT(x2), INV, OBUFTDS(x2)): 2 instances
  IOBUF_INTERMDISABLE => IOBUF_INTERMDISABLE (IBUF_INTERMDISABLE, OBUFT): 16 instances
  OBUFDS => OBUFDS_DUAL_BUF (INV, OBUFDS(x2)): 1 instance 
  OBUFTDS => OBUFTDS_DUAL_BUF (INV, OBUFTDS(x2)): 2 instances
  RAM32M => RAM32M (RAMD32(x6), RAMS32(x2)): 51 instances

Constraint Validation Runtime : Time (s): cpu = 00:00:00 ; elapsed = 00:00:00.343 . Memory (MB): peak = 1995.547 ; gain = 0.000
---------------------------------------------------------------------------------
Finished Constraint Validation : Time (s): cpu = 00:00:37 ; elapsed = 00:00:56 . Memory (MB): peak = 1995.547 ; gain = 1167.871
---------------------------------------------------------------------------------
---------------------------------------------------------------------------------
Start Loading Part and Timing Information
---------------------------------------------------------------------------------
Loading part: xc7a100tcsg324-1
---------------------------------------------------------------------------------
Finished Loading Part and Timing Information : Time (s): cpu = 00:00:37 ; elapsed = 00:00:56 . Memory (MB): peak = 1995.547 ; gain = 1167.871
---------------------------------------------------------------------------------
---------------------------------------------------------------------------------
Start Applying 'set_property' XDC Constraints
---------------------------------------------------------------------------------
---------------------------------------------------------------------------------
Finished applying 'set_property' XDC Constraints : Time (s): cpu = 00:00:38 ; elapsed = 00:00:57 . Memory (MB): peak = 1995.547 ; gain = 1167.871
---------------------------------------------------------------------------------
INFO: [Synth 8-802] inferred FSM for state register 'xadc_supplied_temperature.tempmon_state_reg' in module 'mig_7series_v4_2_tempmon'
INFO: [Synth 8-802] inferred FSM for state register 'wl_state_r_reg' in module 'mig_7series_v4_2_ddr_phy_wrlvl'
INFO: [Synth 8-802] inferred FSM for state register 'fine_adj_state_r_reg' in module 'mig_7series_v4_2_ddr_phy_dqs_found_cal_hr'
INFO: [Synth 8-802] inferred FSM for state register 'cal1_state_r_reg' in module 'mig_7series_v4_2_ddr_phy_rdlvl'
INFO: [Synth 8-802] inferred FSM for state register 'init_state_r_reg' in module 'mig_7series_v4_2_ddr_phy_init'
INFO: [Synth 8-802] inferred FSM for state register 'cal2_state_r_reg' in module 'mig_7series_v4_2_ddr_phy_wrcal'
INFO: [Synth 8-802] inferred FSM for state register 'tempmon_state_reg' in module 'mig_7series_v4_2_ddr_phy_tempmon'
INFO: [Synth 8-802] inferred FSM for state register 'st_reg' in module 'pack_debug_clear'
INFO: [Synth 8-802] inferred FSM for state register 'st_reg' in module 'pack_clear_ui'
INFO: [Synth 8-802] inferred FSM for state register 'st_reg' in module 'uart_rx_word'
INFO: [Synth 8-802] inferred FSM for state register 'st_reg' in module 'uart_fe256_host'
INFO: [Synth 8-802] inferred FSM for state register 'state_reg' in module 'exact_directory'
INFO: [Synth 8-802] inferred FSM for state register 'state_reg' in module 'posting_walk'
INFO: [Synth 8-802] inferred FSM for state register 'state_reg' in module 'bounded_walk'
INFO: [Synth 8-802] inferred FSM for state register 'state_reg' in module 'query_walk_bind'
INFO: [Synth 8-802] inferred FSM for state register 'state_reg' in module 'query_result_bind'
INFO: [Synth 8-802] inferred FSM for state register 'st_reg' in module 'mig_ui32'
INFO: [Synth 8-802] inferred FSM for state register 'g_reg' in module 'mig_ui_mux'
INFO: [Synth 8-802] inferred FSM for state register 'state_reg' in module 'spear_rank'
INFO: [Synth 8-802] inferred FSM for state register 'state_reg' in module 'qstar_select'
INFO: [Synth 8-802] inferred FSM for state register 'state_reg' in module 'fem_lifecycle'
INFO: [Synth 8-802] inferred FSM for state register 'st_reg' in module 'fem_t2_ce'
INFO: [Synth 8-802] inferred FSM for state register 'state_reg' in module 'fem_t2_adapter'
INFO: [Synth 8-802] inferred FSM for state register 'st_reg' in module 'uart_tx_word'
---------------------------------------------------------------------------------------------------
                   State |                     New Encoding |                Previous Encoding 
---------------------------------------------------------------------------------------------------
               INIT_IDLE |                             0001 |                              000
       REQUEST_READ_TEMP |                             1000 |                              001
           WAIT_FOR_READ |                             0100 |                              010
                    READ |                             0010 |                              011
---------------------------------------------------------------------------------------------------
INFO: [Synth 8-3354] encoded FSM with state register 'xadc_supplied_temperature.tempmon_state_reg' using encoding 'one-hot' in module 'mig_7series_v4_2_tempmon'
---------------------------------------------------------------------------------------------------
                   State |                     New Encoding |                Previous Encoding 
---------------------------------------------------------------------------------------------------
                 WL_IDLE |                            01110 |                            00000
                 WL_INIT |                            10010 |                            00001
        WL_INIT_FINE_INC |                            01100 |                            00010
  WL_INIT_FINE_INC_WAIT1 |                            01000 |                            00011
   WL_INIT_FINE_INC_WAIT |                            01001 |                            00100
        WL_INIT_FINE_DEC |                            11001 |                            00101
  WL_INIT_FINE_DEC_WAIT1 |                            10111 |                            11001
   WL_INIT_FINE_DEC_WAIT |                            11000 |                            00110
                 WL_WAIT |                            00110 |                            01000
           WL_EDGE_CHECK |                            11011 |                            01001
              WL_DQS_CNT |                            10100 |                            01011
             WL_FINE_DEC |                            00000 |                            01110
       WL_FINE_DEC_WAIT1 |                            00001 |                            11010
        WL_FINE_DEC_WAIT |                            10001 |                            01111
            WL_CORSE_DEC |                            10110 |                            10100
       WL_CORSE_DEC_WAIT |                            11010 |                            10101
      WL_CORSE_DEC_WAIT1 |                            10101 |                            10110
        WL_2RANK_DQS_CNT |                            00010 |                            01101
            WL_DQS_CHECK |                            00011 |                            01010
             WL_FINE_INC |                            01101 |                            00111
        WL_FINE_INC_WAIT |                            10011 |                            10111
      WL_2RANK_FINAL_TAP |                            01111 |                            11000
            WL_CORSE_INC |                            01011 |                            10000
   WL_CORSE_INC_WAIT_TMP |                            10000 |                            11011
       WL_CORSE_INC_WAIT |                            01010 |                            10001
      WL_CORSE_INC_WAIT1 |                            00111 |                            10010
      WL_CORSE_INC_WAIT2 |                            00101 |                            10011
---------------------------------------------------------------------------------------------------
INFO: [Synth 8-3354] encoded FSM with state register 'wl_state_r_reg' using encoding 'sequential' in module 'mig_7series_v4_2_ddr_phy_wrlvl'
---------------------------------------------------------------------------------------------------
                   State |                     New Encoding |                Previous Encoding 
---------------------------------------------------------------------------------------------------
           FINE_ADJ_IDLE |                             0000 |                             0000
                RST_WAIT |                             0001 |                             0011
           FINE_ADJ_DONE |                             0010 |                             1111
            RST_POSTWAIT |                             0011 |                             0001
           RST_POSTWAIT1 |                             0100 |                             0010
           FINE_ADJ_INIT |                             0101 |                             0100
                FINE_INC |                             0110 |                             0101
           FINE_INC_WAIT |                             0111 |                             0110
        FINE_INC_PREWAIT |                             1000 |                             0111
          DETECT_PREWAIT |                             1001 |                             1000
         DETECT_DQSFOUND |                             1010 |                             1001
                FINE_DEC |                             1011 |                             1011
           FINE_DEC_WAIT |                             1100 |                             1100
        FINE_DEC_PREWAIT |                             1101 |                             1101
              FINAL_WAIT |                             1110 |                             1110
              PRECH_WAIT |                             1111 |                             1010
---------------------------------------------------------------------------------------------------
INFO: [Synth 8-3354] encoded FSM with state register 'fine_adj_state_r_reg' using encoding 'sequential' in module 'mig_7series_v4_2_ddr_phy_dqs_found_cal_hr'
---------------------------------------------------------------------------------------------------
                   State |                     New Encoding |                Previous Encoding 
---------------------------------------------------------------------------------------------------
               CAL1_IDLE | 00000000000000000000000000010000000 |                           000000
       CAL1_NEW_DQS_WAIT | 00000000000000000000010000000000000 |                           000001
   CAL1_STORE_FIRST_WAIT | 00000000000000000010000000000000000 |                           000010
         CAL1_PAT_DETECT | 00000000000000100000000000000000000 |                           000011
    CAL1_DQ_IDEL_TAP_INC | 00000000000000000000000000000000100 |                           000100
CAL1_DQ_IDEL_TAP_INC_WAIT | 00000000000000000000000000000001000 |                           000101
     CAL1_MPR_PAT_DETECT | 00000000000000000000000010000000000 |                           011111
         CAL1_VALID_WAIT | 10000000000000000000000000000000000 |                           011110
        CAL1_DETECT_EDGE | 00000000000001000000000000000000000 |                           001000
          CAL1_CALC_IDEL | 00000100000000000000000000000000000 |                           001011
        CAL1_CENTER_WAIT | 00000000000000000000000000000000001 |                           100010
       CAL1_IDEL_DEC_CPT | 00000000000000000000000000000000010 |                           001100
    CAL1_DQ_IDEL_TAP_DEC | 00000000000000000001000000000000000 |                           000110
CAL1_DQ_IDEL_TAP_DEC_WAIT | 00100000000000000000000000000000000 |                           000111
           CAL1_NEXT_DQS | 00000000000000000000000000000010000 |                           001110
          CAL1_REGL_LOAD | 00000000000000000000000000001000000 |                           011011
               CAL1_DONE | 00000000000000000000000000000100000 |                           001111
    CAL1_NEW_DQS_PREWAIT | 00000000000000000000000000100000000 |                           100000
   CAL1_MPR_NEW_DQS_WAIT | 00000000000000000000000001000000000 |                           011101
  CAL1_IDEL_DEC_CPT_WAIT | 00000000000000000000100000000000000 |                           001101
 CAL1_RD_STOP_FOR_PI_INC | 00000000000000000000000100000000000 |                           100001
       CAL1_IDEL_INC_CPT | 00000000000000000000001000000000000 |                           001001
  CAL1_IDEL_INC_CPT_WAIT | 00010000000000000000000000000000000 |                           001010
          CAL1_RDLVL_ERR | 00000000000010000000000000000000000 |                           011100
---------------------------------------------------------------------------------------------------
INFO: [Synth 8-3354] encoded FSM with state register 'cal1_state_r_reg' using encoding 'one-hot' in module 'mig_7series_v4_2_ddr_phy_rdlvl'
---------------------------------------------------------------------------------------------------
                   State |                     New Encoding |                Previous Encoding 
---------------------------------------------------------------------------------------------------
               INIT_IDLE |                          0101100 |                          0000000
      INIT_WAIT_CKE_EXIT |                          0101011 |                          0000001
            INIT_LOAD_MR |                          0000011 |                          0000010
       INIT_LOAD_MR_WAIT |                          0100111 |                          0000011
               INIT_ZQCL |                          0000110 |                          0000100
   INIT_WAIT_DLLK_ZQINIT |                          0000010 |                          0000101
          INIT_RDLVL_ACT |                          0000100 |                          0001100
     INIT_RDLVL_ACT_WAIT |                          0111000 |                          0001101
 INIT_PI_PHASELOCK_READS |                          0011011 |                          0100110
  INIT_PRECHARGE_PREWAIT |                          0001011 |                          0010011
          INIT_PRECHARGE |                          0001000 |                          0010100
     INIT_PRECHARGE_WAIT |                          0110101 |                          0010101
               INIT_DONE |                          0110011 |                          0010110
            INIT_REFRESH |                          0110001 |                          0011001
       INIT_REFRESH_WAIT |                          0110000 |                          0011010
    INIT_OCAL_CENTER_ACT |                          0101000 |                          0111111
INIT_OCAL_CENTER_ACT_WAIT |                          0010100 |                          1000010
INIT_OCAL_CENTER_WRITE_WAIT |                          0001100 |                          1000001
INIT_OCAL_COMPLEX_ACT_WAIT |                          0011100 |                          0111100
   INIT_RDLVL_STG1_WRITE |                          0101010 |                          0001110
INIT_OCAL_COMPLEX_WRITE_WAIT |                          0101101 |                          0111101
INIT_RDLVL_STG1_WRITE_READ |                          0110110 |                          0001111
INIT_RDLVL_COMPLEX_PI_WAIT |                          0010010 |                          1000011
INIT_RDLVL_COMPLEX_ACT_WAIT |                          0010011 |                          0110111
 INIT_RDLVL_COMPLEX_READ |                          0111011 |                          0111000
INIT_RDLVL_COMPLEX_READ_WAIT |                          0111110 |                          0111001
INIT_RDLVL_COMPLEX_PRECHARGE_PREWAIT |                          0101110 |                          0111010
INIT_RDLVL_COMPLEX_PRECHARGE |                          0111100 |                          0110100
INIT_RDLVL_COMPLEX_PRECHARGE_WAIT |                          0111111 |                          0110101
  INIT_RDLVL_COMPLEX_ACT |                          0111101 |                          0110110
INIT_OCAL_COMPLEX_RESUME_WAIT |                          0101001 |                          0111110
    INIT_RDLVL_STG1_READ |                          0110111 |                          0010000
INIT_OCLKDELAY_READ_WAIT |                          0001001 |                          0110010
    INIT_OCLKDELAY_WRITE |                          0001010 |                          0101111
INIT_OCLKDELAY_WRITE_WAIT |                          0010101 |                          0110000
     INIT_OCLKDELAY_READ |                          0001111 |                          0110001
  INIT_OCAL_CENTER_WRITE |                          0011101 |                          1000000
          INIT_WRCAL_ACT |                          0001101 |                          0011111
     INIT_WRCAL_ACT_WAIT |                          0001110 |                          0100000
        INIT_WRCAL_WRITE |                          0100101 |                          0100001
   INIT_WRCAL_WRITE_READ |                          0110100 |                          0100010
         INIT_WRCAL_READ |                          0100100 |                          0100011
    INIT_WRCAL_READ_WAIT |                          0100001 |                          0100100
   INIT_WRCAL_MULT_READS |                          0100000 |                          0100101
INIT_RDLVL_STG2_READ_WAIT |                          0100110 |                          0010010
    INIT_RDLVL_STG2_READ |                          0111001 |                          0010001
     INIT_WRLVL_LOAD_MR2 |                          0000001 |                          0001010
INIT_WRLVL_LOAD_MR2_WAIT |                          1000011 |                          0001011
        INIT_WRLVL_START |                          0110010 |                          0000110
         INIT_WRLVL_WAIT |                          1000100 |                          0000111
      INIT_WRLVL_LOAD_MR |                          0000101 |                          0001000
 INIT_WRLVL_LOAD_MR_WAIT |                          0000000 |                          0001001
           INIT_MPR_RDEN |                          0010111 |                          0100111
           INIT_MPR_WAIT |                          0011000 |                          0101000
           INIT_MPR_READ |                          0011110 |                          0101001
INIT_MPR_DISABLE_PREWAIT |                          0010110 |                          0101010
        INIT_MPR_DISABLE |                          0010000 |                          0101011
   INIT_MPR_DISABLE_WAIT |                          0010001 |                          0101100
---------------------------------------------------------------------------------------------------
INFO: [Synth 8-3354] encoded FSM with state register 'init_state_r_reg' using encoding 'sequential' in module 'mig_7series_v4_2_ddr_phy_init'
---------------------------------------------------------------------------------------------------
                   State |                     New Encoding |                Previous Encoding 
---------------------------------------------------------------------------------------------------
               CAL2_IDLE |                             0010 |                             0000
          CAL2_READ_WAIT |                             0100 |                             0001
           CAL2_NEXT_DQS |                             0101 |                             0010
        CAL2_SANITY_WAIT |                             0011 |                             0111
                CAL2_ERR |                             0000 |                             1000
         CAL2_WRLVL_WAIT |                             1000 |                             0011
        CAL2_DQ_IDEL_DEC |                             0111 |                             0101
        CAL2_IFIFO_RESET |                             0110 |                             0100
               CAL2_DONE |                             0001 |                             0110
---------------------------------------------------------------------------------------------------
INFO: [Synth 8-3354] encoded FSM with state register 'cal2_state_r_reg' using encoding 'sequential' in module 'mig_7series_v4_2_ddr_phy_wrcal'
---------------------------------------------------------------------------------------------------
                   State |                     New Encoding |                Previous Encoding 
---------------------------------------------------------------------------------------------------
                    IDLE |                      00000000001 |                      00000000001
                    INIT |                      00000000010 |                      00000000010
                 NEUTRAL |                      00001000000 |                      00001000000
                 ONE_DEC |                      00010000000 |                      00010000000
                 TWO_DEC |                      00100000000 |                      00100000000
               THREE_DEC |                      01000000000 |                      01000000000
                FOUR_DEC |                      10000000000 |                      10000000000
                 ONE_INC |                      00000100000 |                      00000100000
                 TWO_INC |                      00000010000 |                      00000010000
               THREE_INC |                      00000001000 |                      00000001000
                FOUR_INC |                      00000000100 |                      00000000100
---------------------------------------------------------------------------------------------------
INFO: [Synth 8-3354] encoded FSM with state register 'tempmon_state_reg' using encoding 'one-hot' in module 'mig_7series_v4_2_ddr_phy_tempmon'
---------------------------------------------------------------------------------------------------
                   State |                     New Encoding |                Previous Encoding 
---------------------------------------------------------------------------------------------------
                  S_IDLE |                       0001000000 |                             0000
                S_SAMPLE |                       0010000000 |                             0001
                   S_REQ |                       0000001000 |                             0010
                  S_BUSY |                       0000010000 |                             0110
                S_DROP_B |                       1000000000 |                             1001
                   S_CDC |                       0000000001 |                             0011
                 S_QUIET |                       0000000010 |                             0100
                   S_ACK |                       0000000100 |                             0101
                   S_ERR |                       0000100000 |                             0111
                  S_DROP |                       0100000000 |                             1000
---------------------------------------------------------------------------------------------------
INFO: [Synth 8-3354] encoded FSM with state register 'st_reg' using encoding 'one-hot' in module 'pack_debug_clear'
---------------------------------------------------------------------------------------------------
                   State |                     New Encoding |                Previous Encoding 
---------------------------------------------------------------------------------------------------
                  S_IDLE |                               00 |                               00
                  S_NACK |                               01 |                               11
                   S_CLR |                               10 |                               01
                   S_ACK |                               11 |                               10
---------------------------------------------------------------------------------------------------
INFO: [Synth 8-3354] encoded FSM with state register 'st_reg' using encoding 'sequential' in module 'pack_clear_ui'
---------------------------------------------------------------------------------------------------
                   State |                     New Encoding |                Previous Encoding 
---------------------------------------------------------------------------------------------------
                    IDLE |                               00 |                               00
                   START |                               01 |                               01
                    BITS |                               10 |                               10
                    STOP |                               11 |                               11
---------------------------------------------------------------------------------------------------
INFO: [Synth 8-3354] encoded FSM with state register 'st_reg' using encoding 'sequential' in module 'uart_rx_word'
---------------------------------------------------------------------------------------------------
                   State |                     New Encoding |                Previous Encoding 
---------------------------------------------------------------------------------------------------
                  S_IDLE |                            00001 |                              000
                    S_RX |                            00010 |                              001
                 S_ISSUE |                            00100 |                              010
                  S_WAIT |                            01000 |                              011
                    S_TX |                            10000 |                              100
---------------------------------------------------------------------------------------------------
INFO: [Synth 8-3354] encoded FSM with state register 'st_reg' using encoding 'one-hot' in module 'uart_fe256_host'
---------------------------------------------------------------------------------------------------
                   State |                     New Encoding |                Previous Encoding 
---------------------------------------------------------------------------------------------------
                  S_IDLE |                             0001 |                               00
                  S_WAIT |                             0010 |                               01
                  S_SCAN |                             0100 |                               10
                   S_RSP |                             1000 |                               11
---------------------------------------------------------------------------------------------------
INFO: [Synth 8-3354] encoded FSM with state register 'state_reg' using encoding 'one-hot' in module 'exact_directory'
---------------------------------------------------------------------------------------------------
                   State |                     New Encoding |                Previous Encoding 
---------------------------------------------------------------------------------------------------
                  S_IDLE |                               00 |                              000
                 S_ISSUE |                               01 |                              001
                  S_WAIT |                               10 |                              010
                   S_RSP |                               11 |                              011
---------------------------------------------------------------------------------------------------
INFO: [Synth 8-3354] encoded FSM with state register 'state_reg' using encoding 'sequential' in module 'bounded_walk'
---------------------------------------------------------------------------------------------------
                   State |                     New Encoding |                Previous Encoding 
---------------------------------------------------------------------------------------------------
                  S_IDLE |                               00 |                               00
                 S_ISSUE |                               01 |                               01
                  S_WALK |                               10 |                               10
                   S_RSP |                               11 |                               11
---------------------------------------------------------------------------------------------------
INFO: [Synth 8-3354] encoded FSM with state register 'state_reg' using encoding 'sequential' in module 'query_walk_bind'
---------------------------------------------------------------------------------------------------
                   State |                     New Encoding |                Previous Encoding 
---------------------------------------------------------------------------------------------------
                  S_IDLE |                               00 |                               00
                  S_WALK |                               01 |                               01
                  S_PACK |                               10 |                               10
                  S_EMIT |                               11 |                               11
---------------------------------------------------------------------------------------------------
INFO: [Synth 8-3354] encoded FSM with state register 'state_reg' using encoding 'sequential' in module 'query_result_bind'
---------------------------------------------------------------------------------------------------
                   State |                     New Encoding |                Previous Encoding 
---------------------------------------------------------------------------------------------------
                  S_IDLE |                           000001 |                              000
                    S_WR |                           100000 |                              001
                    S_RD |                           010000 |                              010
                  S_WAIT |                           001000 |                              011
                  S_HOLD |                           000100 |                              100
                   S_RSP |                           000010 |                              101
---------------------------------------------------------------------------------------------------
INFO: [Synth 8-3354] encoded FSM with state register 'st_reg' using encoding 'one-hot' in module 'mig_ui32'
---------------------------------------------------------------------------------------------------
                   State |                     New Encoding |                Previous Encoding 
---------------------------------------------------------------------------------------------------
                  G_NONE |                               00 |                               00
                     G_B |                               01 |                               10
                     G_A |                               10 |                               01
---------------------------------------------------------------------------------------------------
INFO: [Synth 8-3354] encoded FSM with state register 'g_reg' using encoding 'sequential' in module 'mig_ui_mux'
---------------------------------------------------------------------------------------------------
                   State |                     New Encoding |                Previous Encoding 
---------------------------------------------------------------------------------------------------
                  S_IDLE |                     000000000001 |                             0000
                S_ACCEPT |                     000000000010 |                             0001
                 S_CHECK |                     000000000100 |                             1000
                S_CHECK2 |                     000000001000 |                             1001
                 S_VALID |                     000000010000 |                             0010
                 S_MACRD |                     000000100000 |                             1011
                   S_MAC |                     000001000000 |                             0011
                 S_ROUND |                     000010000000 |                             0100
                S_INSERT |                     000100000000 |                             0101
                S_PREFIN |                     001000000000 |                             1010
                 S_FINAL |                     010000000000 |                             0110
                  S_DONE |                     100000000000 |                             0111
---------------------------------------------------------------------------------------------------
INFO: [Synth 8-3354] encoded FSM with state register 'state_reg' using encoding 'one-hot' in module 'spear_rank'
---------------------------------------------------------------------------------------------------
                   State |                     New Encoding |                Previous Encoding 
---------------------------------------------------------------------------------------------------
                  S_IDLE |                            00000 |                            00000
                    P_RD |                            00001 |                            01100
                   P_MAC |                            00010 |                            00001
                   P_ROW |                            00011 |                            01101
                  P_EXP1 |                            00100 |                            10000
                  P_EXP2 |                            00101 |                            10001
                   P_SEL |                            00110 |                            00010
                   P_OUT |                            00111 |                            00011
                   U_CHK |                            01000 |                            00100
                    U_RD |                            01001 |                            01110
                   U_MAC |                            01010 |                            00101
                  U_DISC |                            01011 |                            01111
                   U_TGT |                            01100 |                            01001
                 U_DELTA |                            01101 |                            00110
                    U_DA |                            01110 |                            01010
                   U_MUL |                            01111 |                            01011
                 U_WRITE |                            10000 |                            00111
                   U_OUT |                            10001 |                            01000
---------------------------------------------------------------------------------------------------
INFO: [Synth 8-3354] encoded FSM with state register 'state_reg' using encoding 'sequential' in module 'qstar_select'
---------------------------------------------------------------------------------------------------
                   State |                     New Encoding |                Previous Encoding 
---------------------------------------------------------------------------------------------------
                  S_IDLE | 000000000000000000000000000000000000000000001 |                           000000
               ING_STORE | 000000000000000000000000000000000000000000010 |                           000001
                ING_HDR2 | 000000000000000000000000000000000000000000100 |                           000110
                 ING_HDR | 000000000000000000000000000000000000000001000 |                           000010
                ING_DONE | 000000000000000000000000000000000000000010000 |                           000011
                REP_HDR2 | 000000000000000000000000000000000000000100000 |                           000111
                 REP_HDR | 000000000000000000000000000000000000001000000 |                           000100
                REP_DONE | 000000000000000000000000000000000000010000000 |                           000101
                    C_B0 | 000000000000000000000000000000000000100000000 |                           001000
                    C_W0 | 000000000000000000000000000000000001000000000 |                           001001
                    C_W1 | 000000000000000000000000000000000010000000000 |                           001010
                  C_WCRC | 000000000000000000000000000000000100000000000 |                           001011
                    C_B1 | 000000000000000000000000000000001000000000000 |                           001100
                    C_R0 | 000000000000000000000000000000010000000000000 |                           001101
                   C_R0C | 000000000000000000000000000000100000000000000 |                           001110
                    C_R1 | 000000000000000000000000000001000000000000000 |                           001111
                   C_R1C | 000000000000000000000000000010000000000000000 |                           010000
                   C_RCC | 000000000000000000000000000100000000000000000 |                           010010
                C_VERIFY | 000000000000000000000000001000000000000000000 |                           010011
                C_COMMIT | 000000000000000000000000010000000000000000000 |                           010100
                    C_B3 | 000000000000000000000000100000000000000000000 |                           010101
                 C_INDEX | 000000000000000000000001000000000000000000000 |                           010110
                    C_B4 | 000000000000000000000010000000000000000000000 |                           010111
                  C_RET1 | 000000000000000000000100000000000000000000000 |                           011000
                    C_B5 | 000000000000000000001000000000000000000000000 |                           011001
                  C_RETN | 000000000000000000010000000000000000000000000 |                           011010
                    C_B6 | 000000000000000000100000000000000000000000000 |                           011011
                   C_HDR | 000000000000000001000000000000000000000000000 |                           011100
                  C_DONE | 000000000000000010000000000000000000000000000 |                           011101
                    R_RH | 000000000000000100000000000000000000000000000 |                           100000
                   R_RHC | 000000000000001000000000000000000000000000000 |                           100001
                    R_R0 | 000000000000010000000000000000000000000000000 |                           100010
                   R_R0C | 000000000000100000000000000000000000000000000 |                           100011
                    R_R1 | 000000000001000000000000000000000000000000000 |                           100100
                   R_R1C | 000000000010000000000000000000000000000000000 |                           100101
                   R_RCC | 000000000100000000000000000000000000000000000 |                           100111
                  R_RCMC | 000000001000000000000000000000000000000000000 |                           101001
                   R_RH2 | 000000010000000000000000000000000000000000000 |                           101010
                 R_RRAWC | 000000100000000000000000000000000000000000000 |                           101101
                 R_CLASS | 000001000000000000000000000000000000000000000 |                           101110
                R_FIXIDX | 000010000000000000000000000000000000000000000 |                           101111
                   R_RET | 000100000000000000000000000000000000000000000 |                           110000
                   R_HDR | 001000000000000000000000000000000000000000000 |                           110001
               R_DISCARD | 010000000000000000000000000000000000000000000 |                           110010
                  R_DONE | 100000000000000000000000000000000000000000000 |                           110011
---------------------------------------------------------------------------------------------------
INFO: [Synth 8-3354] encoded FSM with state register 'state_reg' using encoding 'one-hot' in module 'fem_lifecycle'
---------------------------------------------------------------------------------------------------
                   State |                     New Encoding |                Previous Encoding 
---------------------------------------------------------------------------------------------------
                 CE_IDLE |                              001 |                               00
                 CE_HOLD |                              010 |                               01
                CE_PULSE |                              100 |                               10
---------------------------------------------------------------------------------------------------
INFO: [Synth 8-3354] encoded FSM with state register 'st_reg' using encoding 'one-hot' in module 'fem_t2_ce'
---------------------------------------------------------------------------------------------------
                   State |                     New Encoding |                Previous Encoding 
---------------------------------------------------------------------------------------------------
                  S_IDLE |                               00 |                               00
                 S_ISSUE |                               01 |                               01
                  S_WAIT |                               10 |                               10
                   S_ACK |                               11 |                               11
---------------------------------------------------------------------------------------------------
INFO: [Synth 8-3354] encoded FSM with state register 'state_reg' using encoding 'sequential' in module 'fem_t2_adapter'
---------------------------------------------------------------------------------------------------
                   State |                     New Encoding |                Previous Encoding 
---------------------------------------------------------------------------------------------------
                    IDLE |                               00 |                               00
                   START |                               01 |                               01
                    BITS |                               10 |                               10
                    STOP |                               11 |                               11
---------------------------------------------------------------------------------------------------
INFO: [Synth 8-3354] encoded FSM with state register 'st_reg' using encoding 'sequential' in module 'uart_tx_word'
---------------------------------------------------------------------------------
Finished RTL Optimization Phase 2 : Time (s): cpu = 00:01:25 ; elapsed = 00:02:10 . Memory (MB): peak = 1995.547 ; gain = 1167.871
---------------------------------------------------------------------------------
---------------------------------------------------------------------------------
Start RTL Component Statistics 
---------------------------------------------------------------------------------
Detailed RTL Component Info : 
+---Adders : 
	   2 Input   49 Bit       Adders := 1     
	   2 Input   40 Bit       Adders := 1     
	   2 Input   34 Bit       Adders := 1     
	   2 Input   33 Bit       Adders := 1     
	   3 Input   33 Bit       Adders := 1     
	   3 Input   32 Bit       Adders := 3     
	   2 Input   28 Bit       Adders := 2     
	   4 Input   28 Bit       Adders := 1     
	   2 Input   17 Bit       Adders := 1     
	   2 Input   16 Bit       Adders := 19    
	   3 Input   16 Bit       Adders := 1     
	   2 Input   13 Bit       Adders := 1     
	   2 Input   12 Bit       Adders := 16    
	   2 Input   11 Bit       Adders := 1     
	   2 Input   10 Bit       Adders := 4     
	   2 Input    9 Bit       Adders := 5     
	   2 Input    8 Bit       Adders := 10    
	   2 Input    7 Bit       Adders := 3     
	   2 Input    6 Bit       Adders := 29    
	   3 Input    6 Bit       Adders := 3     
	   2 Input    5 Bit       Adders := 35    
	   9 Input    5 Bit       Adders := 2     
	   2 Input    4 Bit       Adders := 39    
	   3 Input    4 Bit       Adders := 8     
	   8 Input    4 Bit       Adders := 1     
	   4 Input    4 Bit       Adders := 1     
	   5 Input    4 Bit       Adders := 1     
	   2 Input    3 Bit       Adders := 27    
	   3 Input    3 Bit       Adders := 2     
	   4 Input    3 Bit       Adders := 1     
	   2 Input    2 Bit       Adders := 57    
	   3 Input    2 Bit       Adders := 3     
	   4 Input    2 Bit       Adders := 5     
	   5 Input    2 Bit       Adders := 1     
	   8 Input    2 Bit       Adders := 1     
	   2 Input    1 Bit       Adders := 5     
	   3 Input    1 Bit       Adders := 1     
	   4 Input    1 Bit       Adders := 1     
	   5 Input    1 Bit       Adders := 1     
	   6 Input    1 Bit       Adders := 1     
	   7 Input    1 Bit       Adders := 1     
	   8 Input    1 Bit       Adders := 1     
	   9 Input    1 Bit       Adders := 1     
+---XORs : 
	   2 Input     32 Bit         XORs := 117   
	   2 Input     16 Bit         XORs := 858   
	   2 Input      1 Bit         XORs := 252   
	   4 Input      1 Bit         XORs := 1     
+---Registers : 
	              256 Bit    Registers := 1     
	              144 Bit    Registers := 1     
	              128 Bit    Registers := 6     
	               88 Bit    Registers := 1     
	               80 Bit    Registers := 4     
	               64 Bit    Registers := 1     
	               56 Bit    Registers := 1     
	               49 Bit    Registers := 1     
	               41 Bit    Registers := 1     
	               33 Bit    Registers := 1     
	               32 Bit    Registers := 112   
	               30 Bit    Registers := 1     
	               28 Bit    Registers := 4     
	               16 Bit    Registers := 135   
	               15 Bit    Registers := 4     
	               14 Bit    Registers := 6     
	               13 Bit    Registers := 1     
	               12 Bit    Registers := 35    
	               11 Bit    Registers := 1     
	               10 Bit    Registers := 2     
	                9 Bit    Registers := 12    
	                8 Bit    Registers := 144   
	                7 Bit    Registers := 2     
	                6 Bit    Registers := 57    
	                5 Bit    Registers := 44    
	                4 Bit    Registers := 89    
	                3 Bit    Registers := 61    
	                2 Bit    Registers := 74    
	                1 Bit    Registers := 1683  
+---Multipliers : 
	               8x41  Multipliers := 1     
	               9x32  Multipliers := 2     
+---RAMs : 
	               2K Bit	(64 X 32 bit)          RAMs := 1     
+---ROMs : 
	                    ROMs := 2     
+---Muxes : 
	   2 Input  128 Bit        Muxes := 5     
	   4 Input  128 Bit        Muxes := 1     
	   3 Input  128 Bit        Muxes := 1     
	   2 Input  127 Bit        Muxes := 1     
	   2 Input   80 Bit        Muxes := 6     
	   2 Input   56 Bit        Muxes := 1     
	  61 Input   45 Bit        Muxes := 1     
	  24 Input   35 Bit        Muxes := 1     
	   2 Input   35 Bit        Muxes := 22    
	   2 Input   32 Bit        Muxes := 135   
	  12 Input   32 Bit        Muxes := 1     
	  10 Input   32 Bit        Muxes := 1     
	   5 Input   32 Bit        Muxes := 1     
	   4 Input   32 Bit        Muxes := 7     
	   8 Input   32 Bit        Muxes := 6     
	  14 Input   32 Bit        Muxes := 3     
	  45 Input   32 Bit        Muxes := 1     
	  18 Input   32 Bit        Muxes := 3     
	   2 Input   30 Bit        Muxes := 12    
	   4 Input   30 Bit        Muxes := 4     
	   2 Input   28 Bit        Muxes := 4     
	   3 Input   28 Bit        Muxes := 1     
	   2 Input   21 Bit        Muxes := 8     
	   2 Input   16 Bit        Muxes := 869   
	   3 Input   16 Bit        Muxes := 3     
	  12 Input   16 Bit        Muxes := 3     
	  10 Input   16 Bit        Muxes := 1     
	   4 Input   16 Bit        Muxes := 7     
	   8 Input   16 Bit        Muxes := 1     
	  14 Input   16 Bit        Muxes := 3     
	  45 Input   16 Bit        Muxes := 1     
	  18 Input   16 Bit        Muxes := 66    
	   2 Input   14 Bit        Muxes := 7     
	   4 Input   14 Bit        Muxes := 1     
	   3 Input   14 Bit        Muxes := 1     
	   8 Input   14 Bit        Muxes := 1     
	   2 Input   12 Bit        Muxes := 9     
	  12 Input   12 Bit        Muxes := 1     
	   8 Input   12 Bit        Muxes := 1     
	  11 Input   11 Bit        Muxes := 1     
	   2 Input   11 Bit        Muxes := 7     
	   2 Input   10 Bit        Muxes := 9     
	  10 Input   10 Bit        Muxes := 1     
	   4 Input    9 Bit        Muxes := 6     
	   2 Input    9 Bit        Muxes := 17    
	   2 Input    8 Bit        Muxes := 40    
	   5 Input    8 Bit        Muxes := 1     
	  12 Input    8 Bit        Muxes := 1     
	   4 Input    8 Bit        Muxes := 4     
	  14 Input    8 Bit        Muxes := 2     
	  45 Input    8 Bit        Muxes := 5     
	  18 Input    8 Bit        Muxes := 1     
	   2 Input    7 Bit        Muxes := 76    
	   3 Input    7 Bit        Muxes := 3     
	   4 Input    7 Bit        Muxes := 2     
	   5 Input    7 Bit        Muxes := 2     
	  58 Input    7 Bit        Muxes := 2     
	 170 Input    7 Bit        Muxes := 1     
	   2 Input    6 Bit        Muxes := 90    
	   4 Input    6 Bit        Muxes := 8     
	  27 Input    6 Bit        Muxes := 4     
	   5 Input    6 Bit        Muxes := 2     
	  16 Input    6 Bit        Muxes := 1     
	  24 Input    6 Bit        Muxes := 5     
	   3 Input    6 Bit        Muxes := 2     
	   6 Input    6 Bit        Muxes := 2     
	   2 Input    5 Bit        Muxes := 40    
	   8 Input    5 Bit        Muxes := 2     
	  27 Input    5 Bit        Muxes := 1     
	  58 Input    5 Bit        Muxes := 1     
	  24 Input    5 Bit        Muxes := 1     
	   4 Input    5 Bit        Muxes := 2     
	   3 Input    5 Bit        Muxes := 4     
	  30 Input    5 Bit        Muxes := 1     
	   2 Input    4 Bit        Muxes := 87    
	  32 Input    4 Bit        Muxes := 1     
	   8 Input    4 Bit        Muxes := 1     
	   9 Input    4 Bit        Muxes := 1     
	  22 Input    4 Bit        Muxes := 1     
	  12 Input    4 Bit        Muxes := 1     
	   4 Input    4 Bit        Muxes := 9     
	   5 Input    4 Bit        Muxes := 2     
	   3 Input    4 Bit        Muxes := 2     
	  45 Input    4 Bit        Muxes := 5     
	  18 Input    4 Bit        Muxes := 1     
	   2 Input    3 Bit        Muxes := 94    
	  27 Input    3 Bit        Muxes := 6     
	   8 Input    3 Bit        Muxes := 4     
	   4 Input    3 Bit        Muxes := 5     
	   5 Input    3 Bit        Muxes := 2     
	   3 Input    3 Bit        Muxes := 3     
	  45 Input    3 Bit        Muxes := 3     
	  18 Input    3 Bit        Muxes := 4     
	   2 Input    2 Bit        Muxes := 119   
	   4 Input    2 Bit        Muxes := 13    
	   3 Input    2 Bit        Muxes := 9     
	   8 Input    2 Bit        Muxes := 4     
	  27 Input    2 Bit        Muxes := 1     
	  24 Input    2 Bit        Muxes := 2     
	   5 Input    2 Bit        Muxes := 1     
	   9 Input    2 Bit        Muxes := 1     
	   6 Input    2 Bit        Muxes := 3     
	  14 Input    2 Bit        Muxes := 3     
	   2 Input    1 Bit        Muxes := 866   
	   3 Input    1 Bit        Muxes := 31    
	   8 Input    1 Bit        Muxes := 18    
	   4 Input    1 Bit        Muxes := 277   
	  27 Input    1 Bit        Muxes := 27    
	   5 Input    1 Bit        Muxes := 21    
	  16 Input    1 Bit        Muxes := 21    
	  24 Input    1 Bit        Muxes := 30    
	   9 Input    1 Bit        Muxes := 21    
	  11 Input    1 Bit        Muxes := 3     
	  12 Input    1 Bit        Muxes := 53    
	  10 Input    1 Bit        Muxes := 3     
	  14 Input    1 Bit        Muxes := 39    
	  13 Input    1 Bit        Muxes := 11    
	   6 Input    1 Bit        Muxes := 20    
	  45 Input    1 Bit        Muxes := 28    
	  19 Input    1 Bit        Muxes := 68    
	  18 Input    1 Bit        Muxes := 55    
---------------------------------------------------------------------------------
Finished RTL Component Statistics 
---------------------------------------------------------------------------------
---------------------------------------------------------------------------------
Start Part Resource Summary
---------------------------------------------------------------------------------
Part Resources:
DSPs: 240 (col length:80)
BRAMs: 270 (col length: RAMB18 80 RAMB36 40)
---------------------------------------------------------------------------------
Finished Part Resource Summary
---------------------------------------------------------------------------------
---------------------------------------------------------------------------------
Start Cross Boundary and Area Optimization
---------------------------------------------------------------------------------
WARNING: [Synth 8-3936] Found unconnected internal register 'byte_sel_data_map_reg' and it is trimmed from '88' to '4' bits. [d:/FPGA/miggen/p/mig0.gen/sources_1/ip/mig0/mig0/user_design/rtl/phy/mig_7series_v4_2_ddr_mc_phy_wrapper.v:731]
INFO: [Synth 8-3886] merging instance 'byte_sel_data_map_reg[3]' (FD) to 'fine_delay_mod1[-1111111108]'
INFO: [Synth 8-3886] merging instance 'byte_sel_data_map_reg[1]' (FD) to 'fine_delay_mod7[-1111111110]'
INFO: [Synth 8-3886] merging instance 'byte_sel_data_map_reg[2]' (FD) to 'fine_delay_mod5[-1111111109]'
INFO: [Synth 8-3886] merging instance 'fine_delay_mod7[-1111111108]' (FD) to 'fine_delay_mod1[-1111111108]'
INFO: [Synth 8-3886] merging instance 'fine_delay_mod7[-1111111111]' (FD) to 'fine_delay_mod3[-1111111110]'
INFO: [Synth 8-3886] merging instance 'fine_delay_mod7[-1111111109]' (FD) to 'fine_delay_mod4[-1111111111]'
INFO: [Synth 8-3886] merging instance 'fine_delay_mod6[-1111111108]' (FD) to 'fine_delay_mod1[-1111111108]'
INFO: [Synth 8-3886] merging instance 'fine_delay_mod6[-1111111111]' (FD) to 'fine_delay_mod2[-1111111110]'
INFO: [Synth 8-3886] merging instance 'fine_delay_mod6[-1111111109]' (FD) to 'fine_delay_mod5[-1111111111]'
INFO: [Synth 8-3886] merging instance 'fine_delay_mod5[-1111111108]' (FD) to 'fine_delay_mod1[-1111111108]'
INFO: [Synth 8-3886] merging instance 'fine_delay_mod5[-1111111110]' (FD) to 'fine_delay_mod4[-1111111110]'
INFO: [Synth 8-3886] merging instance 'fine_delay_mod5[-1111111109]' (FD) to 'fine_delay_mod4[-1111111108]'
INFO: [Synth 8-3886] merging instance 'fine_delay_mod4[-1111111108]' (FD) to 'fine_delay_mod2[-1111111109]'
INFO: [Synth 8-3886] merging instance 'fine_delay_mod4[-1111111111]' (FD) to 'fine_delay_mod4[-1111111109]'
INFO: [Synth 8-3886] merging instance 'fine_delay_mod4[-1111111109]' (FD) to 'fine_delay_mod3[-1111111108]'
INFO: [Synth 8-3886] merging instance 'fine_delay_mod3[-1111111108]' (FD) to 'fine_delay_mod1[-1111111109]'
INFO: [Synth 8-3886] merging instance 'fine_delay_mod3[-1111111110]' (FD) to 'fine_delay_mod1[-1111111110]'
INFO: [Synth 8-3886] merging instance 'fine_delay_mod3[-1111111111]' (FD) to 'fine_delay_mod1[-1111111108]'
INFO: [Synth 8-3886] merging instance 'fine_delay_mod3[-1111111109]' (FD) to 'fine_delay_mod1[-1111111108]'
INFO: [Synth 8-3886] merging instance 'fine_delay_mod2[-1111111108]' (FD) to 'fine_delay_mod1[-1111111108]'
INFO: [Synth 8-3886] merging instance 'fine_delay_mod2[-1111111111]' (FD) to 'fine_delay_mod1[-1111111108]'
INFO: [Synth 8-3886] merging instance 'fine_delay_mod2[-1111111109]' (FD) to 'fine_delay_mod1[-1111111111]'
INFO: [Synth 8-3333] propagating constant 0 across sequential element (\fine_delay_mod1[-1111111108] )
INFO: [Synth 8-3333] propagating constant 0 across sequential element (\fine_delay_mod_reg[0] )
INFO: [Synth 8-3333] propagating constant 0 across sequential element (\fine_delay_mod_reg[1] )
INFO: [Synth 8-3886] merging instance 'fine_delay_mod_reg[3]' (FDE) to 'fine_delay_mod_reg[4]'
INFO: [Synth 8-3333] propagating constant 0 across sequential element (\fine_delay_mod_reg[4] )
INFO: [Synth 8-3886] merging instance 'fine_delay_mod_reg[6]' (FDE) to 'fine_delay_mod_reg[7]'
INFO: [Synth 8-3333] propagating constant 0 across sequential element (\fine_delay_mod_reg[7] )
INFO: [Synth 8-3886] merging instance 'fine_delay_mod_reg[9]' (FDE) to 'fine_delay_mod_reg[10]'
INFO: [Synth 8-3333] propagating constant 0 across sequential element (\fine_delay_mod_reg[10] )
INFO: [Synth 8-3886] merging instance 'fine_delay_mod_reg[12]' (FDE) to 'fine_delay_mod_reg[13]'
INFO: [Synth 8-3333] propagating constant 0 across sequential element (\fine_delay_mod_reg[13] )
INFO: [Synth 8-3886] merging instance 'fine_delay_mod_reg[15]' (FDE) to 'fine_delay_mod_reg[16]'
INFO: [Synth 8-3333] propagating constant 0 across sequential element (\fine_delay_mod_reg[16] )
INFO: [Synth 8-3886] merging instance 'fine_delay_mod_reg[18]' (FDE) to 'fine_delay_mod_reg[19]'
INFO: [Synth 8-3333] propagating constant 0 across sequential element (\fine_delay_mod_reg[19] )
INFO: [Synth 8-3886] merging instance 'fine_delay_mod_reg[21]' (FDE) to 'fine_delay_mod_reg[22]'
INFO: [Synth 8-3333] propagating constant 0 across sequential element (\fine_delay_mod_reg[22] )
INFO: [Synth 8-3886] merging instance 'fine_delay_mod_reg[24]' (FDE) to 'fine_delay_mod_reg[25]'
INFO: [Synth 8-3333] propagating constant 0 across sequential element (\fine_delay_mod_reg[25] )
INFO: [Synth 8-3886] merging instance 'fine_delay_mod_reg[27]' (FDE) to 'fine_delay_mod_reg[29]'
INFO: [Synth 8-3886] merging instance 'fine_delay_mod_reg[28]' (FDE) to 'fine_delay_mod_reg[29]'
INFO: [Synth 8-3333] propagating constant 0 across sequential element (\fine_delay_mod_reg[29] )
INFO: [Synth 8-4471] merging register 'single_rank.chip_cnt_r_reg[1:0]' into 'single_rank.chip_cnt_r_reg[1:0]' [d:/FPGA/miggen/p/mig0.gen/sources_1/ip/mig0/mig0/user_design/rtl/phy/mig_7series_v4_2_ddr_phy_init.v:817]
WARNING: [Synth 8-3936] Found unconnected internal register 'oclkdelay_start_dly_r_reg' and it is trimmed from '15' to '14' bits. [d:/FPGA/miggen/p/mig0.gen/sources_1/ip/mig0/mig0/user_design/rtl/phy/mig_7series_v4_2_ddr_phy_init.v:1231]
WARNING: [Synth 8-3936] Found unconnected internal register 'wrcal_start_dly_r_reg' and it is trimmed from '15' to '14' bits. [d:/FPGA/miggen/p/mig0.gen/sources_1/ip/mig0/mig0/user_design/rtl/phy/mig_7series_v4_2_ddr_phy_init.v:1229]
INFO: [Synth 8-4471] merging register 'rdlvl_stg1_done_r1_reg' into 'prbs_rdlvl_done_r1_reg' [d:/FPGA/miggen/p/mig0.gen/sources_1/ip/mig0/mig0/user_design/rtl/phy/mig_7series_v4_2_ddr_calib_top.v:1196]
INFO: [Synth 8-4471] merging register 'gen_byte_sel_div2.byte_sel_cnt_reg[1:0]' into 'gen_byte_sel_div2.byte_sel_cnt_reg[1:0]' [d:/FPGA/miggen/p/mig0.gen/sources_1/ip/mig0/mig0/user_design/rtl/phy/mig_7series_v4_2_ddr_calib_top.v:961]
INFO: [Synth 8-4471] merging register 'gen_byte_sel_div2.byte_sel_cnt_reg[1:0]' into 'gen_byte_sel_div2.byte_sel_cnt_reg[1:0]' [d:/FPGA/miggen/p/mig0.gen/sources_1/ip/mig0/mig0/user_design/rtl/phy/mig_7series_v4_2_ddr_calib_top.v:961]
INFO: [Common 17-14] Message 'Synth 8-7129' appears 100 times and further instances of the messages will be disabled. Use the Tcl command set_msg_config to change the current settings.
INFO: [Synth 8-3886] merging instance 'u_ddr_calib_top/ddr_phy_rdlvl_gen.u_ddr_phy_rdlvl/FSM_onehot_cal1_state_r_reg[28]' (FDRE) to 'u_ddr_calib_top/ddr_phy_rdlvl_gen.u_ddr_phy_rdlvl/FSM_onehot_cal1_state_r_reg[33]'
INFO: [Synth 8-3886] merging instance 'u_ddr_calib_top/ddr_phy_rdlvl_gen.u_ddr_phy_rdlvl/FSM_onehot_cal1_state_r_reg[27]' (FDRE) to 'u_ddr_calib_top/ddr_phy_rdlvl_gen.u_ddr_phy_rdlvl/FSM_onehot_cal1_state_r_reg[33]'
INFO: [Synth 8-3886] merging instance 'u_ddr_calib_top/ddr_phy_rdlvl_gen.u_ddr_phy_rdlvl/FSM_onehot_cal1_state_r_reg[24]' (FDRE) to 'u_ddr_calib_top/ddr_phy_rdlvl_gen.u_ddr_phy_rdlvl/FSM_onehot_cal1_state_r_reg[33]'
INFO: [Synth 8-3886] merging instance 'u_ddr_calib_top/ddr_phy_rdlvl_gen.u_ddr_phy_rdlvl/FSM_onehot_cal1_state_r_reg[23]' (FDRE) to 'u_ddr_calib_top/ddr_phy_rdlvl_gen.u_ddr_phy_rdlvl/FSM_onehot_cal1_state_r_reg[33]'
INFO: [Synth 8-3886] merging instance 'u_ddr_calib_top/ddr_phy_rdlvl_gen.u_ddr_phy_rdlvl/FSM_onehot_cal1_state_r_reg[19]' (FDRE) to 'u_ddr_calib_top/ddr_phy_rdlvl_gen.u_ddr_phy_rdlvl/FSM_onehot_cal1_state_r_reg[33]'
INFO: [Synth 8-3886] merging instance 'u_ddr_calib_top/ddr_phy_rdlvl_gen.u_ddr_phy_rdlvl/FSM_onehot_cal1_state_r_reg[26]' (FDRE) to 'u_ddr_calib_top/ddr_phy_rdlvl_gen.u_ddr_phy_rdlvl/FSM_onehot_cal1_state_r_reg[33]'
INFO: [Synth 8-3886] merging instance 'u_ddr_calib_top/ddr_phy_rdlvl_gen.u_ddr_phy_rdlvl/FSM_onehot_cal1_state_r_reg[17]' (FDRE) to 'u_ddr_calib_top/ddr_phy_rdlvl_gen.u_ddr_phy_rdlvl/FSM_onehot_cal1_state_r_reg[33]'
INFO: [Synth 8-3886] merging instance 'u_ddr_calib_top/mb_wrlvl_inst.u_ddr_phy_wrlvl/add_smallest_reg[0][5]' (FD) to 'u_ddr_calib_top/mb_wrlvl_inst.u_ddr_phy_wrlvl/add_smallest_reg[0][4]'
INFO: [Synth 8-3886] merging instance 'u_ddr_calib_top/mb_wrlvl_inst.u_ddr_phy_wrlvl/add_smallest_reg[0][0]' (FD) to 'u_ddr_calib_top/mb_wrlvl_inst.u_ddr_phy_wrlvl/add_smallest_reg[0][4]'
INFO: [Synth 8-3886] merging instance 'u_ddr_calib_top/mb_wrlvl_inst.u_ddr_phy_wrlvl/add_smallest_reg[0][1]' (FD) to 'u_ddr_calib_top/mb_wrlvl_inst.u_ddr_phy_wrlvl/add_smallest_reg[0][4]'
INFO: [Synth 8-3886] merging instance 'u_ddr_calib_top/mb_wrlvl_inst.u_ddr_phy_wrlvl/add_smallest_reg[0][2]' (FD) to 'u_ddr_calib_top/mb_wrlvl_inst.u_ddr_phy_wrlvl/add_smallest_reg[0][4]'
INFO: [Synth 8-3886] merging instance 'u_ddr_calib_top/mb_wrlvl_inst.u_ddr_phy_wrlvl/add_smallest_reg[0][3]' (FD) to 'u_ddr_calib_top/mb_wrlvl_inst.u_ddr_phy_wrlvl/add_smallest_reg[0][4]'
INFO: [Synth 8-3333] propagating constant 0 across sequential element (u_ddr_calib_top/\mb_wrlvl_inst.u_ddr_phy_wrlvl /\add_smallest_reg[0][4] )
INFO: [Synth 8-3886] merging instance 'u_ddr_calib_top/ddr_phy_tempmon_0/two_dec_max_limit_reg[0]' (FDR) to 'u_ddr_calib_top/ddr_phy_tempmon_0/one_dec_max_limit_reg[0]'
INFO: [Synth 8-3886] merging instance 'u_ddr_calib_top/ddr_phy_tempmon_0/three_dec_min_limit_reg[0]' (FDR) to 'u_ddr_calib_top/ddr_phy_tempmon_0/two_dec_min_limit_reg[0]'
INFO: [Synth 8-3886] merging instance 'u_ddr_calib_top/ddr_phy_tempmon_0/one_dec_max_limit_reg[0]' (FDR) to 'u_ddr_calib_top/ddr_phy_tempmon_0/neutral_max_limit_reg[0]'
INFO: [Synth 8-3886] merging instance 'u_ddr_calib_top/ddr_phy_tempmon_0/two_dec_min_limit_reg[0]' (FDR) to 'u_ddr_calib_top/ddr_phy_tempmon_0/one_dec_min_limit_reg[0]'
INFO: [Synth 8-3886] merging instance 'u_ddr_calib_top/ddr_phy_tempmon_0/neutral_max_limit_reg[0]' (FDR) to 'u_ddr_calib_top/ddr_phy_tempmon_0/one_inc_max_limit_reg[0]'
INFO: [Synth 8-3886] merging instance 'u_ddr_calib_top/ddr_phy_tempmon_0/one_dec_min_limit_reg[0]' (FDR) to 'u_ddr_calib_top/ddr_phy_tempmon_0/neutral_min_limit_reg[0]'
INFO: [Synth 8-3886] merging instance 'u_ddr_calib_top/ddr_phy_tempmon_0/one_inc_max_limit_reg[0]' (FDR) to 'u_ddr_calib_top/ddr_phy_tempmon_0/two_inc_max_limit_reg[0]'
INFO: [Synth 8-3886] merging instance 'u_ddr_calib_top/ddr_phy_tempmon_0/neutral_min_limit_reg[0]' (FDR) to 'u_ddr_calib_top/ddr_phy_tempmon_0/one_inc_min_limit_reg[0]'
INFO: [Synth 8-3886] merging instance 'u_ddr_calib_top/ddr_phy_tempmon_0/two_inc_max_limit_reg[0]' (FDR) to 'u_ddr_calib_top/ddr_phy_tempmon_0/three_inc_max_limit_reg[0]'
INFO: [Synth 8-3886] merging instance 'u_ddr_calib_top/ddr_phy_tempmon_0/one_inc_min_limit_reg[0]' (FDR) to 'u_ddr_calib_top/ddr_phy_tempmon_0/two_inc_min_limit_reg[0]'
INFO: [Synth 8-3886] merging instance 'u_ddr_calib_top/ddr_phy_tempmon_0/three_inc_max_limit_reg[0]' (FDR) to 'u_ddr_calib_top/ddr_phy_tempmon_0/four_inc_max_limit_reg[0]'
INFO: [Synth 8-3886] merging instance 'u_ddr_calib_top/ddr_phy_tempmon_0/two_inc_min_limit_reg[0]' (FDR) to 'u_ddr_calib_top/ddr_phy_tempmon_0/three_inc_min_limit_reg[0]'
INFO: [Synth 8-3886] merging instance 'u_ddr_calib_top/u_ddr_phy_init/ocal_last_byte_done_reg' (FDRE) to 'u_ddr_calib_top/u_ddr_phy_init/gen_rnk[1].mr2_r_reg[1][0]'
INFO: [Synth 8-3886] merging instance 'u_ddr_calib_top/u_ddr_phy_init/gen_single_slot_odt.tmp_mr1_r_reg[0][0]' (FDSE) to 'u_ddr_calib_top/u_ddr_phy_init/gen_single_slot_odt.tmp_mr1_r_reg[0][1]'
INFO: [Synth 8-3886] merging instance 'u_ddr_calib_top/u_ddr_phy_init/gen_rnk[0].mr1_r_reg[0][0]' (FDR) to 'u_ddr_calib_top/u_ddr_phy_init/gen_rnk[0].mr1_r_reg[0][1]'
INFO: [Synth 8-3333] propagating constant 1 across sequential element (u_ddr_calib_top/u_ddr_phy_init/\gen_single_slot_odt.tmp_mr1_r_reg[0][1] )
INFO: [Synth 8-3886] merging instance 'u_ddr_calib_top/u_ddr_phy_init/gen_rnk[0].mr1_r_reg[0][1]' (FDR) to 'u_ddr_calib_top/u_ddr_phy_init/gen_single_slot_odt.phy_tmp_odt_r_reg[0]'
INFO: [Synth 8-3886] merging instance 'u_ddr_calib_top/u_ddr_phy_init/gen_single_slot_odt.tmp_mr1_r_reg[0][2]' (FDRE) to 'u_ddr_calib_top/u_ddr_phy_init/gen_single_slot_odt.tmp_mr2_r_reg[0][1]'
INFO: [Synth 8-3886] merging instance 'u_ddr_calib_top/u_ddr_phy_init/gen_rnk[0].mr1_r_reg[0][2]' (FDR) to 'u_ddr_calib_top/u_ddr_phy_init/gen_rnk[0].mr2_r_reg[0][1]'
INFO: [Synth 8-3886] merging instance 'u_ddr_calib_top/u_ddr_phy_init/gen_single_slot_odt.tmp_mr2_r_reg[0][0]' (FDRE) to 'u_ddr_calib_top/u_ddr_phy_init/gen_single_slot_odt.tmp_mr2_r_reg[0][1]'
INFO: [Synth 8-3886] merging instance 'u_ddr_calib_top/u_ddr_phy_init/gen_rnk[0].mr2_r_reg[0][0]' (FDR) to 'u_ddr_calib_top/u_ddr_phy_init/gen_rnk[0].mr2_r_reg[0][1]'
INFO: [Synth 8-3333] propagating constant 0 across sequential element (u_ddr_calib_top/u_ddr_phy_init/\gen_single_slot_odt.tmp_mr2_r_reg[0][1] )
INFO: [Synth 8-3886] merging instance 'u_ddr_calib_top/ddr_phy_rdlvl_gen.u_ddr_phy_rdlvl/FSM_onehot_cal1_state_r_reg[30]' (FDRE) to 'u_ddr_calib_top/ddr_phy_rdlvl_gen.u_ddr_phy_rdlvl/FSM_onehot_cal1_state_r_reg[33]'
INFO: [Synth 8-3886] merging instance 'u_ddr_calib_top/ddr_phy_rdlvl_gen.u_ddr_phy_rdlvl/FSM_onehot_cal1_state_r_reg[18]' (FDRE) to 'u_ddr_calib_top/ddr_phy_rdlvl_gen.u_ddr_phy_rdlvl/FSM_onehot_cal1_state_r_reg[33]'
INFO: [Synth 8-3886] merging instance 'u_ddr_calib_top/ddr_phy_rdlvl_gen.u_ddr_phy_rdlvl/FSM_onehot_cal1_state_r_reg[25]' (FDRE) to 'u_ddr_calib_top/ddr_phy_rdlvl_gen.u_ddr_phy_rdlvl/FSM_onehot_cal1_state_r_reg[33]'
INFO: [Synth 8-3333] propagating constant 0 across sequential element (u_ddr_calib_top/\ddr_phy_rdlvl_gen.u_ddr_phy_rdlvl /\FSM_onehot_cal1_state_r_reg[33] )
INFO: [Synth 8-3886] merging instance 'u_ddr_calib_top/mb_wrlvl_inst.u_ddr_phy_ck_addr_cmd_delay/delay_cnt_r_reg[4]' (FD) to 'u_ddr_calib_top/mb_wrlvl_inst.u_ddr_phy_ck_addr_cmd_delay/delay_cnt_r_reg[0]'
INFO: [Synth 8-3886] merging instance 'u_ddr_calib_top/mb_wrlvl_inst.u_ddr_phy_ck_addr_cmd_delay/delay_cnt_r_reg[5]' (FD) to 'u_ddr_calib_top/mb_wrlvl_inst.u_ddr_phy_ck_addr_cmd_delay/delay_cnt_r_reg[0]'
INFO: [Synth 8-3886] merging instance 'u_ddr_calib_top/mb_wrlvl_inst.u_ddr_phy_ck_addr_cmd_delay/delay_cnt_r_reg[3]' (FD) to 'u_ddr_calib_top/mb_wrlvl_inst.u_ddr_phy_ck_addr_cmd_delay/delay_cnt_r_reg[0]'
INFO: [Synth 8-3886] merging instance 'u_ddr_calib_top/mb_wrlvl_inst.u_ddr_phy_ck_addr_cmd_delay/delay_cnt_r_reg[2]' (FD) to 'u_ddr_calib_top/mb_wrlvl_inst.u_ddr_phy_ck_addr_cmd_delay/delay_cnt_r_reg[0]'
INFO: [Synth 8-3886] merging instance 'u_ddr_calib_top/mb_wrlvl_inst.u_ddr_phy_ck_addr_cmd_delay/delay_cnt_r_reg[1]' (FD) to 'u_ddr_calib_top/mb_wrlvl_inst.u_ddr_phy_ck_addr_cmd_delay/delay_cnt_r_reg[0]'
INFO: [Synth 8-3886] merging instance 'u_ddr_calib_top/mb_wrlvl_inst.u_ddr_phy_ck_addr_cmd_delay/delay_cnt_r_reg[0]' (FD) to 'u_ddr_calib_top/mb_wrlvl_inst.u_ddr_phy_ck_addr_cmd_delay/po_stg2_f_incdec_reg'
INFO: [Synth 8-3886] merging instance 'u_ddr_calib_top/u_ddr_phy_init/calib_tap_inc_done_r1_reg' (FD) to 'u_ddr_calib_top/u_ddr_phy_init/calib_data_offset_1_reg[5]'
INFO: [Synth 8-3886] merging instance 'u_ddr_calib_top/u_ddr_prbs_gen/victim_sel_rotate.sel_reg[0]' (FDR) to 'u_ddr_calib_top/u_ddr_prbs_gen/victim_sel_rotate.sel_reg[8]'
INFO: [Synth 8-3886] merging instance 'u_ddr_calib_top/u_ddr_prbs_gen/victim_sel_rotate.sel_reg[1]' (FDR) to 'u_ddr_calib_top/u_ddr_prbs_gen/victim_sel_rotate.sel_reg[9]'
INFO: [Synth 8-3886] merging instance 'u_ddr_calib_top/u_ddr_prbs_gen/victim_sel_rotate.sel_reg[2]' (FDR) to 'u_ddr_calib_top/u_ddr_prbs_gen/victim_sel_rotate.sel_reg[10]'
INFO: [Synth 8-3886] merging instance 'u_ddr_calib_top/u_ddr_prbs_gen/victim_sel_rotate.sel_reg[3]' (FDR) to 'u_ddr_calib_top/u_ddr_prbs_gen/victim_sel_rotate.sel_reg[11]'
INFO: [Synth 8-3886] merging instance 'u_ddr_calib_top/u_ddr_prbs_gen/victim_sel_rotate.sel_reg[4]' (FDR) to 'u_ddr_calib_top/u_ddr_prbs_gen/victim_sel_rotate.sel_reg[12]'
INFO: [Synth 8-3886] merging instance 'u_ddr_calib_top/u_ddr_prbs_gen/victim_sel_rotate.sel_reg[5]' (FDR) to 'u_ddr_calib_top/u_ddr_prbs_gen/victim_sel_rotate.sel_reg[13]'
INFO: [Synth 8-3886] merging instance 'u_ddr_calib_top/u_ddr_prbs_gen/victim_sel_rotate.sel_reg[6]' (FDR) to 'u_ddr_calib_top/u_ddr_prbs_gen/victim_sel_rotate.sel_reg[14]'
INFO: [Synth 8-3886] merging instance 'u_ddr_calib_top/u_ddr_prbs_gen/victim_sel_rotate.sel_reg[7]' (FDR) to 'u_ddr_calib_top/u_ddr_prbs_gen/victim_sel_rotate.sel_reg[15]'
INFO: [Synth 8-3886] merging instance 'u_ddr_calib_top/u_ddr_phy_init/gen_single_slot_odt.phy_tmp_odt_r_reg[3]' (FDR) to 'u_ddr_calib_top/u_ddr_phy_init/gen_single_slot_odt.phy_tmp_odt_r_reg[1]'
INFO: [Synth 8-3886] merging instance 'u_ddr_calib_top/u_ddr_phy_init/gen_single_slot_odt.phy_tmp_odt_r_reg[2]' (FDR) to 'u_ddr_calib_top/u_ddr_phy_init/gen_single_slot_odt.phy_tmp_odt_r_reg[1]'
INFO: [Synth 8-3333] propagating constant 0 across sequential element (u_ddr_calib_top/u_ddr_phy_init/\gen_single_slot_odt.phy_tmp_odt_r_reg[1] )
INFO: [Synth 8-3886] merging instance 'u_ddr_calib_top/u_ddr_phy_init/prbs_rdlvl_start_reg' (FDRE) to 'u_ddr_calib_top/u_ddr_phy_init/gen_rnk[1].mr2_r_reg[1][0]'
INFO: [Synth 8-3333] propagating constant 0 across sequential element (u_ddr_calib_top/u_ddr_phy_init/oclk_calib_resume_level_reg)
INFO: [Synth 8-3333] propagating constant 0 across sequential element (u_ddr_calib_top/u_ddr_phy_init/oclkdelay_int_ref_req_reg)
INFO: [Synth 8-3333] propagating constant 0 across sequential element (u_ddr_calib_top/u_ddr_phy_wrcal/wrcal_act_req_reg)
INFO: [Synth 8-3886] merging instance 'u_ddr_calib_top/u_ddr_phy_init/prbs_last_byte_done_r_reg' (FD) to 'u_ddr_calib_top/u_ddr_phy_init/rdlvl_stg1_done_r1_reg'
INFO: [Synth 8-3886] merging instance 'u_ddr_calib_top/u_ddr_phy_init/prbs_rdlvl_done_r1_reg' (FD) to 'u_ddr_calib_top/u_ddr_phy_init/rdlvl_stg1_done_r1_reg'
INFO: [Synth 8-3333] propagating constant 0 across sequential element (u_ddr_calib_top/u_ddr_phy_init/complex_rdlvl_int_ref_req_reg)
INFO: [Synth 8-3886] merging instance 'u_ddr_calib_top/u_ddr_phy_init/gen_rnk[1].mr1_r_reg[1][0]' (FDRE) to 'u_ddr_calib_top/u_ddr_phy_init/gen_rnk[1].mr2_r_reg[1][0]'
INFO: [Synth 8-3886] merging instance 'u_ddr_calib_top/u_ddr_phy_init/gen_rnk[1].mr1_r_reg[1][1]' (FDRE) to 'u_ddr_calib_top/u_ddr_phy_init/gen_rnk[1].mr2_r_reg[1][0]'
INFO: [Synth 8-3886] merging instance 'u_ddr_calib_top/u_ddr_phy_init/gen_rnk[1].mr1_r_reg[1][2]' (FDRE) to 'u_ddr_calib_top/u_ddr_phy_init/gen_rnk[1].mr2_r_reg[1][0]'
INFO: [Synth 8-3886] merging instance 'u_ddr_calib_top/u_ddr_phy_init/gen_rnk[1].mr2_r_reg[1][0]' (FDRE) to 'u_ddr_calib_top/u_ddr_phy_init/gen_rnk[1].mr2_r_reg[1][1]'
INFO: [Synth 8-3886] merging instance 'u_ddr_calib_top/u_ddr_phy_init/gen_rnk[1].mr2_r_reg[1][1]' (FDRE) to 'u_ddr_calib_top/u_ddr_phy_init/calib_tap_inc_start_reg'
INFO: [Synth 8-3886] merging instance 'u_ddr_calib_top/u_ddr_phy_init/phy_data_full_r_reg' (FD) to 'u_ddr_calib_top/u_ddr_phy_init/calib_data_offset_1_reg[5]'
INFO: [Synth 8-3886] merging instance 'u_ddr_calib_top/u_ddr_phy_init/new_burst_r_reg' (FD) to 'u_ddr_calib_top/u_ddr_phy_init/gen_div4_ca_tieoff.phy_ras_n_reg[3]'
INFO: [Synth 8-3333] propagating constant 1 across sequential element (u_ddr_calib_top/\ddr_phy_rdlvl_gen.u_ddr_phy_rdlvl /mpr_rdlvl_done_r_reg)
INFO: [Synth 8-3333] propagating constant 0 across sequential element (u_ddr_calib_top/\ddr_phy_rdlvl_gen.u_ddr_phy_rdlvl /\cal1_cnt_cpt_r_reg[1] )
INFO: [Synth 8-3333] propagating constant 0 across sequential element (u_ddr_calib_top/\mb_wrlvl_inst.u_ddr_phy_wrlvl /dual_rnk_dec_reg)
INFO: [Synth 8-3886] merging instance 'u_ddr_calib_top/u_ddr_phy_init/tg_timer_go_reg' (FD) to 'u_ddr_calib_top/u_ddr_phy_init/calib_data_offset_1_reg[5]'
INFO: [Synth 8-3333] propagating constant 0 across sequential element (u_ddr_calib_top/u_ddr_phy_init/calib_tap_end_if_reset_reg)
INFO: [Synth 8-3886] merging instance 'gen_ddr3_noparity.parity_reg[0]' (FD) to 'gen_ddr3_noparity.parity_reg[1]'
INFO: [Synth 8-3886] merging instance 'gen_ddr3_noparity.parity_reg[1]' (FD) to 'gen_ddr3_noparity.parity_reg[2]'
INFO: [Synth 8-3886] merging instance 'gen_ddr3_noparity.parity_reg[2]' (FD) to 'gen_ddr3_noparity.parity_reg[3]'
INFO: [Synth 8-3333] propagating constant 0 across sequential element (\gen_ddr3_noparity.parity_reg[3] )
INFO: [Synth 8-3886] merging instance 'u_ddr_calib_top/u_ddr_phy_init/odd_cwl.phy_we_n_reg[0]' (FDS) to 'u_ddr_calib_top/u_ddr_phy_init/odd_cwl.phy_ras_n_reg[0]'
INFO: [Synth 8-3886] merging instance 'u_ddr_calib_top/u_ddr_phy_init/odd_cwl.phy_ras_n_reg[0]' (FDS) to 'u_ddr_calib_top/u_ddr_phy_init/odd_cwl.phy_cas_n_reg[0]'
INFO: [Common 17-14] Message 'Synth 8-3886' appears 100 times and further instances of the messages will be disabled. Use the Tcl command set_msg_config to change the current settings.
INFO: [Synth 8-3333] propagating constant 1 across sequential element (u_ddr_calib_top/u_ddr_phy_init/\odd_cwl.phy_cas_n_reg[0] )
INFO: [Synth 8-3333] propagating constant 1 across sequential element (u_ddr_calib_top/u_ddr_phy_init/\calib_cas_slot_reg[0] )
INFO: [Synth 8-3333] propagating constant 0 across sequential element (u_ddr_calib_top/u_ddr_phy_init/\complex_address_reg[13] )
INFO: [Synth 8-3333] propagating constant 0 across sequential element (u_ddr_calib_top/u_ddr_phy_init/\gen_no_mirror.div_clk_loop[0].phy_address_reg[13] )
INFO: [Synth 8-3333] propagating constant 0 across sequential element (u_ddr_calib_top/u_ddr_phy_init/calib_tap_inc_start_reg)
INFO: [Common 17-14] Message 'Synth 8-3886' appears 100 times and further instances of the messages will be disabled. Use the Tcl command set_msg_config to change the current settings.
INFO: [Synth 8-3333] propagating constant 0 across sequential element (u_ddr_calib_top/\skip_calib_tap_off.calib_tap_req_reg )
INFO: [Synth 8-3333] propagating constant 0 across sequential element (u_ddr_calib_top/\mb_wrlvl_inst.u_ddr_phy_ck_addr_cmd_delay /po_stg2_f_incdec_reg)
INFO: [Synth 8-3333] propagating constant 1 across sequential element (u_ddr_calib_top/\calib_zero_ctrl_reg[0] )
INFO: [Synth 8-3333] propagating constant 0 across sequential element (u_ddr_calib_top/\calib_sel_reg[5] )
INFO: [Synth 8-3333] propagating constant 0 across sequential element (u_ddr_calib_top/u_ddr_phy_init/ext_int_ref_req_reg)
INFO: [Synth 8-3333] propagating constant 0 across sequential element (u_ddr_calib_top/\ddr_phy_rdlvl_gen.u_ddr_phy_rdlvl /mpr_last_byte_done_reg)
INFO: [Synth 8-3333] propagating constant 0 across sequential element (u_ddr_calib_top/u_ddr_phy_init/temp_lmr_done_reg)
INFO: [Synth 8-3333] propagating constant 0 across sequential element (u_ddr_calib_top/u_ddr_phy_init/\gen_rnk[0].mr2_r_reg[0][1] )
INFO: [Synth 8-3333] propagating constant 1 across sequential element (u_ddr_calib_top/\ddr_phy_rdlvl_gen.u_ddr_phy_rdlvl /mpr_rdlvl_done_r1_reg)
INFO: [Synth 8-3333] propagating constant 0 across sequential element (u_ddr_calib_top/\mb_wrlvl_inst.u_ddr_phy_wrlvl /wrlvl_final_r_reg)
INFO: [Synth 8-3333] propagating constant 0 across sequential element (u_ddr_calib_top/\mb_wrlvl_inst.u_ddr_phy_ck_addr_cmd_delay /po_cnt_inc_reg)
INFO: [Synth 8-3333] propagating constant 0 across sequential element (u_ddr_calib_top/u_ddr_phy_init/\calib_odt_reg[1] )
INFO: [Synth 8-3333] propagating constant 0 across sequential element (u_ddr_calib_top/\ddr_phy_rdlvl_gen.u_ddr_phy_rdlvl /\rd_mux_sel_r_reg[1] )
INFO: [Synth 8-3333] propagating constant 0 across sequential element (u_ddr_calib_top/\ddr_phy_rdlvl_gen.u_ddr_phy_rdlvl /mpr_valid_r1_reg)
INFO: [Synth 8-3333] propagating constant 1 across sequential element (u_ddr_calib_top/\ddr_phy_rdlvl_gen.u_ddr_phy_rdlvl /mpr_rdlvl_done_r1_reg)
INFO: [Synth 8-3333] propagating constant 0 across sequential element (u_ddr_calib_top/u_ddr_phy_init/mpr_end_if_reset_reg)
INFO: [Synth 8-3333] propagating constant 0 across sequential element (u_ddr_calib_top/\mb_wrlvl_inst.u_ddr_phy_ck_addr_cmd_delay /po_stg2_c_incdec_reg)
INFO: [Synth 8-3333] propagating constant 0 across sequential element (u_ddr_calib_top/\ddr_phy_rdlvl_gen.u_ddr_phy_rdlvl /mpr_valid_r1_reg)
WARNING: [Synth 8-3332] Sequential element (FSM_onehot_cal1_state_r_reg[33]) is unused and will be removed from module mig_7series_v4_2_ddr_phy_rdlvl.
INFO: [Synth 8-3333] propagating constant 1 across sequential element (u_ddr_calib_top/u_ddr_phy_init/\wrdq_div2_4to1_rdlvl_first.phy_wrdata_reg[95] )
INFO: [Synth 8-3333] propagating constant 0 across sequential element (u_ddr_calib_top/u_ddr_phy_init/\wrdq_div2_4to1_rdlvl_first.phy_wrdata_reg[124] )
INFO: [Synth 8-5546] ROM "hw28" won't be mapped to RAM because it is too sparse
INFO: [Synth 8-5546] ROM "hw30" won't be mapped to RAM because it is too sparse
INFO: [Synth 8-5546] ROM "hw29" won't be mapped to RAM because it is too sparse
INFO: [Synth 8-5546] ROM "hw31" won't be mapped to RAM because it is too sparse
INFO: [Synth 8-5546] ROM "hw9" won't be mapped to RAM because it is too sparse
INFO: [Synth 8-5546] ROM "hw27" won't be mapped to RAM because it is too sparse
INFO: [Synth 8-5546] ROM "hw2" won't be mapped to RAM because it is too sparse
INFO: [Synth 8-5546] ROM "hw1" won't be mapped to RAM because it is too sparse
INFO: [Synth 8-5546] ROM "hw0" won't be mapped to RAM because it is too sparse
INFO: [Synth 8-5546] ROM "hw5" won't be mapped to RAM because it is too sparse
INFO: [Synth 8-5546] ROM "hw28" won't be mapped to RAM because it is too sparse
INFO: [Synth 8-5546] ROM "hw30" won't be mapped to RAM because it is too sparse
INFO: [Synth 8-5546] ROM "hw29" won't be mapped to RAM because it is too sparse
INFO: [Synth 8-5546] ROM "hw31" won't be mapped to RAM because it is too sparse
INFO: [Synth 8-5546] ROM "hw9" won't be mapped to RAM because it is too sparse
INFO: [Synth 8-5546] ROM "hw27" won't be mapped to RAM because it is too sparse
INFO: [Synth 8-5546] ROM "hw2" won't be mapped to RAM because it is too sparse
INFO: [Synth 8-5546] ROM "hw1" won't be mapped to RAM because it is too sparse
INFO: [Synth 8-5546] ROM "hw0" won't be mapped to RAM because it is too sparse
INFO: [Synth 8-5546] ROM "hw5" won't be mapped to RAM because it is too sparse
INFO: [Synth 8-5544] ROM "sch_word" won't be mapped to Block RAM because address size (3) smaller than threshold (5)
INFO: [Synth 8-5544] ROM "cns_word" won't be mapped to Block RAM because address size (3) smaller than threshold (5)
INFO: [Synth 8-5544] ROM "ca_word" won't be mapped to Block RAM because address size (3) smaller than threshold (5)
INFO: [Synth 8-5544] ROM "cb_word" won't be mapped to Block RAM because address size (3) smaller than threshold (5)
INFO: [Synth 8-5544] ROM "u_ui/app_wdf_mask" won't be mapped to Block RAM because address size (2) smaller than threshold (5)
INFO: [Synth 8-5544] ROM "u_ui/u_ui/app_wdf_mask" won't be mapped to Block RAM because address size (2) smaller than threshold (5)
INFO: [Synth 8-3333] propagating constant 0 across sequential element (\st_data_ui_reg[16] )
INFO: [Synth 8-3333] propagating constant 0 across sequential element (\u_clr/reply_reg[1] )
INFO: [Synth 8-3333] propagating constant 0 across sequential element (\u_ld/u_ld /\wr_sel_reg[1] )
INFO: [Synth 8-3333] propagating constant 0 across sequential element (\u_ld/u_ui/tear_r_reg )
INFO: [Common 17-14] Message 'Synth 8-3886' appears 100 times and further instances of the messages will be disabled. Use the Tcl command set_msg_config to change the current settings.
INFO: [Synth 8-3333] propagating constant 0 across sequential element (\u_ld/u_ld /\fail_reason_reg[5] )
INFO: [Synth 8-3333] propagating constant 0 across sequential element (\u_ld/u_ld /\need_words_reg[14] )
INFO: [Synth 8-3333] propagating constant 0 across sequential element (\u_ld/u_ui/beat_r_reg[3] )
INFO: [Synth 8-3333] propagating constant 0 across sequential element (\u_ld/u_ld /\reason_code_reg[4] )
INFO: [Synth 8-3333] propagating constant 0 across sequential element (\u_cdc_tx/hold_reg[16] )
INFO: [Synth 8-3333] propagating constant 0 across sequential element (\st_data_ui_reg[12] )
INFO: [Synth 8-3333] propagating constant 0 across sequential element (\u_cdc_tx/b_data_reg[16] )
INFO: [Synth 8-3333] propagating constant 0 across sequential element (\u_cdc_tx/hold_reg[12] )
INFO: [Synth 8-3333] propagating constant 0 across sequential element (\u_cdc_tx/b_data_reg[12] )
INFO: [Synth 8-3333] propagating constant 0 across sequential element (u_cr/\rb_reg[0][7] )
INFO: [Synth 8-3333] propagating constant 0 across sequential element (u_fem/\u_ui/u_ui/beat_r_reg[27] )
INFO: [Synth 8-3333] propagating constant 0 across sequential element (u_fem/\u_ce/c_gen_reg[15] )
INFO: [Synth 8-3333] propagating constant 0 across sequential element (u_fem/\u_ce/c_gen_reg[12] )
INFO: [Synth 8-3333] propagating constant 0 across sequential element (u_fem/\u_ce/c_gen_reg[13] )
INFO: [Synth 8-3333] propagating constant 0 across sequential element (u_fem/\u_ce/c_gen_reg[14] )
INFO: [Synth 8-3333] propagating constant 0 across sequential element (u_fem/\u_ce/c_gen_reg[9] )
INFO: [Synth 8-3333] propagating constant 0 across sequential element (u_fem/\u_ce/c_gen_reg[10] )
INFO: [Synth 8-3333] propagating constant 0 across sequential element (u_fem/\u_ce/c_gen_reg[11] )
INFO: [Synth 8-3333] propagating constant 0 across sequential element (u_fem/\u_ce/c_gen_reg[6] )
INFO: [Synth 8-3333] propagating constant 0 across sequential element (u_fem/\u_ce/c_gen_reg[7] )
INFO: [Synth 8-3333] propagating constant 0 across sequential element (u_fem/\u_ce/c_gen_reg[8] )
INFO: [Synth 8-3333] propagating constant 0 across sequential element (u_fem/\u_ce/c_gen_reg[3] )
INFO: [Synth 8-3333] propagating constant 0 across sequential element (u_fem/\u_ce/c_gen_reg[4] )
INFO: [Synth 8-3333] propagating constant 0 across sequential element (u_fem/\u_ce/c_gen_reg[5] )
INFO: [Synth 8-3333] propagating constant 1 across sequential element (u_fem/\u_ce/c_gen_reg[0] )
INFO: [Synth 8-3333] propagating constant 0 across sequential element (u_fem/\u_ce/c_gen_reg[1] )
INFO: [Synth 8-3333] propagating constant 0 across sequential element (u_fem/\u_ce/c_gen_reg[2] )
INFO: [Synth 8-3333] propagating constant 0 across sequential element (u_fem/\u_adp/req_gen_reg[2] )
INFO: [Synth 8-3333] propagating constant 0 across sequential element (u_fem/\u_ui/gen_r_reg[2] )
INFO: [Synth 8-5544] ROM "feat_now0" won't be mapped to Block RAM because address size (2) smaller than threshold (5)
INFO: [Synth 8-5544] ROM "feat_now0" won't be mapped to Block RAM because address size (2) smaller than threshold (5)
DSP Report: Generating DSP sum_ext, operation Mode is: C'+A2*B2.
DSP Report: register f_op_reg is absorbed into DSP sum_ext.
DSP Report: register w_op_reg is absorbed into DSP sum_ext.
DSP Report: register sum_ext is absorbed into DSP sum_ext.
DSP Report: operator sum_ext is absorbed into DSP sum_ext.
DSP Report: operator prod is absorbed into DSP sum_ext.
INFO: [Common 17-14] Message 'Synth 8-3886' appears 100 times and further instances of the messages will be disabled. Use the Tcl command set_msg_config to change the current settings.
INFO: [Synth 8-3333] propagating constant 0 across sequential element (spear/\feat_r_reg[10] )
INFO: [Synth 8-3333] propagating constant 0 across sequential element (spear/\sl_f1_reg[0][2] )
INFO: [Synth 8-3333] propagating constant 0 across sequential element (spear/\sl_f1_reg[1][2] )
INFO: [Synth 8-3333] propagating constant 0 across sequential element (spear/\sl_f1_reg[2][2] )
INFO: [Synth 8-3333] propagating constant 0 across sequential element (spear/\sl_f1_reg[3][2] )
INFO: [Synth 8-3333] propagating constant 0 across sequential element (spear/\sl_f1_reg[4][2] )
INFO: [Synth 8-3333] propagating constant 0 across sequential element (spear/\sl_f1_reg[5][2] )
INFO: [Synth 8-3333] propagating constant 0 across sequential element (spear/\sl_f1_reg[6][2] )
INFO: [Synth 8-3333] propagating constant 0 across sequential element (spear/\sl_f1_reg[7][2] )
INFO: [Synth 8-3333] propagating constant 0 across sequential element (spear/\sl_f1_reg[8][2] )
INFO: [Synth 8-4471] merging register 't_r_reg[15:0]' into 't_r_reg[15:0]' [D:/FPGA/NATIVE_AI_DEVELOPMENTAL_HARDWARE_R1_PACKAGE_20260914-20260914T045403Z-1-001/CANON_BLUEPRINT/rtl/native_ai/strategy/qstar_select.v:130]
INFO: [Synth 8-12192] Not enough pipeline registers after wide multiplier. Pipeline registers present is 0. Recommended levels of pipeline registers is 2. [D:/FPGA/NATIVE_AI_DEVELOPMENTAL_HARDWARE_R1_PACKAGE_20260914-20260914T045403Z-1-001/CANON_BLUEPRINT/rtl/native_ai/strategy/qstar_select.v:188]
INFO: [Synth 8-12192] Not enough pipeline registers after wide multiplier. Pipeline registers present is 1. Recommended levels of pipeline registers is 2. [D:/FPGA/NATIVE_AI_DEVELOPMENTAL_HARDWARE_R1_PACKAGE_20260914-20260914T045403Z-1-001/CANON_BLUEPRINT/rtl/native_ai/strategy/qstar_select.v:204]
INFO: [Synth 8-12192] Not enough pipeline registers after wide multiplier. Pipeline registers present is 1. Recommended levels of pipeline registers is 2. [D:/FPGA/NATIVE_AI_DEVELOPMENTAL_HARDWARE_R1_PACKAGE_20260914-20260914T045403Z-1-001/CANON_BLUEPRINT/rtl/native_ai/strategy/qstar_select.v:206]
INFO: [Synth 8-5546] ROM "f_r0" won't be mapped to RAM because it is too sparse
INFO: [Synth 8-5546] ROM "t_r0" won't be mapped to RAM because it is too sparse
DSP Report: Generating DSP disc_m, operation Mode is: A2*B2.
DSP Report: register disc_m is absorbed into DSP disc_m.
DSP Report: register disc_m is absorbed into DSP disc_m.
DSP Report: operator disc_m is absorbed into DSP disc_m.
DSP Report: operator disc_m is absorbed into DSP disc_m.
DSP Report: Generating DSP disc_m, operation Mode is: (PCIN>>17)+A*B2.
DSP Report: register disc_m is absorbed into DSP disc_m.
DSP Report: operator disc_m is absorbed into DSP disc_m.
DSP Report: operator disc_m is absorbed into DSP disc_m.
DSP Report: Generating DSP da, operation Mode is: A2*B2.
DSP Report: register da is absorbed into DSP da.
DSP Report: register da is absorbed into DSP da.
DSP Report: operator da is absorbed into DSP da.
DSP Report: operator da is absorbed into DSP da.
DSP Report: Generating DSP m2, operation Mode is: A2*B.
DSP Report: register m2 is absorbed into DSP m2.
DSP Report: operator m2 is absorbed into DSP m2.
DSP Report: operator m2 is absorbed into DSP m2.
DSP Report: Generating DSP da_r_reg, operation Mode is: (PCIN>>17)+A2*B2.
DSP Report: register da_r_reg is absorbed into DSP da_r_reg.
DSP Report: register delta_r_reg is absorbed into DSP da_r_reg.
DSP Report: register da_r_reg is absorbed into DSP da_r_reg.
DSP Report: operator da is absorbed into DSP da_r_reg.
DSP Report: operator da is absorbed into DSP da_r_reg.
DSP Report: Generating DSP m2_r_reg, operation Mode is: (PCIN>>17)+A*B.
DSP Report: register m2_r_reg is absorbed into DSP m2_r_reg.
DSP Report: operator m2 is absorbed into DSP m2_r_reg.
DSP Report: operator m2 is absorbed into DSP m2_r_reg.
DSP Report: Generating DSP sum, operation Mode is: C'+A2*B2.
DSP Report: register f_r_reg is absorbed into DSP sum.
DSP Report: register t_r_reg is absorbed into DSP sum.
DSP Report: register sum is absorbed into DSP sum.
DSP Report: operator sum is absorbed into DSP sum.
DSP Report: operator prod is absorbed into DSP sum.
INFO: [Synth 8-3333] propagating constant 0 across sequential element (u_q/\upd_reason_reg[3] )
WARNING: [Synth 8-3332] Sequential element (m2_r_reg[47]) is unused and will be removed from module qstar_select.
WARNING: [Synth 8-3332] Sequential element (m2_r_reg[46]) is unused and will be removed from module qstar_select.
WARNING: [Synth 8-3332] Sequential element (m2_r_reg[45]) is unused and will be removed from module qstar_select.
WARNING: [Synth 8-3332] Sequential element (m2_r_reg[44]) is unused and will be removed from module qstar_select.
WARNING: [Synth 8-3332] Sequential element (m2_r_reg[43]) is unused and will be removed from module qstar_select.
WARNING: [Synth 8-3332] Sequential element (m2_r_reg[42]) is unused and will be removed from module qstar_select.
WARNING: [Synth 8-3332] Sequential element (m2_r_reg[41]) is unused and will be removed from module qstar_select.
INFO: [Common 17-14] Message 'Synth 8-3332' appears 8 times and further instances of the messages will be disabled. Use the Tcl command set_msg_config to change the current settings.
INFO: [Common 17-14] Message 'Synth 8-3332' appears 8 times and further instances of the messages will be disabled. Use the Tcl command set_msg_config to change the current settings.
---------------------------------------------------------------------------------
Finished Cross Boundary and Area Optimization : Time (s): cpu = 00:02:12 ; elapsed = 00:03:41 . Memory (MB): peak = 2259.883 ; gain = 1432.207
---------------------------------------------------------------------------------
 Sort Area is arty_a7_r2_top_m4_mig_candidate__GCB3 da_3 : 0 0 : 1650 3265 : Used 1 time 0
 Sort Area is arty_a7_r2_top_m4_mig_candidate__GCB3 da_3 : 0 1 : 1615 3265 : Used 1 time 0
 Sort Area is arty_a7_r2_top_m4_mig_candidate__GCB3 disc_m_0 : 0 0 : 1650 3202 : Used 1 time 0
 Sort Area is arty_a7_r2_top_m4_mig_candidate__GCB3 disc_m_0 : 0 1 : 1552 3202 : Used 1 time 0
 Sort Area is arty_a7_r2_top_m4_mig_candidate__GCB3 m2_5 : 0 0 : 1442 3101 : Used 1 time 0
 Sort Area is arty_a7_r2_top_m4_mig_candidate__GCB3 m2_5 : 0 1 : 1659 3101 : Used 1 time 0
 Sort Area is arty_a7_r2_top_m4_mig_candidate__GCB3 sum_8 : 0 0 : 982 982 : Used 1 time 0
 Sort Area is spear_profile_bind sum_ext_0 : 0 0 : 982 982 : Used 1 time 0
---------------------------------------------------------------------------------
Start ROM, RAM, DSP, Shift Register and Retiming Reporting
---------------------------------------------------------------------------------

ROM: Preliminary Mapping Report
+------------------------------+------------+---------------+----------------+
|Module Name                   | RTL Object | Depth x Width | Implemented As | 
+------------------------------+------------+---------------+----------------+
|mig_7series_v4_2_ddr_prbs_gen | mem_out    | 256x18        | LUT            | 
+------------------------------+------------+---------------+----------------+


Block RAM: Preliminary Mapping Report (see note below)
+------------+--------------+------------------------+---+---+------------------------+---+---+------------------+--------+--------+
|Module Name | RTL Object   | PORT A (Depth x Width) | W | R | PORT B (Depth x Width) | W | R | Ports driving FF | RAMB18 | RAMB36 | 
+------------+--------------+------------------------+---+---+------------------------+---+---+------------------+--------+--------+
|\u_ld/u_ld  | page_ram_reg | 64 x 32(READ_FIRST)    | W |   | 64 x 32(WRITE_FIRST)   |   | R | Port A and B     | 1      | 0      | 
+------------+--------------+------------------------+---+---+------------------------+---+---+------------------+--------+--------+

Note: The table above is a preliminary report that shows the Block RAMs at the current stage of the synthesis flow. Some Block RAMs may be reimplemented as non Block RAM primitives later in the synthesis flow. Multiple instantiated Block RAMs are reported only once. 

Distributed RAM: Preliminary Mapping Report (see note below)
+------------+---------------------------------------------------------------------------------------+-----------+----------------------+--------------+
|Module Name | RTL Object                                                                            | Inference | Size (Depth x Width) | Primitives   | 
+------------+---------------------------------------------------------------------------------------+-----------+----------------------+--------------+
|u_mig       | of_pre_fifo_gen.u_ddr_of_pre_fifo/mem_reg                                             | Implied   | 16 x 80              | RAM32M x 14  | 
|u_mig       | ddr_byte_lane_B.ddr_byte_lane_B/of_pre_fifo_gen.u_ddr_of_pre_fifo/mem_reg             | Implied   | 16 x 80              | RAM32M x 14  | 
|u_mig       | ddr_byte_lane_C.ddr_byte_lane_C/dq_gen_40.if_post_fifo_gen.u_ddr_if_post_fifo/mem_reg | Implied   | 4 x 80               | RAM32M x 14  | 
|u_mig       | ddr_byte_lane_C.ddr_byte_lane_C/of_pre_fifo_gen.u_ddr_of_pre_fifo/mem_reg             | Implied   | 16 x 80              | RAM32M x 14  | 
|u_mig       | ddr_byte_lane_D.ddr_byte_lane_D/dq_gen_40.if_post_fifo_gen.u_ddr_if_post_fifo/mem_reg | Implied   | 4 x 80               | RAM32M x 14  | 
|u_mig       | ddr_byte_lane_D.ddr_byte_lane_D/of_pre_fifo_gen.u_ddr_of_pre_fifo/mem_reg             | Implied   | 16 x 80              | RAM32M x 14  | 
+------------+---------------------------------------------------------------------------------------+-----------+----------------------+--------------+

Note: The table above is a preliminary report that shows the Distributed RAMs at the current stage of the synthesis flow. Some Distributed RAMs may be reimplemented as non Distributed RAM primitives later in the synthesis flow. Multiple instantiated RAMs are reported only once.

DSP: Preliminary Mapping Report (see note below. The ' indicates corresponding REG is set)
+-------------+------------------+--------+--------+--------+--------+--------+------+------+------+------+-------+------+------+
|Module Name  | DSP Mapping      | A Size | B Size | C Size | D Size | P Size | AREG | BREG | CREG | DREG | ADREG | MREG | PREG | 
+-------------+------------------+--------+--------+--------+--------+--------+------+------+------+------+-------+------+------+
|spear_rank   | C'+A2*B2         | 16     | 8      | 33     | -      | 33     | 1    | 1    | 1    | -    | -     | 0    | 0    | 
|qstar_select | A2*B2            | 18     | 9      | -      | -      | 48     | 1    | 1    | -    | -    | -     | 0    | 0    | 
|qstar_select | (PCIN>>17)+A*B2  | 15     | 9      | -      | -      | 48     | 0    | 1    | -    | -    | -     | 0    | 0    | 
|qstar_select | A2*B2            | 18     | 9      | -      | -      | 48     | 1    | 1    | -    | -    | -     | 0    | 0    | 
|qstar_select | A2*B             | 18     | 8      | -      | -      | 48     | 1    | 0    | -    | -    | -     | 0    | 0    | 
|qstar_select | (PCIN>>17)+A2*B2 | 15     | 9      | -      | -      | 48     | 1    | 1    | -    | -    | -     | 0    | 1    | 
|qstar_select | (PCIN>>17)+A*B   | 24     | 8      | -      | -      | 48     | 0    | 0    | -    | -    | -     | 0    | 1    | 
|qstar_select | C'+A2*B2         | 16     | 8      | 33     | -      | 33     | 1    | 1    | 1    | -    | -     | 0    | 0    | 
+-------------+------------------+--------+--------+--------+--------+--------+------+------+------+------+-------+------+------+

Note: The table above is a preliminary report that shows the DSPs inferred at the current stage of the synthesis flow. Some DSP may be reimplemented as non DSP primitives later in the synthesis flow. Multiple instantiated DSPs are reported only once.
---------------------------------------------------------------------------------
Finished ROM, RAM, DSP, Shift Register and Retiming Reporting
---------------------------------------------------------------------------------
---------------------------------------------------------------------------------
Start Applying XDC Timing Constraints
---------------------------------------------------------------------------------
WARNING: [Synth 8-3321] set_false_path : Empty through list for constraint at line 359 of d:/FPGA/miggen/p/mig0.gen/sources_1/ip/mig0/mig0/user_design/constraints/mig0.xdc. [d:/FPGA/miggen/p/mig0.gen/sources_1/ip/mig0/mig0/user_design/constraints/mig0.xdc:359]
WARNING: [Synth 8-3321] set_false_path : Empty through list for constraint at line 359 of D:/FPGA/miggen/p/mig0.gen/sources_1/ip/mig0/mig0/user_design/constraints/mig0.xdc. [D:/FPGA/miggen/p/mig0.gen/sources_1/ip/mig0/mig0/user_design/constraints/mig0.xdc:359]
---------------------------------------------------------------------------------
Finished Applying XDC Timing Constraints : Time (s): cpu = 00:02:19 ; elapsed = 00:04:01 . Memory (MB): peak = 2259.883 ; gain = 1432.207
---------------------------------------------------------------------------------
---------------------------------------------------------------------------------
Start Timing Optimization
---------------------------------------------------------------------------------
---------------------------------------------------------------------------------
Finished Timing Optimization : Time (s): cpu = 00:02:23 ; elapsed = 00:04:07 . Memory (MB): peak = 2259.883 ; gain = 1432.207
---------------------------------------------------------------------------------
---------------------------------------------------------------------------------
Start ROM, RAM, DSP, Shift Register and Retiming Reporting
---------------------------------------------------------------------------------

Block RAM: Final Mapping Report
+------------+--------------+------------------------+---+---+------------------------+---+---+------------------+--------+--------+
|Module Name | RTL Object   | PORT A (Depth x Width) | W | R | PORT B (Depth x Width) | W | R | Ports driving FF | RAMB18 | RAMB36 | 
+------------+--------------+------------------------+---+---+------------------------+---+---+------------------+--------+--------+
|\u_ld/u_ld  | page_ram_reg | 64 x 32(READ_FIRST)    | W |   | 64 x 32(WRITE_FIRST)   |   | R | Port A and B     | 1      | 0      | 
+------------+--------------+------------------------+---+---+------------------------+---+---+------------------+--------+--------+


Distributed RAM: Final Mapping Report
+------------+---------------------------------------------------------------------------------------+-----------+----------------------+--------------+
|Module Name | RTL Object                                                                            | Inference | Size (Depth x Width) | Primitives   | 
+------------+---------------------------------------------------------------------------------------+-----------+----------------------+--------------+
|u_mig       | of_pre_fifo_gen.u_ddr_of_pre_fifo/mem_reg                                             | Implied   | 16 x 80              | RAM32M x 14  | 
|u_mig       | ddr_byte_lane_B.ddr_byte_lane_B/of_pre_fifo_gen.u_ddr_of_pre_fifo/mem_reg             | Implied   | 16 x 80              | RAM32M x 14  | 
|u_mig       | ddr_byte_lane_C.ddr_byte_lane_C/dq_gen_40.if_post_fifo_gen.u_ddr_if_post_fifo/mem_reg | Implied   | 4 x 80               | RAM32M x 14  | 
|u_mig       | ddr_byte_lane_C.ddr_byte_lane_C/of_pre_fifo_gen.u_ddr_of_pre_fifo/mem_reg             | Implied   | 16 x 80              | RAM32M x 14  | 
|u_mig       | ddr_byte_lane_D.ddr_byte_lane_D/dq_gen_40.if_post_fifo_gen.u_ddr_if_post_fifo/mem_reg | Implied   | 4 x 80               | RAM32M x 14  | 
|u_mig       | ddr_byte_lane_D.ddr_byte_lane_D/of_pre_fifo_gen.u_ddr_of_pre_fifo/mem_reg             | Implied   | 16 x 80              | RAM32M x 14  | 
+------------+---------------------------------------------------------------------------------------+-----------+----------------------+--------------+

---------------------------------------------------------------------------------
Finished ROM, RAM, DSP, Shift Register and Retiming Reporting
---------------------------------------------------------------------------------
---------------------------------------------------------------------------------
Start Technology Mapping
---------------------------------------------------------------------------------
INFO: [Synth 8-7052] The timing for the instance i_0/u_cr/u_walk/u_walk/walk/dir/rom_q_reg_0 (implemented as a Block RAM) might be sub-optimal as no optional output register could be merged into the ram block. Providing additional output register may help in improving timing.
INFO: [Synth 8-7052] The timing for the instance i_0/u_cr/u_walk/u_walk/walk/dir/rom_q_reg_0 (implemented as a Block RAM) might be sub-optimal as no optional output register could be merged into the ram block. Providing additional output register may help in improving timing.
INFO: [Synth 8-7052] The timing for the instance i_0/u_cr/u_walk/u_walk/walk/dir/rom_q_reg_1 (implemented as a Block RAM) might be sub-optimal as no optional output register could be merged into the ram block. Providing additional output register may help in improving timing.
INFO: [Synth 8-7052] The timing for the instance i_0/u_cr/u_walk/u_walk/walk/post_q_reg_0 (implemented as a Block RAM) might be sub-optimal as no optional output register could be merged into the ram block. Providing additional output register may help in improving timing.
INFO: [Synth 8-7052] The timing for the instance i_0/u_cr/u_walk/u_walk/walk/post_q_reg_1 (implemented as a Block RAM) might be sub-optimal as no optional output register could be merged into the ram block. Providing additional output register may help in improving timing.
INFO: [Synth 8-7052] The timing for the instance i_0/u_cr/u_walk/u_walk/walk/post_q_reg_2 (implemented as a Block RAM) might be sub-optimal as no optional output register could be merged into the ram block. Providing additional output register may help in improving timing.
INFO: [Synth 8-7052] The timing for the instance i_0/u_ld/u_ld/page_ram_reg (implemented as a Block RAM) might be sub-optimal as no optional output register could be merged into the ram block. Providing additional output register may help in improving timing.
---------------------------------------------------------------------------------
Finished Technology Mapping : Time (s): cpu = 00:02:27 ; elapsed = 00:04:22 . Memory (MB): peak = 2259.883 ; gain = 1432.207
---------------------------------------------------------------------------------
---------------------------------------------------------------------------------
Start IO Insertion
---------------------------------------------------------------------------------
---------------------------------------------------------------------------------
Start Flattening Before IO Insertion
---------------------------------------------------------------------------------
---------------------------------------------------------------------------------
Finished Flattening Before IO Insertion
---------------------------------------------------------------------------------
---------------------------------------------------------------------------------
Start Final Netlist Cleanup
---------------------------------------------------------------------------------
INFO: [Synth 8-7052] The timing for the instance u_cr/u_walk/u_walk/walk/dir/rom_q_reg_0 (implemented as a Block RAM) might be sub-optimal as no optional output register could be merged into the ram block. Providing additional output register may help in improving timing.
INFO: [Synth 8-7052] The timing for the instance u_cr/u_walk/u_walk/walk/dir/rom_q_reg_0 (implemented as a Block RAM) might be sub-optimal as no optional output register could be merged into the ram block. Providing additional output register may help in improving timing.
INFO: [Synth 8-7052] The timing for the instance u_cr/u_walk/u_walk/walk/dir/rom_q_reg_1 (implemented as a Block RAM) might be sub-optimal as no optional output register could be merged into the ram block. Providing additional output register may help in improving timing.
INFO: [Synth 8-7052] The timing for the instance u_cr/u_walk/u_walk/walk/post_q_reg_0 (implemented as a Block RAM) might be sub-optimal as no optional output register could be merged into the ram block. Providing additional output register may help in improving timing.
INFO: [Synth 8-7052] The timing for the instance u_cr/u_walk/u_walk/walk/post_q_reg_1 (implemented as a Block RAM) might be sub-optimal as no optional output register could be merged into the ram block. Providing additional output register may help in improving timing.
INFO: [Synth 8-7052] The timing for the instance u_cr/u_walk/u_walk/walk/post_q_reg_2 (implemented as a Block RAM) might be sub-optimal as no optional output register could be merged into the ram block. Providing additional output register may help in improving timing.
INFO: [Synth 8-7052] The timing for the instance u_ld/u_ld/page_ram_reg (implemented as a Block RAM) might be sub-optimal as no optional output register could be merged into the ram block. Providing additional output register may help in improving timing.
---------------------------------------------------------------------------------
Finished Final Netlist Cleanup
---------------------------------------------------------------------------------
---------------------------------------------------------------------------------
Finished IO Insertion : Time (s): cpu = 00:02:30 ; elapsed = 00:04:33 . Memory (MB): peak = 2327.230 ; gain = 1499.555
---------------------------------------------------------------------------------
---------------------------------------------------------------------------------
Start Renaming Generated Instances
---------------------------------------------------------------------------------
---------------------------------------------------------------------------------
Finished Renaming Generated Instances : Time (s): cpu = 00:02:30 ; elapsed = 00:04:33 . Memory (MB): peak = 2327.230 ; gain = 1499.555
---------------------------------------------------------------------------------
---------------------------------------------------------------------------------
Start Rebuilding User Hierarchy
---------------------------------------------------------------------------------
---------------------------------------------------------------------------------
Finished Rebuilding User Hierarchy : Time (s): cpu = 00:02:33 ; elapsed = 00:04:38 . Memory (MB): peak = 2332.051 ; gain = 1504.375
---------------------------------------------------------------------------------
---------------------------------------------------------------------------------
Start Renaming Generated Ports
---------------------------------------------------------------------------------
---------------------------------------------------------------------------------
Finished Renaming Generated Ports : Time (s): cpu = 00:02:33 ; elapsed = 00:04:38 . Memory (MB): peak = 2332.051 ; gain = 1504.375
---------------------------------------------------------------------------------
---------------------------------------------------------------------------------
Start Handling Custom Attributes
---------------------------------------------------------------------------------
---------------------------------------------------------------------------------
Finished Handling Custom Attributes : Time (s): cpu = 00:02:33 ; elapsed = 00:04:38 . Memory (MB): peak = 2332.051 ; gain = 1504.375
---------------------------------------------------------------------------------
---------------------------------------------------------------------------------
Start Renaming Generated Nets
---------------------------------------------------------------------------------
---------------------------------------------------------------------------------
Finished Renaming Generated Nets : Time (s): cpu = 00:02:33 ; elapsed = 00:04:39 . Memory (MB): peak = 2332.051 ; gain = 1504.375
---------------------------------------------------------------------------------
---------------------------------------------------------------------------------
Start ROM, RAM, DSP, Shift Register and Retiming Reporting
---------------------------------------------------------------------------------

Static Shift Register Report:
+------------+---------------------------------------------------------------------------------------------------------------------------------------------------------------------------------------+--------+-------+--------------+--------------------+-------------------+--------+---------+
|Module Name | RTL Name                                                                                                                                                                              | Length | Width | Reset Signal | Pull out first Reg | Pull out last Reg | SRL16E | SRLC32E | 
+------------+---------------------------------------------------------------------------------------------------------------------------------------------------------------------------------------+--------+-------+--------------+--------------------+-------------------+--------+---------+
|mig0        | u_mig0_mig/u_memc_ui_top_std/mem_intfc0/ddr_phy_top0/u_ddr_mc_phy_wrapper/u_ddr_mc_phy/ddr_phy_4lanes_0.u_ddr_phy_4lanes/rclk_delay_reg[11]                                           | 12     | 1     | NO           | NO                 | YES               | 1      | 0       | 
|mig0        | u_mig0_mig/u_memc_ui_top_std/mem_intfc0/ddr_phy_top0/u_ddr_mc_phy_wrapper/u_ddr_mc_phy/ddr_phy_4lanes_0.u_ddr_phy_4lanes/ddr_byte_lane_D.ddr_byte_lane_D/ddr_byte_group_io/rst_r4_reg | 4      | 1     | NO           | NO                 | YES               | 1      | 0       | 
|mig0        | u_mig0_mig/u_memc_ui_top_std/mem_intfc0/ddr_phy_top0/u_ddr_calib_top/mb_wrlvl_inst.u_ddr_phy_wrlvl/phy_ctl_ready_r5_reg                                                               | 5      | 1     | NO           | NO                 | YES               | 1      | 0       | 
|mig0        | u_mig0_mig/u_memc_ui_top_std/mem_intfc0/ddr_phy_top0/u_ddr_calib_top/mb_wrlvl_inst.u_ddr_phy_ck_addr_cmd_delay/delay_done_r4_reg                                                      | 4      | 1     | NO           | NO                 | YES               | 1      | 0       | 
|mig0        | u_mig0_mig/u_memc_ui_top_std/mem_intfc0/ddr_phy_top0/u_ddr_calib_top/dqsfind_calib_left.u_ddr_phy_dqs_found_cal_hr/init_dqsfound_done_r5_reg                                          | 3      | 1     | NO           | NO                 | YES               | 1      | 0       | 
|mig0        | u_mig0_mig/u_memc_ui_top_std/mem_intfc0/ddr_phy_top0/u_ddr_calib_top/u_ddr_phy_init/wrlvl_rank_done_r7_reg                                                                            | 6      | 1     | NO           | NO                 | YES               | 1      | 0       | 
|mig0        | u_mig0_mig/u_memc_ui_top_std/mem_intfc0/ddr_phy_top0/u_ddr_calib_top/u_ddr_phy_init/prech_done_reg                                                                                    | 17     | 1     | NO           | NO                 | YES               | 1      | 0       | 
|mig0        | u_mig0_mig/u_memc_ui_top_std/mem_intfc0/ddr_phy_top0/u_ddr_calib_top/u_ddr_phy_init/wrcal_start_dly_r_reg[5]                                                                          | 6      | 1     | NO           | NO                 | YES               | 1      | 0       | 
|mig0        | u_mig0_mig/u_memc_ui_top_std/mem_intfc0/ddr_phy_top0/u_ddr_calib_top/u_ddr_phy_init/rdlvl_start_dly0_r_reg[14]                                                                        | 15     | 1     | NO           | NO                 | YES               | 1      | 0       | 
|mig0        | u_mig0_mig/u_memc_ui_top_std/mem_intfc0/ddr_phy_top0/u_ddr_calib_top/u_ddr_phy_wrcal/gen_pat_match_div4.pat_data_match_valid_r_reg                                                    | 3      | 1     | NO           | NO                 | YES               | 1      | 0       | 
|mig0        | u_mig0_mig/u_memc_ui_top_std/mem_intfc0/ddr_phy_top0/u_ddr_calib_top/u_ddr_phy_wrcal/gen_pat_match_div4.gen_pat_match[0].pat_match_rise2_r_reg[0]                                     | 3      | 4     | NO           | NO                 | YES               | 4      | 0       | 
|mig0        | u_mig0_mig/u_memc_ui_top_std/mem_intfc0/ddr_phy_top0/u_ddr_calib_top/u_ddr_phy_wrcal/wrcal_pat_resume_reg                                                                             | 3      | 1     | NO           | NO                 | YES               | 1      | 0       | 
|mig0        | u_mig0_mig/u_memc_ui_top_std/mem_intfc0/ddr_phy_top0/u_ddr_calib_top/reset_if_r9_reg                                                                                                  | 9      | 1     | NO           | NO                 | YES               | 1      | 0       | 
+------------+---------------------------------------------------------------------------------------------------------------------------------------------------------------------------------------+--------+-------+--------------+--------------------+-------------------+--------+---------+

---------------------------------------------------------------------------------
Finished ROM, RAM, DSP, Shift Register and Retiming Reporting
---------------------------------------------------------------------------------
---------------------------------------------------------------------------------
Start Writing Synthesis Report
---------------------------------------------------------------------------------

DSP Final Report (the ' indicates corresponding REG is set)
+-------------+------------------+--------+--------+--------+--------+--------+------+------+------+------+-------+------+------+
|Module Name  | DSP Mapping      | A Size | B Size | C Size | D Size | P Size | AREG | BREG | CREG | DREG | ADREG | MREG | PREG | 
+-------------+------------------+--------+--------+--------+--------+--------+------+------+------+------+-------+------+------+
|spear_rank   | C'+A'*B'         | 30     | 7      | 33     | -      | 33     | 1    | 1    | 1    | -    | -     | 0    | 0    | 
|qstar_select | A'*B'            | 17     | 8      | -      | -      | 48     | 1    | 1    | -    | -    | -     | 0    | 0    | 
|qstar_select | PCIN>>17+A'*B    | 30     | 0      | -      | -      | 48     | 1    | 0    | -    | -    | -     | 0    | 0    | 
|qstar_select | A'*B'            | 17     | 8      | -      | -      | 48     | 1    | 1    | -    | -    | -     | 0    | 0    | 
|qstar_select | A'*B             | 17     | 18     | -      | -      | 48     | 1    | 0    | -    | -    | -     | 0    | 0    | 
|qstar_select | (PCIN>>17+A'*B)' | 30     | 0      | -      | -      | 48     | 1    | 0    | -    | -    | -     | 0    | 1    | 
|qstar_select | (PCIN>>17+A*B)'  | 30     | 18     | -      | -      | 48     | 0    | 0    | -    | -    | -     | 0    | 1    | 
|qstar_select | C'+A'*B'         | 30     | 18     | 33     | -      | 33     | 1    | 1    | 1    | -    | -     | 0    | 0    | 
+-------------+------------------+--------+--------+--------+--------+--------+------+------+------+------+-------+------+------+


Report BlackBoxes: 
+-+--------------+----------+
| |BlackBox name |Instances |
+-+--------------+----------+
+-+--------------+----------+

Report Cell Usage: 
+------+----------------------+------+
|      |Cell                  |Count |
+------+----------------------+------+
|1     |BUFG                  |     7|
|2     |BUFH                  |     1|
|3     |BUFIO                 |     1|
|4     |CARRY4                |   493|
|5     |DSP48E1               |     8|
|9     |IDELAYCTRL            |     1|
|10    |IDELAYE2              |    16|
|11    |IN_FIFO               |     2|
|12    |ISERDESE2             |    16|
|13    |LUT1                  |   490|
|14    |LUT2                  |  1427|
|15    |LUT3                  |  1781|
|16    |LUT4                  |  2334|
|17    |LUT5                  |  1561|
|18    |LUT6                  |  5378|
|19    |MMCME2_ADV            |     2|
|20    |MUXF7                 |   169|
|21    |MUXF8                 |    70|
|22    |ODDR                  |     5|
|23    |OSERDESE2             |    43|
|26    |OUT_FIFO              |     4|
|28    |PHASER_IN_PHY         |     2|
|29    |PHASER_OUT_PHY        |     4|
|31    |PHASER_REF            |     1|
|32    |PHY_CONTROL           |     1|
|33    |PLLE2_ADV             |     1|
|34    |RAM32M                |   112|
|35    |RAM32X1D              |     2|
|36    |RAMB18E1              |     2|
|38    |RAMB36E1              |     4|
|42    |SRL16E                |    16|
|43    |SRLC32E               |     1|
|44    |XADC                  |     1|
|45    |FDCE                  |  2385|
|46    |FDPE                  |   220|
|47    |FDRE                  |  7443|
|48    |FDSE                  |   101|
|49    |IBUF                  |     3|
|50    |IOBUFDS_INTERMDISABLE |     2|
|51    |IOBUF_INTERMDISABLE   |    16|
|52    |OBUF                  |    29|
|53    |OBUFDS                |     1|
|54    |OBUFT                 |     2|
+------+----------------------+------+
---------------------------------------------------------------------------------
Finished Writing Synthesis Report : Time (s): cpu = 00:02:33 ; elapsed = 00:04:39 . Memory (MB): peak = 2332.051 ; gain = 1504.375
---------------------------------------------------------------------------------
Synthesis finished with 0 errors, 0 critical warnings and 116 warnings.
Synthesis Optimization Runtime : Time (s): cpu = 00:02:05 ; elapsed = 00:04:26 . Memory (MB): peak = 2332.070 ; gain = 1405.168
Synthesis Optimization Complete : Time (s): cpu = 00:02:34 ; elapsed = 00:04:41 . Memory (MB): peak = 2354.109 ; gain = 1504.395
INFO: [Project 1-571] Translating synthesized netlist
Netlist sorting complete. Time (s): cpu = 00:00:00 ; elapsed = 00:00:00.276 . Memory (MB): peak = 2362.223 ; gain = 0.000
INFO: [Netlist 29-17] Analyzing 920 Unisim elements for replacement
INFO: [Netlist 29-28] Unisim Transformation completed in 0 CPU seconds
INFO: [Project 1-570] Preparing netlist for logic optimization
Parsing XDC File [d:/FPGA/miggen/p/mig0.gen/sources_1/ip/mig0/mig0/user_design/constraints/mig0.xdc] for cell 'u_mig'
Finished Parsing XDC File [d:/FPGA/miggen/p/mig0.gen/sources_1/ip/mig0/mig0/user_design/constraints/mig0.xdc] for cell 'u_mig'
Parsing XDC File [D:/FPGA/NATIVE_AI_DEVELOPMENTAL_HARDWARE_R1_PACKAGE_20260914-20260914T045403Z-1-001/CANON_BLUEPRINT/rtl/native_ai/board/arty_a7_mig.xdc]
Finished Parsing XDC File [D:/FPGA/NATIVE_AI_DEVELOPMENTAL_HARDWARE_R1_PACKAGE_20260914-20260914T045403Z-1-001/CANON_BLUEPRINT/rtl/native_ai/board/arty_a7_mig.xdc]
Parsing XDC File [D:/FPGA/NATIVE_AI_DEVELOPMENTAL_HARDWARE_R1_PACKAGE_20260914-20260914T045403Z-1-001/CANON_BLUEPRINT/rtl/native_ai/board/arty_a7_mig_cdc.xdc]
Finished Parsing XDC File [D:/FPGA/NATIVE_AI_DEVELOPMENTAL_HARDWARE_R1_PACKAGE_20260914-20260914T045403Z-1-001/CANON_BLUEPRINT/rtl/native_ai/board/arty_a7_mig_cdc.xdc]
Parsing XDC File [D:/FPGA/NATIVE_AI_DEVELOPMENTAL_HARDWARE_R1_PACKAGE_20260914-20260914T045403Z-1-001/CANON_BLUEPRINT/rtl/native_ai/board/arty_a7_mig_clear_cdc.xdc]
Finished Parsing XDC File [D:/FPGA/NATIVE_AI_DEVELOPMENTAL_HARDWARE_R1_PACKAGE_20260914-20260914T045403Z-1-001/CANON_BLUEPRINT/rtl/native_ai/board/arty_a7_mig_clear_cdc.xdc]
Parsing XDC File [D:/FPGA/miggen/p/mig0.gen/sources_1/ip/mig0/mig0/user_design/constraints/mig0.xdc]
Finished Parsing XDC File [D:/FPGA/miggen/p/mig0.gen/sources_1/ip/mig0/mig0/user_design/constraints/mig0.xdc]
INFO: [Opt 31-138] Pushed 2 inverter(s) to 16 load pin(s).
Netlist sorting complete. Time (s): cpu = 00:00:00 ; elapsed = 00:00:00.019 . Memory (MB): peak = 2377.727 ; gain = 0.000
INFO: [Project 1-111] Unisim Transformation Summary:
  A total of 137 instances were transformed.
  IBUFDS_INTERMDISABLE => IBUFDS_INTERMDISABLE (IBUFDS_INTERMDISABLE_INT(x2)): 2 instances
  IOBUFDS_INTERMDISABLE => IOBUFDS_INTERMDISABLE (IBUFDS_INTERMDISABLE_INT(x2), INV, OBUFTDS(x2)): 2 instances
  IOBUF_INTERMDISABLE => IOBUF_INTERMDISABLE (IBUF_INTERMDISABLE, OBUFT): 16 instances
  OBUFDS => OBUFDS_DUAL_BUF (INV, OBUFDS(x2)): 1 instance 
  OBUFTDS => OBUFTDS_DUAL_BUF (INV, OBUFTDS(x2)): 2 instances
  RAM32M => RAM32M (RAMD32(x6), RAMS32(x2)): 112 instances
  RAM32X1D => RAM32X1D (RAMD32(x2)): 2 instances

Synth Design complete | Checksum: bb255ee7
INFO: [Common 17-83] Releasing license: Vivado_Synthesis
575 Infos, 382 Warnings, 0 Critical Warnings and 0 Errors encountered.
synth_design completed successfully
synth_design: Time (s): cpu = 00:02:44 ; elapsed = 00:05:02 . Memory (MB): peak = 2378.008 ; gain = 1742.676
INFO: [Timing 38-480] Writing timing data to binary archive.
Wrote PlaceDB: Time (s): cpu = 00:00:00 ; elapsed = 00:00:00.001 . Memory (MB): peak = 2378.008 ; gain = 0.000
Wrote PulsedLatchDB: Time (s): cpu = 00:00:00 ; elapsed = 00:00:00.002 . Memory (MB): peak = 2378.008 ; gain = 0.000
Writing XDEF routing.
Write ShapeDB Complete: Time (s): cpu = 00:00:00 ; elapsed = 00:00:00.050 . Memory (MB): peak = 2378.008 ; gain = 0.000
Writing XDEF routing logical nets.
Writing XDEF routing special nets.
Wrote RouteStorage: Time (s): cpu = 00:00:00 ; elapsed = 00:00:00.053 . Memory (MB): peak = 2378.008 ; gain = 0.000
Wrote PlaceStorage: Time (s): cpu = 00:00:00 ; elapsed = 00:00:00.016 . Memory (MB): peak = 2378.008 ; gain = 0.000
Wrote Netlist Cache: Time (s): cpu = 00:00:00 ; elapsed = 00:00:00.001 . Memory (MB): peak = 2378.008 ; gain = 0.000
Wrote Device Cache: Time (s): cpu = 00:00:00 ; elapsed = 00:00:00.006 . Memory (MB): peak = 2378.008 ; gain = 0.000
Write Physdb Complete: Time (s): cpu = 00:00:00 ; elapsed = 00:00:00.097 . Memory (MB): peak = 2378.008 ; gain = 0.000
INFO: [Common 17-1381] The checkpoint 'D:/FPGA/arty_d/m4_mig_clear/post_synth.dcp' has been generated.
write_checkpoint: Time (s): cpu = 00:00:04 ; elapsed = 00:00:07 . Memory (MB): peak = 2378.008 ; gain = 0.000
INFO: [Timing 38-35] Done setting XDC timing constraints.
INFO: [Timing 38-2] Deriving generated clocks
INFO: [Timing 38-91] UpdateTimingParams: Speed grade: -1, Delay Type: min_max.
INFO: [Timing 38-191] Multithreading enabled for timing update using a maximum of 4 CPUs
report_timing_summary: Time (s): cpu = 00:00:08 ; elapsed = 00:00:12 . Memory (MB): peak = 2378.008 ; gain = 0.000
INFO: [Timing 38-91] UpdateTimingParams: Speed grade: -1, Delay Type: max.
INFO: [Timing 38-191] Multithreading enabled for timing update using a maximum of 4 CPUs
INFO: [Timing 38-78] ReportTimingParams: -max_paths 5 -nworst 1 -delay_type max -sort_by slack.
INFO: [Timing 38-91] UpdateTimingParams: Speed grade: -1, Delay Type: min_max.
INFO: [Timing 38-191] Multithreading enabled for timing update using a maximum of 4 CPUs
INFO: [Timing 38-433] Consider using Xilinx recommended XPM_CDC modules to avoid Critical severities
INFO: [Timing 38-314] The report_cdc command only analyzes and reports clock domain crossing paths where clocks have been defined on both source and destination sides. Ports with no input delay constraint are skipped. Please run check_timing to verify there are no missing clock definitions in your design, nor any unconstrained input port.
Command: report_drc -file D:/FPGA/arty_d/m4_mig_clear/reports/drc.rpt
INFO: [IP_Flow 19-1839] IP Catalog is up to date.
INFO: [DRC 23-27] Running DRC with 4 threads
INFO: [Vivado_Tcl 2-168] The results of DRC are in file D:/FPGA/arty_d/m4_mig_clear/reports/drc.rpt.
report_drc completed successfully
M4_MIG_CLEAR_SYNTH_DONE
INFO: [Common 17-206] Exiting Vivado at Thu Sep 17 02:40:10 2026...
