Copyright 1986-2022 Xilinx, Inc. All Rights Reserved. Copyright 2022-2026 Advanced Micro Devices, Inc. All Rights Reserved.
---------------------------------------------------------------------------------------------------------------------------------------------
| Tool Version : Vivado v.2026.1 (win64) Build 6511674 Tue Jun 16 11:02:23 MDT 2026
| Date         : Wed Sep 16 22:59:03 2026
| Host         : laptop-Quan running 64-bit major release  (build 9200)
| Command      : report_timing_summary -delay_type min_max -max_paths 10 -file D:/FPGA/arty_d/fe256_r1_shadow/reports/timing_route.rpt
| Design       : arty_a7_r2_top_fe256_r1_candidate
| Device       : 7a100t-csg324
| Speed File   : -1  PRODUCTION 1.23 2018-06-13
| Design State : Routed
---------------------------------------------------------------------------------------------------------------------------------------------

Timing Summary Report

------------------------------------------------------------------------------------------------
| Timer Settings
| --------------
------------------------------------------------------------------------------------------------

  Enable Multi Corner Analysis               :  Yes
  Enable Pessimism Removal                   :  Yes
  Pessimism Removal Resolution               :  Nearest Common Node
  Enable Input Delay Default Clock           :  No
  Enable Preset / Clear Arcs                 :  No
  Disable Flight Delays                      :  No
  Ignore I/O Paths                           :  No
  Timing Early Launch at Borrowing Latches   :  No
  Borrow Time for Max Delay Exceptions       :  Yes
  Merge Timing Exceptions                    :  Yes
  Inter-SLR Compensation                     :  Conservative

  Corner  Analyze    Analyze    
  Name    Max Paths  Min Paths  
  ------  ---------  ---------  
  Slow    Yes        Yes        
  Fast    Yes        Yes        


------------------------------------------------------------------------------------------------
| Report Methodology
| ------------------
------------------------------------------------------------------------------------------------

No report available as report_methodology has not been run prior. Run report_methodology on the current design for the summary of methodology violations.



check_timing report

Table of Contents
-----------------
1. checking no_clock (0)
2. checking constant_clock (0)
3. checking pulse_width_clock (0)
4. checking unconstrained_internal_endpoints (0)
5. checking no_input_delay (2)
6. checking no_output_delay (5)
7. checking multiple_clock (0)
8. checking generated_clocks (0)
9. checking loops (0)
10. checking partial_input_delay (0)
11. checking partial_output_delay (0)
12. checking latch_loops (0)

1. checking no_clock (0)
------------------------
 There are 0 register/latch pins with no clock.


2. checking constant_clock (0)
------------------------------
 There are 0 register/latch pins with constant_clock.


3. checking pulse_width_clock (0)
---------------------------------
 There are 0 register/latch pins which need pulse_width check


4. checking unconstrained_internal_endpoints (0)
------------------------------------------------
 There are 0 pins that are not constrained for maximum delay.

 There are 0 pins that are not constrained for maximum delay due to constant clock.


5. checking no_input_delay (2)
------------------------------
 There are 2 input ports with no input delay specified. (HIGH)

 There are 0 input ports with no input delay but user has a false path constraint.


6. checking no_output_delay (5)
-------------------------------
 There are 5 ports with no output delay specified. (HIGH)

 There are 0 ports with no output delay but user has a false path constraint

 There are 0 ports with no output delay but with a timing clock defined on it or propagating through it


7. checking multiple_clock (0)
------------------------------
 There are 0 register/latch pins with multiple clocks.


8. checking generated_clocks (0)
--------------------------------
 There are 0 generated clocks that are not connected to a clock source.


9. checking loops (0)
---------------------
 There are 0 combinational loops in the design.


10. checking partial_input_delay (0)
------------------------------------
 There are 0 input ports with partial input delay specified.


11. checking partial_output_delay (0)
-------------------------------------
 There are 0 ports with partial output delay specified.


12. checking latch_loops (0)
----------------------------
 There are 0 combinational latch loops in the design through latch input



------------------------------------------------------------------------------------------------
| Design Timing Summary
| ---------------------
------------------------------------------------------------------------------------------------

    WNS(ns)      TNS(ns)  TNS Failing Endpoints  TNS Total Endpoints      WHS(ns)      THS(ns)  THS Failing Endpoints  THS Total Endpoints     WPWS(ns)     TPWS(ns)  TPWS Failing Endpoints  TPWS Total Endpoints  
    -------      -------  ---------------------  -------------------      -------      -------  ---------------------  -------------------     --------     --------  ----------------------  --------------------  
      0.368        0.000                      0                21452        0.037        0.000                      0                21452        3.750        0.000                       0                 10126  


All user specified timing constraints are met.


------------------------------------------------------------------------------------------------
| Clock Summary
| -------------
------------------------------------------------------------------------------------------------

Clock        Waveform(ns)       Period(ns)      Frequency(MHz)
-----        ------------       ----------      --------------
sys_clk_pin  {0.000 5.000}      10.000          100.000         


------------------------------------------------------------------------------------------------
| Intra Clock Table
| -----------------
------------------------------------------------------------------------------------------------

Clock             WNS(ns)      TNS(ns)  TNS Failing Endpoints  TNS Total Endpoints      WHS(ns)      THS(ns)  THS Failing Endpoints  THS Total Endpoints     WPWS(ns)     TPWS(ns)  TPWS Failing Endpoints  TPWS Total Endpoints  
-----             -------      -------  ---------------------  -------------------      -------      -------  ---------------------  -------------------     --------     --------  ----------------------  --------------------  
sys_clk_pin         0.368        0.000                      0                21452        0.037        0.000                      0                21452        3.750        0.000                       0                 10126  


------------------------------------------------------------------------------------------------
| Inter Clock Table
| -----------------
------------------------------------------------------------------------------------------------

From Clock    To Clock          WNS(ns)      TNS(ns)  TNS Failing Endpoints  TNS Total Endpoints      WHS(ns)      THS(ns)  THS Failing Endpoints  THS Total Endpoints  
----------    --------          -------      -------  ---------------------  -------------------      -------      -------  ---------------------  -------------------  


------------------------------------------------------------------------------------------------
| Other Path Groups Table
| -----------------------
------------------------------------------------------------------------------------------------

Path Group    From Clock    To Clock          WNS(ns)      TNS(ns)  TNS Failing Endpoints  TNS Total Endpoints      WHS(ns)      THS(ns)  THS Failing Endpoints  THS Total Endpoints  
----------    ----------    --------          -------      -------  ---------------------  -------------------      -------      -------  ---------------------  -------------------  


------------------------------------------------------------------------------------------------
| Timing Details
| --------------
------------------------------------------------------------------------------------------------


---------------------------------------------------------------------------------------------------
From Clock:  sys_clk_pin
  To Clock:  sys_clk_pin

Setup :            0  Failing Endpoints,  Worst Slack        0.368ns,  Total Violation        0.000ns
Hold  :            0  Failing Endpoints,  Worst Slack        0.037ns,  Total Violation        0.000ns
PW    :            0  Failing Endpoints,  Worst Slack        3.750ns,  Total Violation        0.000ns
---------------------------------------------------------------------------------------------------


Max Delay Paths
--------------------------------------------------------------------------------------
Slack (MET) :             0.368ns  (required time - arrival time)
  Source:                 u_q/m2_r_reg/CLK
                            (rising edge-triggered cell DSP48E1 clocked by sys_clk_pin  {rise@0.000ns fall@5.000ns period=10.000ns})
  Destination:            u_q/theta_reg[17][7]/D
                            (rising edge-triggered cell FDRE clocked by sys_clk_pin  {rise@0.000ns fall@5.000ns period=10.000ns})
  Path Group:             sys_clk_pin
  Path Type:              Setup (Max at Slow Process Corner)
  Requirement:            10.000ns  (sys_clk_pin rise@10.000ns - sys_clk_pin rise@0.000ns)
  Data Path Delay:        9.474ns  (logic 4.202ns (44.354%)  route 5.272ns (55.646%))
  Logic Levels:           11  (CARRY4=8 LUT2=2 LUT6=1)
  Clock Path Skew:        -0.152ns (DCD - SCD + CPR)
    Destination Clock Delay (DCD):    5.001ns = ( 15.001 - 10.000 ) 
    Source Clock Delay      (SCD):    5.339ns
    Clock Pessimism Removal (CPR):    0.187ns
  Clock Uncertainty:      0.035ns  ((TSJ^2 + TIJ^2)^1/2 + DJ) / 2 + PE
    Total System Jitter     (TSJ):    0.071ns
    Total Input Jitter      (TIJ):    0.000ns
    Discrete Jitter          (DJ):    0.000ns
    Phase Error              (PE):    0.000ns

    Location             Delay type                Incr(ns)  Path(ns)    Netlist Resource(s)
  -------------------------------------------------------------------    -------------------
                         (clock sys_clk_pin rise edge)
                                                      0.000     0.000 r  <hidden>
    E3                                                0.000     0.000 r  CLK100MHZ
                         net (fo=0)                   0.000     0.000    CLK100MHZ
    E3                   IBUF (Prop_ibuf_I_O)         1.482     1.482 r  CLK100MHZ_IBUF_inst/O
                         net (fo=1, routed)           2.025     3.506    CLK100MHZ_IBUF
    BUFGCTRL_X0Y16       BUFG (Prop_bufg_I_O)         0.096     3.602 r  CLK100MHZ_IBUF_BUFG_inst/O
                         net (fo=10131, routed)       1.737     5.339    u_q/clk
    DSP48_X0Y21          DSP48E1                                      r  u_q/m2_r_reg/CLK
  -------------------------------------------------------------------    -------------------
    DSP48_X0Y21          DSP48E1 (Prop_dsp48e1_CLK_P[3])
                                                      0.434     5.773 r  u_q/m2_r_reg/P[3]
                         net (fo=1, routed)           0.798     6.571    u_q/m2_r_reg__0[20]
    SLICE_X12Y52         CARRY4 (Prop_carry4_S[0]_CO[3])
                                                      0.637     7.208 r  u_q/theta_reg[0][3]_i_7/CO[3]
                         net (fo=1, routed)           0.000     7.208    u_q/theta_reg[0][3]_i_7_n_0
    SLICE_X12Y53         CARRY4 (Prop_carry4_CI_CO[3])
                                                      0.117     7.325 r  u_q/theta_reg[0][7]_i_7/CO[3]
                         net (fo=1, routed)           0.000     7.325    u_q/theta_reg[0][7]_i_7_n_0
    SLICE_X12Y54         CARRY4 (Prop_carry4_CI_O[3])
                                                      0.315     7.640 r  u_q/theta_reg[0][11]_i_7/O[3]
                         net (fo=1, routed)           1.188     8.828    u_q/m2_b[31]
    SLICE_X39Y61         LUT2 (Prop_lut2_I1_O)        0.307     9.135 r  u_q/theta[0][11]_i_5/O
                         net (fo=1, routed)           0.000     9.135    u_q/theta[0][11]_i_5_n_0
    SLICE_X39Y61         CARRY4 (Prop_carry4_S[1]_CO[3])
                                                      0.550     9.685 r  u_q/theta_reg[0][11]_i_2/CO[3]
                         net (fo=1, routed)           0.000     9.685    u_q/theta_reg[0][11]_i_2_n_0
    SLICE_X39Y62         CARRY4 (Prop_carry4_CI_CO[3])
                                                      0.114     9.799 r  u_q/theta_reg[0][15]_i_10/CO[3]
                         net (fo=1, routed)           0.000     9.799    u_q/theta_reg[0][15]_i_10_n_0
    SLICE_X39Y63         CARRY4 (Prop_carry4_CI_O[1])
                                                      0.334    10.133 f  u_q/theta_reg[0][15]_i_50/O[1]
                         net (fo=4, routed)           1.399    11.532    u_q/p_1_in[17]
    SLICE_X59Y70         LUT2 (Prop_lut2_I0_O)        0.303    11.835 r  u_q/theta[0][15]_i_36/O
                         net (fo=1, routed)           0.000    11.835    u_q/theta[0][15]_i_36_n_0
    SLICE_X59Y70         CARRY4 (Prop_carry4_S[1]_CO[3])
                                                      0.550    12.385 r  u_q/theta_reg[0][15]_i_12/CO[3]
                         net (fo=1, routed)           0.000    12.385    u_q/theta_reg[0][15]_i_12_n_0
    SLICE_X59Y71         CARRY4 (Prop_carry4_CI_CO[2])
                                                      0.228    12.613 r  u_q/theta_reg[0][15]_i_8/CO[2]
                         net (fo=1017, routed)        1.887    14.500    u_q/p_1_in2_in
    SLICE_X73Y75         LUT6 (Prop_lut6_I0_O)        0.313    14.813 r  u_q/theta[17][7]_i_1/O
                         net (fo=1, routed)           0.000    14.813    u_q/theta[17][7]_i_1_n_0
    SLICE_X73Y75         FDRE                                         r  u_q/theta_reg[17][7]/D
  -------------------------------------------------------------------    -------------------

                         (clock sys_clk_pin rise edge)
                                                     10.000    10.000 r  <hidden>
    E3                                                0.000    10.000 r  CLK100MHZ
                         net (fo=0)                   0.000    10.000    CLK100MHZ
    E3                   IBUF (Prop_ibuf_I_O)         1.411    11.411 r  CLK100MHZ_IBUF_inst/O
                         net (fo=1, routed)           1.920    13.331    CLK100MHZ_IBUF
    BUFGCTRL_X0Y16       BUFG (Prop_bufg_I_O)         0.091    13.422 r  CLK100MHZ_IBUF_BUFG_inst/O
                         net (fo=10131, routed)       1.578    15.001    u_q/clk
    SLICE_X73Y75         FDRE                                         r  u_q/theta_reg[17][7]/C
                         clock pessimism              0.187    15.188    <hidden>
                         clock uncertainty           -0.035    15.152    <hidden>
    SLICE_X73Y75         FDRE (Setup_fdre_C_D)        0.029    15.181    u_q/theta_reg[17][7]
  -------------------------------------------------------------------
                         required time                         15.181    <hidden>
                         arrival time                         -14.813    <hidden>
  -------------------------------------------------------------------
                         slack                                  0.368    <hidden>

Slack (MET) :             0.372ns  (required time - arrival time)
  Source:                 u_q/m2_r_reg/CLK
                            (rising edge-triggered cell DSP48E1 clocked by sys_clk_pin  {rise@0.000ns fall@5.000ns period=10.000ns})
  Destination:            u_q/theta_reg[10][7]/D
                            (rising edge-triggered cell FDRE clocked by sys_clk_pin  {rise@0.000ns fall@5.000ns period=10.000ns})
  Path Group:             sys_clk_pin
  Path Type:              Setup (Max at Slow Process Corner)
  Requirement:            10.000ns  (sys_clk_pin rise@10.000ns - sys_clk_pin rise@0.000ns)
  Data Path Delay:        9.478ns  (logic 4.202ns (44.334%)  route 5.276ns (55.666%))
  Logic Levels:           11  (CARRY4=8 LUT2=2 LUT6=1)
  Clock Path Skew:        -0.146ns (DCD - SCD + CPR)
    Destination Clock Delay (DCD):    5.007ns = ( 15.007 - 10.000 ) 
    Source Clock Delay      (SCD):    5.339ns
    Clock Pessimism Removal (CPR):    0.187ns
  Clock Uncertainty:      0.035ns  ((TSJ^2 + TIJ^2)^1/2 + DJ) / 2 + PE
    Total System Jitter     (TSJ):    0.071ns
    Total Input Jitter      (TIJ):    0.000ns
    Discrete Jitter          (DJ):    0.000ns
    Phase Error              (PE):    0.000ns

    Location             Delay type                Incr(ns)  Path(ns)    Netlist Resource(s)
  -------------------------------------------------------------------    -------------------
                         (clock sys_clk_pin rise edge)
                                                      0.000     0.000 r  <hidden>
    E3                                                0.000     0.000 r  CLK100MHZ
                         net (fo=0)                   0.000     0.000    CLK100MHZ
    E3                   IBUF (Prop_ibuf_I_O)         1.482     1.482 r  CLK100MHZ_IBUF_inst/O
                         net (fo=1, routed)           2.025     3.506    CLK100MHZ_IBUF
    BUFGCTRL_X0Y16       BUFG (Prop_bufg_I_O)         0.096     3.602 r  CLK100MHZ_IBUF_BUFG_inst/O
                         net (fo=10131, routed)       1.737     5.339    u_q/clk
    DSP48_X0Y21          DSP48E1                                      r  u_q/m2_r_reg/CLK
  -------------------------------------------------------------------    -------------------
    DSP48_X0Y21          DSP48E1 (Prop_dsp48e1_CLK_P[3])
                                                      0.434     5.773 r  u_q/m2_r_reg/P[3]
                         net (fo=1, routed)           0.798     6.571    u_q/m2_r_reg__0[20]
    SLICE_X12Y52         CARRY4 (Prop_carry4_S[0]_CO[3])
                                                      0.637     7.208 r  u_q/theta_reg[0][3]_i_7/CO[3]
                         net (fo=1, routed)           0.000     7.208    u_q/theta_reg[0][3]_i_7_n_0
    SLICE_X12Y53         CARRY4 (Prop_carry4_CI_CO[3])
                                                      0.117     7.325 r  u_q/theta_reg[0][7]_i_7/CO[3]
                         net (fo=1, routed)           0.000     7.325    u_q/theta_reg[0][7]_i_7_n_0
    SLICE_X12Y54         CARRY4 (Prop_carry4_CI_O[3])
                                                      0.315     7.640 r  u_q/theta_reg[0][11]_i_7/O[3]
                         net (fo=1, routed)           1.188     8.828    u_q/m2_b[31]
    SLICE_X39Y61         LUT2 (Prop_lut2_I1_O)        0.307     9.135 r  u_q/theta[0][11]_i_5/O
                         net (fo=1, routed)           0.000     9.135    u_q/theta[0][11]_i_5_n_0
    SLICE_X39Y61         CARRY4 (Prop_carry4_S[1]_CO[3])
                                                      0.550     9.685 r  u_q/theta_reg[0][11]_i_2/CO[3]
                         net (fo=1, routed)           0.000     9.685    u_q/theta_reg[0][11]_i_2_n_0
    SLICE_X39Y62         CARRY4 (Prop_carry4_CI_CO[3])
                                                      0.114     9.799 r  u_q/theta_reg[0][15]_i_10/CO[3]
                         net (fo=1, routed)           0.000     9.799    u_q/theta_reg[0][15]_i_10_n_0
    SLICE_X39Y63         CARRY4 (Prop_carry4_CI_O[1])
                                                      0.334    10.133 r  u_q/theta_reg[0][15]_i_50/O[1]
                         net (fo=4, routed)           1.415    11.548    u_q/p_1_in[17]
    SLICE_X61Y69         LUT2 (Prop_lut2_I0_O)        0.303    11.851 r  u_q/theta[0][15]_i_46/O
                         net (fo=1, routed)           0.000    11.851    u_q/theta[0][15]_i_46_n_0
    SLICE_X61Y69         CARRY4 (Prop_carry4_S[1]_CO[3])
                                                      0.550    12.401 r  u_q/theta_reg[0][15]_i_19/CO[3]
                         net (fo=1, routed)           0.000    12.401    u_q/theta_reg[0][15]_i_19_n_0
    SLICE_X61Y70         CARRY4 (Prop_carry4_CI_CO[2])
                                                      0.228    12.629 f  u_q/theta_reg[0][15]_i_9/CO[2]
                         net (fo=1017, routed)        1.875    14.504    u_q/theta_reg[0][15]_i_9_n_1
    SLICE_X72Y69         LUT6 (Prop_lut6_I1_O)        0.313    14.817 r  u_q/theta[10][7]_i_1/O
                         net (fo=1, routed)           0.000    14.817    u_q/theta[10][7]_i_1_n_0
    SLICE_X72Y69         FDRE                                         r  u_q/theta_reg[10][7]/D
  -------------------------------------------------------------------    -------------------

                         (clock sys_clk_pin rise edge)
                                                     10.000    10.000 r  <hidden>
    E3                                                0.000    10.000 r  CLK100MHZ
                         net (fo=0)                   0.000    10.000    CLK100MHZ
    E3                   IBUF (Prop_ibuf_I_O)         1.411    11.411 r  CLK100MHZ_IBUF_inst/O
                         net (fo=1, routed)           1.920    13.331    CLK100MHZ_IBUF
    BUFGCTRL_X0Y16       BUFG (Prop_bufg_I_O)         0.091    13.422 r  CLK100MHZ_IBUF_BUFG_inst/O
                         net (fo=10131, routed)       1.584    15.007    u_q/clk
    SLICE_X72Y69         FDRE                                         r  u_q/theta_reg[10][7]/C
                         clock pessimism              0.187    15.194    <hidden>
                         clock uncertainty           -0.035    15.158    <hidden>
    SLICE_X72Y69         FDRE (Setup_fdre_C_D)        0.031    15.189    u_q/theta_reg[10][7]
  -------------------------------------------------------------------
                         required time                         15.189    <hidden>
                         arrival time                         -14.817    <hidden>
  -------------------------------------------------------------------
                         slack                                  0.372    <hidden>

Slack (MET) :             0.372ns  (required time - arrival time)
  Source:                 u_q/m2_r_reg/CLK
                            (rising edge-triggered cell DSP48E1 clocked by sys_clk_pin  {rise@0.000ns fall@5.000ns period=10.000ns})
  Destination:            u_q/theta_reg[17][8]/D
                            (rising edge-triggered cell FDRE clocked by sys_clk_pin  {rise@0.000ns fall@5.000ns period=10.000ns})
  Path Group:             sys_clk_pin
  Path Type:              Setup (Max at Slow Process Corner)
  Requirement:            10.000ns  (sys_clk_pin rise@10.000ns - sys_clk_pin rise@0.000ns)
  Data Path Delay:        9.472ns  (logic 4.202ns (44.363%)  route 5.270ns (55.637%))
  Logic Levels:           11  (CARRY4=8 LUT2=2 LUT6=1)
  Clock Path Skew:        -0.152ns (DCD - SCD + CPR)
    Destination Clock Delay (DCD):    5.001ns = ( 15.001 - 10.000 ) 
    Source Clock Delay      (SCD):    5.339ns
    Clock Pessimism Removal (CPR):    0.187ns
  Clock Uncertainty:      0.035ns  ((TSJ^2 + TIJ^2)^1/2 + DJ) / 2 + PE
    Total System Jitter     (TSJ):    0.071ns
    Total Input Jitter      (TIJ):    0.000ns
    Discrete Jitter          (DJ):    0.000ns
    Phase Error              (PE):    0.000ns

    Location             Delay type                Incr(ns)  Path(ns)    Netlist Resource(s)
  -------------------------------------------------------------------    -------------------
                         (clock sys_clk_pin rise edge)
                                                      0.000     0.000 r  <hidden>
    E3                                                0.000     0.000 r  CLK100MHZ
                         net (fo=0)                   0.000     0.000    CLK100MHZ
    E3                   IBUF (Prop_ibuf_I_O)         1.482     1.482 r  CLK100MHZ_IBUF_inst/O
                         net (fo=1, routed)           2.025     3.506    CLK100MHZ_IBUF
    BUFGCTRL_X0Y16       BUFG (Prop_bufg_I_O)         0.096     3.602 r  CLK100MHZ_IBUF_BUFG_inst/O
                         net (fo=10131, routed)       1.737     5.339    u_q/clk
    DSP48_X0Y21          DSP48E1                                      r  u_q/m2_r_reg/CLK
  -------------------------------------------------------------------    -------------------
    DSP48_X0Y21          DSP48E1 (Prop_dsp48e1_CLK_P[3])
                                                      0.434     5.773 r  u_q/m2_r_reg/P[3]
                         net (fo=1, routed)           0.798     6.571    u_q/m2_r_reg__0[20]
    SLICE_X12Y52         CARRY4 (Prop_carry4_S[0]_CO[3])
                                                      0.637     7.208 r  u_q/theta_reg[0][3]_i_7/CO[3]
                         net (fo=1, routed)           0.000     7.208    u_q/theta_reg[0][3]_i_7_n_0
    SLICE_X12Y53         CARRY4 (Prop_carry4_CI_CO[3])
                                                      0.117     7.325 r  u_q/theta_reg[0][7]_i_7/CO[3]
                         net (fo=1, routed)           0.000     7.325    u_q/theta_reg[0][7]_i_7_n_0
    SLICE_X12Y54         CARRY4 (Prop_carry4_CI_O[3])
                                                      0.315     7.640 r  u_q/theta_reg[0][11]_i_7/O[3]
                         net (fo=1, routed)           1.188     8.828    u_q/m2_b[31]
    SLICE_X39Y61         LUT2 (Prop_lut2_I1_O)        0.307     9.135 r  u_q/theta[0][11]_i_5/O
                         net (fo=1, routed)           0.000     9.135    u_q/theta[0][11]_i_5_n_0
    SLICE_X39Y61         CARRY4 (Prop_carry4_S[1]_CO[3])
                                                      0.550     9.685 r  u_q/theta_reg[0][11]_i_2/CO[3]
                         net (fo=1, routed)           0.000     9.685    u_q/theta_reg[0][11]_i_2_n_0
    SLICE_X39Y62         CARRY4 (Prop_carry4_CI_CO[3])
                                                      0.114     9.799 r  u_q/theta_reg[0][15]_i_10/CO[3]
                         net (fo=1, routed)           0.000     9.799    u_q/theta_reg[0][15]_i_10_n_0
    SLICE_X39Y63         CARRY4 (Prop_carry4_CI_O[1])
                                                      0.334    10.133 f  u_q/theta_reg[0][15]_i_50/O[1]
                         net (fo=4, routed)           1.399    11.532    u_q/p_1_in[17]
    SLICE_X59Y70         LUT2 (Prop_lut2_I0_O)        0.303    11.835 r  u_q/theta[0][15]_i_36/O
                         net (fo=1, routed)           0.000    11.835    u_q/theta[0][15]_i_36_n_0
    SLICE_X59Y70         CARRY4 (Prop_carry4_S[1]_CO[3])
                                                      0.550    12.385 r  u_q/theta_reg[0][15]_i_12/CO[3]
                         net (fo=1, routed)           0.000    12.385    u_q/theta_reg[0][15]_i_12_n_0
    SLICE_X59Y71         CARRY4 (Prop_carry4_CI_CO[2])
                                                      0.228    12.613 r  u_q/theta_reg[0][15]_i_8/CO[2]
                         net (fo=1017, routed)        1.885    14.498    u_q/p_1_in2_in
    SLICE_X73Y75         LUT6 (Prop_lut6_I0_O)        0.313    14.811 r  u_q/theta[17][8]_i_1/O
                         net (fo=1, routed)           0.000    14.811    u_q/theta[17][8]_i_1_n_0
    SLICE_X73Y75         FDRE                                         r  u_q/theta_reg[17][8]/D
  -------------------------------------------------------------------    -------------------

                         (clock sys_clk_pin rise edge)
                                                     10.000    10.000 r  <hidden>
    E3                                                0.000    10.000 r  CLK100MHZ
                         net (fo=0)                   0.000    10.000    CLK100MHZ
    E3                   IBUF (Prop_ibuf_I_O)         1.411    11.411 r  CLK100MHZ_IBUF_inst/O
                         net (fo=1, routed)           1.920    13.331    CLK100MHZ_IBUF
    BUFGCTRL_X0Y16       BUFG (Prop_bufg_I_O)         0.091    13.422 r  CLK100MHZ_IBUF_BUFG_inst/O
                         net (fo=10131, routed)       1.578    15.001    u_q/clk
    SLICE_X73Y75         FDRE                                         r  u_q/theta_reg[17][8]/C
                         clock pessimism              0.187    15.188    <hidden>
                         clock uncertainty           -0.035    15.152    <hidden>
    SLICE_X73Y75         FDRE (Setup_fdre_C_D)        0.031    15.183    u_q/theta_reg[17][8]
  -------------------------------------------------------------------
                         required time                         15.183    <hidden>
                         arrival time                         -14.811    <hidden>
  -------------------------------------------------------------------
                         slack                                  0.372    <hidden>

Slack (MET) :             0.380ns  (required time - arrival time)
  Source:                 u_q/m2_r_reg/CLK
                            (rising edge-triggered cell DSP48E1 clocked by sys_clk_pin  {rise@0.000ns fall@5.000ns period=10.000ns})
  Destination:            u_q/theta_reg[8][7]/D
                            (rising edge-triggered cell FDRE clocked by sys_clk_pin  {rise@0.000ns fall@5.000ns period=10.000ns})
  Path Group:             sys_clk_pin
  Path Type:              Setup (Max at Slow Process Corner)
  Requirement:            10.000ns  (sys_clk_pin rise@10.000ns - sys_clk_pin rise@0.000ns)
  Data Path Delay:        9.473ns  (logic 4.202ns (44.356%)  route 5.271ns (55.644%))
  Logic Levels:           11  (CARRY4=8 LUT2=2 LUT6=1)
  Clock Path Skew:        -0.143ns (DCD - SCD + CPR)
    Destination Clock Delay (DCD):    5.010ns = ( 15.010 - 10.000 ) 
    Source Clock Delay      (SCD):    5.339ns
    Clock Pessimism Removal (CPR):    0.187ns
  Clock Uncertainty:      0.035ns  ((TSJ^2 + TIJ^2)^1/2 + DJ) / 2 + PE
    Total System Jitter     (TSJ):    0.071ns
    Total Input Jitter      (TIJ):    0.000ns
    Discrete Jitter          (DJ):    0.000ns
    Phase Error              (PE):    0.000ns

    Location             Delay type                Incr(ns)  Path(ns)    Netlist Resource(s)
  -------------------------------------------------------------------    -------------------
                         (clock sys_clk_pin rise edge)
                                                      0.000     0.000 r  <hidden>
    E3                                                0.000     0.000 r  CLK100MHZ
                         net (fo=0)                   0.000     0.000    CLK100MHZ
    E3                   IBUF (Prop_ibuf_I_O)         1.482     1.482 r  CLK100MHZ_IBUF_inst/O
                         net (fo=1, routed)           2.025     3.506    CLK100MHZ_IBUF
    BUFGCTRL_X0Y16       BUFG (Prop_bufg_I_O)         0.096     3.602 r  CLK100MHZ_IBUF_BUFG_inst/O
                         net (fo=10131, routed)       1.737     5.339    u_q/clk
    DSP48_X0Y21          DSP48E1                                      r  u_q/m2_r_reg/CLK
  -------------------------------------------------------------------    -------------------
    DSP48_X0Y21          DSP48E1 (Prop_dsp48e1_CLK_P[3])
                                                      0.434     5.773 r  u_q/m2_r_reg/P[3]
                         net (fo=1, routed)           0.798     6.571    u_q/m2_r_reg__0[20]
    SLICE_X12Y52         CARRY4 (Prop_carry4_S[0]_CO[3])
                                                      0.637     7.208 r  u_q/theta_reg[0][3]_i_7/CO[3]
                         net (fo=1, routed)           0.000     7.208    u_q/theta_reg[0][3]_i_7_n_0
    SLICE_X12Y53         CARRY4 (Prop_carry4_CI_CO[3])
                                                      0.117     7.325 r  u_q/theta_reg[0][7]_i_7/CO[3]
                         net (fo=1, routed)           0.000     7.325    u_q/theta_reg[0][7]_i_7_n_0
    SLICE_X12Y54         CARRY4 (Prop_carry4_CI_O[3])
                                                      0.315     7.640 r  u_q/theta_reg[0][11]_i_7/O[3]
                         net (fo=1, routed)           1.188     8.828    u_q/m2_b[31]
    SLICE_X39Y61         LUT2 (Prop_lut2_I1_O)        0.307     9.135 r  u_q/theta[0][11]_i_5/O
                         net (fo=1, routed)           0.000     9.135    u_q/theta[0][11]_i_5_n_0
    SLICE_X39Y61         CARRY4 (Prop_carry4_S[1]_CO[3])
                                                      0.550     9.685 r  u_q/theta_reg[0][11]_i_2/CO[3]
                         net (fo=1, routed)           0.000     9.685    u_q/theta_reg[0][11]_i_2_n_0
    SLICE_X39Y62         CARRY4 (Prop_carry4_CI_CO[3])
                                                      0.114     9.799 r  u_q/theta_reg[0][15]_i_10/CO[3]
                         net (fo=1, routed)           0.000     9.799    u_q/theta_reg[0][15]_i_10_n_0
    SLICE_X39Y63         CARRY4 (Prop_carry4_CI_O[1])
                                                      0.334    10.133 f  u_q/theta_reg[0][15]_i_50/O[1]
                         net (fo=4, routed)           1.399    11.532    u_q/p_1_in[17]
    SLICE_X59Y70         LUT2 (Prop_lut2_I0_O)        0.303    11.835 r  u_q/theta[0][15]_i_36/O
                         net (fo=1, routed)           0.000    11.835    u_q/theta[0][15]_i_36_n_0
    SLICE_X59Y70         CARRY4 (Prop_carry4_S[1]_CO[3])
                                                      0.550    12.385 r  u_q/theta_reg[0][15]_i_12/CO[3]
                         net (fo=1, routed)           0.000    12.385    u_q/theta_reg[0][15]_i_12_n_0
    SLICE_X59Y71         CARRY4 (Prop_carry4_CI_CO[2])
                                                      0.228    12.613 r  u_q/theta_reg[0][15]_i_8/CO[2]
                         net (fo=1017, routed)        1.887    14.500    u_q/p_1_in2_in
    SLICE_X73Y67         LUT6 (Prop_lut6_I0_O)        0.313    14.813 r  u_q/theta[8][7]_i_1/O
                         net (fo=1, routed)           0.000    14.813    u_q/theta[8][7]_i_1_n_0
    SLICE_X73Y67         FDRE                                         r  u_q/theta_reg[8][7]/D
  -------------------------------------------------------------------    -------------------

                         (clock sys_clk_pin rise edge)
                                                     10.000    10.000 r  <hidden>
    E3                                                0.000    10.000 r  CLK100MHZ
                         net (fo=0)                   0.000    10.000    CLK100MHZ
    E3                   IBUF (Prop_ibuf_I_O)         1.411    11.411 r  CLK100MHZ_IBUF_inst/O
                         net (fo=1, routed)           1.920    13.331    CLK100MHZ_IBUF
    BUFGCTRL_X0Y16       BUFG (Prop_bufg_I_O)         0.091    13.422 r  CLK100MHZ_IBUF_BUFG_inst/O
                         net (fo=10131, routed)       1.587    15.010    u_q/clk
    SLICE_X73Y67         FDRE                                         r  u_q/theta_reg[8][7]/C
                         clock pessimism              0.187    15.197    <hidden>
                         clock uncertainty           -0.035    15.161    <hidden>
    SLICE_X73Y67         FDRE (Setup_fdre_C_D)        0.031    15.192    u_q/theta_reg[8][7]
  -------------------------------------------------------------------
                         required time                         15.192    <hidden>
                         arrival time                         -14.813    <hidden>
  -------------------------------------------------------------------
                         slack                                  0.380    <hidden>

Slack (MET) :             0.384ns  (required time - arrival time)
  Source:                 u_q/m2_r_reg/CLK
                            (rising edge-triggered cell DSP48E1 clocked by sys_clk_pin  {rise@0.000ns fall@5.000ns period=10.000ns})
  Destination:            u_q/theta_reg[10][2]/D
                            (rising edge-triggered cell FDRE clocked by sys_clk_pin  {rise@0.000ns fall@5.000ns period=10.000ns})
  Path Group:             sys_clk_pin
  Path Type:              Setup (Max at Slow Process Corner)
  Requirement:            10.000ns  (sys_clk_pin rise@10.000ns - sys_clk_pin rise@0.000ns)
  Data Path Delay:        9.471ns  (logic 4.202ns (44.369%)  route 5.269ns (55.631%))
  Logic Levels:           11  (CARRY4=8 LUT2=2 LUT6=1)
  Clock Path Skew:        -0.140ns (DCD - SCD + CPR)
    Destination Clock Delay (DCD):    5.013ns = ( 15.013 - 10.000 ) 
    Source Clock Delay      (SCD):    5.339ns
    Clock Pessimism Removal (CPR):    0.187ns
  Clock Uncertainty:      0.035ns  ((TSJ^2 + TIJ^2)^1/2 + DJ) / 2 + PE
    Total System Jitter     (TSJ):    0.071ns
    Total Input Jitter      (TIJ):    0.000ns
    Discrete Jitter          (DJ):    0.000ns
    Phase Error              (PE):    0.000ns

    Location             Delay type                Incr(ns)  Path(ns)    Netlist Resource(s)
  -------------------------------------------------------------------    -------------------
                         (clock sys_clk_pin rise edge)
                                                      0.000     0.000 r  <hidden>
    E3                                                0.000     0.000 r  CLK100MHZ
                         net (fo=0)                   0.000     0.000    CLK100MHZ
    E3                   IBUF (Prop_ibuf_I_O)         1.482     1.482 r  CLK100MHZ_IBUF_inst/O
                         net (fo=1, routed)           2.025     3.506    CLK100MHZ_IBUF
    BUFGCTRL_X0Y16       BUFG (Prop_bufg_I_O)         0.096     3.602 r  CLK100MHZ_IBUF_BUFG_inst/O
                         net (fo=10131, routed)       1.737     5.339    u_q/clk
    DSP48_X0Y21          DSP48E1                                      r  u_q/m2_r_reg/CLK
  -------------------------------------------------------------------    -------------------
    DSP48_X0Y21          DSP48E1 (Prop_dsp48e1_CLK_P[3])
                                                      0.434     5.773 r  u_q/m2_r_reg/P[3]
                         net (fo=1, routed)           0.798     6.571    u_q/m2_r_reg__0[20]
    SLICE_X12Y52         CARRY4 (Prop_carry4_S[0]_CO[3])
                                                      0.637     7.208 r  u_q/theta_reg[0][3]_i_7/CO[3]
                         net (fo=1, routed)           0.000     7.208    u_q/theta_reg[0][3]_i_7_n_0
    SLICE_X12Y53         CARRY4 (Prop_carry4_CI_CO[3])
                                                      0.117     7.325 r  u_q/theta_reg[0][7]_i_7/CO[3]
                         net (fo=1, routed)           0.000     7.325    u_q/theta_reg[0][7]_i_7_n_0
    SLICE_X12Y54         CARRY4 (Prop_carry4_CI_O[3])
                                                      0.315     7.640 r  u_q/theta_reg[0][11]_i_7/O[3]
                         net (fo=1, routed)           1.188     8.828    u_q/m2_b[31]
    SLICE_X39Y61         LUT2 (Prop_lut2_I1_O)        0.307     9.135 r  u_q/theta[0][11]_i_5/O
                         net (fo=1, routed)           0.000     9.135    u_q/theta[0][11]_i_5_n_0
    SLICE_X39Y61         CARRY4 (Prop_carry4_S[1]_CO[3])
                                                      0.550     9.685 r  u_q/theta_reg[0][11]_i_2/CO[3]
                         net (fo=1, routed)           0.000     9.685    u_q/theta_reg[0][11]_i_2_n_0
    SLICE_X39Y62         CARRY4 (Prop_carry4_CI_CO[3])
                                                      0.114     9.799 r  u_q/theta_reg[0][15]_i_10/CO[3]
                         net (fo=1, routed)           0.000     9.799    u_q/theta_reg[0][15]_i_10_n_0
    SLICE_X39Y63         CARRY4 (Prop_carry4_CI_O[1])
                                                      0.334    10.133 f  u_q/theta_reg[0][15]_i_50/O[1]
                         net (fo=4, routed)           1.399    11.532    u_q/p_1_in[17]
    SLICE_X59Y70         LUT2 (Prop_lut2_I0_O)        0.303    11.835 r  u_q/theta[0][15]_i_36/O
                         net (fo=1, routed)           0.000    11.835    u_q/theta[0][15]_i_36_n_0
    SLICE_X59Y70         CARRY4 (Prop_carry4_S[1]_CO[3])
                                                      0.550    12.385 r  u_q/theta_reg[0][15]_i_12/CO[3]
                         net (fo=1, routed)           0.000    12.385    u_q/theta_reg[0][15]_i_12_n_0
    SLICE_X59Y71         CARRY4 (Prop_carry4_CI_CO[2])
                                                      0.228    12.613 r  u_q/theta_reg[0][15]_i_8/CO[2]
                         net (fo=1017, routed)        1.884    14.497    u_q/p_1_in2_in
    SLICE_X73Y64         LUT6 (Prop_lut6_I0_O)        0.313    14.810 r  u_q/theta[10][2]_i_1/O
                         net (fo=1, routed)           0.000    14.810    u_q/theta[10][2]_i_1_n_0
    SLICE_X73Y64         FDRE                                         r  u_q/theta_reg[10][2]/D
  -------------------------------------------------------------------    -------------------

                         (clock sys_clk_pin rise edge)
                                                     10.000    10.000 r  <hidden>
    E3                                                0.000    10.000 r  CLK100MHZ
                         net (fo=0)                   0.000    10.000    CLK100MHZ
    E3                   IBUF (Prop_ibuf_I_O)         1.411    11.411 r  CLK100MHZ_IBUF_inst/O
                         net (fo=1, routed)           1.920    13.331    CLK100MHZ_IBUF
    BUFGCTRL_X0Y16       BUFG (Prop_bufg_I_O)         0.091    13.422 r  CLK100MHZ_IBUF_BUFG_inst/O
                         net (fo=10131, routed)       1.590    15.013    u_q/clk
    SLICE_X73Y64         FDRE                                         r  u_q/theta_reg[10][2]/C
                         clock pessimism              0.187    15.200    <hidden>
                         clock uncertainty           -0.035    15.164    <hidden>
    SLICE_X73Y64         FDRE (Setup_fdre_C_D)        0.029    15.193    u_q/theta_reg[10][2]
  -------------------------------------------------------------------
                         required time                         15.193    <hidden>
                         arrival time                         -14.810    <hidden>
  -------------------------------------------------------------------
                         slack                                  0.384    <hidden>

Slack (MET) :             0.384ns  (required time - arrival time)
  Source:                 u_q/m2_r_reg/CLK
                            (rising edge-triggered cell DSP48E1 clocked by sys_clk_pin  {rise@0.000ns fall@5.000ns period=10.000ns})
  Destination:            u_q/theta_reg[19][7]/D
                            (rising edge-triggered cell FDRE clocked by sys_clk_pin  {rise@0.000ns fall@5.000ns period=10.000ns})
  Path Group:             sys_clk_pin
  Path Type:              Setup (Max at Slow Process Corner)
  Requirement:            10.000ns  (sys_clk_pin rise@10.000ns - sys_clk_pin rise@0.000ns)
  Data Path Delay:        9.518ns  (logic 4.202ns (44.148%)  route 5.316ns (55.852%))
  Logic Levels:           11  (CARRY4=8 LUT2=2 LUT6=1)
  Clock Path Skew:        -0.144ns (DCD - SCD + CPR)
    Destination Clock Delay (DCD):    5.009ns = ( 15.009 - 10.000 ) 
    Source Clock Delay      (SCD):    5.339ns
    Clock Pessimism Removal (CPR):    0.187ns
  Clock Uncertainty:      0.035ns  ((TSJ^2 + TIJ^2)^1/2 + DJ) / 2 + PE
    Total System Jitter     (TSJ):    0.071ns
    Total Input Jitter      (TIJ):    0.000ns
    Discrete Jitter          (DJ):    0.000ns
    Phase Error              (PE):    0.000ns

    Location             Delay type                Incr(ns)  Path(ns)    Netlist Resource(s)
  -------------------------------------------------------------------    -------------------
                         (clock sys_clk_pin rise edge)
                                                      0.000     0.000 r  <hidden>
    E3                                                0.000     0.000 r  CLK100MHZ
                         net (fo=0)                   0.000     0.000    CLK100MHZ
    E3                   IBUF (Prop_ibuf_I_O)         1.482     1.482 r  CLK100MHZ_IBUF_inst/O
                         net (fo=1, routed)           2.025     3.506    CLK100MHZ_IBUF
    BUFGCTRL_X0Y16       BUFG (Prop_bufg_I_O)         0.096     3.602 r  CLK100MHZ_IBUF_BUFG_inst/O
                         net (fo=10131, routed)       1.737     5.339    u_q/clk
    DSP48_X0Y21          DSP48E1                                      r  u_q/m2_r_reg/CLK
  -------------------------------------------------------------------    -------------------
    DSP48_X0Y21          DSP48E1 (Prop_dsp48e1_CLK_P[3])
                                                      0.434     5.773 r  u_q/m2_r_reg/P[3]
                         net (fo=1, routed)           0.798     6.571    u_q/m2_r_reg__0[20]
    SLICE_X12Y52         CARRY4 (Prop_carry4_S[0]_CO[3])
                                                      0.637     7.208 r  u_q/theta_reg[0][3]_i_7/CO[3]
                         net (fo=1, routed)           0.000     7.208    u_q/theta_reg[0][3]_i_7_n_0
    SLICE_X12Y53         CARRY4 (Prop_carry4_CI_CO[3])
                                                      0.117     7.325 r  u_q/theta_reg[0][7]_i_7/CO[3]
                         net (fo=1, routed)           0.000     7.325    u_q/theta_reg[0][7]_i_7_n_0
    SLICE_X12Y54         CARRY4 (Prop_carry4_CI_O[3])
                                                      0.315     7.640 r  u_q/theta_reg[0][11]_i_7/O[3]
                         net (fo=1, routed)           1.188     8.828    u_q/m2_b[31]
    SLICE_X39Y61         LUT2 (Prop_lut2_I1_O)        0.307     9.135 r  u_q/theta[0][11]_i_5/O
                         net (fo=1, routed)           0.000     9.135    u_q/theta[0][11]_i_5_n_0
    SLICE_X39Y61         CARRY4 (Prop_carry4_S[1]_CO[3])
                                                      0.550     9.685 r  u_q/theta_reg[0][11]_i_2/CO[3]
                         net (fo=1, routed)           0.000     9.685    u_q/theta_reg[0][11]_i_2_n_0
    SLICE_X39Y62         CARRY4 (Prop_carry4_CI_CO[3])
                                                      0.114     9.799 r  u_q/theta_reg[0][15]_i_10/CO[3]
                         net (fo=1, routed)           0.000     9.799    u_q/theta_reg[0][15]_i_10_n_0
    SLICE_X39Y63         CARRY4 (Prop_carry4_CI_O[1])
                                                      0.334    10.133 f  u_q/theta_reg[0][15]_i_50/O[1]
                         net (fo=4, routed)           1.399    11.532    u_q/p_1_in[17]
    SLICE_X59Y70         LUT2 (Prop_lut2_I0_O)        0.303    11.835 r  u_q/theta[0][15]_i_36/O
                         net (fo=1, routed)           0.000    11.835    u_q/theta[0][15]_i_36_n_0
    SLICE_X59Y70         CARRY4 (Prop_carry4_S[1]_CO[3])
                                                      0.550    12.385 r  u_q/theta_reg[0][15]_i_12/CO[3]
                         net (fo=1, routed)           0.000    12.385    u_q/theta_reg[0][15]_i_12_n_0
    SLICE_X59Y71         CARRY4 (Prop_carry4_CI_CO[2])
                                                      0.228    12.613 r  u_q/theta_reg[0][15]_i_8/CO[2]
                         net (fo=1017, routed)        1.931    14.544    u_q/p_1_in2_in
    SLICE_X76Y69         LUT6 (Prop_lut6_I0_O)        0.313    14.857 r  u_q/theta[19][7]_i_1/O
                         net (fo=1, routed)           0.000    14.857    u_q/theta[19][7]_i_1_n_0
    SLICE_X76Y69         FDRE                                         r  u_q/theta_reg[19][7]/D
  -------------------------------------------------------------------    -------------------

                         (clock sys_clk_pin rise edge)
                                                     10.000    10.000 r  <hidden>
    E3                                                0.000    10.000 r  CLK100MHZ
                         net (fo=0)                   0.000    10.000    CLK100MHZ
    E3                   IBUF (Prop_ibuf_I_O)         1.411    11.411 r  CLK100MHZ_IBUF_inst/O
                         net (fo=1, routed)           1.920    13.331    CLK100MHZ_IBUF
    BUFGCTRL_X0Y16       BUFG (Prop_bufg_I_O)         0.091    13.422 r  CLK100MHZ_IBUF_BUFG_inst/O
                         net (fo=10131, routed)       1.586    15.009    u_q/clk
    SLICE_X76Y69         FDRE                                         r  u_q/theta_reg[19][7]/C
                         clock pessimism              0.187    15.196    <hidden>
                         clock uncertainty           -0.035    15.160    <hidden>
    SLICE_X76Y69         FDRE (Setup_fdre_C_D)        0.081    15.241    u_q/theta_reg[19][7]
  -------------------------------------------------------------------
                         required time                         15.241    <hidden>
                         arrival time                         -14.857    <hidden>
  -------------------------------------------------------------------
                         slack                                  0.384    <hidden>

Slack (MET) :             0.409ns  (required time - arrival time)
  Source:                 u_q/m2_r_reg/CLK
                            (rising edge-triggered cell DSP48E1 clocked by sys_clk_pin  {rise@0.000ns fall@5.000ns period=10.000ns})
  Destination:            u_q/theta_reg[8][2]/D
                            (rising edge-triggered cell FDRE clocked by sys_clk_pin  {rise@0.000ns fall@5.000ns period=10.000ns})
  Path Group:             sys_clk_pin
  Path Type:              Setup (Max at Slow Process Corner)
  Requirement:            10.000ns  (sys_clk_pin rise@10.000ns - sys_clk_pin rise@0.000ns)
  Data Path Delay:        9.444ns  (logic 4.202ns (44.492%)  route 5.242ns (55.508%))
  Logic Levels:           11  (CARRY4=8 LUT2=2 LUT6=1)
  Clock Path Skew:        -0.143ns (DCD - SCD + CPR)
    Destination Clock Delay (DCD):    5.010ns = ( 15.010 - 10.000 ) 
    Source Clock Delay      (SCD):    5.339ns
    Clock Pessimism Removal (CPR):    0.187ns
  Clock Uncertainty:      0.035ns  ((TSJ^2 + TIJ^2)^1/2 + DJ) / 2 + PE
    Total System Jitter     (TSJ):    0.071ns
    Total Input Jitter      (TIJ):    0.000ns
    Discrete Jitter          (DJ):    0.000ns
    Phase Error              (PE):    0.000ns

    Location             Delay type                Incr(ns)  Path(ns)    Netlist Resource(s)
  -------------------------------------------------------------------    -------------------
                         (clock sys_clk_pin rise edge)
                                                      0.000     0.000 r  <hidden>
    E3                                                0.000     0.000 r  CLK100MHZ
                         net (fo=0)                   0.000     0.000    CLK100MHZ
    E3                   IBUF (Prop_ibuf_I_O)         1.482     1.482 r  CLK100MHZ_IBUF_inst/O
                         net (fo=1, routed)           2.025     3.506    CLK100MHZ_IBUF
    BUFGCTRL_X0Y16       BUFG (Prop_bufg_I_O)         0.096     3.602 r  CLK100MHZ_IBUF_BUFG_inst/O
                         net (fo=10131, routed)       1.737     5.339    u_q/clk
    DSP48_X0Y21          DSP48E1                                      r  u_q/m2_r_reg/CLK
  -------------------------------------------------------------------    -------------------
    DSP48_X0Y21          DSP48E1 (Prop_dsp48e1_CLK_P[3])
                                                      0.434     5.773 r  u_q/m2_r_reg/P[3]
                         net (fo=1, routed)           0.798     6.571    u_q/m2_r_reg__0[20]
    SLICE_X12Y52         CARRY4 (Prop_carry4_S[0]_CO[3])
                                                      0.637     7.208 r  u_q/theta_reg[0][3]_i_7/CO[3]
                         net (fo=1, routed)           0.000     7.208    u_q/theta_reg[0][3]_i_7_n_0
    SLICE_X12Y53         CARRY4 (Prop_carry4_CI_CO[3])
                                                      0.117     7.325 r  u_q/theta_reg[0][7]_i_7/CO[3]
                         net (fo=1, routed)           0.000     7.325    u_q/theta_reg[0][7]_i_7_n_0
    SLICE_X12Y54         CARRY4 (Prop_carry4_CI_O[3])
                                                      0.315     7.640 r  u_q/theta_reg[0][11]_i_7/O[3]
                         net (fo=1, routed)           1.188     8.828    u_q/m2_b[31]
    SLICE_X39Y61         LUT2 (Prop_lut2_I1_O)        0.307     9.135 r  u_q/theta[0][11]_i_5/O
                         net (fo=1, routed)           0.000     9.135    u_q/theta[0][11]_i_5_n_0
    SLICE_X39Y61         CARRY4 (Prop_carry4_S[1]_CO[3])
                                                      0.550     9.685 r  u_q/theta_reg[0][11]_i_2/CO[3]
                         net (fo=1, routed)           0.000     9.685    u_q/theta_reg[0][11]_i_2_n_0
    SLICE_X39Y62         CARRY4 (Prop_carry4_CI_CO[3])
                                                      0.114     9.799 r  u_q/theta_reg[0][15]_i_10/CO[3]
                         net (fo=1, routed)           0.000     9.799    u_q/theta_reg[0][15]_i_10_n_0
    SLICE_X39Y63         CARRY4 (Prop_carry4_CI_O[1])
                                                      0.334    10.133 f  u_q/theta_reg[0][15]_i_50/O[1]
                         net (fo=4, routed)           1.399    11.532    u_q/p_1_in[17]
    SLICE_X59Y70         LUT2 (Prop_lut2_I0_O)        0.303    11.835 r  u_q/theta[0][15]_i_36/O
                         net (fo=1, routed)           0.000    11.835    u_q/theta[0][15]_i_36_n_0
    SLICE_X59Y70         CARRY4 (Prop_carry4_S[1]_CO[3])
                                                      0.550    12.385 r  u_q/theta_reg[0][15]_i_12/CO[3]
                         net (fo=1, routed)           0.000    12.385    u_q/theta_reg[0][15]_i_12_n_0
    SLICE_X59Y71         CARRY4 (Prop_carry4_CI_CO[2])
                                                      0.228    12.613 r  u_q/theta_reg[0][15]_i_8/CO[2]
                         net (fo=1017, routed)        1.857    14.471    u_q/p_1_in2_in
    SLICE_X73Y67         LUT6 (Prop_lut6_I0_O)        0.313    14.784 r  u_q/theta[8][2]_i_1/O
                         net (fo=1, routed)           0.000    14.784    u_q/theta[8][2]_i_1_n_0
    SLICE_X73Y67         FDRE                                         r  u_q/theta_reg[8][2]/D
  -------------------------------------------------------------------    -------------------

                         (clock sys_clk_pin rise edge)
                                                     10.000    10.000 r  <hidden>
    E3                                                0.000    10.000 r  CLK100MHZ
                         net (fo=0)                   0.000    10.000    CLK100MHZ
    E3                   IBUF (Prop_ibuf_I_O)         1.411    11.411 r  CLK100MHZ_IBUF_inst/O
                         net (fo=1, routed)           1.920    13.331    CLK100MHZ_IBUF
    BUFGCTRL_X0Y16       BUFG (Prop_bufg_I_O)         0.091    13.422 r  CLK100MHZ_IBUF_BUFG_inst/O
                         net (fo=10131, routed)       1.587    15.010    u_q/clk
    SLICE_X73Y67         FDRE                                         r  u_q/theta_reg[8][2]/C
                         clock pessimism              0.187    15.197    <hidden>
                         clock uncertainty           -0.035    15.161    <hidden>
    SLICE_X73Y67         FDRE (Setup_fdre_C_D)        0.031    15.192    u_q/theta_reg[8][2]
  -------------------------------------------------------------------
                         required time                         15.192    <hidden>
                         arrival time                         -14.784    <hidden>
  -------------------------------------------------------------------
                         slack                                  0.409    <hidden>

Slack (MET) :             0.412ns  (required time - arrival time)
  Source:                 u_q/m2_r_reg/CLK
                            (rising edge-triggered cell DSP48E1 clocked by sys_clk_pin  {rise@0.000ns fall@5.000ns period=10.000ns})
  Destination:            u_q/theta_reg[8][11]/D
                            (rising edge-triggered cell FDRE clocked by sys_clk_pin  {rise@0.000ns fall@5.000ns period=10.000ns})
  Path Group:             sys_clk_pin
  Path Type:              Setup (Max at Slow Process Corner)
  Requirement:            10.000ns  (sys_clk_pin rise@10.000ns - sys_clk_pin rise@0.000ns)
  Data Path Delay:        9.439ns  (logic 4.202ns (44.516%)  route 5.237ns (55.484%))
  Logic Levels:           11  (CARRY4=8 LUT2=2 LUT6=1)
  Clock Path Skew:        -0.143ns (DCD - SCD + CPR)
    Destination Clock Delay (DCD):    5.010ns = ( 15.010 - 10.000 ) 
    Source Clock Delay      (SCD):    5.339ns
    Clock Pessimism Removal (CPR):    0.187ns
  Clock Uncertainty:      0.035ns  ((TSJ^2 + TIJ^2)^1/2 + DJ) / 2 + PE
    Total System Jitter     (TSJ):    0.071ns
    Total Input Jitter      (TIJ):    0.000ns
    Discrete Jitter          (DJ):    0.000ns
    Phase Error              (PE):    0.000ns

    Location             Delay type                Incr(ns)  Path(ns)    Netlist Resource(s)
  -------------------------------------------------------------------    -------------------
                         (clock sys_clk_pin rise edge)
                                                      0.000     0.000 r  <hidden>
    E3                                                0.000     0.000 r  CLK100MHZ
                         net (fo=0)                   0.000     0.000    CLK100MHZ
    E3                   IBUF (Prop_ibuf_I_O)         1.482     1.482 r  CLK100MHZ_IBUF_inst/O
                         net (fo=1, routed)           2.025     3.506    CLK100MHZ_IBUF
    BUFGCTRL_X0Y16       BUFG (Prop_bufg_I_O)         0.096     3.602 r  CLK100MHZ_IBUF_BUFG_inst/O
                         net (fo=10131, routed)       1.737     5.339    u_q/clk
    DSP48_X0Y21          DSP48E1                                      r  u_q/m2_r_reg/CLK
  -------------------------------------------------------------------    -------------------
    DSP48_X0Y21          DSP48E1 (Prop_dsp48e1_CLK_P[3])
                                                      0.434     5.773 r  u_q/m2_r_reg/P[3]
                         net (fo=1, routed)           0.798     6.571    u_q/m2_r_reg__0[20]
    SLICE_X12Y52         CARRY4 (Prop_carry4_S[0]_CO[3])
                                                      0.637     7.208 r  u_q/theta_reg[0][3]_i_7/CO[3]
                         net (fo=1, routed)           0.000     7.208    u_q/theta_reg[0][3]_i_7_n_0
    SLICE_X12Y53         CARRY4 (Prop_carry4_CI_CO[3])
                                                      0.117     7.325 r  u_q/theta_reg[0][7]_i_7/CO[3]
                         net (fo=1, routed)           0.000     7.325    u_q/theta_reg[0][7]_i_7_n_0
    SLICE_X12Y54         CARRY4 (Prop_carry4_CI_O[3])
                                                      0.315     7.640 r  u_q/theta_reg[0][11]_i_7/O[3]
                         net (fo=1, routed)           1.188     8.828    u_q/m2_b[31]
    SLICE_X39Y61         LUT2 (Prop_lut2_I1_O)        0.307     9.135 r  u_q/theta[0][11]_i_5/O
                         net (fo=1, routed)           0.000     9.135    u_q/theta[0][11]_i_5_n_0
    SLICE_X39Y61         CARRY4 (Prop_carry4_S[1]_CO[3])
                                                      0.550     9.685 r  u_q/theta_reg[0][11]_i_2/CO[3]
                         net (fo=1, routed)           0.000     9.685    u_q/theta_reg[0][11]_i_2_n_0
    SLICE_X39Y62         CARRY4 (Prop_carry4_CI_CO[3])
                                                      0.114     9.799 r  u_q/theta_reg[0][15]_i_10/CO[3]
                         net (fo=1, routed)           0.000     9.799    u_q/theta_reg[0][15]_i_10_n_0
    SLICE_X39Y63         CARRY4 (Prop_carry4_CI_O[1])
                                                      0.334    10.133 f  u_q/theta_reg[0][15]_i_50/O[1]
                         net (fo=4, routed)           1.399    11.532    u_q/p_1_in[17]
    SLICE_X59Y70         LUT2 (Prop_lut2_I0_O)        0.303    11.835 r  u_q/theta[0][15]_i_36/O
                         net (fo=1, routed)           0.000    11.835    u_q/theta[0][15]_i_36_n_0
    SLICE_X59Y70         CARRY4 (Prop_carry4_S[1]_CO[3])
                                                      0.550    12.385 r  u_q/theta_reg[0][15]_i_12/CO[3]
                         net (fo=1, routed)           0.000    12.385    u_q/theta_reg[0][15]_i_12_n_0
    SLICE_X59Y71         CARRY4 (Prop_carry4_CI_CO[2])
                                                      0.228    12.613 r  u_q/theta_reg[0][15]_i_8/CO[2]
                         net (fo=1017, routed)        1.852    14.466    u_q/p_1_in2_in
    SLICE_X73Y67         LUT6 (Prop_lut6_I0_O)        0.313    14.779 r  u_q/theta[8][11]_i_1/O
                         net (fo=1, routed)           0.000    14.779    u_q/theta[8][11]_i_1_n_0
    SLICE_X73Y67         FDRE                                         r  u_q/theta_reg[8][11]/D
  -------------------------------------------------------------------    -------------------

                         (clock sys_clk_pin rise edge)
                                                     10.000    10.000 r  <hidden>
    E3                                                0.000    10.000 r  CLK100MHZ
                         net (fo=0)                   0.000    10.000    CLK100MHZ
    E3                   IBUF (Prop_ibuf_I_O)         1.411    11.411 r  CLK100MHZ_IBUF_inst/O
                         net (fo=1, routed)           1.920    13.331    CLK100MHZ_IBUF
    BUFGCTRL_X0Y16       BUFG (Prop_bufg_I_O)         0.091    13.422 r  CLK100MHZ_IBUF_BUFG_inst/O
                         net (fo=10131, routed)       1.587    15.010    u_q/clk
    SLICE_X73Y67         FDRE                                         r  u_q/theta_reg[8][11]/C
                         clock pessimism              0.187    15.197    <hidden>
                         clock uncertainty           -0.035    15.161    <hidden>
    SLICE_X73Y67         FDRE (Setup_fdre_C_D)        0.029    15.190    u_q/theta_reg[8][11]
  -------------------------------------------------------------------
                         required time                         15.190    <hidden>
                         arrival time                         -14.779    <hidden>
  -------------------------------------------------------------------
                         slack                                  0.412    <hidden>

Slack (MET) :             0.413ns  (required time - arrival time)
  Source:                 u_q/m2_r_reg/CLK
                            (rising edge-triggered cell DSP48E1 clocked by sys_clk_pin  {rise@0.000ns fall@5.000ns period=10.000ns})
  Destination:            u_q/theta_reg[17][11]/D
                            (rising edge-triggered cell FDRE clocked by sys_clk_pin  {rise@0.000ns fall@5.000ns period=10.000ns})
  Path Group:             sys_clk_pin
  Path Type:              Setup (Max at Slow Process Corner)
  Requirement:            10.000ns  (sys_clk_pin rise@10.000ns - sys_clk_pin rise@0.000ns)
  Data Path Delay:        9.438ns  (logic 4.202ns (44.522%)  route 5.236ns (55.478%))
  Logic Levels:           11  (CARRY4=8 LUT2=2 LUT6=1)
  Clock Path Skew:        -0.143ns (DCD - SCD + CPR)
    Destination Clock Delay (DCD):    5.010ns = ( 15.010 - 10.000 ) 
    Source Clock Delay      (SCD):    5.339ns
    Clock Pessimism Removal (CPR):    0.187ns
  Clock Uncertainty:      0.035ns  ((TSJ^2 + TIJ^2)^1/2 + DJ) / 2 + PE
    Total System Jitter     (TSJ):    0.071ns
    Total Input Jitter      (TIJ):    0.000ns
    Discrete Jitter          (DJ):    0.000ns
    Phase Error              (PE):    0.000ns

    Location             Delay type                Incr(ns)  Path(ns)    Netlist Resource(s)
  -------------------------------------------------------------------    -------------------
                         (clock sys_clk_pin rise edge)
                                                      0.000     0.000 r  <hidden>
    E3                                                0.000     0.000 r  CLK100MHZ
                         net (fo=0)                   0.000     0.000    CLK100MHZ
    E3                   IBUF (Prop_ibuf_I_O)         1.482     1.482 r  CLK100MHZ_IBUF_inst/O
                         net (fo=1, routed)           2.025     3.506    CLK100MHZ_IBUF
    BUFGCTRL_X0Y16       BUFG (Prop_bufg_I_O)         0.096     3.602 r  CLK100MHZ_IBUF_BUFG_inst/O
                         net (fo=10131, routed)       1.737     5.339    u_q/clk
    DSP48_X0Y21          DSP48E1                                      r  u_q/m2_r_reg/CLK
  -------------------------------------------------------------------    -------------------
    DSP48_X0Y21          DSP48E1 (Prop_dsp48e1_CLK_P[3])
                                                      0.434     5.773 r  u_q/m2_r_reg/P[3]
                         net (fo=1, routed)           0.798     6.571    u_q/m2_r_reg__0[20]
    SLICE_X12Y52         CARRY4 (Prop_carry4_S[0]_CO[3])
                                                      0.637     7.208 r  u_q/theta_reg[0][3]_i_7/CO[3]
                         net (fo=1, routed)           0.000     7.208    u_q/theta_reg[0][3]_i_7_n_0
    SLICE_X12Y53         CARRY4 (Prop_carry4_CI_CO[3])
                                                      0.117     7.325 r  u_q/theta_reg[0][7]_i_7/CO[3]
                         net (fo=1, routed)           0.000     7.325    u_q/theta_reg[0][7]_i_7_n_0
    SLICE_X12Y54         CARRY4 (Prop_carry4_CI_O[3])
                                                      0.315     7.640 r  u_q/theta_reg[0][11]_i_7/O[3]
                         net (fo=1, routed)           1.188     8.828    u_q/m2_b[31]
    SLICE_X39Y61         LUT2 (Prop_lut2_I1_O)        0.307     9.135 r  u_q/theta[0][11]_i_5/O
                         net (fo=1, routed)           0.000     9.135    u_q/theta[0][11]_i_5_n_0
    SLICE_X39Y61         CARRY4 (Prop_carry4_S[1]_CO[3])
                                                      0.550     9.685 r  u_q/theta_reg[0][11]_i_2/CO[3]
                         net (fo=1, routed)           0.000     9.685    u_q/theta_reg[0][11]_i_2_n_0
    SLICE_X39Y62         CARRY4 (Prop_carry4_CI_CO[3])
                                                      0.114     9.799 r  u_q/theta_reg[0][15]_i_10/CO[3]
                         net (fo=1, routed)           0.000     9.799    u_q/theta_reg[0][15]_i_10_n_0
    SLICE_X39Y63         CARRY4 (Prop_carry4_CI_O[1])
                                                      0.334    10.133 f  u_q/theta_reg[0][15]_i_50/O[1]
                         net (fo=4, routed)           1.399    11.532    u_q/p_1_in[17]
    SLICE_X59Y70         LUT2 (Prop_lut2_I0_O)        0.303    11.835 r  u_q/theta[0][15]_i_36/O
                         net (fo=1, routed)           0.000    11.835    u_q/theta[0][15]_i_36_n_0
    SLICE_X59Y70         CARRY4 (Prop_carry4_S[1]_CO[3])
                                                      0.550    12.385 r  u_q/theta_reg[0][15]_i_12/CO[3]
                         net (fo=1, routed)           0.000    12.385    u_q/theta_reg[0][15]_i_12_n_0
    SLICE_X59Y71         CARRY4 (Prop_carry4_CI_CO[2])
                                                      0.228    12.613 r  u_q/theta_reg[0][15]_i_8/CO[2]
                         net (fo=1017, routed)        1.851    14.464    u_q/p_1_in2_in
    SLICE_X77Y68         LUT6 (Prop_lut6_I0_O)        0.313    14.777 r  u_q/theta[17][11]_i_1/O
                         net (fo=1, routed)           0.000    14.777    u_q/theta[17][11]_i_1_n_0
    SLICE_X77Y68         FDRE                                         r  u_q/theta_reg[17][11]/D
  -------------------------------------------------------------------    -------------------

                         (clock sys_clk_pin rise edge)
                                                     10.000    10.000 r  <hidden>
    E3                                                0.000    10.000 r  CLK100MHZ
                         net (fo=0)                   0.000    10.000    CLK100MHZ
    E3                   IBUF (Prop_ibuf_I_O)         1.411    11.411 r  CLK100MHZ_IBUF_inst/O
                         net (fo=1, routed)           1.920    13.331    CLK100MHZ_IBUF
    BUFGCTRL_X0Y16       BUFG (Prop_bufg_I_O)         0.091    13.422 r  CLK100MHZ_IBUF_BUFG_inst/O
                         net (fo=10131, routed)       1.587    15.010    u_q/clk
    SLICE_X77Y68         FDRE                                         r  u_q/theta_reg[17][11]/C
                         clock pessimism              0.187    15.197    <hidden>
                         clock uncertainty           -0.035    15.161    <hidden>
    SLICE_X77Y68         FDRE (Setup_fdre_C_D)        0.029    15.190    u_q/theta_reg[17][11]
  -------------------------------------------------------------------
                         required time                         15.190    <hidden>
                         arrival time                         -14.777    <hidden>
  -------------------------------------------------------------------
                         slack                                  0.413    <hidden>

Slack (MET) :             0.422ns  (required time - arrival time)
  Source:                 u_q/m2_r_reg/CLK
                            (rising edge-triggered cell DSP48E1 clocked by sys_clk_pin  {rise@0.000ns fall@5.000ns period=10.000ns})
  Destination:            u_q/theta_reg[19][3]/D
                            (rising edge-triggered cell FDRE clocked by sys_clk_pin  {rise@0.000ns fall@5.000ns period=10.000ns})
  Path Group:             sys_clk_pin
  Path Type:              Setup (Max at Slow Process Corner)
  Requirement:            10.000ns  (sys_clk_pin rise@10.000ns - sys_clk_pin rise@0.000ns)
  Data Path Delay:        9.476ns  (logic 4.202ns (44.342%)  route 5.274ns (55.658%))
  Logic Levels:           11  (CARRY4=8 LUT2=2 LUT6=1)
  Clock Path Skew:        -0.144ns (DCD - SCD + CPR)
    Destination Clock Delay (DCD):    5.009ns = ( 15.009 - 10.000 ) 
    Source Clock Delay      (SCD):    5.339ns
    Clock Pessimism Removal (CPR):    0.187ns
  Clock Uncertainty:      0.035ns  ((TSJ^2 + TIJ^2)^1/2 + DJ) / 2 + PE
    Total System Jitter     (TSJ):    0.071ns
    Total Input Jitter      (TIJ):    0.000ns
    Discrete Jitter          (DJ):    0.000ns
    Phase Error              (PE):    0.000ns

    Location             Delay type                Incr(ns)  Path(ns)    Netlist Resource(s)
  -------------------------------------------------------------------    -------------------
                         (clock sys_clk_pin rise edge)
                                                      0.000     0.000 r  <hidden>
    E3                                                0.000     0.000 r  CLK100MHZ
                         net (fo=0)                   0.000     0.000    CLK100MHZ
    E3                   IBUF (Prop_ibuf_I_O)         1.482     1.482 r  CLK100MHZ_IBUF_inst/O
                         net (fo=1, routed)           2.025     3.506    CLK100MHZ_IBUF
    BUFGCTRL_X0Y16       BUFG (Prop_bufg_I_O)         0.096     3.602 r  CLK100MHZ_IBUF_BUFG_inst/O
                         net (fo=10131, routed)       1.737     5.339    u_q/clk
    DSP48_X0Y21          DSP48E1                                      r  u_q/m2_r_reg/CLK
  -------------------------------------------------------------------    -------------------
    DSP48_X0Y21          DSP48E1 (Prop_dsp48e1_CLK_P[3])
                                                      0.434     5.773 r  u_q/m2_r_reg/P[3]
                         net (fo=1, routed)           0.798     6.571    u_q/m2_r_reg__0[20]
    SLICE_X12Y52         CARRY4 (Prop_carry4_S[0]_CO[3])
                                                      0.637     7.208 r  u_q/theta_reg[0][3]_i_7/CO[3]
                         net (fo=1, routed)           0.000     7.208    u_q/theta_reg[0][3]_i_7_n_0
    SLICE_X12Y53         CARRY4 (Prop_carry4_CI_CO[3])
                                                      0.117     7.325 r  u_q/theta_reg[0][7]_i_7/CO[3]
                         net (fo=1, routed)           0.000     7.325    u_q/theta_reg[0][7]_i_7_n_0
    SLICE_X12Y54         CARRY4 (Prop_carry4_CI_O[3])
                                                      0.315     7.640 r  u_q/theta_reg[0][11]_i_7/O[3]
                         net (fo=1, routed)           1.188     8.828    u_q/m2_b[31]
    SLICE_X39Y61         LUT2 (Prop_lut2_I1_O)        0.307     9.135 r  u_q/theta[0][11]_i_5/O
                         net (fo=1, routed)           0.000     9.135    u_q/theta[0][11]_i_5_n_0
    SLICE_X39Y61         CARRY4 (Prop_carry4_S[1]_CO[3])
                                                      0.550     9.685 r  u_q/theta_reg[0][11]_i_2/CO[3]
                         net (fo=1, routed)           0.000     9.685    u_q/theta_reg[0][11]_i_2_n_0
    SLICE_X39Y62         CARRY4 (Prop_carry4_CI_CO[3])
                                                      0.114     9.799 r  u_q/theta_reg[0][15]_i_10/CO[3]
                         net (fo=1, routed)           0.000     9.799    u_q/theta_reg[0][15]_i_10_n_0
    SLICE_X39Y63         CARRY4 (Prop_carry4_CI_O[1])
                                                      0.334    10.133 r  u_q/theta_reg[0][15]_i_50/O[1]
                         net (fo=4, routed)           1.415    11.548    u_q/p_1_in[17]
    SLICE_X61Y69         LUT2 (Prop_lut2_I0_O)        0.303    11.851 r  u_q/theta[0][15]_i_46/O
                         net (fo=1, routed)           0.000    11.851    u_q/theta[0][15]_i_46_n_0
    SLICE_X61Y69         CARRY4 (Prop_carry4_S[1]_CO[3])
                                                      0.550    12.401 r  u_q/theta_reg[0][15]_i_19/CO[3]
                         net (fo=1, routed)           0.000    12.401    u_q/theta_reg[0][15]_i_19_n_0
    SLICE_X61Y70         CARRY4 (Prop_carry4_CI_CO[2])
                                                      0.228    12.629 f  u_q/theta_reg[0][15]_i_9/CO[2]
                         net (fo=1017, routed)        1.873    14.503    u_q/theta_reg[0][15]_i_9_n_1
    SLICE_X76Y69         LUT6 (Prop_lut6_I1_O)        0.313    14.816 r  u_q/theta[19][3]_i_1/O
                         net (fo=1, routed)           0.000    14.816    u_q/theta[19][3]_i_1_n_0
    SLICE_X76Y69         FDRE                                         r  u_q/theta_reg[19][3]/D
  -------------------------------------------------------------------    -------------------

                         (clock sys_clk_pin rise edge)
                                                     10.000    10.000 r  <hidden>
    E3                                                0.000    10.000 r  CLK100MHZ
                         net (fo=0)                   0.000    10.000    CLK100MHZ
    E3                   IBUF (Prop_ibuf_I_O)         1.411    11.411 r  CLK100MHZ_IBUF_inst/O
                         net (fo=1, routed)           1.920    13.331    CLK100MHZ_IBUF
    BUFGCTRL_X0Y16       BUFG (Prop_bufg_I_O)         0.091    13.422 r  CLK100MHZ_IBUF_BUFG_inst/O
                         net (fo=10131, routed)       1.586    15.009    u_q/clk
    SLICE_X76Y69         FDRE                                         r  u_q/theta_reg[19][3]/C
                         clock pessimism              0.187    15.196    <hidden>
                         clock uncertainty           -0.035    15.160    <hidden>
    SLICE_X76Y69         FDRE (Setup_fdre_C_D)        0.077    15.237    u_q/theta_reg[19][3]
  -------------------------------------------------------------------
                         required time                         15.237    <hidden>
                         arrival time                         -14.816    <hidden>
  -------------------------------------------------------------------
                         slack                                  0.422    <hidden>





Min Delay Paths
--------------------------------------------------------------------------------------
Slack (MET) :             0.037ns  (arrival time - required time)
  Source:                 u_fe256/aref_reg[30]/C
                            (rising edge-triggered cell FDSE clocked by sys_clk_pin  {rise@0.000ns fall@5.000ns period=10.000ns})
  Destination:            u_fe256/r_bytes_reg[19][6]/D
                            (rising edge-triggered cell FDRE clocked by sys_clk_pin  {rise@0.000ns fall@5.000ns period=10.000ns})
  Path Group:             sys_clk_pin
  Path Type:              Hold (Min at Fast Process Corner)
  Requirement:            0.000ns  (sys_clk_pin rise@0.000ns - sys_clk_pin rise@0.000ns)
  Data Path Delay:        0.366ns  (logic 0.141ns (38.511%)  route 0.225ns (61.489%))
  Logic Levels:           0  
  Clock Path Skew:        0.259ns (DCD - SCD - CPR)
    Destination Clock Delay (DCD):    2.059ns
    Source Clock Delay      (SCD):    1.546ns
    Clock Pessimism Removal (CPR):    0.254ns

    Location             Delay type                Incr(ns)  Path(ns)    Netlist Resource(s)
  -------------------------------------------------------------------    -------------------
                         (clock sys_clk_pin rise edge)
                                                      0.000     0.000 r  <hidden>
    E3                                                0.000     0.000 r  CLK100MHZ
                         net (fo=0)                   0.000     0.000    CLK100MHZ
    E3                   IBUF (Prop_ibuf_I_O)         0.250     0.250 r  CLK100MHZ_IBUF_inst/O
                         net (fo=1, routed)           0.644     0.894    CLK100MHZ_IBUF
    BUFGCTRL_X0Y16       BUFG (Prop_bufg_I_O)         0.026     0.920 r  CLK100MHZ_IBUF_BUFG_inst/O
                         net (fo=10131, routed)       0.626     1.546    u_fe256/clk
    SLICE_X51Y33         FDSE                                         r  u_fe256/aref_reg[30]/C
  -------------------------------------------------------------------    -------------------
    SLICE_X51Y33         FDSE (Prop_fdse_C_Q)         0.141     1.687 r  u_fe256/aref_reg[30]/Q
                         net (fo=6, routed)           0.225     1.912    u_fe256/pack.b[19][6]
    SLICE_X53Y30         FDRE                                         r  u_fe256/r_bytes_reg[19][6]/D
  -------------------------------------------------------------------    -------------------

                         (clock sys_clk_pin rise edge)
                                                      0.000     0.000 r  <hidden>
    E3                                                0.000     0.000 r  CLK100MHZ
                         net (fo=0)                   0.000     0.000    CLK100MHZ
    E3                   IBUF (Prop_ibuf_I_O)         0.438     0.438 r  CLK100MHZ_IBUF_inst/O
                         net (fo=1, routed)           0.699     1.136    CLK100MHZ_IBUF
    BUFGCTRL_X0Y16       BUFG (Prop_bufg_I_O)         0.029     1.165 r  CLK100MHZ_IBUF_BUFG_inst/O
                         net (fo=10131, routed)       0.894     2.059    u_fe256/clk
    SLICE_X53Y30         FDRE                                         r  u_fe256/r_bytes_reg[19][6]/C
                         clock pessimism             -0.254     1.805    <hidden>
    SLICE_X53Y30         FDRE (Hold_fdre_C_D)         0.070     1.875    u_fe256/r_bytes_reg[19][6]
  -------------------------------------------------------------------
                         required time                         -1.875    <hidden>
                         arrival time                           1.912    <hidden>
  -------------------------------------------------------------------
                         slack                                  0.037    <hidden>

Slack (MET) :             0.063ns  (arrival time - required time)
  Source:                 u_fe256/vhi_reg[2]/C
                            (rising edge-triggered cell FDRE clocked by sys_clk_pin  {rise@0.000ns fall@5.000ns period=10.000ns})
  Destination:            u_fe256/r_bytes_reg[24][2]/D
                            (rising edge-triggered cell FDRE clocked by sys_clk_pin  {rise@0.000ns fall@5.000ns period=10.000ns})
  Path Group:             sys_clk_pin
  Path Type:              Hold (Min at Fast Process Corner)
  Requirement:            0.000ns  (sys_clk_pin rise@0.000ns - sys_clk_pin rise@0.000ns)
  Data Path Delay:        0.396ns  (logic 0.141ns (35.617%)  route 0.255ns (64.383%))
  Logic Levels:           0  
  Clock Path Skew:        0.263ns (DCD - SCD - CPR)
    Destination Clock Delay (DCD):    2.059ns
    Source Clock Delay      (SCD):    1.542ns
    Clock Pessimism Removal (CPR):    0.254ns

    Location             Delay type                Incr(ns)  Path(ns)    Netlist Resource(s)
  -------------------------------------------------------------------    -------------------
                         (clock sys_clk_pin rise edge)
                                                      0.000     0.000 r  <hidden>
    E3                                                0.000     0.000 r  CLK100MHZ
                         net (fo=0)                   0.000     0.000    CLK100MHZ
    E3                   IBUF (Prop_ibuf_I_O)         0.250     0.250 r  CLK100MHZ_IBUF_inst/O
                         net (fo=1, routed)           0.644     0.894    CLK100MHZ_IBUF
    BUFGCTRL_X0Y16       BUFG (Prop_bufg_I_O)         0.026     0.920 r  CLK100MHZ_IBUF_BUFG_inst/O
                         net (fo=10131, routed)       0.622     1.542    u_fe256/clk
    SLICE_X47Y28         FDRE                                         r  u_fe256/vhi_reg[2]/C
  -------------------------------------------------------------------    -------------------
    SLICE_X47Y28         FDRE (Prop_fdre_C_Q)         0.141     1.683 r  u_fe256/vhi_reg[2]/Q
                         net (fo=8, routed)           0.255     1.938    u_fe256/p_0_in58_in[10]
    SLICE_X55Y30         FDRE                                         r  u_fe256/r_bytes_reg[24][2]/D
  -------------------------------------------------------------------    -------------------

                         (clock sys_clk_pin rise edge)
                                                      0.000     0.000 r  <hidden>
    E3                                                0.000     0.000 r  CLK100MHZ
                         net (fo=0)                   0.000     0.000    CLK100MHZ
    E3                   IBUF (Prop_ibuf_I_O)         0.438     0.438 r  CLK100MHZ_IBUF_inst/O
                         net (fo=1, routed)           0.699     1.136    CLK100MHZ_IBUF
    BUFGCTRL_X0Y16       BUFG (Prop_bufg_I_O)         0.029     1.165 r  CLK100MHZ_IBUF_BUFG_inst/O
                         net (fo=10131, routed)       0.894     2.059    u_fe256/clk
    SLICE_X55Y30         FDRE                                         r  u_fe256/r_bytes_reg[24][2]/C
                         clock pessimism             -0.254     1.805    <hidden>
    SLICE_X55Y30         FDRE (Hold_fdre_C_D)         0.070     1.875    u_fe256/r_bytes_reg[24][2]
  -------------------------------------------------------------------
                         required time                         -1.875    <hidden>
                         arrival time                           1.938    <hidden>
  -------------------------------------------------------------------
                         slack                                  0.063    <hidden>

Slack (MET) :             0.074ns  (arrival time - required time)
  Source:                 u_fe256/q_ns_reg[14]/C
                            (rising edge-triggered cell FDRE clocked by sys_clk_pin  {rise@0.000ns fall@5.000ns period=10.000ns})
  Destination:            u_fe256/r_bytes_reg[15][6]/D
                            (rising edge-triggered cell FDRE clocked by sys_clk_pin  {rise@0.000ns fall@5.000ns period=10.000ns})
  Path Group:             sys_clk_pin
  Path Type:              Hold (Min at Fast Process Corner)
  Requirement:            0.000ns  (sys_clk_pin rise@0.000ns - sys_clk_pin rise@0.000ns)
  Data Path Delay:        0.402ns  (logic 0.141ns (35.082%)  route 0.261ns (64.918%))
  Logic Levels:           0  
  Clock Path Skew:        0.258ns (DCD - SCD - CPR)
    Destination Clock Delay (DCD):    2.053ns
    Source Clock Delay      (SCD):    1.541ns
    Clock Pessimism Removal (CPR):    0.254ns

    Location             Delay type                Incr(ns)  Path(ns)    Netlist Resource(s)
  -------------------------------------------------------------------    -------------------
                         (clock sys_clk_pin rise edge)
                                                      0.000     0.000 r  <hidden>
    E3                                                0.000     0.000 r  CLK100MHZ
                         net (fo=0)                   0.000     0.000    CLK100MHZ
    E3                   IBUF (Prop_ibuf_I_O)         0.250     0.250 r  CLK100MHZ_IBUF_inst/O
                         net (fo=1, routed)           0.644     0.894    CLK100MHZ_IBUF
    BUFGCTRL_X0Y16       BUFG (Prop_bufg_I_O)         0.026     0.920 r  CLK100MHZ_IBUF_BUFG_inst/O
                         net (fo=10131, routed)       0.621     1.541    u_fe256/clk
    SLICE_X45Y25         FDRE                                         r  u_fe256/q_ns_reg[14]/C
  -------------------------------------------------------------------    -------------------
    SLICE_X45Y25         FDRE (Prop_fdre_C_Q)         0.141     1.682 r  u_fe256/q_ns_reg[14]/Q
                         net (fo=8, routed)           0.261     1.943    u_fe256/pack.b[15][6]
    SLICE_X52Y25         FDRE                                         r  u_fe256/r_bytes_reg[15][6]/D
  -------------------------------------------------------------------    -------------------

                         (clock sys_clk_pin rise edge)
                                                      0.000     0.000 r  <hidden>
    E3                                                0.000     0.000 r  CLK100MHZ
                         net (fo=0)                   0.000     0.000    CLK100MHZ
    E3                   IBUF (Prop_ibuf_I_O)         0.438     0.438 r  CLK100MHZ_IBUF_inst/O
                         net (fo=1, routed)           0.699     1.136    CLK100MHZ_IBUF
    BUFGCTRL_X0Y16       BUFG (Prop_bufg_I_O)         0.029     1.165 r  CLK100MHZ_IBUF_BUFG_inst/O
                         net (fo=10131, routed)       0.888     2.053    u_fe256/clk
    SLICE_X52Y25         FDRE                                         r  u_fe256/r_bytes_reg[15][6]/C
                         clock pessimism             -0.254     1.799    <hidden>
    SLICE_X52Y25         FDRE (Hold_fdre_C_D)         0.070     1.869    u_fe256/r_bytes_reg[15][6]
  -------------------------------------------------------------------
                         required time                         -1.869    <hidden>
                         arrival time                           1.943    <hidden>
  -------------------------------------------------------------------
                         slack                                  0.074    <hidden>

Slack (MET) :             0.076ns  (arrival time - required time)
  Source:                 u_fe256/prv_reg[31]/C
                            (rising edge-triggered cell FDSE clocked by sys_clk_pin  {rise@0.000ns fall@5.000ns period=10.000ns})
  Destination:            u_fe256/r_bytes_reg[35][7]/D
                            (rising edge-triggered cell FDRE clocked by sys_clk_pin  {rise@0.000ns fall@5.000ns period=10.000ns})
  Path Group:             sys_clk_pin
  Path Type:              Hold (Min at Fast Process Corner)
  Requirement:            0.000ns  (sys_clk_pin rise@0.000ns - sys_clk_pin rise@0.000ns)
  Data Path Delay:        0.408ns  (logic 0.141ns (34.557%)  route 0.267ns (65.443%))
  Logic Levels:           0  
  Clock Path Skew:        0.260ns (DCD - SCD - CPR)
    Destination Clock Delay (DCD):    2.061ns
    Source Clock Delay      (SCD):    1.547ns
    Clock Pessimism Removal (CPR):    0.254ns

    Location             Delay type                Incr(ns)  Path(ns)    Netlist Resource(s)
  -------------------------------------------------------------------    -------------------
                         (clock sys_clk_pin rise edge)
                                                      0.000     0.000 r  <hidden>
    E3                                                0.000     0.000 r  CLK100MHZ
                         net (fo=0)                   0.000     0.000    CLK100MHZ
    E3                   IBUF (Prop_ibuf_I_O)         0.250     0.250 r  CLK100MHZ_IBUF_inst/O
                         net (fo=1, routed)           0.644     0.894    CLK100MHZ_IBUF
    BUFGCTRL_X0Y16       BUFG (Prop_bufg_I_O)         0.026     0.920 r  CLK100MHZ_IBUF_BUFG_inst/O
                         net (fo=10131, routed)       0.627     1.547    u_fe256/clk
    SLICE_X51Y35         FDSE                                         r  u_fe256/prv_reg[31]/C
  -------------------------------------------------------------------    -------------------
    SLICE_X51Y35         FDSE (Prop_fdse_C_Q)         0.141     1.688 r  u_fe256/prv_reg[31]/Q
                         net (fo=9, routed)           0.267     1.955    u_fe256/pack.b[35][7]
    SLICE_X55Y32         FDRE                                         r  u_fe256/r_bytes_reg[35][7]/D
  -------------------------------------------------------------------    -------------------

                         (clock sys_clk_pin rise edge)
                                                      0.000     0.000 r  <hidden>
    E3                                                0.000     0.000 r  CLK100MHZ
                         net (fo=0)                   0.000     0.000    CLK100MHZ
    E3                   IBUF (Prop_ibuf_I_O)         0.438     0.438 r  CLK100MHZ_IBUF_inst/O
                         net (fo=1, routed)           0.699     1.136    CLK100MHZ_IBUF
    BUFGCTRL_X0Y16       BUFG (Prop_bufg_I_O)         0.029     1.165 r  CLK100MHZ_IBUF_BUFG_inst/O
                         net (fo=10131, routed)       0.896     2.061    u_fe256/clk
    SLICE_X55Y32         FDRE                                         r  u_fe256/r_bytes_reg[35][7]/C
                         clock pessimism             -0.254     1.807    <hidden>
    SLICE_X55Y32         FDRE (Hold_fdre_C_D)         0.072     1.879    u_fe256/r_bytes_reg[35][7]
  -------------------------------------------------------------------
                         required time                         -1.879    <hidden>
                         arrival time                           1.955    <hidden>
  -------------------------------------------------------------------
                         slack                                  0.076    <hidden>

Slack (MET) :             0.089ns  (arrival time - required time)
  Source:                 u_fe256/e_prov_reg[2]/C
                            (rising edge-triggered cell FDRE clocked by sys_clk_pin  {rise@0.000ns fall@5.000ns period=10.000ns})
  Destination:            u_fe256/ans_proof_reg_0_15_0_5/RAMB/I
                            (rising edge-triggered cell RAMD32 clocked by sys_clk_pin  {rise@0.000ns fall@5.000ns period=10.000ns})
  Path Group:             sys_clk_pin
  Path Type:              Hold (Min at Fast Process Corner)
  Requirement:            0.000ns  (sys_clk_pin rise@0.000ns - sys_clk_pin rise@0.000ns)
  Data Path Delay:        0.268ns  (logic 0.141ns (52.632%)  route 0.127ns (47.368%))
  Logic Levels:           0  
  Clock Path Skew:        0.033ns (DCD - SCD - CPR)
    Destination Clock Delay (DCD):    2.066ns
    Source Clock Delay      (SCD):    1.550ns
    Clock Pessimism Removal (CPR):    0.483ns

    Location             Delay type                Incr(ns)  Path(ns)    Netlist Resource(s)
  -------------------------------------------------------------------    -------------------
                         (clock sys_clk_pin rise edge)
                                                      0.000     0.000 r  <hidden>
    E3                                                0.000     0.000 r  CLK100MHZ
                         net (fo=0)                   0.000     0.000    CLK100MHZ
    E3                   IBUF (Prop_ibuf_I_O)         0.250     0.250 r  CLK100MHZ_IBUF_inst/O
                         net (fo=1, routed)           0.644     0.894    CLK100MHZ_IBUF
    BUFGCTRL_X0Y16       BUFG (Prop_bufg_I_O)         0.026     0.920 r  CLK100MHZ_IBUF_BUFG_inst/O
                         net (fo=10131, routed)       0.630     1.550    u_fe256/clk
    SLICE_X44Y35         FDRE                                         r  u_fe256/e_prov_reg[2]/C
  -------------------------------------------------------------------    -------------------
    SLICE_X44Y35         FDRE (Prop_fdre_C_Q)         0.141     1.691 r  u_fe256/e_prov_reg[2]/Q
                         net (fo=2, routed)           0.127     1.818    u_fe256/ans_proof_reg_0_15_0_5/DIB0
    SLICE_X46Y34         RAMD32                                       r  u_fe256/ans_proof_reg_0_15_0_5/RAMB/I
  -------------------------------------------------------------------    -------------------

                         (clock sys_clk_pin rise edge)
                                                      0.000     0.000 r  <hidden>
    E3                                                0.000     0.000 r  CLK100MHZ
                         net (fo=0)                   0.000     0.000    CLK100MHZ
    E3                   IBUF (Prop_ibuf_I_O)         0.438     0.438 r  CLK100MHZ_IBUF_inst/O
                         net (fo=1, routed)           0.699     1.136    CLK100MHZ_IBUF
    BUFGCTRL_X0Y16       BUFG (Prop_bufg_I_O)         0.029     1.165 r  CLK100MHZ_IBUF_BUFG_inst/O
                         net (fo=10131, routed)       0.901     2.066    u_fe256/ans_proof_reg_0_15_0_5/WCLK
    SLICE_X46Y34         RAMD32                                       r  u_fe256/ans_proof_reg_0_15_0_5/RAMB/CLK
                         clock pessimism             -0.483     1.583    <hidden>
    SLICE_X46Y34         RAMD32 (Hold_ramd32_CLK_I)
                                                      0.146     1.729    u_fe256/ans_proof_reg_0_15_0_5/RAMB
  -------------------------------------------------------------------
                         required time                         -1.729    <hidden>
                         arrival time                           1.818    <hidden>
  -------------------------------------------------------------------
                         slack                                  0.089    <hidden>

Slack (MET) :             0.102ns  (arrival time - required time)
  Source:                 u_fe256/conf_reg[26]/C
                            (rising edge-triggered cell FDRE clocked by sys_clk_pin  {rise@0.000ns fall@5.000ns period=10.000ns})
  Destination:            u_fe256/r_bytes_reg[43][2]/D
                            (rising edge-triggered cell FDRE clocked by sys_clk_pin  {rise@0.000ns fall@5.000ns period=10.000ns})
  Path Group:             sys_clk_pin
  Path Type:              Hold (Min at Fast Process Corner)
  Requirement:            0.000ns  (sys_clk_pin rise@0.000ns - sys_clk_pin rise@0.000ns)
  Data Path Delay:        0.436ns  (logic 0.141ns (32.326%)  route 0.295ns (67.674%))
  Logic Levels:           0  
  Clock Path Skew:        0.259ns (DCD - SCD - CPR)
    Destination Clock Delay (DCD):    2.054ns
    Source Clock Delay      (SCD):    1.541ns
    Clock Pessimism Removal (CPR):    0.254ns

    Location             Delay type                Incr(ns)  Path(ns)    Netlist Resource(s)
  -------------------------------------------------------------------    -------------------
                         (clock sys_clk_pin rise edge)
                                                      0.000     0.000 r  <hidden>
    E3                                                0.000     0.000 r  CLK100MHZ
                         net (fo=0)                   0.000     0.000    CLK100MHZ
    E3                   IBUF (Prop_ibuf_I_O)         0.250     0.250 r  CLK100MHZ_IBUF_inst/O
                         net (fo=1, routed)           0.644     0.894    CLK100MHZ_IBUF
    BUFGCTRL_X0Y16       BUFG (Prop_bufg_I_O)         0.026     0.920 r  CLK100MHZ_IBUF_BUFG_inst/O
                         net (fo=10131, routed)       0.621     1.541    u_fe256/clk
    SLICE_X43Y24         FDRE                                         r  u_fe256/conf_reg[26]/C
  -------------------------------------------------------------------    -------------------
    SLICE_X43Y24         FDRE (Prop_fdre_C_Q)         0.141     1.682 r  u_fe256/conf_reg[26]/Q
                         net (fo=7, routed)           0.295     1.977    u_fe256/pack.b[43][2]
    SLICE_X57Y24         FDRE                                         r  u_fe256/r_bytes_reg[43][2]/D
  -------------------------------------------------------------------    -------------------

                         (clock sys_clk_pin rise edge)
                                                      0.000     0.000 r  <hidden>
    E3                                                0.000     0.000 r  CLK100MHZ
                         net (fo=0)                   0.000     0.000    CLK100MHZ
    E3                   IBUF (Prop_ibuf_I_O)         0.438     0.438 r  CLK100MHZ_IBUF_inst/O
                         net (fo=1, routed)           0.699     1.136    CLK100MHZ_IBUF
    BUFGCTRL_X0Y16       BUFG (Prop_bufg_I_O)         0.029     1.165 r  CLK100MHZ_IBUF_BUFG_inst/O
                         net (fo=10131, routed)       0.889     2.054    u_fe256/clk
    SLICE_X57Y24         FDRE                                         r  u_fe256/r_bytes_reg[43][2]/C
                         clock pessimism             -0.254     1.800    <hidden>
    SLICE_X57Y24         FDRE (Hold_fdre_C_D)         0.075     1.875    u_fe256/r_bytes_reg[43][2]
  -------------------------------------------------------------------
                         required time                         -1.875    <hidden>
                         arrival time                           1.977    <hidden>
  -------------------------------------------------------------------
                         slack                                  0.102    <hidden>

Slack (MET) :             0.111ns  (arrival time - required time)
  Source:                 u_fe256/r_bytes_reg[46][0]/C
                            (rising edge-triggered cell FDRE clocked by sys_clk_pin  {rise@0.000ns fall@5.000ns period=10.000ns})
  Destination:            u_qhost/rw_reg[11][16]/D
                            (rising edge-triggered cell FDCE clocked by sys_clk_pin  {rise@0.000ns fall@5.000ns period=10.000ns})
  Path Group:             sys_clk_pin
  Path Type:              Hold (Min at Fast Process Corner)
  Requirement:            0.000ns  (sys_clk_pin rise@0.000ns - sys_clk_pin rise@0.000ns)
  Data Path Delay:        0.416ns  (logic 0.141ns (33.906%)  route 0.275ns (66.094%))
  Logic Levels:           0  
  Clock Path Skew:        0.258ns (DCD - SCD - CPR)
    Destination Clock Delay (DCD):    2.054ns
    Source Clock Delay      (SCD):    1.542ns
    Clock Pessimism Removal (CPR):    0.254ns

    Location             Delay type                Incr(ns)  Path(ns)    Netlist Resource(s)
  -------------------------------------------------------------------    -------------------
                         (clock sys_clk_pin rise edge)
                                                      0.000     0.000 r  <hidden>
    E3                                                0.000     0.000 r  CLK100MHZ
                         net (fo=0)                   0.000     0.000    CLK100MHZ
    E3                   IBUF (Prop_ibuf_I_O)         0.250     0.250 r  CLK100MHZ_IBUF_inst/O
                         net (fo=1, routed)           0.644     0.894    CLK100MHZ_IBUF
    BUFGCTRL_X0Y16       BUFG (Prop_bufg_I_O)         0.026     0.920 r  CLK100MHZ_IBUF_BUFG_inst/O
                         net (fo=10131, routed)       0.622     1.542    u_fe256/clk
    SLICE_X49Y27         FDRE                                         r  u_fe256/r_bytes_reg[46][0]/C
  -------------------------------------------------------------------    -------------------
    SLICE_X49Y27         FDRE (Prop_fdre_C_Q)         0.141     1.683 r  u_fe256/r_bytes_reg[46][0]/Q
                         net (fo=1, routed)           0.275     1.958    u_qhost/rw_reg[11][31]_0[16]
    SLICE_X52Y23         FDCE                                         r  u_qhost/rw_reg[11][16]/D
  -------------------------------------------------------------------    -------------------

                         (clock sys_clk_pin rise edge)
                                                      0.000     0.000 r  <hidden>
    E3                                                0.000     0.000 r  CLK100MHZ
                         net (fo=0)                   0.000     0.000    CLK100MHZ
    E3                   IBUF (Prop_ibuf_I_O)         0.438     0.438 r  CLK100MHZ_IBUF_inst/O
                         net (fo=1, routed)           0.699     1.136    CLK100MHZ_IBUF
    BUFGCTRL_X0Y16       BUFG (Prop_bufg_I_O)         0.029     1.165 r  CLK100MHZ_IBUF_BUFG_inst/O
                         net (fo=10131, routed)       0.889     2.054    u_qhost/CLK100MHZ_IBUF_BUFG
    SLICE_X52Y23         FDCE                                         r  u_qhost/rw_reg[11][16]/C
                         clock pessimism             -0.254     1.800    <hidden>
    SLICE_X52Y23         FDCE (Hold_fdce_C_D)         0.047     1.847    u_qhost/rw_reg[11][16]
  -------------------------------------------------------------------
                         required time                         -1.847    <hidden>
                         arrival time                           1.958    <hidden>
  -------------------------------------------------------------------
                         slack                                  0.111    <hidden>

Slack (MET) :             0.113ns  (arrival time - required time)
  Source:                 u_fe256/q_ctx_reg[5]/C
                            (rising edge-triggered cell FDRE clocked by sys_clk_pin  {rise@0.000ns fall@5.000ns period=10.000ns})
  Destination:            u_fe256/r_bytes_reg[36][5]/D
                            (rising edge-triggered cell FDRE clocked by sys_clk_pin  {rise@0.000ns fall@5.000ns period=10.000ns})
  Path Group:             sys_clk_pin
  Path Type:              Hold (Min at Fast Process Corner)
  Requirement:            0.000ns  (sys_clk_pin rise@0.000ns - sys_clk_pin rise@0.000ns)
  Data Path Delay:        0.418ns  (logic 0.141ns (33.718%)  route 0.277ns (66.282%))
  Logic Levels:           0  
  Clock Path Skew:        0.258ns (DCD - SCD - CPR)
    Destination Clock Delay (DCD):    2.054ns
    Source Clock Delay      (SCD):    1.542ns
    Clock Pessimism Removal (CPR):    0.254ns

    Location             Delay type                Incr(ns)  Path(ns)    Netlist Resource(s)
  -------------------------------------------------------------------    -------------------
                         (clock sys_clk_pin rise edge)
                                                      0.000     0.000 r  <hidden>
    E3                                                0.000     0.000 r  CLK100MHZ
                         net (fo=0)                   0.000     0.000    CLK100MHZ
    E3                   IBUF (Prop_ibuf_I_O)         0.250     0.250 r  CLK100MHZ_IBUF_inst/O
                         net (fo=1, routed)           0.644     0.894    CLK100MHZ_IBUF
    BUFGCTRL_X0Y16       BUFG (Prop_bufg_I_O)         0.026     0.920 r  CLK100MHZ_IBUF_BUFG_inst/O
                         net (fo=10131, routed)       0.622     1.542    u_fe256/clk
    SLICE_X40Y23         FDRE                                         r  u_fe256/q_ctx_reg[5]/C
  -------------------------------------------------------------------    -------------------
    SLICE_X40Y23         FDRE (Prop_fdre_C_Q)         0.141     1.683 r  u_fe256/q_ctx_reg[5]/Q
                         net (fo=11, routed)          0.277     1.960    u_fe256/p_0_in22_in[13]
    SLICE_X53Y23         FDRE                                         r  u_fe256/r_bytes_reg[36][5]/D
  -------------------------------------------------------------------    -------------------

                         (clock sys_clk_pin rise edge)
                                                      0.000     0.000 r  <hidden>
    E3                                                0.000     0.000 r  CLK100MHZ
                         net (fo=0)                   0.000     0.000    CLK100MHZ
    E3                   IBUF (Prop_ibuf_I_O)         0.438     0.438 r  CLK100MHZ_IBUF_inst/O
                         net (fo=1, routed)           0.699     1.136    CLK100MHZ_IBUF
    BUFGCTRL_X0Y16       BUFG (Prop_bufg_I_O)         0.029     1.165 r  CLK100MHZ_IBUF_BUFG_inst/O
                         net (fo=10131, routed)       0.889     2.054    u_fe256/clk
    SLICE_X53Y23         FDRE                                         r  u_fe256/r_bytes_reg[36][5]/C
                         clock pessimism             -0.254     1.800    <hidden>
    SLICE_X53Y23         FDRE (Hold_fdre_C_D)         0.047     1.847    u_fe256/r_bytes_reg[36][5]
  -------------------------------------------------------------------
                         required time                         -1.847    <hidden>
                         arrival time                           1.960    <hidden>
  -------------------------------------------------------------------
                         slack                                  0.113    <hidden>

Slack (MET) :             0.124ns  (arrival time - required time)
  Source:                 u_fe256/vhi_reg[6]/C
                            (rising edge-triggered cell FDRE clocked by sys_clk_pin  {rise@0.000ns fall@5.000ns period=10.000ns})
  Destination:            u_fe256/r_bytes_reg[24][6]/D
                            (rising edge-triggered cell FDRE clocked by sys_clk_pin  {rise@0.000ns fall@5.000ns period=10.000ns})
  Path Group:             sys_clk_pin
  Path Type:              Hold (Min at Fast Process Corner)
  Requirement:            0.000ns  (sys_clk_pin rise@0.000ns - sys_clk_pin rise@0.000ns)
  Data Path Delay:        0.450ns  (logic 0.141ns (31.309%)  route 0.309ns (68.691%))
  Logic Levels:           0  
  Clock Path Skew:        0.267ns (DCD - SCD - CPR)
    Destination Clock Delay (DCD):    2.063ns
    Source Clock Delay      (SCD):    1.542ns
    Clock Pessimism Removal (CPR):    0.254ns

    Location             Delay type                Incr(ns)  Path(ns)    Netlist Resource(s)
  -------------------------------------------------------------------    -------------------
                         (clock sys_clk_pin rise edge)
                                                      0.000     0.000 r  <hidden>
    E3                                                0.000     0.000 r  CLK100MHZ
                         net (fo=0)                   0.000     0.000    CLK100MHZ
    E3                   IBUF (Prop_ibuf_I_O)         0.250     0.250 r  CLK100MHZ_IBUF_inst/O
                         net (fo=1, routed)           0.644     0.894    CLK100MHZ_IBUF
    BUFGCTRL_X0Y16       BUFG (Prop_bufg_I_O)         0.026     0.920 r  CLK100MHZ_IBUF_BUFG_inst/O
                         net (fo=10131, routed)       0.622     1.542    u_fe256/clk
    SLICE_X47Y28         FDRE                                         r  u_fe256/vhi_reg[6]/C
  -------------------------------------------------------------------    -------------------
    SLICE_X47Y28         FDRE (Prop_fdre_C_Q)         0.141     1.683 r  u_fe256/vhi_reg[6]/Q
                         net (fo=10, routed)          0.309     1.992    u_fe256/p_0_in58_in[14]
    SLICE_X56Y33         FDRE                                         r  u_fe256/r_bytes_reg[24][6]/D
  -------------------------------------------------------------------    -------------------

                         (clock sys_clk_pin rise edge)
                                                      0.000     0.000 r  <hidden>
    E3                                                0.000     0.000 r  CLK100MHZ
                         net (fo=0)                   0.000     0.000    CLK100MHZ
    E3                   IBUF (Prop_ibuf_I_O)         0.438     0.438 r  CLK100MHZ_IBUF_inst/O
                         net (fo=1, routed)           0.699     1.136    CLK100MHZ_IBUF
    BUFGCTRL_X0Y16       BUFG (Prop_bufg_I_O)         0.029     1.165 r  CLK100MHZ_IBUF_BUFG_inst/O
                         net (fo=10131, routed)       0.898     2.063    u_fe256/clk
    SLICE_X56Y33         FDRE                                         r  u_fe256/r_bytes_reg[24][6]/C
                         clock pessimism             -0.254     1.809    <hidden>
    SLICE_X56Y33         FDRE (Hold_fdre_C_D)         0.059     1.868    u_fe256/r_bytes_reg[24][6]
  -------------------------------------------------------------------
                         required time                         -1.868    <hidden>
                         arrival time                           1.992    <hidden>
  -------------------------------------------------------------------
                         slack                                  0.124    <hidden>

Slack (MET) :             0.128ns  (arrival time - required time)
  Source:                 u_q/acc_reg[5]/C
                            (rising edge-triggered cell FDRE clocked by sys_clk_pin  {rise@0.000ns fall@5.000ns period=10.000ns})
  Destination:            u_q/q_row_reg[4][5]/D
                            (rising edge-triggered cell FDRE clocked by sys_clk_pin  {rise@0.000ns fall@5.000ns period=10.000ns})
  Path Group:             sys_clk_pin
  Path Type:              Hold (Min at Fast Process Corner)
  Requirement:            0.000ns  (sys_clk_pin rise@0.000ns - sys_clk_pin rise@0.000ns)
  Data Path Delay:        0.552ns  (logic 0.164ns (29.697%)  route 0.388ns (70.303%))
  Logic Levels:           0  
  Clock Path Skew:        0.337ns (DCD - SCD - CPR)
    Destination Clock Delay (DCD):    2.076ns
    Source Clock Delay      (SCD):    1.488ns
    Clock Pessimism Removal (CPR):    0.250ns

    Location             Delay type                Incr(ns)  Path(ns)    Netlist Resource(s)
  -------------------------------------------------------------------    -------------------
                         (clock sys_clk_pin rise edge)
                                                      0.000     0.000 r  <hidden>
    E3                                                0.000     0.000 r  CLK100MHZ
                         net (fo=0)                   0.000     0.000    CLK100MHZ
    E3                   IBUF (Prop_ibuf_I_O)         0.250     0.250 r  CLK100MHZ_IBUF_inst/O
                         net (fo=1, routed)           0.644     0.894    CLK100MHZ_IBUF
    BUFGCTRL_X0Y16       BUFG (Prop_bufg_I_O)         0.026     0.920 r  CLK100MHZ_IBUF_BUFG_inst/O
                         net (fo=10131, routed)       0.569     1.488    u_q/clk
    SLICE_X62Y52         FDRE                                         r  u_q/acc_reg[5]/C
  -------------------------------------------------------------------    -------------------
    SLICE_X62Y52         FDRE (Prop_fdre_C_Q)         0.164     1.652 r  u_q/acc_reg[5]/Q
                         net (fo=11, routed)          0.388     2.041    u_q/acc_reg_n_0_[5]
    SLICE_X70Y47         FDRE                                         r  u_q/q_row_reg[4][5]/D
  -------------------------------------------------------------------    -------------------

                         (clock sys_clk_pin rise edge)
                                                      0.000     0.000 r  <hidden>
    E3                                                0.000     0.000 r  CLK100MHZ
                         net (fo=0)                   0.000     0.000    CLK100MHZ
    E3                   IBUF (Prop_ibuf_I_O)         0.438     0.438 r  CLK100MHZ_IBUF_inst/O
                         net (fo=1, routed)           0.699     1.136    CLK100MHZ_IBUF
    BUFGCTRL_X0Y16       BUFG (Prop_bufg_I_O)         0.029     1.165 r  CLK100MHZ_IBUF_BUFG_inst/O
                         net (fo=10131, routed)       0.911     2.076    u_q/clk
    SLICE_X70Y47         FDRE                                         r  u_q/q_row_reg[4][5]/C
                         clock pessimism             -0.250     1.825    <hidden>
    SLICE_X70Y47         FDRE (Hold_fdre_C_D)         0.087     1.912    u_q/q_row_reg[4][5]
  -------------------------------------------------------------------
                         required time                         -1.912    <hidden>
                         arrival time                           2.041    <hidden>
  -------------------------------------------------------------------
                         slack                                  0.128    <hidden>





Pulse Width Checks
--------------------------------------------------------------------------------------
Clock Name:         sys_clk_pin
Waveform(ns):       { 0.000 5.000 }
Period(ns):         10.000
Sources:            { CLK100MHZ }

Check Type        Corner  Lib Pin             Reference Pin  Required(ns)  Actual(ns)  Slack(ns)  Location      Pin
Min Period        n/a     DSP48E1/CLK         n/a            3.884         10.000      6.116      DSP48_X1Y21   u_q/da_r_reg/CLK
Min Period        n/a     RAMB36E1/CLKARDCLK  n/a            2.944         10.000      7.056      RAMB36_X2Y3   u_dest/dest_reg_0/CLKARDCLK
Min Period        n/a     RAMB36E1/CLKARDCLK  n/a            2.944         10.000      7.056      RAMB36_X1Y0   u_dest/dest_reg_1/CLKARDCLK
Min Period        n/a     RAMB36E1/CLKARDCLK  n/a            2.944         10.000      7.056      RAMB36_X1Y5   u_dest/dest_reg_10/CLKARDCLK
Min Period        n/a     RAMB36E1/CLKARDCLK  n/a            2.944         10.000      7.056      RAMB36_X0Y4   u_dest/dest_reg_11/CLKARDCLK
Min Period        n/a     RAMB36E1/CLKARDCLK  n/a            2.944         10.000      7.056      RAMB36_X1Y2   u_dest/dest_reg_12/CLKARDCLK
Min Period        n/a     RAMB36E1/CLKARDCLK  n/a            2.944         10.000      7.056      RAMB36_X1Y6   u_dest/dest_reg_13/CLKARDCLK
Min Period        n/a     RAMB36E1/CLKARDCLK  n/a            2.944         10.000      7.056      RAMB36_X0Y2   u_dest/dest_reg_14/CLKARDCLK
Min Period        n/a     RAMB36E1/CLKARDCLK  n/a            2.944         10.000      7.056      RAMB36_X2Y4   u_dest/dest_reg_15/CLKARDCLK
Min Period        n/a     RAMB36E1/CLKARDCLK  n/a            2.944         10.000      7.056      RAMB36_X0Y5   u_dest/dest_reg_2/CLKARDCLK
Low Pulse Width   Slow    RAMD32/CLK          n/a            1.250         5.000       3.750      SLICE_X46Y34  u_fe256/ans_proof_reg_0_15_0_5/RAMA/CLK
Low Pulse Width   Fast    RAMD32/CLK          n/a            1.250         5.000       3.750      SLICE_X46Y34  u_fe256/ans_proof_reg_0_15_0_5/RAMA/CLK
Low Pulse Width   Slow    RAMD32/CLK          n/a            1.250         5.000       3.750      SLICE_X46Y34  u_fe256/ans_proof_reg_0_15_0_5/RAMA_D1/CLK
Low Pulse Width   Fast    RAMD32/CLK          n/a            1.250         5.000       3.750      SLICE_X46Y34  u_fe256/ans_proof_reg_0_15_0_5/RAMA_D1/CLK
Low Pulse Width   Slow    RAMD32/CLK          n/a            1.250         5.000       3.750      SLICE_X46Y34  u_fe256/ans_proof_reg_0_15_0_5/RAMB/CLK
Low Pulse Width   Fast    RAMD32/CLK          n/a            1.250         5.000       3.750      SLICE_X46Y34  u_fe256/ans_proof_reg_0_15_0_5/RAMB/CLK
Low Pulse Width   Slow    RAMD32/CLK          n/a            1.250         5.000       3.750      SLICE_X46Y34  u_fe256/ans_proof_reg_0_15_0_5/RAMB_D1/CLK
Low Pulse Width   Fast    RAMD32/CLK          n/a            1.250         5.000       3.750      SLICE_X46Y34  u_fe256/ans_proof_reg_0_15_0_5/RAMB_D1/CLK
Low Pulse Width   Slow    RAMD32/CLK          n/a            1.250         5.000       3.750      SLICE_X46Y34  u_fe256/ans_proof_reg_0_15_0_5/RAMC/CLK
Low Pulse Width   Fast    RAMD32/CLK          n/a            1.250         5.000       3.750      SLICE_X46Y34  u_fe256/ans_proof_reg_0_15_0_5/RAMC/CLK
High Pulse Width  Slow    RAMD32/CLK          n/a            1.250         5.000       3.750      SLICE_X46Y34  u_fe256/ans_proof_reg_0_15_0_5/RAMA/CLK
High Pulse Width  Fast    RAMD32/CLK          n/a            1.250         5.000       3.750      SLICE_X46Y34  u_fe256/ans_proof_reg_0_15_0_5/RAMA/CLK
High Pulse Width  Slow    RAMD32/CLK          n/a            1.250         5.000       3.750      SLICE_X46Y34  u_fe256/ans_proof_reg_0_15_0_5/RAMA_D1/CLK
High Pulse Width  Fast    RAMD32/CLK          n/a            1.250         5.000       3.750      SLICE_X46Y34  u_fe256/ans_proof_reg_0_15_0_5/RAMA_D1/CLK
High Pulse Width  Slow    RAMD32/CLK          n/a            1.250         5.000       3.750      SLICE_X46Y34  u_fe256/ans_proof_reg_0_15_0_5/RAMB/CLK
High Pulse Width  Fast    RAMD32/CLK          n/a            1.250         5.000       3.750      SLICE_X46Y34  u_fe256/ans_proof_reg_0_15_0_5/RAMB/CLK
High Pulse Width  Slow    RAMD32/CLK          n/a            1.250         5.000       3.750      SLICE_X46Y34  u_fe256/ans_proof_reg_0_15_0_5/RAMB_D1/CLK
High Pulse Width  Fast    RAMD32/CLK          n/a            1.250         5.000       3.750      SLICE_X46Y34  u_fe256/ans_proof_reg_0_15_0_5/RAMB_D1/CLK
High Pulse Width  Slow    RAMD32/CLK          n/a            1.250         5.000       3.750      SLICE_X46Y34  u_fe256/ans_proof_reg_0_15_0_5/RAMC/CLK
High Pulse Width  Fast    RAMD32/CLK          n/a            1.250         5.000       3.750      SLICE_X46Y34  u_fe256/ans_proof_reg_0_15_0_5/RAMC/CLK



